GAL,ra,dec,radvel,z,mag,r20,r50,r80,flux_c,flux_e,rpetro_c,rpetro_e,rhalf_c,rhalf_e,Gini,M20,F(G_M20),S(G_M20),SN_per_pixel,C,A,S,M,I,D,Ao,As,Ser_A,Ser_R,Ser_n,Ser_xc,Ser_yc,Ser_ellip,Ser_theta,flag_morph,flag_sersic,ima_sc_pix2arc,ima_sc_arc2kpc,psf_arcsec,size_image_phy_kpc,zp_ima,eta,petro_extent_cas,snr,area_min,debleding,area_min_deblend,skybox_x,skybox_y,sky_method,nsigma,npixels,dilate_size,mask_stars,fwhm,threshold,roundlo,roundhi,sharplo,aper_stars,aper_fact,aper_center,aper_ellip,aper_pa,dr,View,area_segmap_pix,area_psf_pix,ratio_segmap_psf,flag_area,flag_area_th,SN_gal,bck,ratio_SN_gal,flag_SN,flag_SN_th,perc_SN_flag,perc_20_SN_gal,perc_50_SN_gal,perc_80_SN_gal,flag_image,flag_bck,flag_object,flag_statmorph,index
1013r,183.8392474802678,8.799750015791023,5000.0,0.1455,nan,4.041692366902434,8.097967575349278,15.069788528754964,98.53526765499983,98.05503567919294,18.474052201884945,20.126129465478684,8.377761464181626,9.393324355444818,0.5111333144585035,-1.713689587256719,-0.2423032094615012,-0.05918087131476546,0.26160910725593567,2.8577195192268223,0.1464018223211005,0.029084263697526525,0.007223942208462332,0.0014632651735863214,0.0724681238765873,0.2563143693209196,0.482325422043443,0.17472843801277163,7.984641323139405,0.8796280260505436,320.6693701233117,319.82531725896894,0.32622737889457454,1.7302431881154958,0.0,0.0,0.27,0.34629548650952463,1.5139904,30.0,22.5,0.2,1.5,2.5,5.0,1.0,5.0,5.0,5.0,masking_sources,2.0,5.0,11.0,1.0,3.0,10.0,-0.5,0.5,0.2,5.0,0.5,10.0,0.0,0.0,10.0,Face-on,1592.0,24.7,64.5,0.0,3.0,0.02354,0.003599999938160181,6.5,0.0,3.0,50.0,3.7,6.5,21.0,0.0,0.0,0.0,0.0,1013
