GAL,ra,dec,radvel,z,mag,r20,r50,r80,flux_c,flux_e,rpetro_c,rpetro_e,rhalf_c,rhalf_e,Gini,M20,F(G_M20),S(G_M20),SN_per_pixel,C,A,S,M,I,D,Ao,As,Ser_A,Ser_R,Ser_n,Ser_xc,Ser_yc,Ser_ellip,Ser_theta,flag_morph,flag_sersic,ima_sc_pix2arc,ima_sc_arc2kpc,psf_arcsec,size_image_phy_kpc,zp_ima,eta,petro_extent_cas,snr,area_min,debleding,area_min_deblend,skybox_x,skybox_y,sky_method,nsigma,npixels,dilate_size,mask_stars,fwhm,threshold,roundlo,roundhi,sharplo,aper_stars,aper_fact,aper_center,aper_ellip,aper_pa,dr,View,area_segmap_pix,area_psf_pix,ratio_segmap_psf,flag_area,flag_area_th,SN_gal,bck,ratio_SN_gal,flag_SN,flag_SN_th,perc_SN_flag,perc_20_SN_gal,perc_50_SN_gal,perc_80_SN_gal,flag_image,flag_bck,flag_object,flag_statmorph,index
138r,118.1984178763135,30.04530219758108,5000.0,0.0245,nan,4.220124047492548,8.584667274339335,15.659607075486493,183.37336927582652,183.25293774024522,19.589169612474723,24.787562575823447,9.001927400367931,11.770579461500262,0.4976921949279388,-1.7273077421464744,-0.2993993697991959,-0.07438050317970057,0.36201295256614685,2.8472782189810166,0.07790056023900085,0.0335483357259883,0.0,0.0,0.03141586133818574,0.08988608958228962,0.21792466620099427,0.28388056876070805,10.732100435778236,0.9164838189785047,320.3846130127229,319.57799447064747,0.5463687347498881,1.7523506314498407,0.0,0.0,0.27,0.34629548650952463,1.4116737,30.0,22.5,0.2,1.5,2.5,5.0,1.0,5.0,5.0,5.0,masking_sources,2.0,5.0,11.0,1.0,3.0,10.0,-0.5,0.5,0.2,5.0,0.5,10.0,0.0,0.0,10.0,Edge-on,1997.0,21.5,93.0,0.0,3.0,0.03077,0.003379999892786145,9.1,0.0,3.0,50.0,4.2,9.1,34.6,0.0,0.0,0.0,0.0,138
