GAL,ra,dec,radvel,z,mag,r20,r50,r80,flux_c,flux_e,rpetro_c,rpetro_e,rhalf_c,rhalf_e,Gini,M20,F(G_M20),S(G_M20),SN_per_pixel,C,A,S,M,I,D,Ao,As,Ser_A,Ser_R,Ser_n,Ser_xc,Ser_yc,Ser_ellip,Ser_theta,flag_morph,flag_sersic,ima_sc_pix2arc,ima_sc_arc2kpc,psf_arcsec,size_image_phy_kpc,zp_ima,eta,petro_extent_cas,snr,area_min,debleding,area_min_deblend,skybox_x,skybox_y,sky_method,nsigma,npixels,dilate_size,mask_stars,fwhm,threshold,roundlo,roundhi,sharplo,aper_stars,aper_fact,aper_center,aper_ellip,aper_pa,dr,View,area_segmap_pix,area_psf_pix,ratio_segmap_psf,flag_area,flag_area_th,SN_gal,bck,ratio_SN_gal,flag_SN,flag_SN_th,perc_SN_flag,perc_20_SN_gal,perc_50_SN_gal,perc_80_SN_gal,flag_image,flag_bck,flag_object,flag_statmorph,index
387r,203.57535667255263,-1.4254910483399588,5000.0,0.0493,nan,8.213082110279162,16.656398394890683,26.204919435589883,143.72615892783284,143.75345379143047,32.762334078914286,33.49325624728808,16.71536672725789,17.11467665378295,0.43406429667343815,-1.5896807550327015,-0.7097329682288191,-0.11824197124284175,0.18652795255184174,2.519383320690004,0.15239967904277746,0.03176619599317752,0.021839080459770115,0.27092585175651607,0.08060264268439628,0.13731388533044703,0.16859881388471823,0.05723057848717741,16.544325452196063,0.4615411176674748,319.1668638830086,320.6805421224456,0.05924114316493197,2.090689813713735,0.0,0.0,0.27,0.34629548650952463,1.1426605,30.0,22.5,0.2,1.5,2.5,5.0,1.0,5.0,5.0,5.0,masking_sources,2.0,5.0,11.0,1.0,3.0,10.0,-0.5,0.5,0.2,5.0,0.5,10.0,0.0,0.0,10.0,Face-on,3943.0,14.1,280.3,0.0,3.0,0.02467,0.0017099999822676182,14.4,0.0,3.0,50.0,5.2,14.4,28.8,0.0,0.0,0.0,0.0,387
