GAL,ra,dec,radvel,z,mag,r20,r50,r80,flux_c,flux_e,rpetro_c,rpetro_e,rhalf_c,rhalf_e,Gini,M20,F(G_M20),S(G_M20),SN_per_pixel,C,A,S,M,I,D,Ao,As,Ser_A,Ser_R,Ser_n,Ser_xc,Ser_yc,Ser_ellip,Ser_theta,flag_morph,flag_sersic,ima_sc_pix2arc,ima_sc_arc2kpc,psf_arcsec,size_image_phy_kpc,zp_ima,eta,petro_extent_cas,snr,area_min,debleding,area_min_deblend,skybox_x,skybox_y,sky_method,nsigma,npixels,dilate_size,mask_stars,fwhm,threshold,roundlo,roundhi,sharplo,aper_stars,aper_fact,aper_center,aper_ellip,aper_pa,dr,View,area_segmap_pix,area_psf_pix,ratio_segmap_psf,flag_area,flag_area_th,SN_gal,bck,ratio_SN_gal,flag_SN,flag_SN_th,perc_SN_flag,perc_20_SN_gal,perc_50_SN_gal,perc_80_SN_gal,flag_image,flag_bck,flag_object,flag_statmorph,index
477r,187.3354301059638,-2.493754795782595,5000.0,0.0313,nan,6.819359759144542,13.834154127740181,24.807726902591458,305.2776118829812,304.72854646595863,30.62679397324736,45.44393201451769,14.240263547277385,19.527885090843107,0.521323161864168,-1.8351868172460888,-0.10766588442082892,-0.06598103735168004,0.2669225335121155,2.804216848999962,0.06405727406033372,0.0035798819835002062,0.010758196721311475,0.007667695690767968,0.014860057235427875,0.09688489387976194,0.14892662968574447,0.18260316752546873,17.99313020712605,0.7290314073907598,320.1333407519438,319.9820428980256,0.5419032448015915,1.206805740907145,0.0,0.0,0.27,0.34629548650952463,1.7225395,30.0,22.5,0.2,1.5,2.5,5.0,1.0,5.0,5.0,5.0,masking_sources,2.0,5.0,11.0,1.0,3.0,10.0,-0.5,0.5,0.2,5.0,0.5,10.0,0.0,0.0,10.0,Edge-on,3916.0,32.0,122.5,0.0,3.0,0.03556,0.003800000064074993,9.4,0.0,3.0,50.0,4.7,9.4,29.5,0.0,0.0,0.0,0.0,477
