GAL,ra,dec,radvel,z,mag,r20,r50,r80,flux_c,flux_e,rpetro_c,rpetro_e,rhalf_c,rhalf_e,Gini,M20,F(G_M20),S(G_M20),SN_per_pixel,C,A,S,M,I,D,Ao,As,Ser_A,Ser_R,Ser_n,Ser_xc,Ser_yc,Ser_ellip,Ser_theta,flag_morph,flag_sersic,ima_sc_pix2arc,ima_sc_arc2kpc,psf_arcsec,size_image_phy_kpc,zp_ima,eta,petro_extent_cas,snr,area_min,debleding,area_min_deblend,skybox_x,skybox_y,sky_method,nsigma,npixels,dilate_size,mask_stars,fwhm,threshold,roundlo,roundhi,sharplo,aper_stars,aper_fact,aper_center,aper_ellip,aper_pa,dr,View,area_segmap_pix,area_psf_pix,ratio_segmap_psf,flag_area,flag_area_th,SN_gal,bck,ratio_SN_gal,flag_SN,flag_SN_th,perc_SN_flag,perc_20_SN_gal,perc_50_SN_gal,perc_80_SN_gal,flag_image,flag_bck,flag_object,flag_statmorph,index
184r,153.5332636107368,8.767081382680662,5000.0,0.028,nan,8.890935911465618,18.37793706792585,33.91481948018078,184.10871318180088,177.43569501456795,46.71914891757115,44.61881275487866,18.06300896039593,20.62871306912851,0.5116463156203983,-1.6496635846819414,-0.28413387349444275,-0.04977338580659557,0.16028672456741333,2.9072101501901915,0.16201460272276283,0.06704997900319278,0.012160518848804215,0.09879751889050088,0.015450741018513145,0.24568434673813977,0.30576788847015773,0.0672443364791587,15.40918593473181,0.6984642608704307,320.52514194135597,318.4682891033455,0.19965758712541912,1.7204672786077002,1.0,0.0,0.27,0.34629548650952463,1.749372,30.0,22.5,0.2,1.5,2.5,5.0,1.0,5.0,5.0,5.0,masking_sources,2.0,5.0,11.0,1.0,3.0,10.0,-0.5,0.5,0.2,5.0,0.5,10.0,0.0,0.0,10.0,Face-on,2990.0,33.0,90.7,0.0,3.0,0.03121,0.0049299998208880424,6.3,0.0,3.0,50.0,3.8,6.3,13.2,0.0,0.0,0.0,0.0,184
