GAL,ra,dec,radvel,z,mag,r20,r50,r80,flux_c,flux_e,rpetro_c,rpetro_e,rhalf_c,rhalf_e,Gini,M20,F(G_M20),S(G_M20),SN_per_pixel,C,A,S,M,I,D,Ao,As,Ser_A,Ser_R,Ser_n,Ser_xc,Ser_yc,Ser_ellip,Ser_theta,flag_morph,flag_sersic,ima_sc_pix2arc,ima_sc_arc2kpc,psf_arcsec,size_image_phy_kpc,zp_ima,eta,petro_extent_cas,snr,area_min,debleding,area_min_deblend,skybox_x,skybox_y,sky_method,nsigma,npixels,dilate_size,mask_stars,fwhm,threshold,roundlo,roundhi,sharplo,aper_stars,aper_fact,aper_center,aper_ellip,aper_pa,dr,View,area_segmap_pix,area_psf_pix,ratio_segmap_psf,flag_area,flag_area_th,SN_gal,bck,ratio_SN_gal,flag_SN,flag_SN_th,perc_SN_flag,perc_20_SN_gal,perc_50_SN_gal,perc_80_SN_gal,flag_image,flag_bck,flag_object,flag_statmorph,index
486r,175.13029418682459,7.29475999039504,5000.0,0.0885,nan,4.030198873518622,8.487365348642866,16.088419226754052,76.62204842542198,77.0396534200836,19.71855169843702,30.720457915017647,8.996282676711916,12.311416059628261,0.561755673111127,-1.799866138031111,0.06799781555563822,-0.021043276806308797,0.1893121749162674,3.005934485733597,0.07640859395336078,0.013579388356152213,0.009416195856873822,0.0037722669971801174,0.0770494178842394,0.06478196007141272,0.25847073858989694,0.1187442474843059,9.65876667044202,1.0178011656257506,320.53325101730707,320.46997862433653,0.5040199115261044,0.7117269248370351,0.0,0.0,0.27,0.34629548650952463,1.4848123,30.0,22.5,0.2,1.5,2.5,5.0,1.0,5.0,5.0,5.0,masking_sources,2.0,5.0,11.0,1.0,3.0,10.0,-0.5,0.5,0.2,5.0,0.5,10.0,0.0,0.0,10.0,Edge-on,1284.0,23.8,54.1,0.0,3.0,0.02716,0.004290000069886446,6.3,0.0,3.0,50.0,3.6,6.3,16.4,0.0,0.0,0.0,0.0,486
