GAL,ra,dec,radvel,z,mag,r20,r50,r80,flux_c,flux_e,rpetro_c,rpetro_e,rhalf_c,rhalf_e,Gini,M20,F(G_M20),S(G_M20),SN_per_pixel,C,A,S,M,I,D,Ao,As,Ser_A,Ser_R,Ser_n,Ser_xc,Ser_yc,Ser_ellip,Ser_theta,flag_morph,flag_sersic,ima_sc_pix2arc,ima_sc_arc2kpc,psf_arcsec,size_image_phy_kpc,zp_ima,eta,petro_extent_cas,snr,area_min,debleding,area_min_deblend,skybox_x,skybox_y,sky_method,nsigma,npixels,dilate_size,mask_stars,fwhm,threshold,roundlo,roundhi,sharplo,aper_stars,aper_fact,aper_center,aper_ellip,aper_pa,dr,View,area_segmap_pix,area_psf_pix,ratio_segmap_psf,flag_area,flag_area_th,SN_gal,bck,ratio_SN_gal,flag_SN,flag_SN_th,perc_SN_flag,perc_20_SN_gal,perc_50_SN_gal,perc_80_SN_gal,flag_image,flag_bck,flag_object,flag_statmorph,index
646r,131.17708568678407,2.4060219250121087,5000.0,0.077,nan,3.7208913147588354,8.186500920054266,13.226330425224225,113.41000774780747,113.19809183670155,16.461684173727264,17.841696570167805,8.418515124796889,9.202463101888505,0.4507714022673504,-1.8592429909836732,-0.4402261660249298,-0.1391710875020537,0.31446754932403564,2.7539619175795718,0.12078257882242822,0.034914014476205464,0.0,0.0,0.007548862156174356,0.21219647825252272,0.23688410891987752,0.17282490734233072,7.935257719812354,0.7968766830964171,320.12152232001574,319.8692534951739,0.12505169815783962,2.7425376188621047,0.0,0.0,0.27,0.34629548650952463,1.3784189,30.0,22.5,0.2,1.5,2.5,5.0,1.0,5.0,5.0,5.0,masking_sources,2.0,5.0,11.0,1.0,3.0,10.0,-0.5,0.5,0.2,5.0,0.5,10.0,0.0,0.0,10.0,Face-on,1687.0,20.5,82.4,0.0,3.0,0.02406,0.001879999996162951,12.8,0.0,3.0,50.0,4.7,12.8,56.6,0.0,0.0,0.0,0.0,646
