GAL,ra,dec,radvel,z,mag,r20,r50,r80,flux_c,flux_e,rpetro_c,rpetro_e,rhalf_c,rhalf_e,Gini,M20,F(G_M20),S(G_M20),SN_per_pixel,C,A,S,M,I,D,Ao,As,Ser_A,Ser_R,Ser_n,Ser_xc,Ser_yc,Ser_ellip,Ser_theta,flag_morph,flag_sersic,ima_sc_pix2arc,ima_sc_arc2kpc,psf_arcsec,size_image_phy_kpc,zp_ima,eta,petro_extent_cas,snr,area_min,debleding,area_min_deblend,skybox_x,skybox_y,sky_method,nsigma,npixels,dilate_size,mask_stars,fwhm,threshold,roundlo,roundhi,sharplo,aper_stars,aper_fact,aper_center,aper_ellip,aper_pa,dr,View,area_segmap_pix,area_psf_pix,ratio_segmap_psf,flag_area,flag_area_th,SN_gal,bck,ratio_SN_gal,flag_SN,flag_SN_th,perc_SN_flag,perc_20_SN_gal,perc_50_SN_gal,perc_80_SN_gal,flag_image,flag_bck,flag_object,flag_statmorph,index
639r,183.1496539495184,3.730343094357829,5000.0,0.0943,nan,3.789138476768807,7.480785318842854,12.778146083499665,80.98786205716931,83.79159595957555,15.9417652078915,21.99399675390458,8.647939416895882,11.87396252321285,0.47311896575697615,-1.7283666172244576,-0.42030305376641897,-0.09885518369479324,0.27252328395843506,2.639636858196142,0.052247207591133715,-0.00966256489503897,0.0015552099533437014,0.0,0.020949013390646164,-0.09774006012536289,0.9446902375078436,0.17917008686952599,7.7441948977862545,0.7806225829022128,319.9437791225424,319.55620477092356,0.3970069262138418,0.7871736720089163,0.0,0.0,0.27,0.34629548650952463,1.6225045,30.0,22.5,0.2,1.5,2.5,5.0,1.0,5.0,5.0,5.0,masking_sources,2.0,5.0,11.0,1.0,3.0,10.0,-0.5,0.5,0.2,5.0,0.5,10.0,0.0,0.0,10.0,Face-on,1343.0,28.4,47.4,0.0,3.0,0.02631,0.0035699999425560236,7.4,0.0,3.0,50.0,3.8,7.4,23.6,0.0,0.0,0.0,0.0,639
