GAL,ra,dec,radvel,z,mag,r20,r50,r80,flux_c,flux_e,rpetro_c,rpetro_e,rhalf_c,rhalf_e,Gini,M20,F(G_M20),S(G_M20),SN_per_pixel,C,A,S,M,I,D,Ao,As,Ser_A,Ser_R,Ser_n,Ser_xc,Ser_yc,Ser_ellip,Ser_theta,flag_morph,flag_sersic,ima_sc_pix2arc,ima_sc_arc2kpc,psf_arcsec,size_image_phy_kpc,zp_ima,eta,petro_extent_cas,snr,area_min,debleding,area_min_deblend,skybox_x,skybox_y,sky_method,nsigma,npixels,dilate_size,mask_stars,fwhm,threshold,roundlo,roundhi,sharplo,aper_stars,aper_fact,aper_center,aper_ellip,aper_pa,dr,View,area_segmap_pix,area_psf_pix,ratio_segmap_psf,flag_area,flag_area_th,SN_gal,bck,ratio_SN_gal,flag_SN,flag_SN_th,perc_SN_flag,perc_20_SN_gal,perc_50_SN_gal,perc_80_SN_gal,flag_image,flag_bck,flag_object,flag_statmorph,index
1016r,223.02082118860338,3.6619012942708578,5000.0,0.1258,nan,3.0545955008863843,7.53520588053015,16.21914915546232,96.15501244715645,96.99020671672403,19.939908187258812,23.96338615458598,8.91931200449732,10.777646607904636,0.5773482966228093,-2.0910505710969725,0.34697211405310835,-0.04608121572589807,0.2150687426328659,3.6253717997854897,0.020411315426323528,0.024911501295312496,0.027848101265822784,0.017313657451627936,0.011904505676452801,-0.002344276274426907,0.2670282899093305,0.10767825371913202,8.305749747336767,2.0048734341678562,319.99887425823874,320.00129694445565,0.2820178661856908,1.0384934236763987,1.0,0.0,0.27,0.34629548650952463,1.3412894,30.0,22.5,0.2,1.5,2.5,5.0,1.0,5.0,5.0,5.0,masking_sources,2.0,5.0,11.0,1.0,3.0,10.0,-0.5,0.5,0.2,5.0,0.5,10.0,0.0,0.0,10.0,Face-on,2293.0,19.4,118.3,0.0,3.0,0.01457,0.0021899999119341373,6.7,0.0,3.0,50.0,3.7,6.7,17.6,0.0,0.0,0.0,0.0,1016
