GAL,ra,dec,radvel,z,mag,r20,r50,r80,flux_c,flux_e,rpetro_c,rpetro_e,rhalf_c,rhalf_e,Gini,M20,F(G_M20),S(G_M20),SN_per_pixel,C,A,S,M,I,D,Ao,As,Ser_A,Ser_R,Ser_n,Ser_xc,Ser_yc,Ser_ellip,Ser_theta,flag_morph,flag_sersic,ima_sc_pix2arc,ima_sc_arc2kpc,psf_arcsec,size_image_phy_kpc,zp_ima,eta,petro_extent_cas,snr,area_min,debleding,area_min_deblend,skybox_x,skybox_y,sky_method,nsigma,npixels,dilate_size,mask_stars,fwhm,threshold,roundlo,roundhi,sharplo,aper_stars,aper_fact,aper_center,aper_ellip,aper_pa,dr,View,area_segmap_pix,area_psf_pix,ratio_segmap_psf,flag_area,flag_area_th,SN_gal,bck,ratio_SN_gal,flag_SN,flag_SN_th,perc_SN_flag,perc_20_SN_gal,perc_50_SN_gal,perc_80_SN_gal,flag_image,flag_bck,flag_object,flag_statmorph,index
439r,203.0982711300563,5.8332247782338245,5000.0,0.0799,nan,5.021581115149263,10.253498653453697,17.490797986362544,95.82436778155927,95.73629798787931,21.852933406683004,31.644435462198906,10.36773536632936,15.588596596572595,0.48307067778189516,-1.5555587964444078,-0.49079789904364457,-0.06498270170169645,0.26015493273735046,2.709845707306842,0.12046917064040052,0.030384833973544603,0.007029876977152899,0.0,0.11136510339027386,0.15895995234751228,0.24095056316407062,0.18790921067843355,14.426899903633172,0.37409530338198743,319.0836621312005,318.5030298403957,0.7292313793972368,1.0148433262953684,0.0,0.0,0.27,0.34629548650952463,1.5084937,30.0,22.5,0.2,1.5,2.5,5.0,1.0,5.0,5.0,5.0,masking_sources,2.0,5.0,11.0,1.0,3.0,10.0,-0.5,0.5,0.2,5.0,0.5,10.0,0.0,0.0,10.0,Edge-on,1159.0,24.5,47.3,0.0,3.0,0.04724,0.004290000069886446,11.0,0.0,3.0,50.0,4.7,11.0,30.9,0.0,0.0,0.0,0.0,439
