GAL,ra,dec,radvel,z,mag,r20,r50,r80,flux_c,flux_e,rpetro_c,rpetro_e,rhalf_c,rhalf_e,Gini,M20,F(G_M20),S(G_M20),SN_per_pixel,C,A,S,M,I,D,Ao,As,Ser_A,Ser_R,Ser_n,Ser_xc,Ser_yc,Ser_ellip,Ser_theta,flag_morph,flag_sersic,ima_sc_pix2arc,ima_sc_arc2kpc,psf_arcsec,size_image_phy_kpc,zp_ima,eta,petro_extent_cas,snr,area_min,debleding,area_min_deblend,skybox_x,skybox_y,sky_method,nsigma,npixels,dilate_size,mask_stars,fwhm,threshold,roundlo,roundhi,sharplo,aper_stars,aper_fact,aper_center,aper_ellip,aper_pa,dr,View,area_segmap_pix,area_psf_pix,ratio_segmap_psf,flag_area,flag_area_th,SN_gal,bck,ratio_SN_gal,flag_SN,flag_SN_th,perc_SN_flag,perc_20_SN_gal,perc_50_SN_gal,perc_80_SN_gal,flag_image,flag_bck,flag_object,flag_statmorph,index
239r,206.82835229399188,12.402478263113585,5000.0,0.0495,nan,9.015640947010313,19.117711956104788,33.1394145400727,117.05760135381462,116.72947518325863,42.36288686829506,45.352285323457856,19.030197524593802,21.248983289457787,0.5152555572697534,-1.3554036611421716,-0.47019025434319595,-0.005298107201706037,0.13352933526039124,2.8267411214790705,0.3821722629588797,0.16545136707819713,0.1427475057559478,0.2436354221719671,0.07546551630951571,0.5121829177841318,0.6629506694994871,0.04443357175772307,14.289508007204267,0.6348992225313402,319.9020603410773,317.63156151588703,0.25813169771798816,0.5684759539261885,1.0,0.0,0.27,0.34629548650952463,1.2731602,30.0,22.5,0.2,1.5,2.5,5.0,1.0,5.0,5.0,5.0,masking_sources,2.0,5.0,11.0,1.0,3.0,10.0,-0.5,0.5,0.2,5.0,0.5,10.0,0.0,0.0,10.0,Face-on,2214.0,17.5,126.8,0.0,3.0,0.03056,0.005179999861866236,5.9,0.0,3.0,50.0,3.8,5.9,10.1,0.0,0.0,0.0,0.0,239
