GAL,ra,dec,radvel,z,mag,r20,r50,r80,flux_c,flux_e,rpetro_c,rpetro_e,rhalf_c,rhalf_e,Gini,M20,F(G_M20),S(G_M20),SN_per_pixel,C,A,S,M,I,D,Ao,As,Ser_A,Ser_R,Ser_n,Ser_xc,Ser_yc,Ser_ellip,Ser_theta,flag_morph,flag_sersic,ima_sc_pix2arc,ima_sc_arc2kpc,psf_arcsec,size_image_phy_kpc,zp_ima,eta,petro_extent_cas,snr,area_min,debleding,area_min_deblend,skybox_x,skybox_y,sky_method,nsigma,npixels,dilate_size,mask_stars,fwhm,threshold,roundlo,roundhi,sharplo,aper_stars,aper_fact,aper_center,aper_ellip,aper_pa,dr,View,area_segmap_pix,area_psf_pix,ratio_segmap_psf,flag_area,flag_area_th,SN_gal,bck,ratio_SN_gal,flag_SN,flag_SN_th,perc_SN_flag,perc_20_SN_gal,perc_50_SN_gal,perc_80_SN_gal,flag_image,flag_bck,flag_object,flag_statmorph,index
899r,0.11658515461827594,-0.4481911908810241,5000.0,0.0789,nan,2.7561302311605016,5.873194345925699,11.152491555422406,173.9704892885107,174.2109416054484,13.840785293028608,16.369145781294716,6.720480381554167,7.977053543540903,0.5247853896578258,-1.8941421627908426,-0.049671802379708474,-0.07074822486667953,0.4431411325931549,3.035360841516769,0.01835985866053344,-0.0028308367907939258,0.0,0.0,0.023591863618105783,0.008106998200515785,0.17893264351898652,0.36391628069183535,6.726305406305007,1.7797474098973567,319.7419196524754,319.9362149192583,0.309189366597914,2.3418037701680894,0.0,0.0,0.27,0.34629548650952463,1.266919,30.0,22.5,0.2,1.5,2.5,5.0,1.0,5.0,5.0,5.0,masking_sources,2.0,5.0,11.0,1.0,3.0,10.0,-0.5,0.5,0.2,5.0,0.5,10.0,0.0,0.0,10.0,Face-on,2556.0,17.3,147.8,0.0,3.0,0.01532,0.00215999991632998,7.1,0.0,3.0,50.0,3.9,7.1,27.6,0.0,0.0,0.0,0.0,899
