GAL,ra,dec,radvel,z,mag,r20,r50,r80,flux_c,flux_e,rpetro_c,rpetro_e,rhalf_c,rhalf_e,Gini,M20,F(G_M20),S(G_M20),SN_per_pixel,C,A,S,M,I,D,Ao,As,Ser_A,Ser_R,Ser_n,Ser_xc,Ser_yc,Ser_ellip,Ser_theta,flag_morph,flag_sersic,ima_sc_pix2arc,ima_sc_arc2kpc,psf_arcsec,size_image_phy_kpc,zp_ima,eta,petro_extent_cas,snr,area_min,debleding,area_min_deblend,skybox_x,skybox_y,sky_method,nsigma,npixels,dilate_size,mask_stars,fwhm,threshold,roundlo,roundhi,sharplo,aper_stars,aper_fact,aper_center,aper_ellip,aper_pa,dr,View,area_segmap_pix,area_psf_pix,ratio_segmap_psf,flag_area,flag_area_th,SN_gal,bck,ratio_SN_gal,flag_SN,flag_SN_th,perc_SN_flag,perc_20_SN_gal,perc_50_SN_gal,perc_80_SN_gal,flag_image,flag_bck,flag_object,flag_statmorph,index
15r,21.854689340918156,-8.68935445719144,5000.0,0.0133,nan,4.127822378284097,8.973503231388094,18.24518250062157,81.75221281580903,81.98854878406786,22.842839595697356,29.297731090512087,9.489297588552166,13.104838256624355,0.5324198093101218,-1.8667151463330112,-0.030888347506120795,-0.059377794123268046,0.2049696147441864,3.2271360532944104,-0.004372843875061655,-0.006557948612670204,0.01263537906137184,0.015355975123269099,0.045401085975797235,-0.05556427267223231,0.2822879250074516,0.1083440217896421,10.702655083587164,1.042660941071247,319.6879840027753,319.47106410426863,0.5514078176286609,0.9946793131673972,0.0,0.0,0.27,0.34629548650952463,1.1113881,30.0,22.5,0.2,1.5,2.5,5.0,1.0,5.0,5.0,5.0,masking_sources,2.0,5.0,11.0,1.0,3.0,10.0,-0.5,0.5,0.2,5.0,0.5,10.0,0.0,0.0,10.0,Edge-on,1206.0,13.3,90.6,0.0,3.0,0.03053,0.00494999997317791,6.2,0.0,3.0,50.0,3.7,6.2,15.7,0.0,0.0,0.0,0.0,15
