GAL,ra,dec,radvel,z,mag,r20,r50,r80,flux_c,flux_e,rpetro_c,rpetro_e,rhalf_c,rhalf_e,Gini,M20,F(G_M20),S(G_M20),SN_per_pixel,C,A,S,M,I,D,Ao,As,Ser_A,Ser_R,Ser_n,Ser_xc,Ser_yc,Ser_ellip,Ser_theta,flag_morph,flag_sersic,ima_sc_pix2arc,ima_sc_arc2kpc,psf_arcsec,size_image_phy_kpc,zp_ima,eta,petro_extent_cas,snr,area_min,debleding,area_min_deblend,skybox_x,skybox_y,sky_method,nsigma,npixels,dilate_size,mask_stars,fwhm,threshold,roundlo,roundhi,sharplo,aper_stars,aper_fact,aper_center,aper_ellip,aper_pa,dr,View,area_segmap_pix,area_psf_pix,ratio_segmap_psf,flag_area,flag_area_th,SN_gal,bck,ratio_SN_gal,flag_SN,flag_SN_th,perc_SN_flag,perc_20_SN_gal,perc_50_SN_gal,perc_80_SN_gal,flag_image,flag_bck,flag_object,flag_statmorph,index
777r,26.50956893388834,-0.7635162115753225,5000.0,0.0599,nan,2.2556596850929496,4.429128236120452,7.956303543770623,128.29165062265884,128.2930026769656,10.0191263225282,11.848160613367238,4.675273800681079,5.609189777802335,0.4938458487314966,-1.759403183611545,-0.29619664253629097,-0.08264965227782312,0.5489962100982666,2.737188830632953,0.02216968107285564,0.0787477378092009,0.0,0.0,0.0017217976452339955,0.02449387104987821,0.18134864781152352,0.7359927600600584,4.462379642285147,1.4969132951824482,319.99577519733697,320.0036456624137,0.4158269552653944,1.8011712210227928,0.0,0.0,0.27,0.34629548650952463,1.4637402,30.0,22.5,0.2,1.5,2.5,5.0,1.0,5.0,5.0,5.0,masking_sources,2.0,5.0,11.0,1.0,3.0,10.0,-0.5,0.5,0.2,5.0,0.5,10.0,0.0,0.0,10.0,Face-on,1258.0,23.1,54.5,0.0,3.0,0.01658,0.0014199999859556556,11.7,0.0,3.0,50.0,4.4,11.7,72.0,0.0,0.0,0.0,0.0,777
