GAL,ra,dec,radvel,z,mag,r20,r50,r80,flux_c,flux_e,rpetro_c,rpetro_e,rhalf_c,rhalf_e,Gini,M20,F(G_M20),S(G_M20),SN_per_pixel,C,A,S,M,I,D,Ao,As,Ser_A,Ser_R,Ser_n,Ser_xc,Ser_yc,Ser_ellip,Ser_theta,flag_morph,flag_sersic,ima_sc_pix2arc,ima_sc_arc2kpc,psf_arcsec,size_image_phy_kpc,zp_ima,eta,petro_extent_cas,snr,area_min,debleding,area_min_deblend,skybox_x,skybox_y,sky_method,nsigma,npixels,dilate_size,mask_stars,fwhm,threshold,roundlo,roundhi,sharplo,aper_stars,aper_fact,aper_center,aper_ellip,aper_pa,dr,View,area_segmap_pix,area_psf_pix,ratio_segmap_psf,flag_area,flag_area_th,SN_gal,bck,ratio_SN_gal,flag_SN,flag_SN_th,perc_SN_flag,perc_20_SN_gal,perc_50_SN_gal,perc_80_SN_gal,flag_image,flag_bck,flag_object,flag_statmorph,index
451r,190.22215484709776,12.976005102270776,5000.0,0.0463,nan,3.4151659730335266,6.899153101195718,12.37828757675199,198.5695215275294,197.51983753034943,15.489527691923337,17.707728327501282,7.14973414524092,8.45945882918158,0.5004761016143879,-1.748406312890291,-0.2709977221758084,-0.07455713689350646,0.45336756110191345,2.7962437671373874,0.08623048941827201,0.0075030996579987345,0.0,0.0,0.04341225511408228,0.08458499085196237,0.1601159235163406,0.44320751224043264,7.586093134942707,1.0522892182182673,319.471163512159,319.599736985805,0.40254472145766057,1.6477036452961322,0.0,0.0,0.27,0.34629548650952463,1.4039763,30.0,22.5,0.2,1.5,2.5,5.0,1.0,5.0,5.0,5.0,masking_sources,2.0,5.0,11.0,1.0,3.0,10.0,-0.5,0.5,0.2,5.0,0.5,10.0,0.0,0.0,10.0,Face-on,1474.0,21.2,69.4,0.0,3.0,0.04438,0.0047900001518428326,9.3,0.0,3.0,50.0,4.0,9.3,33.8,0.0,0.0,0.0,0.0,451
