GAL,ra,dec,radvel,z,mag,r20,r50,r80,flux_c,flux_e,rpetro_c,rpetro_e,rhalf_c,rhalf_e,Gini,M20,F(G_M20),S(G_M20),SN_per_pixel,C,A,S,M,I,D,Ao,As,Ser_A,Ser_R,Ser_n,Ser_xc,Ser_yc,Ser_ellip,Ser_theta,flag_morph,flag_sersic,ima_sc_pix2arc,ima_sc_arc2kpc,psf_arcsec,size_image_phy_kpc,zp_ima,eta,petro_extent_cas,snr,area_min,debleding,area_min_deblend,skybox_x,skybox_y,sky_method,nsigma,npixels,dilate_size,mask_stars,fwhm,threshold,roundlo,roundhi,sharplo,aper_stars,aper_fact,aper_center,aper_ellip,aper_pa,dr,View,area_segmap_pix,area_psf_pix,ratio_segmap_psf,flag_area,flag_area_th,SN_gal,bck,ratio_SN_gal,flag_SN,flag_SN_th,perc_SN_flag,perc_20_SN_gal,perc_50_SN_gal,perc_80_SN_gal,flag_image,flag_bck,flag_object,flag_statmorph,index
931r,211.1614991983889,-2.3369974756396203,5000.0,0.1421,nan,3.7017934399843533,7.783854952780992,15.176493206987894,82.20229969138488,82.17145816519253,17.821719038628792,18.40792245275625,8.186548393881449,8.369389231859103,0.5303849298777906,-1.8278474982673771,-0.0678962808056438,-0.05598972168015276,0.22922907769680023,3.063796251909126,0.08631454494616166,0.03497218663419358,0.004608294930875576,0.0,0.014726420245652657,0.19762809164629058,0.21516982707609555,0.1392610546807965,6.521080327079294,1.153330395809263,320.1089574495734,319.86303147138545,0.07635320319391597,1.8122751487366622,0.0,0.0,0.27,0.34629548650952463,1.4609889,30.0,22.5,0.2,1.5,2.5,5.0,1.0,5.0,5.0,5.0,masking_sources,2.0,5.0,11.0,1.0,3.0,10.0,-0.5,0.5,0.2,5.0,0.5,10.0,0.0,0.0,10.0,Face-on,1317.0,23.0,57.3,0.0,3.0,0.02533,0.004110000096261501,6.2,0.0,3.0,50.0,3.6,6.2,17.2,0.0,0.0,0.0,0.0,931
