GAL,ra,dec,radvel,z,mag,r20,r50,r80,flux_c,flux_e,rpetro_c,rpetro_e,rhalf_c,rhalf_e,Gini,M20,F(G_M20),S(G_M20),SN_per_pixel,C,A,S,M,I,D,Ao,As,Ser_A,Ser_R,Ser_n,Ser_xc,Ser_yc,Ser_ellip,Ser_theta,flag_morph,flag_sersic,ima_sc_pix2arc,ima_sc_arc2kpc,psf_arcsec,size_image_phy_kpc,zp_ima,eta,petro_extent_cas,snr,area_min,debleding,area_min_deblend,skybox_x,skybox_y,sky_method,nsigma,npixels,dilate_size,mask_stars,fwhm,threshold,roundlo,roundhi,sharplo,aper_stars,aper_fact,aper_center,aper_ellip,aper_pa,dr,View,area_segmap_pix,area_psf_pix,ratio_segmap_psf,flag_area,flag_area_th,SN_gal,bck,ratio_SN_gal,flag_SN,flag_SN_th,perc_SN_flag,perc_20_SN_gal,perc_50_SN_gal,perc_80_SN_gal,flag_image,flag_bck,flag_object,flag_statmorph,index
889r,139.44689682739786,10.32731947974382,5000.0,0.1036,nan,2.995669516290342,6.193214225332338,10.753301676673502,125.81714760360353,126.07427871066136,13.65318398018249,15.968423939791421,6.274777266259532,7.208052381647189,0.48752761142154,-1.8495180452597275,-0.26502231809838595,-0.10143067298377756,0.3930508494377136,2.7752396486111874,0.02489462587430075,0.006820748610958279,0.0021551724137931034,0.0,0.026043941349374843,0.02267572716412241,0.1483700783752182,0.35834368950655543,6.417671706108121,0.8038373462730405,320.3015359386513,320.1366632618177,0.26565276380227726,1.3780344717604676,0.0,0.0,0.27,0.34629548650952463,1.1848502,30.0,22.5,0.2,1.5,2.5,5.0,1.0,5.0,5.0,5.0,masking_sources,2.0,5.0,11.0,1.0,3.0,10.0,-0.5,0.5,0.2,5.0,0.5,10.0,0.0,0.0,10.0,Face-on,930.0,15.1,61.5,0.0,3.0,0.05966,0.00506999995559454,11.8,0.0,3.0,50.0,4.7,11.8,37.2,0.0,0.0,0.0,0.0,889
