GAL,ra,dec,radvel,z,mag,r20,r50,r80,flux_c,flux_e,rpetro_c,rpetro_e,rhalf_c,rhalf_e,Gini,M20,F(G_M20),S(G_M20),SN_per_pixel,C,A,S,M,I,D,Ao,As,Ser_A,Ser_R,Ser_n,Ser_xc,Ser_yc,Ser_ellip,Ser_theta,flag_morph,flag_sersic,ima_sc_pix2arc,ima_sc_arc2kpc,psf_arcsec,size_image_phy_kpc,zp_ima,eta,petro_extent_cas,snr,area_min,debleding,area_min_deblend,skybox_x,skybox_y,sky_method,nsigma,npixels,dilate_size,mask_stars,fwhm,threshold,roundlo,roundhi,sharplo,aper_stars,aper_fact,aper_center,aper_ellip,aper_pa,dr,View,area_segmap_pix,area_psf_pix,ratio_segmap_psf,flag_area,flag_area_th,SN_gal,bck,ratio_SN_gal,flag_SN,flag_SN_th,perc_SN_flag,perc_20_SN_gal,perc_50_SN_gal,perc_80_SN_gal,flag_image,flag_bck,flag_object,flag_statmorph,index
709r,191.5869989242329,-0.36523164747681014,5000.0,0.082,nan,3.075557276808142,6.5413710504874905,12.111886782353107,96.93179932539678,98.80094937935681,14.994889286197388,23.14280242409126,7.332850274039343,10.631948176004608,0.5266287785619,-1.9014827394236464,-0.03546000769800761,-0.06994361000360583,0.30388128757476807,2.9764399157126284,0.052714547768926846,0.004123743351498367,0.0021413276231263384,0.0,0.01965370196584662,0.09830180476016379,0.36218524088144943,0.18713050357732747,8.979706199903099,1.313168069259764,320.0318895801368,320.30046030913724,0.5161727542412765,2.7215755128058694,0.0,0.0,0.27,0.34629548650952463,1.0528197,30.0,22.5,0.2,1.5,2.5,5.0,1.0,5.0,5.0,5.0,masking_sources,2.0,5.0,11.0,1.0,3.0,10.0,-0.5,0.5,0.2,5.0,0.5,10.0,0.0,0.0,10.0,Edge-on,2379.0,11.9,199.2,0.0,3.0,0.00922,0.0009500000160187483,9.7,0.0,3.0,50.0,4.2,9.7,46.0,0.0,0.0,0.0,0.0,709
