GAL,ra,dec,radvel,z,mag,r20,r50,r80,flux_c,flux_e,rpetro_c,rpetro_e,rhalf_c,rhalf_e,Gini,M20,F(G_M20),S(G_M20),SN_per_pixel,C,A,S,M,I,D,Ao,As,Ser_A,Ser_R,Ser_n,Ser_xc,Ser_yc,Ser_ellip,Ser_theta,flag_morph,flag_sersic,ima_sc_pix2arc,ima_sc_arc2kpc,psf_arcsec,size_image_phy_kpc,zp_ima,eta,petro_extent_cas,snr,area_min,debleding,area_min_deblend,skybox_x,skybox_y,sky_method,nsigma,npixels,dilate_size,mask_stars,fwhm,threshold,roundlo,roundhi,sharplo,aper_stars,aper_fact,aper_center,aper_ellip,aper_pa,dr,View,area_segmap_pix,area_psf_pix,ratio_segmap_psf,flag_area,flag_area_th,SN_gal,bck,ratio_SN_gal,flag_SN,flag_SN_th,perc_SN_flag,perc_20_SN_gal,perc_50_SN_gal,perc_80_SN_gal,flag_image,flag_bck,flag_object,flag_statmorph,index
934r,201.1161018028527,1.6446873753394657,5000.0,0.1067,nan,4.083762255371349,8.113407552221343,13.616503856863151,184.15267293350493,184.18026752713607,16.764063844829927,18.726484373392882,8.55854071780167,9.725252618530442,0.4531484452826833,-1.757104033934958,-0.4992421003337917,-0.12262049988710277,0.39342597126960754,2.6150258130229527,0.010370627898187606,0.020640409504172366,0.0,0.0,0.02050140584890146,-0.05252539076534639,0.20934074091312058,0.2722497251774753,8.62829658903744,0.9166960991390586,319.80438924866894,319.6836045269391,0.25070166001010247,0.7090309613276792,0.0,0.0,0.27,0.34629548650952463,1.3805131,30.0,22.5,0.2,1.5,2.5,5.0,1.0,5.0,5.0,5.0,masking_sources,2.0,5.0,11.0,1.0,3.0,10.0,-0.5,0.5,0.2,5.0,0.5,10.0,0.0,0.0,10.0,Face-on,1809.0,20.5,88.1,0.0,3.0,0.03297,0.004480000119656324,7.4,0.0,3.0,50.0,3.7,7.4,32.6,0.0,0.0,0.0,0.0,934
