GAL,ra,dec,radvel,z,mag,r20,r50,r80,flux_c,flux_e,rpetro_c,rpetro_e,rhalf_c,rhalf_e,Gini,M20,F(G_M20),S(G_M20),SN_per_pixel,C,A,S,M,I,D,Ao,As,Ser_A,Ser_R,Ser_n,Ser_xc,Ser_yc,Ser_ellip,Ser_theta,flag_morph,flag_sersic,ima_sc_pix2arc,ima_sc_arc2kpc,psf_arcsec,size_image_phy_kpc,zp_ima,eta,petro_extent_cas,snr,area_min,debleding,area_min_deblend,skybox_x,skybox_y,sky_method,nsigma,npixels,dilate_size,mask_stars,fwhm,threshold,roundlo,roundhi,sharplo,aper_stars,aper_fact,aper_center,aper_ellip,aper_pa,dr,View,area_segmap_pix,area_psf_pix,ratio_segmap_psf,flag_area,flag_area_th,SN_gal,bck,ratio_SN_gal,flag_SN,flag_SN_th,perc_SN_flag,perc_20_SN_gal,perc_50_SN_gal,perc_80_SN_gal,flag_image,flag_bck,flag_object,flag_statmorph,index
317r,353.6946755588805,-8.68250592312917,5000.0,0.0531,nan,7.503633181295419,15.200960350819566,27.003224932938416,92.10556386710222,92.62591452645243,33.64151870608048,46.015668931726445,15.172802488971625,22.361339650895165,0.4595365785217699,-1.7546972995925372,-0.4692887076996106,-0.11596171190681051,0.16454388201236725,2.7807201942486968,0.004207956255552012,0.007058572045065197,0.01568627450980392,0.17745559586681975,0.012220275543553441,0.03904555884505426,0.1627922511743966,0.05788835952586562,19.272277501738646,0.5004882861408123,319.7550281767328,319.896424938413,0.6207417336041801,1.2100834365855397,1.0,0.0,0.27,0.34629548650952463,1.3072236,30.0,22.5,0.2,1.5,2.5,5.0,1.0,5.0,5.0,5.0,masking_sources,2.0,5.0,11.0,1.0,3.0,10.0,-0.5,0.5,0.2,5.0,0.5,10.0,0.0,0.0,10.0,Edge-on,1890.0,18.4,102.7,0.0,3.0,0.03206,0.005150000099092722,6.2,0.0,3.0,50.0,4.0,6.2,11.8,0.0,0.0,0.0,0.0,317
