GAL,ra,dec,radvel,z,mag,r20,r50,r80,flux_c,flux_e,rpetro_c,rpetro_e,rhalf_c,rhalf_e,Gini,M20,F(G_M20),S(G_M20),SN_per_pixel,C,A,S,M,I,D,Ao,As,Ser_A,Ser_R,Ser_n,Ser_xc,Ser_yc,Ser_ellip,Ser_theta,flag_morph,flag_sersic,ima_sc_pix2arc,ima_sc_arc2kpc,psf_arcsec,size_image_phy_kpc,zp_ima,eta,petro_extent_cas,snr,area_min,debleding,area_min_deblend,skybox_x,skybox_y,sky_method,nsigma,npixels,dilate_size,mask_stars,fwhm,threshold,roundlo,roundhi,sharplo,aper_stars,aper_fact,aper_center,aper_ellip,aper_pa,dr,View,area_segmap_pix,area_psf_pix,ratio_segmap_psf,flag_area,flag_area_th,SN_gal,bck,ratio_SN_gal,flag_SN,flag_SN_th,perc_SN_flag,perc_20_SN_gal,perc_50_SN_gal,perc_80_SN_gal,flag_image,flag_bck,flag_object,flag_statmorph,index
23r,139.5866701856507,6.510215407596033,5000.0,0.0203,nan,3.531051625225171,7.1520410078105545,14.78345445466926,74.15004772124087,77.64177325676188,18.33852276103324,24.684177437164067,8.745516121736902,11.044499551270304,0.6042690817788857,-1.6295268904738998,0.16039408990389692,0.04472215318522477,0.21615897119045258,3.1093593025160917,0.01537333833493373,0.02052302720656069,0.032467532467532464,0.05263613400901499,0.10232816230365625,-0.06153362093907604,0.5982966614860121,0.1240524609321344,8.318189211072404,1.12256761054529,320.3891059505717,320.0338746248835,0.33797976542694086,2.605946924118053,0.0,0.0,0.27,0.34629548650952463,1.2348343,30.0,22.5,0.2,1.5,2.5,5.0,1.0,5.0,5.0,5.0,masking_sources,2.0,5.0,11.0,1.0,3.0,10.0,-0.5,0.5,0.2,5.0,0.5,10.0,0.0,0.0,10.0,Face-on,1007.0,16.4,61.3,0.0,3.0,0.03383,0.004739999771118164,7.1,0.0,3.0,50.0,3.7,7.1,18.1,0.0,0.0,0.0,0.0,23
