GAL,ra,dec,radvel,z,mag,r20,r50,r80,flux_c,flux_e,rpetro_c,rpetro_e,rhalf_c,rhalf_e,Gini,M20,F(G_M20),S(G_M20),SN_per_pixel,C,A,S,M,I,D,Ao,As,Ser_A,Ser_R,Ser_n,Ser_xc,Ser_yc,Ser_ellip,Ser_theta,flag_morph,flag_sersic,ima_sc_pix2arc,ima_sc_arc2kpc,psf_arcsec,size_image_phy_kpc,zp_ima,eta,petro_extent_cas,snr,area_min,debleding,area_min_deblend,skybox_x,skybox_y,sky_method,nsigma,npixels,dilate_size,mask_stars,fwhm,threshold,roundlo,roundhi,sharplo,aper_stars,aper_fact,aper_center,aper_ellip,aper_pa,dr,View,area_segmap_pix,area_psf_pix,ratio_segmap_psf,flag_area,flag_area_th,SN_gal,bck,ratio_SN_gal,flag_SN,flag_SN_th,perc_SN_flag,perc_20_SN_gal,perc_50_SN_gal,perc_80_SN_gal,flag_image,flag_bck,flag_object,flag_statmorph,index
1188r,357.3925081706805,0.4550637754111309,5000.0,0.0377,nan,8.925993413157727,18.366104571666167,31.67793419086371,107.2347768689923,107.80085665094333,37.723945494512655,52.45504420781074,18.337233542542243,25.119306577718653,0.4687603378620302,-1.7537444154263526,-0.42429144769248817,-0.10669773926085313,0.13663610816001892,2.750501451139323,0.17330231887032313,0.027228120337978664,0.04671150971599402,0.07425105613224675,0.035486341179460174,0.1798608121106676,0.19973334571813486,0.03988019627421866,21.131675022661273,0.47533439590398374,319.8445227506635,319.58332449575863,0.4671895039412816,0.8302290497823313,0.0,0.0,0.27,0.34629548650952463,1.2344491,30.0,22.5,0.2,1.5,2.5,5.0,1.0,5.0,5.0,5.0,masking_sources,2.0,5.0,11.0,1.0,3.0,10.0,-0.5,0.5,0.2,5.0,0.5,10.0,0.0,0.0,10.0,Face-on,3406.0,16.4,207.5,0.0,3.0,0.02032,0.0024900001008063555,8.2,0.0,3.0,50.0,4.5,8.2,15.3,0.0,0.0,0.0,0.0,1188
