GAL,ra,dec,radvel,z,mag,r20,r50,r80,flux_c,flux_e,rpetro_c,rpetro_e,rhalf_c,rhalf_e,Gini,M20,F(G_M20),S(G_M20),SN_per_pixel,C,A,S,M,I,D,Ao,As,Ser_A,Ser_R,Ser_n,Ser_xc,Ser_yc,Ser_ellip,Ser_theta,flag_morph,flag_sersic,ima_sc_pix2arc,ima_sc_arc2kpc,psf_arcsec,size_image_phy_kpc,zp_ima,eta,petro_extent_cas,snr,area_min,debleding,area_min_deblend,skybox_x,skybox_y,sky_method,nsigma,npixels,dilate_size,mask_stars,fwhm,threshold,roundlo,roundhi,sharplo,aper_stars,aper_fact,aper_center,aper_ellip,aper_pa,dr,View,area_segmap_pix,area_psf_pix,ratio_segmap_psf,flag_area,flag_area_th,SN_gal,bck,ratio_SN_gal,flag_SN,flag_SN_th,perc_SN_flag,perc_20_SN_gal,perc_50_SN_gal,perc_80_SN_gal,flag_image,flag_bck,flag_object,flag_statmorph,index
779r,336.1850067437918,-8.934147456722473,5000.0,0.0751,nan,6.106088643060579,12.097958268186462,22.25261071120733,162.7624910300261,161.15015189563732,26.823633734749688,27.749311152471762,13.324528646350254,14.2927969542646,0.5030081556279344,-1.773783014105863,-0.24087800086636157,-0.07557776488905993,0.22341884672641754,2.808089328428344,0.0523279154143199,0.013808058832707828,0.025123152709359605,0.007004708570386863,0.008632768385673435,0.026885632470635686,0.2801279041323281,0.09126404472501001,12.35199616398695,1.0281999270828603,320.23078175804415,320.2459503615757,0.12567426072341323,1.344144389802343,0.0,0.0,0.27,0.34629548650952463,1.2943243,30.0,22.5,0.2,1.5,2.5,5.0,1.0,5.0,5.0,5.0,masking_sources,2.0,5.0,11.0,1.0,3.0,10.0,-0.5,0.5,0.2,5.0,0.5,10.0,0.0,0.0,10.0,Face-on,5039.0,18.0,279.2,0.0,3.0,0.01126,0.001509999972768128,7.4,0.0,3.0,50.0,4.1,7.4,24.0,0.0,0.0,0.0,0.0,779
