GAL,ra,dec,radvel,z,mag,r20,r50,r80,flux_c,flux_e,rpetro_c,rpetro_e,rhalf_c,rhalf_e,Gini,M20,F(G_M20),S(G_M20),SN_per_pixel,C,A,S,M,I,D,Ao,As,Ser_A,Ser_R,Ser_n,Ser_xc,Ser_yc,Ser_ellip,Ser_theta,flag_morph,flag_sersic,ima_sc_pix2arc,ima_sc_arc2kpc,psf_arcsec,size_image_phy_kpc,zp_ima,eta,petro_extent_cas,snr,area_min,debleding,area_min_deblend,skybox_x,skybox_y,sky_method,nsigma,npixels,dilate_size,mask_stars,fwhm,threshold,roundlo,roundhi,sharplo,aper_stars,aper_fact,aper_center,aper_ellip,aper_pa,dr,View,area_segmap_pix,area_psf_pix,ratio_segmap_psf,flag_area,flag_area_th,SN_gal,bck,ratio_SN_gal,flag_SN,flag_SN_th,perc_SN_flag,perc_20_SN_gal,perc_50_SN_gal,perc_80_SN_gal,flag_image,flag_bck,flag_object,flag_statmorph,index
445r,196.9446471823373,2.511184725410153,5000.0,0.0462,nan,4.984212231302276,10.176972779541476,18.631367188592936,227.60083945865483,226.71545531084573,23.745609559136852,32.873762400929344,10.524955047470185,14.642407532738206,0.5109981276884765,-1.6786181880118634,-0.26727686364981995,-0.05443978172205727,0.3241014778614044,2.8632409921084383,0.29518468292912714,0.009138587771302885,0.033101045296167246,0.06412135588219854,0.09711130964214666,0.31815597995435874,0.3063357192730656,0.24362650170729136,13.218797168136433,0.7462689669403842,321.66083904564493,319.2974588810407,0.5528863551135442,1.3287460561710587,0.0,0.0,0.27,0.34629548650952463,1.379084,30.0,22.5,0.2,1.5,2.5,5.0,1.0,5.0,5.0,5.0,masking_sources,2.0,5.0,11.0,1.0,3.0,10.0,-0.5,0.5,0.2,5.0,0.5,10.0,0.0,0.0,10.0,Edge-on,2005.0,20.5,97.9,0.0,3.0,0.05552,0.004970000125467777,11.2,0.0,3.0,50.0,4.6,11.2,30.8,0.0,0.0,0.0,0.0,445
