GAL,ra,dec,radvel,z,mag,r20,r50,r80,flux_c,flux_e,rpetro_c,rpetro_e,rhalf_c,rhalf_e,Gini,M20,F(G_M20),S(G_M20),SN_per_pixel,C,A,S,M,I,D,Ao,As,Ser_A,Ser_R,Ser_n,Ser_xc,Ser_yc,Ser_ellip,Ser_theta,flag_morph,flag_sersic,ima_sc_pix2arc,ima_sc_arc2kpc,psf_arcsec,size_image_phy_kpc,zp_ima,eta,petro_extent_cas,snr,area_min,debleding,area_min_deblend,skybox_x,skybox_y,sky_method,nsigma,npixels,dilate_size,mask_stars,fwhm,threshold,roundlo,roundhi,sharplo,aper_stars,aper_fact,aper_center,aper_ellip,aper_pa,dr,View,area_segmap_pix,area_psf_pix,ratio_segmap_psf,flag_area,flag_area_th,SN_gal,bck,ratio_SN_gal,flag_SN,flag_SN_th,perc_SN_flag,perc_20_SN_gal,perc_50_SN_gal,perc_80_SN_gal,flag_image,flag_bck,flag_object,flag_statmorph,index
703r,188.65823900810486,10.623486490117415,5000.0,0.0841,nan,2.240160875454439,4.810844960569798,9.380586301823424,87.45337667846889,87.49703909070823,11.956356549820526,12.29229142944518,5.020181038068982,5.185518014389969,0.5453114977702095,-1.8789513236203645,0.04140518123144954,-0.04831585119072329,0.3608834147453308,3.109753876761441,0.027934179013653065,0.0603233672499067,0.0,0.0,0.031555430638545004,0.01599165258154418,0.2431820148484238,0.3901163140012691,3.9772120657506838,1.3451558846333918,320.31177487881786,320.0366282441123,0.04671381862984492,0.8283749386559132,0.0,0.0,0.27,0.34629548650952463,1.2908359,30.0,22.5,0.2,1.5,2.5,5.0,1.0,5.0,5.0,5.0,masking_sources,2.0,5.0,11.0,1.0,3.0,10.0,-0.5,0.5,0.2,5.0,0.5,10.0,0.0,0.0,10.0,Face-on,856.0,18.0,47.7,0.0,3.0,0.03642,0.00418000016361475,8.7,0.0,3.0,50.0,4.2,8.7,26.6,0.0,0.0,0.0,0.0,703
