GAL,ra,dec,radvel,z,mag,r20,r50,r80,flux_c,flux_e,rpetro_c,rpetro_e,rhalf_c,rhalf_e,Gini,M20,F(G_M20),S(G_M20),SN_per_pixel,C,A,S,M,I,D,Ao,As,Ser_A,Ser_R,Ser_n,Ser_xc,Ser_yc,Ser_ellip,Ser_theta,flag_morph,flag_sersic,ima_sc_pix2arc,ima_sc_arc2kpc,psf_arcsec,size_image_phy_kpc,zp_ima,eta,petro_extent_cas,snr,area_min,debleding,area_min_deblend,skybox_x,skybox_y,sky_method,nsigma,npixels,dilate_size,mask_stars,fwhm,threshold,roundlo,roundhi,sharplo,aper_stars,aper_fact,aper_center,aper_ellip,aper_pa,dr,View,area_segmap_pix,area_psf_pix,ratio_segmap_psf,flag_area,flag_area_th,SN_gal,bck,ratio_SN_gal,flag_SN,flag_SN_th,perc_SN_flag,perc_20_SN_gal,perc_50_SN_gal,perc_80_SN_gal,flag_image,flag_bck,flag_object,flag_statmorph,index
1108r,127.26896403814092,7.923460266300601,5000.0,0.1351,nan,3.1336977851185255,5.729852977296338,9.261042594969272,77.33268435626312,77.12792567763861,11.506105830875795,12.538208548820242,5.975184037241995,6.525262840740298,0.4615470408386213,-1.2684472540128784,-0.7963082008178999,-0.046382597877555054,0.3754255473613739,2.3530138552168807,0.23878923336149072,0.04562159752796633,1.0,0.0,0.2440919510473556,0.17528029118532296,0.2972894239043632,0.2685583726006206,5.887085854056748,0.778746065450286,318.7717002566438,315.322219249435,0.31863361237789994,1.1805062525056995,0.0,0.0,0.27,0.34629548650952463,1.2668601,30.0,22.5,0.2,1.5,2.5,5.0,1.0,5.0,5.0,5.0,masking_sources,2.0,5.0,11.0,1.0,3.0,10.0,-0.5,0.5,0.2,5.0,0.5,10.0,0.0,0.0,10.0,Face-on,815.0,17.3,47.1,0.0,3.0,0.03051,0.0038999998942017555,7.8,0.0,3.0,50.0,4.0,7.8,35.4,0.0,0.0,0.0,0.0,1108
