GAL,ra,dec,radvel,z,mag,r20,r50,r80,flux_c,flux_e,rpetro_c,rpetro_e,rhalf_c,rhalf_e,Gini,M20,F(G_M20),S(G_M20),SN_per_pixel,C,A,S,M,I,D,Ao,As,Ser_A,Ser_R,Ser_n,Ser_xc,Ser_yc,Ser_ellip,Ser_theta,flag_morph,flag_sersic,ima_sc_pix2arc,ima_sc_arc2kpc,psf_arcsec,size_image_phy_kpc,zp_ima,eta,petro_extent_cas,snr,area_min,debleding,area_min_deblend,skybox_x,skybox_y,sky_method,nsigma,npixels,dilate_size,mask_stars,fwhm,threshold,roundlo,roundhi,sharplo,aper_stars,aper_fact,aper_center,aper_ellip,aper_pa,dr,View,area_segmap_pix,area_psf_pix,ratio_segmap_psf,flag_area,flag_area_th,SN_gal,bck,ratio_SN_gal,flag_SN,flag_SN_th,perc_SN_flag,perc_20_SN_gal,perc_50_SN_gal,perc_80_SN_gal,flag_image,flag_bck,flag_object,flag_statmorph,index
668r,117.82695703048445,29.666716038754764,5000.0,0.0901,nan,4.695015725982319,9.172715110231348,14.956706497623731,88.28945536949986,88.29476269728272,19.363064903270352,20.930189478759345,9.210918711645077,9.867661103314868,0.45172141137357763,-1.7296356935239197,-0.5253414780887145,-0.12021516413998304,0.24091143906116486,2.5159946005047056,0.12626470620343622,0.0212987718013155,0.002600780234070221,0.0,0.034299154068233036,0.1815837158549029,0.18637987778139511,0.12301051858945981,9.113780909583248,0.5535056937668208,320.44530967804405,320.1596234708743,0.15245429642717132,2.438407072873999,0.0,0.0,0.27,0.34629548650952463,1.4245797,30.0,22.5,0.2,1.5,2.5,5.0,1.0,5.0,5.0,5.0,masking_sources,2.0,5.0,11.0,1.0,3.0,10.0,-0.5,0.5,0.2,5.0,0.5,10.0,0.0,0.0,10.0,Face-on,1331.0,21.9,60.9,0.0,3.0,0.04145,0.003530000103637576,11.8,0.0,3.0,50.0,5.0,11.8,26.9,0.0,0.0,0.0,0.0,668
