GAL,ra,dec,radvel,z,mag,r20,r50,r80,flux_c,flux_e,rpetro_c,rpetro_e,rhalf_c,rhalf_e,Gini,M20,F(G_M20),S(G_M20),SN_per_pixel,C,A,S,M,I,D,Ao,As,Ser_A,Ser_R,Ser_n,Ser_xc,Ser_yc,Ser_ellip,Ser_theta,flag_morph,flag_sersic,ima_sc_pix2arc,ima_sc_arc2kpc,psf_arcsec,size_image_phy_kpc,zp_ima,eta,petro_extent_cas,snr,area_min,debleding,area_min_deblend,skybox_x,skybox_y,sky_method,nsigma,npixels,dilate_size,mask_stars,fwhm,threshold,roundlo,roundhi,sharplo,aper_stars,aper_fact,aper_center,aper_ellip,aper_pa,dr,View,area_segmap_pix,area_psf_pix,ratio_segmap_psf,flag_area,flag_area_th,SN_gal,bck,ratio_SN_gal,flag_SN,flag_SN_th,perc_SN_flag,perc_20_SN_gal,perc_50_SN_gal,perc_80_SN_gal,flag_image,flag_bck,flag_object,flag_statmorph,index
492r,246.26085810082873,28.238523172906525,5000.0,0.0363,nan,5.980423290619258,10.992585005722432,19.146057024619747,290.2351166010627,290.8570028108942,23.629822715411205,26.185862282656057,11.874227565253015,13.406133353553797,0.5873417900556638,-1.7732956407093654,0.17623573978712592,0.007980278096505311,0.34986069798469543,2.5267371195689696,0.042184110291251346,0.03153889880600569,0.009689922480620155,0.02195629405433458,0.07303533128891329,0.028192680511557093,0.19882318380482814,0.29028743274620417,11.308176323247194,1.003221615727955,319.1534571420586,318.8925590053807,0.2406829262178342,1.1482645686366233,0.0,0.0,0.27,0.34629548650952463,1.5039734,30.0,22.5,0.2,1.5,2.5,5.0,1.0,5.0,5.0,5.0,masking_sources,2.0,5.0,11.0,1.0,3.0,10.0,-0.5,0.5,0.2,5.0,0.5,10.0,0.0,0.0,10.0,Face-on,3521.0,24.4,144.5,0.0,3.0,0.02399,0.0032500000670552254,7.4,0.0,3.0,50.0,3.9,7.4,25.3,0.0,0.0,0.0,0.0,492
