GAL,ra,dec,radvel,z,mag,r20,r50,r80,flux_c,flux_e,rpetro_c,rpetro_e,rhalf_c,rhalf_e,Gini,M20,F(G_M20),S(G_M20),SN_per_pixel,C,A,S,M,I,D,Ao,As,Ser_A,Ser_R,Ser_n,Ser_xc,Ser_yc,Ser_ellip,Ser_theta,flag_morph,flag_sersic,ima_sc_pix2arc,ima_sc_arc2kpc,psf_arcsec,size_image_phy_kpc,zp_ima,eta,petro_extent_cas,snr,area_min,debleding,area_min_deblend,skybox_x,skybox_y,sky_method,nsigma,npixels,dilate_size,mask_stars,fwhm,threshold,roundlo,roundhi,sharplo,aper_stars,aper_fact,aper_center,aper_ellip,aper_pa,dr,View,area_segmap_pix,area_psf_pix,ratio_segmap_psf,flag_area,flag_area_th,SN_gal,bck,ratio_SN_gal,flag_SN,flag_SN_th,perc_SN_flag,perc_20_SN_gal,perc_50_SN_gal,perc_80_SN_gal,flag_image,flag_bck,flag_object,flag_statmorph,index
920r,218.57061364239408,0.8834835264398767,5000.0,0.1266,nan,4.477623093697951,9.83762352069761,16.63323746242306,120.47102678528418,120.93950569389995,20.802783494751644,24.216453455641307,10.072187551686799,11.571590484786334,0.5377521590656015,-1.6135577985430725,-0.1799312582349235,-0.018909896522541603,0.282228946685791,2.849646269524331,0.3085915068010657,0.02902643288629933,0.006514657980456026,0.010525705535624423,0.12672224780920288,0.45923698815053127,0.413653399330185,0.14948586481524243,10.418505676061468,0.6292491759569996,318.79775102059364,319.07943254615327,0.25741305165111816,2.8773824969189308,0.0,0.0,0.27,0.34629548650952463,1.3340546,30.0,22.5,0.2,1.5,2.5,5.0,1.0,5.0,5.0,5.0,masking_sources,2.0,5.0,11.0,1.0,3.0,10.0,-0.5,0.5,0.2,5.0,0.5,10.0,0.0,0.0,10.0,Face-on,1887.0,19.2,98.4,0.0,3.0,0.0248,0.0019399999873712659,12.8,0.0,3.0,50.0,4.7,12.8,53.3,0.0,0.0,0.0,0.0,920
