GAL,ra,dec,radvel,z,mag,r20,r50,r80,flux_c,flux_e,rpetro_c,rpetro_e,rhalf_c,rhalf_e,Gini,M20,F(G_M20),S(G_M20),SN_per_pixel,C,A,S,M,I,D,Ao,As,Ser_A,Ser_R,Ser_n,Ser_xc,Ser_yc,Ser_ellip,Ser_theta,flag_morph,flag_sersic,ima_sc_pix2arc,ima_sc_arc2kpc,psf_arcsec,size_image_phy_kpc,zp_ima,eta,petro_extent_cas,snr,area_min,debleding,area_min_deblend,skybox_x,skybox_y,sky_method,nsigma,npixels,dilate_size,mask_stars,fwhm,threshold,roundlo,roundhi,sharplo,aper_stars,aper_fact,aper_center,aper_ellip,aper_pa,dr,View,area_segmap_pix,area_psf_pix,ratio_segmap_psf,flag_area,flag_area_th,SN_gal,bck,ratio_SN_gal,flag_SN,flag_SN_th,perc_SN_flag,perc_20_SN_gal,perc_50_SN_gal,perc_80_SN_gal,flag_image,flag_bck,flag_object,flag_statmorph,index
285r,216.29868764064707,0.4614319240492213,5000.0,0.052,nan,4.0794426715925045,7.713441352629358,12.771267735887406,87.00332934019569,87.14517051596587,15.931793328857387,17.840905643499575,7.952384404491895,9.151900526289925,0.44711278120847087,-1.6731699095783708,-0.5872849856802578,-0.11692896403500741,0.29098695516586304,2.4781658757037874,0.1114919694142369,0.002960491698051711,0.0,0.0,0.01959613210351505,0.1534266841568137,0.16488420881452437,0.15099694519334064,8.277286051289876,0.7895563573126244,320.2113978502134,320.2726939899661,0.25622766230624405,2.2660878784523235,0.0,0.0,0.27,0.34629548650952463,1.3264501,30.0,22.5,0.2,1.5,2.5,5.0,1.0,5.0,5.0,5.0,masking_sources,2.0,5.0,11.0,1.0,3.0,10.0,-0.5,0.5,0.2,5.0,0.5,10.0,0.0,0.0,10.0,Face-on,1656.0,19.0,87.4,0.0,3.0,0.01722,0.0019000000320374966,9.1,0.0,3.0,50.0,4.5,9.1,41.5,0.0,0.0,0.0,0.0,285
