GAL,ra,dec,radvel,z,mag,r20,r50,r80,flux_c,flux_e,rpetro_c,rpetro_e,rhalf_c,rhalf_e,Gini,M20,F(G_M20),S(G_M20),SN_per_pixel,C,A,S,M,I,D,Ao,As,Ser_A,Ser_R,Ser_n,Ser_xc,Ser_yc,Ser_ellip,Ser_theta,flag_morph,flag_sersic,ima_sc_pix2arc,ima_sc_arc2kpc,psf_arcsec,size_image_phy_kpc,zp_ima,eta,petro_extent_cas,snr,area_min,debleding,area_min_deblend,skybox_x,skybox_y,sky_method,nsigma,npixels,dilate_size,mask_stars,fwhm,threshold,roundlo,roundhi,sharplo,aper_stars,aper_fact,aper_center,aper_ellip,aper_pa,dr,View,area_segmap_pix,area_psf_pix,ratio_segmap_psf,flag_area,flag_area_th,SN_gal,bck,ratio_SN_gal,flag_SN,flag_SN_th,perc_SN_flag,perc_20_SN_gal,perc_50_SN_gal,perc_80_SN_gal,flag_image,flag_bck,flag_object,flag_statmorph,index
503r,208.46998560872171,4.118877432211596,5000.0,0.0779,nan,6.104406782647255,17.74250807626771,31.503487590052174,102.93713979190198,99.23526083560215,38.663832819080824,47.63274499804783,17.17581841566864,20.864885636810257,0.5305271870473043,-1.6298020352148415,-0.20443761371195857,-0.028320567718031764,0.125456303358078,3.5635758437305176,0.07938732939650889,-0.013043562143830678,0.0481786133960047,0.0740868360631201,0.05607737045890789,0.10286202942097285,0.2529829813097293,0.041346966837519386,15.221635844729475,1.2534914102822035,319.7270571672482,319.80758949139164,0.47050020502497025,0.10548838520840781,1.0,0.0,0.27,0.34629548650952463,1.5878979,30.0,22.5,0.2,1.5,2.5,5.0,1.0,5.0,5.0,5.0,masking_sources,2.0,5.0,11.0,1.0,3.0,10.0,-0.5,0.5,0.2,5.0,0.5,10.0,0.0,0.0,10.0,Face-on,3171.0,27.2,116.7,0.0,3.0,0.01614,0.0026100000832229853,6.2,0.0,3.0,50.0,4.1,6.2,10.7,0.0,0.0,0.0,0.0,503
