GAL,ra,dec,radvel,z,mag,r20,r50,r80,flux_c,flux_e,rpetro_c,rpetro_e,rhalf_c,rhalf_e,Gini,M20,F(G_M20),S(G_M20),SN_per_pixel,C,A,S,M,I,D,Ao,As,Ser_A,Ser_R,Ser_n,Ser_xc,Ser_yc,Ser_ellip,Ser_theta,flag_morph,flag_sersic,ima_sc_pix2arc,ima_sc_arc2kpc,psf_arcsec,size_image_phy_kpc,zp_ima,eta,petro_extent_cas,snr,area_min,debleding,area_min_deblend,skybox_x,skybox_y,sky_method,nsigma,npixels,dilate_size,mask_stars,fwhm,threshold,roundlo,roundhi,sharplo,aper_stars,aper_fact,aper_center,aper_ellip,aper_pa,dr,View,area_segmap_pix,area_psf_pix,ratio_segmap_psf,flag_area,flag_area_th,SN_gal,bck,ratio_SN_gal,flag_SN,flag_SN_th,perc_SN_flag,perc_20_SN_gal,perc_50_SN_gal,perc_80_SN_gal,flag_image,flag_bck,flag_object,flag_statmorph,index
281r,20.992540707660584,-9.969143767599906,5000.0,0.0498,nan,4.770342985201764,9.227968480612839,15.69272453492312,104.22719177450269,103.92957010801744,19.85737158063512,26.818046457009803,9.492457647287788,13.05439252468763,0.46831909406282274,-1.536369702727313,-0.5771162803989993,-0.07691948555690203,0.27383047342300415,2.5857437281760127,0.0830181393344312,0.04348886388098706,0.0036319612590799033,0.0,0.04820225720949628,0.08391017625012326,0.24712759451987426,0.1583961256986015,12.086605201982989,0.5887362513366723,320.8138348244915,319.6585785918521,0.5677313468971343,2.9074587003787387,0.0,0.0,0.27,0.34629548650952463,1.1660627,30.0,22.5,0.2,1.5,2.5,5.0,1.0,5.0,5.0,5.0,masking_sources,2.0,5.0,11.0,1.0,3.0,10.0,-0.5,0.5,0.2,5.0,0.5,10.0,0.0,0.0,10.0,Edge-on,1256.0,14.6,85.7,0.0,3.0,0.04256,0.004610000178217888,9.2,0.0,3.0,50.0,4.2,9.2,27.3,0.0,0.0,0.0,0.0,281
