GAL,ra,dec,radvel,z,mag,r20,r50,r80,flux_c,flux_e,rpetro_c,rpetro_e,rhalf_c,rhalf_e,Gini,M20,F(G_M20),S(G_M20),SN_per_pixel,C,A,S,M,I,D,Ao,As,Ser_A,Ser_R,Ser_n,Ser_xc,Ser_yc,Ser_ellip,Ser_theta,flag_morph,flag_sersic,ima_sc_pix2arc,ima_sc_arc2kpc,psf_arcsec,size_image_phy_kpc,zp_ima,eta,petro_extent_cas,snr,area_min,debleding,area_min_deblend,skybox_x,skybox_y,sky_method,nsigma,npixels,dilate_size,mask_stars,fwhm,threshold,roundlo,roundhi,sharplo,aper_stars,aper_fact,aper_center,aper_ellip,aper_pa,dr,View,area_segmap_pix,area_psf_pix,ratio_segmap_psf,flag_area,flag_area_th,SN_gal,bck,ratio_SN_gal,flag_SN,flag_SN_th,perc_SN_flag,perc_20_SN_gal,perc_50_SN_gal,perc_80_SN_gal,flag_image,flag_bck,flag_object,flag_statmorph,index
1047r,187.0841925270194,-0.7904450337556335,5000.0,0.1553,nan,2.567141547986955,5.555907796572616,10.565279257248038,130.23463813392175,129.98224888161144,13.202657237321596,16.702613472850675,6.538610040657306,8.691091897570862,0.5169782084531004,-1.8892088689851696,-0.09173612195043024,-0.07779160642036925,0.41338813304901123,3.0721558250970507,0.018140734154019435,-0.0011163614414343257,0.0,0.0,0.02841513310013505,0.18991345127701517,0.41921342572102444,0.3232635320712962,6.465774479260699,1.5627269162599353,319.74713047392027,320.2085232574351,0.34067740011981607,0.26017974631623914,0.0,0.0,0.27,0.34629548650952463,1.091339,30.0,22.5,0.2,1.5,2.5,5.0,1.0,5.0,5.0,5.0,masking_sources,2.0,5.0,11.0,1.0,3.0,10.0,-0.5,0.5,0.2,5.0,0.5,10.0,0.0,0.0,10.0,Face-on,2121.0,12.8,165.3,0.0,3.0,0.01414,0.001550000044517219,9.1,0.0,3.0,50.0,4.6,9.1,37.6,0.0,0.0,0.0,0.0,1047
