GAL,ra,dec,radvel,z,mag,r20,r50,r80,flux_c,flux_e,rpetro_c,rpetro_e,rhalf_c,rhalf_e,Gini,M20,F(G_M20),S(G_M20),SN_per_pixel,C,A,S,M,I,D,Ao,As,Ser_A,Ser_R,Ser_n,Ser_xc,Ser_yc,Ser_ellip,Ser_theta,flag_morph,flag_sersic,ima_sc_pix2arc,ima_sc_arc2kpc,psf_arcsec,size_image_phy_kpc,zp_ima,eta,petro_extent_cas,snr,area_min,debleding,area_min_deblend,skybox_x,skybox_y,sky_method,nsigma,npixels,dilate_size,mask_stars,fwhm,threshold,roundlo,roundhi,sharplo,aper_stars,aper_fact,aper_center,aper_ellip,aper_pa,dr,View,area_segmap_pix,area_psf_pix,ratio_segmap_psf,flag_area,flag_area_th,SN_gal,bck,ratio_SN_gal,flag_SN,flag_SN_th,perc_SN_flag,perc_20_SN_gal,perc_50_SN_gal,perc_80_SN_gal,flag_image,flag_bck,flag_object,flag_statmorph,index
838r,197.23069258791472,-0.6987060274468523,5000.0,0.0822,nan,3.506514750913721,6.700106737708116,11.229630563768266,174.28695928292137,174.54330498886628,14.207720744154408,17.02730357191254,6.852688669759386,8.232860373953947,0.45948870497595024,-1.7107477040469687,-0.499982751464497,-0.10990011293633797,0.46141743659973145,2.527448993677238,0.03362318981826199,0.0035296312990851977,0.0,0.0,0.0166303352672435,0.013747005969673412,0.13076299629470753,0.4638073317937566,7.331545689552355,0.8275250683515016,319.7840305301319,320.038354041497,0.38107742731462674,2.7571467089056676,0.0,0.0,0.27,0.34629548650952463,1.5830871,30.0,22.5,0.2,1.5,2.5,5.0,1.0,5.0,5.0,5.0,masking_sources,2.0,5.0,11.0,1.0,3.0,10.0,-0.5,0.5,0.2,5.0,0.5,10.0,0.0,0.0,10.0,Face-on,1259.0,27.0,46.6,0.0,3.0,0.04794,0.0036899999249726534,13.0,0.0,3.0,50.0,4.7,13.0,54.5,0.0,0.0,0.0,0.0,838
