GAL,ra,dec,radvel,z,mag,r20,r50,r80,flux_c,flux_e,rpetro_c,rpetro_e,rhalf_c,rhalf_e,Gini,M20,F(G_M20),S(G_M20),SN_per_pixel,C,A,S,M,I,D,Ao,As,Ser_A,Ser_R,Ser_n,Ser_xc,Ser_yc,Ser_ellip,Ser_theta,flag_morph,flag_sersic,ima_sc_pix2arc,ima_sc_arc2kpc,psf_arcsec,size_image_phy_kpc,zp_ima,eta,petro_extent_cas,snr,area_min,debleding,area_min_deblend,skybox_x,skybox_y,sky_method,nsigma,npixels,dilate_size,mask_stars,fwhm,threshold,roundlo,roundhi,sharplo,aper_stars,aper_fact,aper_center,aper_ellip,aper_pa,dr,View,area_segmap_pix,area_psf_pix,ratio_segmap_psf,flag_area,flag_area_th,SN_gal,bck,ratio_SN_gal,flag_SN,flag_SN_th,perc_SN_flag,perc_20_SN_gal,perc_50_SN_gal,perc_80_SN_gal,flag_image,flag_bck,flag_object,flag_statmorph,index
840r,316.5262815562716,-0.667557457806859,5000.0,0.1349,nan,4.257920687239726,8.291332560393185,13.891458515620197,86.47401660893414,85.88047966577975,18.099434778183767,19.92002221428577,8.36539780850527,9.286905175320108,0.4609920761215607,-1.7358848294303855,-0.47512103640301717,-0.11190583593047856,0.2555637061595917,2.5677513939480976,0.13758282570492217,0.030134229111310334,0.003416856492027335,0.0,0.03217839976501029,0.1965379980342286,0.1726921727618843,0.1442012644739821,8.519076178963859,0.5475727791974268,320.1736779226656,320.20190924165433,0.21328281311887362,1.5167927289460148,0.0,0.0,0.27,0.34629548650952463,1.2086817,30.0,22.5,0.2,1.5,2.5,5.0,1.0,5.0,5.0,5.0,masking_sources,2.0,5.0,11.0,1.0,3.0,10.0,-0.5,0.5,0.2,5.0,0.5,10.0,0.0,0.0,10.0,Face-on,1226.0,15.7,77.9,0.0,3.0,0.03958,0.003100000089034438,12.8,0.0,3.0,50.0,5.2,12.8,33.4,0.0,0.0,0.0,0.0,840
