GAL,ra,dec,radvel,z,mag,r20,r50,r80,flux_c,flux_e,rpetro_c,rpetro_e,rhalf_c,rhalf_e,Gini,M20,F(G_M20),S(G_M20),SN_per_pixel,C,A,S,M,I,D,Ao,As,Ser_A,Ser_R,Ser_n,Ser_xc,Ser_yc,Ser_ellip,Ser_theta,flag_morph,flag_sersic,ima_sc_pix2arc,ima_sc_arc2kpc,psf_arcsec,size_image_phy_kpc,zp_ima,eta,petro_extent_cas,snr,area_min,debleding,area_min_deblend,skybox_x,skybox_y,sky_method,nsigma,npixels,dilate_size,mask_stars,fwhm,threshold,roundlo,roundhi,sharplo,aper_stars,aper_fact,aper_center,aper_ellip,aper_pa,dr,View,area_segmap_pix,area_psf_pix,ratio_segmap_psf,flag_area,flag_area_th,SN_gal,bck,ratio_SN_gal,flag_SN,flag_SN_th,perc_SN_flag,perc_20_SN_gal,perc_50_SN_gal,perc_80_SN_gal,flag_image,flag_bck,flag_object,flag_statmorph,index
302r,214.46800555461718,0.3629449323971167,5000.0,0.0496,nan,5.762013392771843,11.04383904133987,17.67869799408142,85.28770790524703,85.44693256924892,21.96373140335897,25.53041087738621,11.215704513986644,13.338762405823115,0.4149785670877829,-1.6896288938311228,-0.7349432694905067,-0.151029634825621,0.21486259996891022,2.4343800671112725,0.11566029418897235,0.037745563659987616,0.002626970227670753,0.0,0.028180276417654346,0.21078366272370191,0.18056900585053348,0.08642521622590645,12.337134557419558,0.46793047682961114,319.2701530812539,319.40984529717366,0.33880770937276,2.0890488124808204,0.0,0.0,0.27,0.34629548650952463,1.2516525,30.0,22.5,0.2,1.5,2.5,5.0,1.0,5.0,5.0,5.0,masking_sources,2.0,5.0,11.0,1.0,3.0,10.0,-0.5,0.5,0.2,5.0,0.5,10.0,0.0,0.0,10.0,Face-on,1801.0,16.9,106.7,0.0,3.0,0.02908,0.002050000010058284,14.2,0.0,3.0,50.0,5.6,14.2,35.1,0.0,0.0,0.0,0.0,302
