GAL,ra,dec,radvel,z,mag,r20,r50,r80,flux_c,flux_e,rpetro_c,rpetro_e,rhalf_c,rhalf_e,Gini,M20,F(G_M20),S(G_M20),SN_per_pixel,C,A,S,M,I,D,Ao,As,Ser_A,Ser_R,Ser_n,Ser_xc,Ser_yc,Ser_ellip,Ser_theta,flag_morph,flag_sersic,ima_sc_pix2arc,ima_sc_arc2kpc,psf_arcsec,size_image_phy_kpc,zp_ima,eta,petro_extent_cas,snr,area_min,debleding,area_min_deblend,skybox_x,skybox_y,sky_method,nsigma,npixels,dilate_size,mask_stars,fwhm,threshold,roundlo,roundhi,sharplo,aper_stars,aper_fact,aper_center,aper_ellip,aper_pa,dr,View,area_segmap_pix,area_psf_pix,ratio_segmap_psf,flag_area,flag_area_th,SN_gal,bck,ratio_SN_gal,flag_SN,flag_SN_th,perc_SN_flag,perc_20_SN_gal,perc_50_SN_gal,perc_80_SN_gal,flag_image,flag_bck,flag_object,flag_statmorph,index
609r,205.19890329922455,4.89999726818461,5000.0,0.0842,nan,4.3073490521185445,8.691075068005338,14.165605403299097,73.07744286154623,73.02395334983815,18.16234293340392,19.521662235809114,8.808910292281773,9.292202189080296,0.570822851757587,-1.816972194543645,0.12473484701880189,-0.014444511801555648,0.2432718127965927,2.5851253654014683,0.0870368354206789,0.03541391828111888,0.00411522633744856,0.0,0.01905483346368329,0.06286457261832323,0.25446939915627004,0.13975339178259102,8.331640370840875,0.614543315442516,317.7737365086519,318.86922940604904,0.09938481200795658,2.9736035612719487,0.0,0.0,0.27,0.34629548650952463,1.1846474,30.0,22.5,0.2,1.5,2.5,5.0,1.0,5.0,5.0,5.0,masking_sources,2.0,5.0,11.0,1.0,3.0,10.0,-0.5,0.5,0.2,5.0,0.5,10.0,0.0,0.0,10.0,Face-on,1436.0,15.1,95.0,0.0,3.0,0.0197,0.0015399999683722854,12.8,0.0,3.0,50.0,4.9,12.8,50.2,0.0,0.0,0.0,0.0,609
