GAL,ra,dec,radvel,z,mag,r20,r50,r80,flux_c,flux_e,rpetro_c,rpetro_e,rhalf_c,rhalf_e,Gini,M20,F(G_M20),S(G_M20),SN_per_pixel,C,A,S,M,I,D,Ao,As,Ser_A,Ser_R,Ser_n,Ser_xc,Ser_yc,Ser_ellip,Ser_theta,flag_morph,flag_sersic,ima_sc_pix2arc,ima_sc_arc2kpc,psf_arcsec,size_image_phy_kpc,zp_ima,eta,petro_extent_cas,snr,area_min,debleding,area_min_deblend,skybox_x,skybox_y,sky_method,nsigma,npixels,dilate_size,mask_stars,fwhm,threshold,roundlo,roundhi,sharplo,aper_stars,aper_fact,aper_center,aper_ellip,aper_pa,dr,View,area_segmap_pix,area_psf_pix,ratio_segmap_psf,flag_area,flag_area_th,SN_gal,bck,ratio_SN_gal,flag_SN,flag_SN_th,perc_SN_flag,perc_20_SN_gal,perc_50_SN_gal,perc_80_SN_gal,flag_image,flag_bck,flag_object,flag_statmorph,index
394r,211.3303075459074,-2.8934513974709977,5000.0,0.0283,nan,8.474383833807005,17.575044670355975,30.721039990128936,364.71368784660626,364.9660295365287,41.122810028058666,47.78329674163347,17.577355602341036,21.165575667668577,0.4855257883011779,-1.8742797533717288,-0.25777147882256113,-0.10685435530050424,0.23887856304645538,2.7966389142849346,0.14007504697519207,0.043355770622600376,0.0199203187250996,0.09653110599104021,0.010462989729248685,0.22800986337297555,0.19581252868850849,0.1342805716491878,18.918540975732345,0.6412335788546036,319.9969384758343,320.39666038663586,0.3386059409941052,2.8941609473765992,0.0,0.0,0.27,0.34629548650952463,1.3259269,30.0,22.5,0.2,1.5,2.5,5.0,1.0,5.0,5.0,5.0,masking_sources,2.0,5.0,11.0,1.0,3.0,10.0,-0.5,0.5,0.2,5.0,0.5,10.0,0.0,0.0,10.0,Face-on,5033.0,18.9,265.7,0.0,3.0,0.04088,0.004569999873638153,8.9,0.0,3.0,50.0,4.9,8.9,21.5,0.0,0.0,0.0,0.0,394
