GAL,ra,dec,radvel,z,mag,r20,r50,r80,flux_c,flux_e,rpetro_c,rpetro_e,rhalf_c,rhalf_e,Gini,M20,F(G_M20),S(G_M20),SN_per_pixel,C,A,S,M,I,D,Ao,As,Ser_A,Ser_R,Ser_n,Ser_xc,Ser_yc,Ser_ellip,Ser_theta,flag_morph,flag_sersic,ima_sc_pix2arc,ima_sc_arc2kpc,psf_arcsec,size_image_phy_kpc,zp_ima,eta,petro_extent_cas,snr,area_min,debleding,area_min_deblend,skybox_x,skybox_y,sky_method,nsigma,npixels,dilate_size,mask_stars,fwhm,threshold,roundlo,roundhi,sharplo,aper_stars,aper_fact,aper_center,aper_ellip,aper_pa,dr,View,area_segmap_pix,area_psf_pix,ratio_segmap_psf,flag_area,flag_area_th,SN_gal,bck,ratio_SN_gal,flag_SN,flag_SN_th,perc_SN_flag,perc_20_SN_gal,perc_50_SN_gal,perc_80_SN_gal,flag_image,flag_bck,flag_object,flag_statmorph,index
410r,156.96063891605553,2.1190332635808975,5000.0,0.0224,nan,9.03531293202011,18.834485018765836,32.874603157860925,647.1915982774476,646.348753903178,40.38248061482189,43.741734603034494,20.28344599246612,22.098162146175245,0.5215653096243872,-1.7899526730544602,-0.1378145149325425,-0.05945376502642663,0.300770103931427,2.8045866016763847,0.08343826246013418,0.02663372054926844,0.004497041420118343,0.003781415606133787,0.06038322195837284,0.1368179236487433,0.36262156601319345,0.17010785685973423,20.013813011683904,0.878775397440416,318.7696944934801,319.1837011152194,0.17998240434683171,1.2944436416925316,0.0,0.0,0.27,0.34629548650952463,1.386563,30.0,22.5,0.2,1.5,2.5,5.0,1.0,5.0,5.0,5.0,masking_sources,2.0,5.0,11.0,1.0,3.0,10.0,-0.5,0.5,0.2,5.0,0.5,10.0,0.0,0.0,10.0,Face-on,9359.0,20.7,451.8,0.0,3.0,0.02322,0.002739999908953905,8.5,0.0,3.0,50.0,4.3,8.5,31.2,0.0,0.0,0.0,0.0,410
