GAL,ra,dec,radvel,z,mag,r20,r50,r80,flux_c,flux_e,rpetro_c,rpetro_e,rhalf_c,rhalf_e,Gini,M20,F(G_M20),S(G_M20),SN_per_pixel,C,A,S,M,I,D,Ao,As,Ser_A,Ser_R,Ser_n,Ser_xc,Ser_yc,Ser_ellip,Ser_theta,flag_morph,flag_sersic,ima_sc_pix2arc,ima_sc_arc2kpc,psf_arcsec,size_image_phy_kpc,zp_ima,eta,petro_extent_cas,snr,area_min,debleding,area_min_deblend,skybox_x,skybox_y,sky_method,nsigma,npixels,dilate_size,mask_stars,fwhm,threshold,roundlo,roundhi,sharplo,aper_stars,aper_fact,aper_center,aper_ellip,aper_pa,dr,View,area_segmap_pix,area_psf_pix,ratio_segmap_psf,flag_area,flag_area_th,SN_gal,bck,ratio_SN_gal,flag_SN,flag_SN_th,perc_SN_flag,perc_20_SN_gal,perc_50_SN_gal,perc_80_SN_gal,flag_image,flag_bck,flag_object,flag_statmorph,index
1169r,174.6605222495398,5.593886444469494,5000.0,0.0212,nan,3.4490854093763703,6.693503938431341,11.41132578170226,89.12325828765736,88.98460410290082,14.484965245491377,15.661013103639448,6.821567114254539,7.459763753929809,0.4797684155489784,-1.61600486089736,-0.4652549744306862,-0.07665394427124445,0.32040369510650635,2.5981607765829784,0.04593615827819561,-0.0004956590648297357,0.0018115942028985507,0.0,0.04644406390351374,-0.10961058981430341,0.23589265056809916,0.23363664140817839,6.439073385557171,0.7768221861186051,319.99469829083773,320.5478501866277,0.21500333069306496,1.6182109874833113,0.0,0.0,0.27,0.34629548650952463,1.4649881,30.0,22.5,0.2,1.5,2.5,5.0,1.0,5.0,5.0,5.0,masking_sources,2.0,5.0,11.0,1.0,3.0,10.0,-0.5,0.5,0.2,5.0,0.5,10.0,0.0,0.0,10.0,Face-on,905.0,23.1,39.1,0.0,3.0,0.04364,0.004600000102072954,9.5,0.0,3.0,50.0,4.2,9.5,31.0,0.0,0.0,0.0,0.0,1169
