GAL,ra,dec,radvel,z,mag,r20,r50,r80,flux_c,flux_e,rpetro_c,rpetro_e,rhalf_c,rhalf_e,Gini,M20,F(G_M20),S(G_M20),SN_per_pixel,C,A,S,M,I,D,Ao,As,Ser_A,Ser_R,Ser_n,Ser_xc,Ser_yc,Ser_ellip,Ser_theta,flag_morph,flag_sersic,ima_sc_pix2arc,ima_sc_arc2kpc,psf_arcsec,size_image_phy_kpc,zp_ima,eta,petro_extent_cas,snr,area_min,debleding,area_min_deblend,skybox_x,skybox_y,sky_method,nsigma,npixels,dilate_size,mask_stars,fwhm,threshold,roundlo,roundhi,sharplo,aper_stars,aper_fact,aper_center,aper_ellip,aper_pa,dr,View,area_segmap_pix,area_psf_pix,ratio_segmap_psf,flag_area,flag_area_th,SN_gal,bck,ratio_SN_gal,flag_SN,flag_SN_th,perc_SN_flag,perc_20_SN_gal,perc_50_SN_gal,perc_80_SN_gal,flag_image,flag_bck,flag_object,flag_statmorph,index
66r,18.33236572983154,-10.468815072418034,5000.0,0.0228,nan,4.564096002986253,9.314865215400388,16.78468390597206,160.51959473517007,159.97021158525507,21.402250053052974,25.525738281439764,9.404210054102888,12.116957706601582,0.4829982482218164,-1.5899044662977422,-0.4673548761576729,-0.06982845507578794,0.3148546814918518,2.827791979693961,0.07561942232027231,0.004728025338551619,0.023333333333333334,0.0,0.055475319474873865,0.011481866926826546,0.18756657164011692,0.20446448106073373,10.95303403899812,0.7509526314221726,320.13232231610334,319.1687277573454,0.4495107018952776,2.601375459967744,0.0,0.0,0.27,0.34629548650952463,1.0617512,30.0,22.5,0.2,1.5,2.5,5.0,1.0,5.0,5.0,5.0,masking_sources,2.0,5.0,11.0,1.0,3.0,10.0,-0.5,0.5,0.2,5.0,0.5,10.0,0.0,0.0,10.0,Face-on,1536.0,12.1,126.5,0.0,3.0,0.04932,0.005450000055134296,9.0,0.0,3.0,50.0,4.1,9.0,25.7,0.0,0.0,0.0,0.0,66
