GAL,ra,dec,radvel,z,mag,r20,r50,r80,flux_c,flux_e,rpetro_c,rpetro_e,rhalf_c,rhalf_e,Gini,M20,F(G_M20),S(G_M20),SN_per_pixel,C,A,S,M,I,D,Ao,As,Ser_A,Ser_R,Ser_n,Ser_xc,Ser_yc,Ser_ellip,Ser_theta,flag_morph,flag_sersic,ima_sc_pix2arc,ima_sc_arc2kpc,psf_arcsec,size_image_phy_kpc,zp_ima,eta,petro_extent_cas,snr,area_min,debleding,area_min_deblend,skybox_x,skybox_y,sky_method,nsigma,npixels,dilate_size,mask_stars,fwhm,threshold,roundlo,roundhi,sharplo,aper_stars,aper_fact,aper_center,aper_ellip,aper_pa,dr,View,area_segmap_pix,area_psf_pix,ratio_segmap_psf,flag_area,flag_area_th,SN_gal,bck,ratio_SN_gal,flag_SN,flag_SN_th,perc_SN_flag,perc_20_SN_gal,perc_50_SN_gal,perc_80_SN_gal,flag_image,flag_bck,flag_object,flag_statmorph,index
1105r,8.439899042058745,-9.512246833139658,5000.0,0.0893,nan,3.247080624671392,6.472678106320533,10.736324467092366,77.43142541008942,77.49698250577217,13.512667477413165,14.970729493385516,6.524522117801911,7.283421530743258,0.46553371466561244,-1.7337978274260566,-0.4540862179989613,-0.10711952049326556,0.3208739161491394,2.596812778888895,0.0854411734535274,0.011558503054141016,0.002398081534772182,0.0,0.011459423862415873,0.13365224459589778,0.1345598936698061,0.22297364840166942,6.341081897101186,0.6926944597464001,319.9468825000676,319.9615052203902,0.22009574294054124,2.0946344659999268,0.0,0.0,0.27,0.34629548650952463,1.2724947,30.0,22.5,0.2,1.5,2.5,5.0,1.0,5.0,5.0,5.0,masking_sources,2.0,5.0,11.0,1.0,3.0,10.0,-0.5,0.5,0.2,5.0,0.5,10.0,0.0,0.0,10.0,Face-on,778.0,17.4,44.6,0.0,3.0,0.04743,0.005489999894052744,8.6,0.0,3.0,50.0,4.0,8.6,27.6,0.0,0.0,0.0,0.0,1105
