GAL,ra,dec,radvel,z,mag,r20,r50,r80,flux_c,flux_e,rpetro_c,rpetro_e,rhalf_c,rhalf_e,Gini,M20,F(G_M20),S(G_M20),SN_per_pixel,C,A,S,M,I,D,Ao,As,Ser_A,Ser_R,Ser_n,Ser_xc,Ser_yc,Ser_ellip,Ser_theta,flag_morph,flag_sersic,ima_sc_pix2arc,ima_sc_arc2kpc,psf_arcsec,size_image_phy_kpc,zp_ima,eta,petro_extent_cas,snr,area_min,debleding,area_min_deblend,skybox_x,skybox_y,sky_method,nsigma,npixels,dilate_size,mask_stars,fwhm,threshold,roundlo,roundhi,sharplo,aper_stars,aper_fact,aper_center,aper_ellip,aper_pa,dr,View,area_segmap_pix,area_psf_pix,ratio_segmap_psf,flag_area,flag_area_th,SN_gal,bck,ratio_SN_gal,flag_SN,flag_SN_th,perc_SN_flag,perc_20_SN_gal,perc_50_SN_gal,perc_80_SN_gal,flag_image,flag_bck,flag_object,flag_statmorph,index
560r,330.43532701531876,-7.208938033839614,5000.0,0.0588,nan,6.142794367518896,12.233039914945877,19.723542155887344,159.1627948816468,158.95130623784388,25.706181039846772,28.17767356597386,12.242347298561224,14.241331180693518,0.4286230334873429,-1.7281684706105687,-0.6406952341045287,-0.14287861426239962,0.25766482949256897,2.5330946764100593,0.12086420991914866,0.035114388620866695,0.010033444816053512,0.0006347722140768694,0.0580519103555956,0.12104826944331215,0.1643958219691929,0.12791697038675062,13.025192480197179,0.43018965832323003,319.32465678143603,318.3732154340744,0.2646176242112842,2.3813558460938173,0.0,0.0,0.27,0.34629548650952463,1.6541249,30.0,22.5,0.2,1.5,2.5,5.0,1.0,5.0,5.0,5.0,masking_sources,2.0,5.0,11.0,1.0,3.0,10.0,-0.5,0.5,0.2,5.0,0.5,10.0,0.0,0.0,10.0,Face-on,1980.0,29.5,67.2,0.0,3.0,0.05507,0.005590000189840794,9.9,0.0,3.0,50.0,4.3,9.9,20.0,0.0,0.0,0.0,0.0,560
