GAL,ra,dec,radvel,z,mag,r20,r50,r80,flux_c,flux_e,rpetro_c,rpetro_e,rhalf_c,rhalf_e,Gini,M20,F(G_M20),S(G_M20),SN_per_pixel,C,A,S,M,I,D,Ao,As,Ser_A,Ser_R,Ser_n,Ser_xc,Ser_yc,Ser_ellip,Ser_theta,flag_morph,flag_sersic,ima_sc_pix2arc,ima_sc_arc2kpc,psf_arcsec,size_image_phy_kpc,zp_ima,eta,petro_extent_cas,snr,area_min,debleding,area_min_deblend,skybox_x,skybox_y,sky_method,nsigma,npixels,dilate_size,mask_stars,fwhm,threshold,roundlo,roundhi,sharplo,aper_stars,aper_fact,aper_center,aper_ellip,aper_pa,dr,View,area_segmap_pix,area_psf_pix,ratio_segmap_psf,flag_area,flag_area_th,SN_gal,bck,ratio_SN_gal,flag_SN,flag_SN_th,perc_SN_flag,perc_20_SN_gal,perc_50_SN_gal,perc_80_SN_gal,flag_image,flag_bck,flag_object,flag_statmorph,index
580r,235.58045304886843,3.9282438147525083,5000.0,0.0848,nan,4.317740914945471,8.00296007575942,12.922702513603584,97.54932107090804,97.46729820642925,16.44017254171757,21.171738542435158,8.457895527902613,11.526292868008744,0.4114444272905545,-1.6269704748949685,-0.7958595458095421,-0.14581891299275165,0.3270210921764374,2.3804838387384777,0.08841696384589176,0.0449189956396331,0.0,0.0,0.05755494777886471,0.11163847501169498,0.42056778939876,0.20253198436455006,9.991980340201238,0.6062960860380441,320.3212452528803,320.6743700379723,0.5242470033801048,1.6335471486624316,0.0,0.0,0.27,0.34629548650952463,1.5232649,30.0,22.5,0.2,1.5,2.5,5.0,1.0,5.0,5.0,5.0,masking_sources,2.0,5.0,11.0,1.0,3.0,10.0,-0.5,0.5,0.2,5.0,0.5,10.0,0.0,0.0,10.0,Edge-on,1912.0,25.0,76.5,0.0,3.0,0.01278,0.0010499999625608325,12.2,0.0,3.0,50.0,4.7,12.2,79.7,0.0,0.0,0.0,0.0,580
