GAL,ra,dec,radvel,z,mag,r20,r50,r80,flux_c,flux_e,rpetro_c,rpetro_e,rhalf_c,rhalf_e,Gini,M20,F(G_M20),S(G_M20),SN_per_pixel,C,A,S,M,I,D,Ao,As,Ser_A,Ser_R,Ser_n,Ser_xc,Ser_yc,Ser_ellip,Ser_theta,flag_morph,flag_sersic,ima_sc_pix2arc,ima_sc_arc2kpc,psf_arcsec,size_image_phy_kpc,zp_ima,eta,petro_extent_cas,snr,area_min,debleding,area_min_deblend,skybox_x,skybox_y,sky_method,nsigma,npixels,dilate_size,mask_stars,fwhm,threshold,roundlo,roundhi,sharplo,aper_stars,aper_fact,aper_center,aper_ellip,aper_pa,dr,View,area_segmap_pix,area_psf_pix,ratio_segmap_psf,flag_area,flag_area_th,SN_gal,bck,ratio_SN_gal,flag_SN,flag_SN_th,perc_SN_flag,perc_20_SN_gal,perc_50_SN_gal,perc_80_SN_gal,flag_image,flag_bck,flag_object,flag_statmorph,index
121r,331.2330661904634,-0.5976265144413162,5000.0,0.0159,nan,6.639129447429894,14.81029967840753,28.47596306155894,164.05685158247798,162.56021590726695,36.917758858800944,41.28435556444778,15.069868909197126,18.873081991553835,0.5196753288454854,-1.884613844173161,-0.08156972820284647,-0.07448274878303884,0.18663541972637177,3.1618364222778523,-0.01630918517046525,-0.02186510722512209,0.03184044786564031,0.012969305421014612,0.009074573074590107,-0.030449355059550817,0.21980959775397285,0.07842444753480346,16.86220046107368,0.9905639641264805,320.1053480904076,320.0637807823199,0.45435974250314465,2.865951071400234,0.0,0.0,0.27,0.34629548650952463,1.1959076,30.0,22.5,0.2,1.5,2.5,5.0,1.0,5.0,5.0,5.0,masking_sources,2.0,5.0,11.0,1.0,3.0,10.0,-0.5,0.5,0.2,5.0,0.5,10.0,0.0,0.0,10.0,Face-on,3871.0,15.4,251.2,0.0,3.0,0.01841,0.0025100000202655792,7.3,0.0,3.0,50.0,4.1,7.3,19.5,0.0,0.0,0.0,0.0,121
