GAL,ra,dec,radvel,z,mag,r20,r50,r80,flux_c,flux_e,rpetro_c,rpetro_e,rhalf_c,rhalf_e,Gini,M20,F(G_M20),S(G_M20),SN_per_pixel,C,A,S,M,I,D,Ao,As,Ser_A,Ser_R,Ser_n,Ser_xc,Ser_yc,Ser_ellip,Ser_theta,flag_morph,flag_sersic,ima_sc_pix2arc,ima_sc_arc2kpc,psf_arcsec,size_image_phy_kpc,zp_ima,eta,petro_extent_cas,snr,area_min,debleding,area_min_deblend,skybox_x,skybox_y,sky_method,nsigma,npixels,dilate_size,mask_stars,fwhm,threshold,roundlo,roundhi,sharplo,aper_stars,aper_fact,aper_center,aper_ellip,aper_pa,dr,View,area_segmap_pix,area_psf_pix,ratio_segmap_psf,flag_area,flag_area_th,SN_gal,bck,ratio_SN_gal,flag_SN,flag_SN_th,perc_SN_flag,perc_20_SN_gal,perc_50_SN_gal,perc_80_SN_gal,flag_image,flag_bck,flag_object,flag_statmorph,index
981r,5.820591803365704,-9.131358867017264,5000.0,0.1068,nan,3.1164006542242633,7.139732144391325,14.22077216432284,150.36490882006586,150.35036929185662,17.950022569797632,22.762863697243397,7.432912911806399,10.240425156306967,0.5114216519643351,-2.010631966125483,-0.03509487025158187,-0.10017040784675046,0.352873295545578,3.296349458276569,0.030469518405730454,0.0469875954541917,0.0013297872340425532,0.0,0.022869704222180695,0.06128166681514168,0.223948000777236,0.3072692811213277,8.410439612086344,1.161771492996844,319.822157829114,320.2455730998435,0.5087470694130714,2.516989652180155,0.0,0.0,0.27,0.34629548650952463,1.5056483,30.0,22.5,0.2,1.5,2.5,5.0,1.0,5.0,5.0,5.0,masking_sources,2.0,5.0,11.0,1.0,3.0,10.0,-0.5,0.5,0.2,5.0,0.5,10.0,0.0,0.0,10.0,Edge-on,1427.0,24.4,58.4,0.0,3.0,0.04323,0.004089999943971634,10.6,0.0,3.0,50.0,4.3,10.6,31.3,0.0,0.0,0.0,0.0,981
