GAL,ra,dec,radvel,z,mag,r20,r50,r80,flux_c,flux_e,rpetro_c,rpetro_e,rhalf_c,rhalf_e,Gini,M20,F(G_M20),S(G_M20),SN_per_pixel,C,A,S,M,I,D,Ao,As,Ser_A,Ser_R,Ser_n,Ser_xc,Ser_yc,Ser_ellip,Ser_theta,flag_morph,flag_sersic,ima_sc_pix2arc,ima_sc_arc2kpc,psf_arcsec,size_image_phy_kpc,zp_ima,eta,petro_extent_cas,snr,area_min,debleding,area_min_deblend,skybox_x,skybox_y,sky_method,nsigma,npixels,dilate_size,mask_stars,fwhm,threshold,roundlo,roundhi,sharplo,aper_stars,aper_fact,aper_center,aper_ellip,aper_pa,dr,View,area_segmap_pix,area_psf_pix,ratio_segmap_psf,flag_area,flag_area_th,SN_gal,bck,ratio_SN_gal,flag_SN,flag_SN_th,perc_SN_flag,perc_20_SN_gal,perc_50_SN_gal,perc_80_SN_gal,flag_image,flag_bck,flag_object,flag_statmorph,index
650r,182.67267389975245,0.8873563166555547,5000.0,0.0777,nan,5.674985989542883,13.517390266491557,25.267129550744933,84.69924467782133,82.88416720927246,33.32055035538526,43.40717247258091,13.586255668648768,22.45794218457696,0.540812705676843,-1.7230625958211987,-0.0888947279955361,-0.031101122199072018,0.20653755962848663,3.242955567082694,0.16835977313834252,0.07991886186299417,0.045871559633027525,0.15525938719383076,0.06612615882529932,0.1894253477521516,0.20193285272803166,0.1415044497797363,21.87643921513491,0.34427260154768746,321.71993034556556,320.11583543742256,0.8603804189019263,2.7824550168437847,0.0,0.0,0.27,0.34629548650952463,1.3288339,30.0,22.5,0.2,1.5,2.5,5.0,1.0,5.0,5.0,5.0,masking_sources,2.0,5.0,11.0,1.0,3.0,10.0,-0.5,0.5,0.2,5.0,0.5,10.0,0.0,0.0,10.0,Edge-on,1290.0,19.0,67.8,0.0,3.0,0.04031,0.0036700000055134296,11.0,0.0,3.0,50.0,4.5,11.0,27.7,0.0,0.0,0.0,0.0,650
