GAL,ra,dec,radvel,z,mag,r20,r50,r80,flux_c,flux_e,rpetro_c,rpetro_e,rhalf_c,rhalf_e,Gini,M20,F(G_M20),S(G_M20),SN_per_pixel,C,A,S,M,I,D,Ao,As,Ser_A,Ser_R,Ser_n,Ser_xc,Ser_yc,Ser_ellip,Ser_theta,flag_morph,flag_sersic,ima_sc_pix2arc,ima_sc_arc2kpc,psf_arcsec,size_image_phy_kpc,zp_ima,eta,petro_extent_cas,snr,area_min,debleding,area_min_deblend,skybox_x,skybox_y,sky_method,nsigma,npixels,dilate_size,mask_stars,fwhm,threshold,roundlo,roundhi,sharplo,aper_stars,aper_fact,aper_center,aper_ellip,aper_pa,dr,View,area_segmap_pix,area_psf_pix,ratio_segmap_psf,flag_area,flag_area_th,SN_gal,bck,ratio_SN_gal,flag_SN,flag_SN_th,perc_SN_flag,perc_20_SN_gal,perc_50_SN_gal,perc_80_SN_gal,flag_image,flag_bck,flag_object,flag_statmorph,index
91r,182.41107283898114,0.9569770541898734,5000.0,0.0194,nan,6.4809762227854435,13.95298982556585,26.739241656084044,97.707258864405,97.67905190680514,35.370325075820595,35.71061232246237,13.97538526637826,14.057854000076466,0.5420312592814244,-1.7157562596951412,-0.08792617858821661,-0.02887917340901458,0.13220655918121338,3.077543290354367,0.059650402368174135,0.0031463162890608956,0.005053057099545225,0.022440050099762077,0.1119406137788696,-0.10131649971183143,0.29964079886219336,0.05081917852471407,12.13728905841623,0.8753379698533563,316.8641710372484,319.1556026391442,0.05086805478078779,1.1759058736754806,0.0,0.0,0.27,0.34629548650952463,1.3452268,30.0,22.5,0.2,1.5,2.5,5.0,1.0,5.0,5.0,5.0,masking_sources,2.0,5.0,11.0,1.0,3.0,10.0,-0.5,0.5,0.2,5.0,0.5,10.0,0.0,0.0,10.0,Face-on,2663.0,19.5,136.6,0.0,3.0,0.01782,0.0033100000582635403,5.4,0.0,3.0,50.0,3.6,5.4,12.0,0.0,0.0,0.0,0.0,91
