GAL,ra,dec,radvel,z,mag,r20,r50,r80,flux_c,flux_e,rpetro_c,rpetro_e,rhalf_c,rhalf_e,Gini,M20,F(G_M20),S(G_M20),SN_per_pixel,C,A,S,M,I,D,Ao,As,Ser_A,Ser_R,Ser_n,Ser_xc,Ser_yc,Ser_ellip,Ser_theta,flag_morph,flag_sersic,ima_sc_pix2arc,ima_sc_arc2kpc,psf_arcsec,size_image_phy_kpc,zp_ima,eta,petro_extent_cas,snr,area_min,debleding,area_min_deblend,skybox_x,skybox_y,sky_method,nsigma,npixels,dilate_size,mask_stars,fwhm,threshold,roundlo,roundhi,sharplo,aper_stars,aper_fact,aper_center,aper_ellip,aper_pa,dr,View,area_segmap_pix,area_psf_pix,ratio_segmap_psf,flag_area,flag_area_th,SN_gal,bck,ratio_SN_gal,flag_SN,flag_SN_th,perc_SN_flag,perc_20_SN_gal,perc_50_SN_gal,perc_80_SN_gal,flag_image,flag_bck,flag_object,flag_statmorph,index
216r,326.52970652688674,-1.0347546337815863,5000.0,0.0277,nan,4.969440426839933,11.451546186638017,25.27948617468095,129.41435102503848,130.12592377719037,31.839149759625837,43.162924126504684,12.77670276329446,19.747276981363452,0.5761255232386855,-1.9856364139670086,0.2678673749106304,-0.03263919353511563,0.21041515469551086,3.5323037681781138,0.05630660955901071,0.03529035840144604,0.07049180327868852,0.10912377547910321,0.01576737749640855,0.04445365049363744,0.3908264521843093,0.10966962239502565,17.247051525806047,0.9429287255117776,320.5038260024086,318.9552829093401,0.6802850632220274,2.134883860000848,0.0,0.0,0.27,0.34629548650952463,1.1695979,30.0,22.5,0.2,1.5,2.5,5.0,1.0,5.0,5.0,5.0,masking_sources,2.0,5.0,11.0,1.0,3.0,10.0,-0.5,0.5,0.2,5.0,0.5,10.0,0.0,0.0,10.0,Edge-on,2569.0,14.7,174.3,0.0,3.0,0.02036,0.002570000011473894,7.9,0.0,3.0,50.0,4.1,7.9,23.8,0.0,0.0,0.0,0.0,216
