GAL,ra,dec,radvel,z,mag,r20,r50,r80,flux_c,flux_e,rpetro_c,rpetro_e,rhalf_c,rhalf_e,Gini,M20,F(G_M20),S(G_M20),SN_per_pixel,C,A,S,M,I,D,Ao,As,Ser_A,Ser_R,Ser_n,Ser_xc,Ser_yc,Ser_ellip,Ser_theta,flag_morph,flag_sersic,ima_sc_pix2arc,ima_sc_arc2kpc,psf_arcsec,size_image_phy_kpc,zp_ima,eta,petro_extent_cas,snr,area_min,debleding,area_min_deblend,skybox_x,skybox_y,sky_method,nsigma,npixels,dilate_size,mask_stars,fwhm,threshold,roundlo,roundhi,sharplo,aper_stars,aper_fact,aper_center,aper_ellip,aper_pa,dr,View,area_segmap_pix,area_psf_pix,ratio_segmap_psf,flag_area,flag_area_th,SN_gal,bck,ratio_SN_gal,flag_SN,flag_SN_th,perc_SN_flag,perc_20_SN_gal,perc_50_SN_gal,perc_80_SN_gal,flag_image,flag_bck,flag_object,flag_statmorph,index
187r,222.2246532178083,3.597886273454731,5000.0,0.0277,nan,3.8295290192087235,7.548057394708203,12.436674360863355,111.72423741314799,111.80411782667974,15.660237687480285,17.157164012083275,7.7158491646619405,8.62770681817024,0.4777284240999791,-1.7381139119095994,-0.3907313597517508,-0.095646693896455,0.34498292207717896,2.557794490796641,0.061372174011639226,0.02017503936303565,0.00796812749003984,0.014284668170486372,0.017017790080868067,0.09226628329340204,0.1855161540742396,0.24809004874485202,7.694372082670515,0.6154855859352795,320.58833401865076,319.87676607746835,0.2231140989138412,0.20162928832816657,0.0,0.0,0.27,0.34629548650952463,1.361455,30.0,22.5,0.2,1.5,2.5,5.0,1.0,5.0,5.0,5.0,masking_sources,2.0,5.0,11.0,1.0,3.0,10.0,-0.5,0.5,0.2,5.0,0.5,10.0,0.0,0.0,10.0,Face-on,1007.0,20.0,50.4,0.0,3.0,0.05213,0.004699999932199717,11.1,0.0,3.0,50.0,4.3,11.1,36.5,0.0,0.0,0.0,0.0,187
