GAL,ra,dec,radvel,z,mag,r20,r50,r80,flux_c,flux_e,rpetro_c,rpetro_e,rhalf_c,rhalf_e,Gini,M20,F(G_M20),S(G_M20),SN_per_pixel,C,A,S,M,I,D,Ao,As,Ser_A,Ser_R,Ser_n,Ser_xc,Ser_yc,Ser_ellip,Ser_theta,flag_morph,flag_sersic,ima_sc_pix2arc,ima_sc_arc2kpc,psf_arcsec,size_image_phy_kpc,zp_ima,eta,petro_extent_cas,snr,area_min,debleding,area_min_deblend,skybox_x,skybox_y,sky_method,nsigma,npixels,dilate_size,mask_stars,fwhm,threshold,roundlo,roundhi,sharplo,aper_stars,aper_fact,aper_center,aper_ellip,aper_pa,dr,View,area_segmap_pix,area_psf_pix,ratio_segmap_psf,flag_area,flag_area_th,SN_gal,bck,ratio_SN_gal,flag_SN,flag_SN_th,perc_SN_flag,perc_20_SN_gal,perc_50_SN_gal,perc_80_SN_gal,flag_image,flag_bck,flag_object,flag_statmorph,index
944r,125.82937624691465,4.319050108774935,5000.0,0.1035,nan,4.083252360937964,8.900497895534055,17.30751271756072,204.00104473695222,202.02705633885398,21.36798210494794,24.505249319913553,9.249103044809878,11.448011074557668,0.5287376079033705,-1.724312902571956,-0.14779999939595,-0.043229261633165095,0.36809784173965454,3.1361421877806714,0.17348507701054566,0.014712574352192474,0.007551240560949299,0.0031343571659596665,0.10394543444754584,0.3191205365463867,0.23798310705105136,0.31116101324268725,10.208616683463134,0.9533050187232947,319.46936568531936,319.47149034637914,0.5166216082328285,0.9493068096645216,0.0,0.0,0.27,0.34629548650952463,1.5292029,30.0,22.5,0.2,1.5,2.5,5.0,1.0,5.0,5.0,5.0,masking_sources,2.0,5.0,11.0,1.0,3.0,10.0,-0.5,0.5,0.2,5.0,0.5,10.0,0.0,0.0,10.0,Edge-on,2098.0,25.2,83.3,0.0,3.0,0.03405,0.003819999983534217,8.9,0.0,3.0,50.0,4.1,8.9,32.8,0.0,0.0,0.0,0.0,944
