GAL,ra,dec,radvel,z,mag,r20,r50,r80,flux_c,flux_e,rpetro_c,rpetro_e,rhalf_c,rhalf_e,Gini,M20,F(G_M20),S(G_M20),SN_per_pixel,C,A,S,M,I,D,Ao,As,Ser_A,Ser_R,Ser_n,Ser_xc,Ser_yc,Ser_ellip,Ser_theta,flag_morph,flag_sersic,ima_sc_pix2arc,ima_sc_arc2kpc,psf_arcsec,size_image_phy_kpc,zp_ima,eta,petro_extent_cas,snr,area_min,debleding,area_min_deblend,skybox_x,skybox_y,sky_method,nsigma,npixels,dilate_size,mask_stars,fwhm,threshold,roundlo,roundhi,sharplo,aper_stars,aper_fact,aper_center,aper_ellip,aper_pa,dr,View,area_segmap_pix,area_psf_pix,ratio_segmap_psf,flag_area,flag_area_th,SN_gal,bck,ratio_SN_gal,flag_SN,flag_SN_th,perc_SN_flag,perc_20_SN_gal,perc_50_SN_gal,perc_80_SN_gal,flag_image,flag_bck,flag_object,flag_statmorph,index
65r,348.8288416843735,-0.9892927928760841,5000.0,0.0277,nan,5.159536251247721,12.38960758546793,22.51992291271699,69.44435561271132,69.1516800483819,27.743152573296104,35.40275835481968,14.072518303074485,16.816656466657864,0.619516089278025,-1.9697662233736972,0.4716526347241965,0.012523423336300799,0.13778908550739288,3.199781156894066,0.08592180132285075,0.06223321946452437,0.011571254567600487,0.02107485616811017,0.054686398144069115,0.08667695389214349,0.38775639916232685,0.05951686465008023,12.565971286057998,0.8989953919771903,319.5944821418452,319.84204165030303,0.28801038737516216,0.33875542171634304,1.0,0.0,0.27,0.34629548650952463,1.4644136,30.0,22.5,0.2,1.5,2.5,5.0,1.0,5.0,5.0,5.0,masking_sources,2.0,5.0,11.0,1.0,3.0,10.0,-0.5,0.5,0.2,5.0,0.5,10.0,0.0,0.0,10.0,Face-on,3326.0,23.1,144.0,0.0,3.0,0.00747,0.0008699999889358878,8.6,0.0,3.0,50.0,4.4,8.6,27.6,0.0,0.0,0.0,0.0,65
