GAL,ra,dec,radvel,z,mag,r20,r50,r80,flux_c,flux_e,rpetro_c,rpetro_e,rhalf_c,rhalf_e,Gini,M20,F(G_M20),S(G_M20),SN_per_pixel,C,A,S,M,I,D,Ao,As,Ser_A,Ser_R,Ser_n,Ser_xc,Ser_yc,Ser_ellip,Ser_theta,flag_morph,flag_sersic,ima_sc_pix2arc,ima_sc_arc2kpc,psf_arcsec,size_image_phy_kpc,zp_ima,eta,petro_extent_cas,snr,area_min,debleding,area_min_deblend,skybox_x,skybox_y,sky_method,nsigma,npixels,dilate_size,mask_stars,fwhm,threshold,roundlo,roundhi,sharplo,aper_stars,aper_fact,aper_center,aper_ellip,aper_pa,dr,View,area_segmap_pix,area_psf_pix,ratio_segmap_psf,flag_area,flag_area_th,SN_gal,bck,ratio_SN_gal,flag_SN,flag_SN_th,perc_SN_flag,perc_20_SN_gal,perc_50_SN_gal,perc_80_SN_gal,flag_image,flag_bck,flag_object,flag_statmorph,index
1194r,33.17714495415603,-8.462604097037321,5000.0,0.0131,nan,8.02871053191307,15.348216988076269,25.776639629240055,153.55597443471984,153.46699682789608,31.371479028679126,32.80674520195393,15.99138440419021,16.562422860169576,0.4717579398398849,-1.5479931197259327,-0.5520389658224985,-0.07513068320041866,0.185576930642128,2.5329024991459215,0.0888220279596757,0.00667768261949246,0.0076263107721639654,0.7176742622130357,0.048675784082872035,-0.010874287265171013,0.4294389847891498,0.06649801593577166,14.690143901289478,0.6606342812591111,319.9069588985147,319.0908241825283,0.09327890597425512,2.326703629883538,0.0,0.0,0.27,0.34629548650952463,1.2488748,30.0,22.5,0.2,1.5,2.5,5.0,1.0,5.0,5.0,5.0,masking_sources,2.0,5.0,11.0,1.0,3.0,10.0,-0.5,0.5,0.2,5.0,0.5,10.0,0.0,0.0,10.0,Face-on,3692.0,16.8,219.7,0.0,3.0,0.01991,0.002400000113993883,8.3,0.0,3.0,50.0,4.2,8.3,24.9,0.0,0.0,0.0,0.0,1194
