GAL,ra,dec,radvel,z,mag,r20,r50,r80,flux_c,flux_e,rpetro_c,rpetro_e,rhalf_c,rhalf_e,Gini,M20,F(G_M20),S(G_M20),SN_per_pixel,C,A,S,M,I,D,Ao,As,Ser_A,Ser_R,Ser_n,Ser_xc,Ser_yc,Ser_ellip,Ser_theta,flag_morph,flag_sersic,ima_sc_pix2arc,ima_sc_arc2kpc,psf_arcsec,size_image_phy_kpc,zp_ima,eta,petro_extent_cas,snr,area_min,debleding,area_min_deblend,skybox_x,skybox_y,sky_method,nsigma,npixels,dilate_size,mask_stars,fwhm,threshold,roundlo,roundhi,sharplo,aper_stars,aper_fact,aper_center,aper_ellip,aper_pa,dr,View,area_segmap_pix,area_psf_pix,ratio_segmap_psf,flag_area,flag_area_th,SN_gal,bck,ratio_SN_gal,flag_SN,flag_SN_th,perc_SN_flag,perc_20_SN_gal,perc_50_SN_gal,perc_80_SN_gal,flag_image,flag_bck,flag_object,flag_statmorph,index
179r,22.56884000086036,-8.59150312937206,5000.0,0.0392,nan,3.73981076811148,7.989751394878643,15.124261507483949,78.3870530139914,79.72812505674153,18.46799634676908,29.53649376720673,9.139075600632497,14.385126294339374,0.5269606688139974,-1.7917175123357993,-0.10988445332200403,-0.054357672088818754,0.24205616116523743,3.034122751076704,0.02296352657545604,0.026347135686896277,0.011363636363636364,0.025557867627758652,0.06961801387043925,-0.04115849421877101,0.6151422638316619,0.15481023722793183,11.47484041147631,0.6949487057457938,319.18358717108157,319.95463497313756,0.6672002080539966,2.963051854545028,0.0,0.0,0.27,0.34629548650952463,1.1493464,30.0,22.5,0.2,1.5,2.5,5.0,1.0,5.0,5.0,5.0,masking_sources,2.0,5.0,11.0,1.0,3.0,10.0,-0.5,0.5,0.2,5.0,0.5,10.0,0.0,0.0,10.0,Edge-on,1027.0,14.2,72.2,0.0,3.0,0.04102,0.004389999900013208,9.3,0.0,3.0,50.0,4.5,9.3,23.9,0.0,0.0,0.0,0.0,179
