GAL,ra,dec,radvel,z,mag,r20,r50,r80,flux_c,flux_e,rpetro_c,rpetro_e,rhalf_c,rhalf_e,Gini,M20,F(G_M20),S(G_M20),SN_per_pixel,C,A,S,M,I,D,Ao,As,Ser_A,Ser_R,Ser_n,Ser_xc,Ser_yc,Ser_ellip,Ser_theta,flag_morph,flag_sersic,ima_sc_pix2arc,ima_sc_arc2kpc,psf_arcsec,size_image_phy_kpc,zp_ima,eta,petro_extent_cas,snr,area_min,debleding,area_min_deblend,skybox_x,skybox_y,sky_method,nsigma,npixels,dilate_size,mask_stars,fwhm,threshold,roundlo,roundhi,sharplo,aper_stars,aper_fact,aper_center,aper_ellip,aper_pa,dr,View,area_segmap_pix,area_psf_pix,ratio_segmap_psf,flag_area,flag_area_th,SN_gal,bck,ratio_SN_gal,flag_SN,flag_SN_th,perc_SN_flag,perc_20_SN_gal,perc_50_SN_gal,perc_80_SN_gal,flag_image,flag_bck,flag_object,flag_statmorph,index
740r,116.49259095334973,29.715372648536825,5000.0,0.0239,nan,3.1280767707721475,6.131112060459086,11.160498356034571,723.55692036752,787.0627073081666,13.464799240266446,26.221586463585005,7.4832234705067835,10.042291893927867,0.6391451133571122,-1.5194356952555248,0.2567372479297845,0.09455210058302316,0.6812878251075745,2.7620309232377727,0.020630368842879682,0.01399659301349906,0.05305466237942122,0.016322364529686637,0.16199670566084726,0.0677343514244201,0.3136285595841596,1.45823492969712,10.02280532813259,1.461177468631759,320.4975992995834,320.18654058361597,0.5959725873366538,2.24178296339428,0.0,0.0,0.27,0.34629548650952463,1.7052728,30.0,22.5,0.2,1.5,2.5,5.0,1.0,5.0,5.0,5.0,masking_sources,2.0,5.0,11.0,1.0,3.0,10.0,-0.5,0.5,0.2,5.0,0.5,10.0,0.0,0.0,10.0,Edge-on,3975.0,31.3,126.9,0.0,3.0,0.03679,0.0035500000230968,10.4,0.0,3.0,50.0,4.3,10.4,44.0,0.0,0.0,0.0,0.0,740
