GAL,ra,dec,radvel,z,mag,r20,r50,r80,flux_c,flux_e,rpetro_c,rpetro_e,rhalf_c,rhalf_e,Gini,M20,F(G_M20),S(G_M20),SN_per_pixel,C,A,S,M,I,D,Ao,As,Ser_A,Ser_R,Ser_n,Ser_xc,Ser_yc,Ser_ellip,Ser_theta,flag_morph,flag_sersic,ima_sc_pix2arc,ima_sc_arc2kpc,psf_arcsec,size_image_phy_kpc,zp_ima,eta,petro_extent_cas,snr,area_min,debleding,area_min_deblend,skybox_x,skybox_y,sky_method,nsigma,npixels,dilate_size,mask_stars,fwhm,threshold,roundlo,roundhi,sharplo,aper_stars,aper_fact,aper_center,aper_ellip,aper_pa,dr,View,area_segmap_pix,area_psf_pix,ratio_segmap_psf,flag_area,flag_area_th,SN_gal,bck,ratio_SN_gal,flag_SN,flag_SN_th,perc_SN_flag,perc_20_SN_gal,perc_50_SN_gal,perc_80_SN_gal,flag_image,flag_bck,flag_object,flag_statmorph,index
367r,132.98199777454636,3.116563832903538,5000.0,0.0273,nan,6.458350609323448,12.196805481166354,19.245485723467485,147.95952898694918,147.74124403283932,24.64531284876144,28.852977132370892,12.793825629690469,14.891596668338972,0.42472747044718984,-1.5417460644929568,-0.7891689985927917,-0.12082250722180307,0.26219820976257324,2.3710362911738576,0.028186484494521765,0.02640732271716593,0.0,0.0,0.013143982098400148,0.05155245004913176,0.16016850458040574,0.12039183420200146,14.41634453886466,0.5759574396402015,319.7725828977377,319.7213320487865,0.40968870058076073,0.048133836924658925,0.0,0.0,0.27,0.34629548650952463,1.4138633,30.0,22.5,0.2,1.5,2.5,5.0,1.0,5.0,5.0,5.0,masking_sources,2.0,5.0,11.0,1.0,3.0,10.0,-0.5,0.5,0.2,5.0,0.5,10.0,0.0,0.0,10.0,Face-on,2766.0,21.5,128.4,0.0,3.0,0.02426,0.0016599999507889152,14.6,0.0,3.0,50.0,5.1,14.6,52.4,0.0,0.0,0.0,0.0,367
