GAL,ra,dec,radvel,z,mag,r20,r50,r80,flux_c,flux_e,rpetro_c,rpetro_e,rhalf_c,rhalf_e,Gini,M20,F(G_M20),S(G_M20),SN_per_pixel,C,A,S,M,I,D,Ao,As,Ser_A,Ser_R,Ser_n,Ser_xc,Ser_yc,Ser_ellip,Ser_theta,flag_morph,flag_sersic,ima_sc_pix2arc,ima_sc_arc2kpc,psf_arcsec,size_image_phy_kpc,zp_ima,eta,petro_extent_cas,snr,area_min,debleding,area_min_deblend,skybox_x,skybox_y,sky_method,nsigma,npixels,dilate_size,mask_stars,fwhm,threshold,roundlo,roundhi,sharplo,aper_stars,aper_fact,aper_center,aper_ellip,aper_pa,dr,View,area_segmap_pix,area_psf_pix,ratio_segmap_psf,flag_area,flag_area_th,SN_gal,bck,ratio_SN_gal,flag_SN,flag_SN_th,perc_SN_flag,perc_20_SN_gal,perc_50_SN_gal,perc_80_SN_gal,flag_image,flag_bck,flag_object,flag_statmorph,index
522r,191.81973824956543,-2.048138384106219,5000.0,0.075,nan,6.423829976594467,12.490818852612497,20.411244452465027,97.25832510063299,93.4739087896374,26.84612185328503,30.42941088823908,12.468682857300395,14.119520474576069,0.4639167610979202,-1.7373618012249141,-0.45962030431642953,-0.10921569688332214,0.17816703021526337,2.5103772316075696,0.037569334033360116,0.02421457008832048,0.0033222591362126247,0.012734527453485639,0.05276200719520016,0.02482733999483508,0.17415755020099294,0.07257403178594662,12.654598225811103,0.5208582621231496,319.1411281660065,318.82310523300066,0.2216862480562993,0.8015444428828206,1.0,0.0,0.27,0.34629548650952463,1.7616414,30.0,22.5,0.2,1.5,2.5,5.0,1.0,5.0,5.0,5.0,masking_sources,2.0,5.0,11.0,1.0,3.0,10.0,-0.5,0.5,0.2,5.0,0.5,10.0,0.0,0.0,10.0,Face-on,1870.0,33.4,55.9,0.0,3.0,0.03016,0.004100000020116568,7.4,0.0,3.0,50.0,4.1,7.4,16.6,0.0,0.0,0.0,0.0,522
