GAL,ra,dec,radvel,z,mag,r20,r50,r80,flux_c,flux_e,rpetro_c,rpetro_e,rhalf_c,rhalf_e,Gini,M20,F(G_M20),S(G_M20),SN_per_pixel,C,A,S,M,I,D,Ao,As,Ser_A,Ser_R,Ser_n,Ser_xc,Ser_yc,Ser_ellip,Ser_theta,flag_morph,flag_sersic,ima_sc_pix2arc,ima_sc_arc2kpc,psf_arcsec,size_image_phy_kpc,zp_ima,eta,petro_extent_cas,snr,area_min,debleding,area_min_deblend,skybox_x,skybox_y,sky_method,nsigma,npixels,dilate_size,mask_stars,fwhm,threshold,roundlo,roundhi,sharplo,aper_stars,aper_fact,aper_center,aper_ellip,aper_pa,dr,View,area_segmap_pix,area_psf_pix,ratio_segmap_psf,flag_area,flag_area_th,SN_gal,bck,ratio_SN_gal,flag_SN,flag_SN_th,perc_SN_flag,perc_20_SN_gal,perc_50_SN_gal,perc_80_SN_gal,flag_image,flag_bck,flag_object,flag_statmorph,index
698r,211.02062022945455,-1.6906540685778497,5000.0,0.0541,nan,2.049423255249167,4.053233392710158,7.49373286838203,116.08939699892622,115.87874980294009,9.251723663088292,9.742662290443452,4.746053751040614,5.105439077857749,0.5165413082135265,-1.7287347571716651,-0.20510733762307964,-0.055918236115470255,0.5446142554283142,2.815332738300974,0.022168397326143806,0.09373756634488048,0.0,0.0,0.025769817548598778,0.018667748237752663,0.26351712410826345,0.5579799358099818,4.020198860461765,3.10644313780272,320.24977849325506,320.1124856274561,0.323039332448708,2.313184503795498,0.0,0.0,0.27,0.34629548650952463,1.3230357,30.0,22.5,0.2,1.5,2.5,5.0,1.0,5.0,5.0,5.0,masking_sources,2.0,5.0,11.0,1.0,3.0,10.0,-0.5,0.5,0.2,5.0,0.5,10.0,0.0,0.0,10.0,Face-on,1935.0,18.9,102.6,0.0,3.0,0.01202,0.0018700000364333391,6.4,0.0,3.0,50.0,3.9,6.4,21.1,0.0,0.0,0.0,0.0,698
