GAL,ra,dec,radvel,z,mag,r20,r50,r80,flux_c,flux_e,rpetro_c,rpetro_e,rhalf_c,rhalf_e,Gini,M20,F(G_M20),S(G_M20),SN_per_pixel,C,A,S,M,I,D,Ao,As,Ser_A,Ser_R,Ser_n,Ser_xc,Ser_yc,Ser_ellip,Ser_theta,flag_morph,flag_sersic,ima_sc_pix2arc,ima_sc_arc2kpc,psf_arcsec,size_image_phy_kpc,zp_ima,eta,petro_extent_cas,snr,area_min,debleding,area_min_deblend,skybox_x,skybox_y,sky_method,nsigma,npixels,dilate_size,mask_stars,fwhm,threshold,roundlo,roundhi,sharplo,aper_stars,aper_fact,aper_center,aper_ellip,aper_pa,dr,View,area_segmap_pix,area_psf_pix,ratio_segmap_psf,flag_area,flag_area_th,SN_gal,bck,ratio_SN_gal,flag_SN,flag_SN_th,perc_SN_flag,perc_20_SN_gal,perc_50_SN_gal,perc_80_SN_gal,flag_image,flag_bck,flag_object,flag_statmorph,index
938r,190.37051037501197,2.1712870514966984,5000.0,0.0847,nan,2.3781636427689143,5.48991619299404,11.525640140418364,185.33572480142354,183.59488185682554,14.121619685606422,15.779202029799293,6.800376979848728,7.782941645196859,0.5591405347061085,-1.9980116465211362,0.1923677178343839,-0.05117448950739051,0.457160621881485,3.4271166016504657,0.028977208117141155,0.0012228565606129693,0.0,0.0,0.023110588718378528,0.05901724686755424,0.19522675443543305,0.3095616649500072,7.932326155393866,2.2869225023496083,319.9797077535824,319.9784999558982,0.4520614609201796,1.016835374242749,0.0,0.0,0.27,0.34629548650952463,1.0480282,30.0,22.5,0.2,1.5,2.5,5.0,1.0,5.0,5.0,5.0,masking_sources,2.0,5.0,11.0,1.0,3.0,10.0,-0.5,0.5,0.2,5.0,0.5,10.0,0.0,0.0,10.0,Face-on,4611.0,11.8,389.7,0.0,3.0,0.00815,0.001069999998435378,7.6,0.0,3.0,50.0,4.3,7.6,23.9,0.0,0.0,0.0,0.0,938
