GAL,ra,dec,radvel,z,mag,r20,r50,r80,flux_c,flux_e,rpetro_c,rpetro_e,rhalf_c,rhalf_e,Gini,M20,F(G_M20),S(G_M20),SN_per_pixel,C,A,S,M,I,D,Ao,As,Ser_A,Ser_R,Ser_n,Ser_xc,Ser_yc,Ser_ellip,Ser_theta,flag_morph,flag_sersic,ima_sc_pix2arc,ima_sc_arc2kpc,psf_arcsec,size_image_phy_kpc,zp_ima,eta,petro_extent_cas,snr,area_min,debleding,area_min_deblend,skybox_x,skybox_y,sky_method,nsigma,npixels,dilate_size,mask_stars,fwhm,threshold,roundlo,roundhi,sharplo,aper_stars,aper_fact,aper_center,aper_ellip,aper_pa,dr,View,area_segmap_pix,area_psf_pix,ratio_segmap_psf,flag_area,flag_area_th,SN_gal,bck,ratio_SN_gal,flag_SN,flag_SN_th,perc_SN_flag,perc_20_SN_gal,perc_50_SN_gal,perc_80_SN_gal,flag_image,flag_bck,flag_object,flag_statmorph,index
714r,187.61891472830007,-3.5815670195545333,5000.0,0.0712,nan,2.0454909732043354,3.945304730680984,7.014815198285324,107.32798532923889,107.45459293605171,8.810178671923882,10.665994308965306,4.170242493986106,5.052525772313491,0.492617891283084,-1.7101722250731577,-0.33639208617303584,-0.07702222691491584,0.5685190558433533,2.6760933348079696,0.02429761347262263,0.09856948588632618,0.0,0.0,0.0288451596565226,0.016445261083590623,0.23341883583363998,1.0544651782383911,3.6162661648245917,1.5665144336431909,319.951317933712,320.2021526060911,0.4890559395173838,2.4347437384576907,0.0,0.0,0.27,0.34629548650952463,1.4815904,30.0,22.5,0.2,1.5,2.5,5.0,1.0,5.0,5.0,5.0,masking_sources,2.0,5.0,11.0,1.0,3.0,10.0,-0.5,0.5,0.2,5.0,0.5,10.0,0.0,0.0,10.0,Face-on,681.0,23.6,28.8,0.0,3.0,0.03837,0.0037299999967217445,10.3,0.0,3.0,50.0,4.5,10.3,49.2,0.0,0.0,0.0,0.0,714
