GAL,ra,dec,radvel,z,mag,r20,r50,r80,flux_c,flux_e,rpetro_c,rpetro_e,rhalf_c,rhalf_e,Gini,M20,F(G_M20),S(G_M20),SN_per_pixel,C,A,S,M,I,D,Ao,As,Ser_A,Ser_R,Ser_n,Ser_xc,Ser_yc,Ser_ellip,Ser_theta,flag_morph,flag_sersic,ima_sc_pix2arc,ima_sc_arc2kpc,psf_arcsec,size_image_phy_kpc,zp_ima,eta,petro_extent_cas,snr,area_min,debleding,area_min_deblend,skybox_x,skybox_y,sky_method,nsigma,npixels,dilate_size,mask_stars,fwhm,threshold,roundlo,roundhi,sharplo,aper_stars,aper_fact,aper_center,aper_ellip,aper_pa,dr,View,area_segmap_pix,area_psf_pix,ratio_segmap_psf,flag_area,flag_area_th,SN_gal,bck,ratio_SN_gal,flag_SN,flag_SN_th,perc_SN_flag,perc_20_SN_gal,perc_50_SN_gal,perc_80_SN_gal,flag_image,flag_bck,flag_object,flag_statmorph,index
392r,184.90180155375947,8.96456815254409,5000.0,0.0658,nan,2.3096595060052456,4.470825086137483,7.896929207475403,80.08714512927335,80.14167557600456,9.88658162993484,11.631156562805764,4.830699930539601,5.777116591306441,0.48577910142303665,-1.6935444091333292,-0.38176717242657165,-0.08148136246072654,0.4436139762401581,2.6695514230092754,0.030713024245586695,0.058960307461195155,0.0,0.0,0.040016652684539904,0.019976515029535357,0.3027722815808697,0.4741228187666711,4.4883771766412295,1.579761966769713,320.21019062231625,319.7146339257956,0.4336822095558153,1.184602925928393,0.0,0.0,0.27,0.34629548650952463,1.3954902,30.0,22.5,0.2,1.5,2.5,5.0,1.0,5.0,5.0,5.0,masking_sources,2.0,5.0,11.0,1.0,3.0,10.0,-0.5,0.5,0.2,5.0,0.5,10.0,0.0,0.0,10.0,Face-on,960.0,21.0,45.8,0.0,3.0,0.02034,0.002090000081807375,9.7,0.0,3.0,50.0,4.0,9.7,43.0,0.0,0.0,0.0,0.0,392
