GAL,ra,dec,radvel,z,mag,r20,r50,r80,flux_c,flux_e,rpetro_c,rpetro_e,rhalf_c,rhalf_e,Gini,M20,F(G_M20),S(G_M20),SN_per_pixel,C,A,S,M,I,D,Ao,As,Ser_A,Ser_R,Ser_n,Ser_xc,Ser_yc,Ser_ellip,Ser_theta,flag_morph,flag_sersic,ima_sc_pix2arc,ima_sc_arc2kpc,psf_arcsec,size_image_phy_kpc,zp_ima,eta,petro_extent_cas,snr,area_min,debleding,area_min_deblend,skybox_x,skybox_y,sky_method,nsigma,npixels,dilate_size,mask_stars,fwhm,threshold,roundlo,roundhi,sharplo,aper_stars,aper_fact,aper_center,aper_ellip,aper_pa,dr,View,area_segmap_pix,area_psf_pix,ratio_segmap_psf,flag_area,flag_area_th,SN_gal,bck,ratio_SN_gal,flag_SN,flag_SN_th,perc_SN_flag,perc_20_SN_gal,perc_50_SN_gal,perc_80_SN_gal,flag_image,flag_bck,flag_object,flag_statmorph,index
155r,18.944482556292872,0.5451711710674724,5000.0,0.0404,nan,3.1845594989362227,5.897351487641513,9.828411811603914,79.3838196686801,79.21088785145889,12.366330252205374,13.976735050937828,6.133189989583352,6.95782201937272,0.46405549713579153,-1.5962228100474372,-0.5567428818149578,-0.08946002843216017,0.35693860054016113,2.447169888552845,0.08346384993092633,0.009152384421075882,0.0,0.0,0.03846466438199328,0.07491099010209035,0.23414613558088024,0.25396730040759086,6.340171890952612,0.841195419789384,319.6059339343116,320.1724009005708,0.3342616905183209,2.636227922069931,0.0,0.0,0.27,0.34629548650952463,1.2511276,30.0,22.5,0.2,1.5,2.5,5.0,1.0,5.0,5.0,5.0,masking_sources,2.0,5.0,11.0,1.0,3.0,10.0,-0.5,0.5,0.2,5.0,0.5,10.0,0.0,0.0,10.0,Face-on,1070.0,16.9,63.4,0.0,3.0,0.0212,0.0021299999207258224,10.0,0.0,3.0,50.0,4.2,10.0,46.9,0.0,0.0,0.0,0.0,155
