GAL,ra,dec,radvel,z,mag,r20,r50,r80,flux_c,flux_e,rpetro_c,rpetro_e,rhalf_c,rhalf_e,Gini,M20,F(G_M20),S(G_M20),SN_per_pixel,C,A,S,M,I,D,Ao,As,Ser_A,Ser_R,Ser_n,Ser_xc,Ser_yc,Ser_ellip,Ser_theta,flag_morph,flag_sersic,ima_sc_pix2arc,ima_sc_arc2kpc,psf_arcsec,size_image_phy_kpc,zp_ima,eta,petro_extent_cas,snr,area_min,debleding,area_min_deblend,skybox_x,skybox_y,sky_method,nsigma,npixels,dilate_size,mask_stars,fwhm,threshold,roundlo,roundhi,sharplo,aper_stars,aper_fact,aper_center,aper_ellip,aper_pa,dr,View,area_segmap_pix,area_psf_pix,ratio_segmap_psf,flag_area,flag_area_th,SN_gal,bck,ratio_SN_gal,flag_SN,flag_SN_th,perc_SN_flag,perc_20_SN_gal,perc_50_SN_gal,perc_80_SN_gal,flag_image,flag_bck,flag_object,flag_statmorph,index
990r,170.57841998460006,6.684332451537287,5000.0,0.0986,nan,6.138709351798047,12.948079695434833,20.384481464583374,261.19924878414605,261.55505511539843,25.76035076714836,31.148009491313264,13.036635515039231,15.73460270459202,0.4265855390340807,-1.8366018745672248,-0.5756364827062139,-0.15996797692110437,0.32193896174430847,2.6061129851830374,0.09717231590170386,0.02295579893643845,0.04096385542168675,0.11641624567561269,0.02070693957894068,0.13119511360482253,0.17536060208020068,0.18277040788593218,15.242561639751207,0.44230479307736326,320.19458029057574,319.866260499891,0.3539705260661327,0.6773486785826203,0.0,0.0,0.27,0.34629548650952463,1.2673768,30.0,22.5,0.2,1.5,2.5,5.0,1.0,5.0,5.0,5.0,masking_sources,2.0,5.0,11.0,1.0,3.0,10.0,-0.5,0.5,0.2,5.0,0.5,10.0,0.0,0.0,10.0,Face-on,2514.0,17.3,145.3,0.0,3.0,0.06997,0.004290000069886446,16.3,0.0,3.0,50.0,5.5,16.3,35.7,0.0,0.0,0.0,0.0,990
