GAL,ra,dec,radvel,z,mag,r20,r50,r80,flux_c,flux_e,rpetro_c,rpetro_e,rhalf_c,rhalf_e,Gini,M20,F(G_M20),S(G_M20),SN_per_pixel,C,A,S,M,I,D,Ao,As,Ser_A,Ser_R,Ser_n,Ser_xc,Ser_yc,Ser_ellip,Ser_theta,flag_morph,flag_sersic,ima_sc_pix2arc,ima_sc_arc2kpc,psf_arcsec,size_image_phy_kpc,zp_ima,eta,petro_extent_cas,snr,area_min,debleding,area_min_deblend,skybox_x,skybox_y,sky_method,nsigma,npixels,dilate_size,mask_stars,fwhm,threshold,roundlo,roundhi,sharplo,aper_stars,aper_fact,aper_center,aper_ellip,aper_pa,dr,View,area_segmap_pix,area_psf_pix,ratio_segmap_psf,flag_area,flag_area_th,SN_gal,bck,ratio_SN_gal,flag_SN,flag_SN_th,perc_SN_flag,perc_20_SN_gal,perc_50_SN_gal,perc_80_SN_gal,flag_image,flag_bck,flag_object,flag_statmorph,index
168r,177.50214407426466,6.1628556567215975,5000.0,0.0199,nan,6.004858283901639,12.443403393887726,21.759965990991308,118.0619198358532,118.27847823170585,27.557790706830524,43.48912876927493,12.864854303047014,19.891825192950918,0.5556122238018065,-1.2976280096261519,-0.31046328151013425,0.04268580822575335,0.23505137860774994,2.7957772492747166,0.04871194784357112,0.035327553364076614,0.1282051282051282,0.7801580836998921,0.2799879470951351,0.06548921936868958,0.16830797047306945,0.14323856899221798,22.547933418308965,0.4928995598139395,318.10843182310373,319.56942320737255,0.8069996754664777,0.354865329719346,0.0,0.0,0.27,0.34629548650952463,1.4283539,30.0,22.5,0.2,1.5,2.5,5.0,1.0,5.0,5.0,5.0,masking_sources,2.0,5.0,11.0,1.0,3.0,10.0,-0.5,0.5,0.2,5.0,0.5,10.0,0.0,0.0,10.0,Edge-on,1410.0,22.0,64.1,0.0,3.0,0.05075,0.005160000175237656,9.8,0.0,3.0,50.0,4.5,9.8,26.2,0.0,0.0,0.0,0.0,168
