GAL,ra,dec,radvel,z,mag,r20,r50,r80,flux_c,flux_e,rpetro_c,rpetro_e,rhalf_c,rhalf_e,Gini,M20,F(G_M20),S(G_M20),SN_per_pixel,C,A,S,M,I,D,Ao,As,Ser_A,Ser_R,Ser_n,Ser_xc,Ser_yc,Ser_ellip,Ser_theta,flag_morph,flag_sersic,ima_sc_pix2arc,ima_sc_arc2kpc,psf_arcsec,size_image_phy_kpc,zp_ima,eta,petro_extent_cas,snr,area_min,debleding,area_min_deblend,skybox_x,skybox_y,sky_method,nsigma,npixels,dilate_size,mask_stars,fwhm,threshold,roundlo,roundhi,sharplo,aper_stars,aper_fact,aper_center,aper_ellip,aper_pa,dr,View,area_segmap_pix,area_psf_pix,ratio_segmap_psf,flag_area,flag_area_th,SN_gal,bck,ratio_SN_gal,flag_SN,flag_SN_th,perc_SN_flag,perc_20_SN_gal,perc_50_SN_gal,perc_80_SN_gal,flag_image,flag_bck,flag_object,flag_statmorph,index
621r,341.20202654480033,-9.74272177923611,5000.0,0.0694,nan,3.6166797100742176,7.558449067243453,13.642152644245034,80.94782711325894,81.0990700181004,17.37155739000148,24.61697721715783,7.888655293974878,11.922576181472717,0.49430916447833867,-1.6031292473273153,-0.4022010674343939,-0.06046889254494159,0.2957635521888733,2.8828642744013653,0.1552259240544138,0.04129724026636699,0.009009009009009009,0.0,0.11511045380767097,0.16384069262715606,0.20321764621113303,0.22749722588074475,10.760683236252412,0.7377280246137535,320.0379670715079,318.5699568516393,0.731119406171595,1.6617840977082776,0.0,0.0,0.27,0.34629548650952463,1.3666663,30.0,22.5,0.2,1.5,2.5,5.0,1.0,5.0,5.0,5.0,masking_sources,2.0,5.0,11.0,1.0,3.0,10.0,-0.5,0.5,0.2,5.0,0.5,10.0,0.0,0.0,10.0,Edge-on,965.0,20.1,48.0,0.0,3.0,0.0356,0.004209999926388264,8.5,0.0,3.0,50.0,4.0,8.5,28.9,0.0,0.0,0.0,0.0,621
