GAL,ra,dec,radvel,z,mag,r20,r50,r80,flux_c,flux_e,rpetro_c,rpetro_e,rhalf_c,rhalf_e,Gini,M20,F(G_M20),S(G_M20),SN_per_pixel,C,A,S,M,I,D,Ao,As,Ser_A,Ser_R,Ser_n,Ser_xc,Ser_yc,Ser_ellip,Ser_theta,flag_morph,flag_sersic,ima_sc_pix2arc,ima_sc_arc2kpc,psf_arcsec,size_image_phy_kpc,zp_ima,eta,petro_extent_cas,snr,area_min,debleding,area_min_deblend,skybox_x,skybox_y,sky_method,nsigma,npixels,dilate_size,mask_stars,fwhm,threshold,roundlo,roundhi,sharplo,aper_stars,aper_fact,aper_center,aper_ellip,aper_pa,dr,View,area_segmap_pix,area_psf_pix,ratio_segmap_psf,flag_area,flag_area_th,SN_gal,bck,ratio_SN_gal,flag_SN,flag_SN_th,perc_SN_flag,perc_20_SN_gal,perc_50_SN_gal,perc_80_SN_gal,flag_image,flag_bck,flag_object,flag_statmorph,index
214r,149.67384080439848,5.264143266168652,5000.0,0.0134,nan,17.37595702897703,36.74010321856918,70.78549516019099,539.6482419766869,512.5246670109444,91.28191145966734,120.79700606918567,37.02629914270311,59.80908428354544,0.5463223799673258,-1.554109525684614,-0.17870631786230007,-0.0021620679025087797,0.16978460550308228,3.0499777025119594,0.12882453932647941,0.05641390997837053,0.1167979002624672,0.2725190379844993,0.11254529353443533,0.12814132750990928,0.13835478273577512,0.07619821329211238,51.40870400753743,0.5377690394297288,322.6074307736465,316.9305359917133,0.7335765394063468,2.4493732540810798,0.0,0.0,0.27,0.34629548650952463,1.305785,30.0,22.5,0.2,1.5,2.5,5.0,1.0,5.0,5.0,5.0,masking_sources,2.0,5.0,11.0,1.0,3.0,10.0,-0.5,0.5,0.2,5.0,0.5,10.0,0.0,0.0,10.0,Edge-on,13913.0,18.4,757.4,0.0,3.0,0.02086,0.0015300000086426735,13.6,0.0,3.0,50.0,5.2,13.6,36.7,0.0,0.0,0.0,0.0,214
