GAL,ra,dec,radvel,z,mag,r20,r50,r80,flux_c,flux_e,rpetro_c,rpetro_e,rhalf_c,rhalf_e,Gini,M20,F(G_M20),S(G_M20),SN_per_pixel,C,A,S,M,I,D,Ao,As,Ser_A,Ser_R,Ser_n,Ser_xc,Ser_yc,Ser_ellip,Ser_theta,flag_morph,flag_sersic,ima_sc_pix2arc,ima_sc_arc2kpc,psf_arcsec,size_image_phy_kpc,zp_ima,eta,petro_extent_cas,snr,area_min,debleding,area_min_deblend,skybox_x,skybox_y,sky_method,nsigma,npixels,dilate_size,mask_stars,fwhm,threshold,roundlo,roundhi,sharplo,aper_stars,aper_fact,aper_center,aper_ellip,aper_pa,dr,View,area_segmap_pix,area_psf_pix,ratio_segmap_psf,flag_area,flag_area_th,SN_gal,bck,ratio_SN_gal,flag_SN,flag_SN_th,perc_SN_flag,perc_20_SN_gal,perc_50_SN_gal,perc_80_SN_gal,flag_image,flag_bck,flag_object,flag_statmorph,index
417r,187.54694128196138,12.038108544165793,5000.0,0.0565,nan,4.238990193110298,8.779355660072268,16.67626320256317,148.60992922906013,148.57531411698642,21.054469795667785,21.78883263819467,9.053642589566282,9.552052288954318,0.5892768747162539,-1.8195261871929076,0.21785217757014141,0.0034699659492772317,0.2924659550189972,2.9741816458814494,0.09524006066731314,0.02915693683007165,0.020484171322160148,0.024457627534973155,0.05233137295674372,0.08960264069264733,0.3543092267001304,0.1929703902163605,9.104271604963225,0.8362541726526838,319.4800647869272,320.44386891472607,0.08986843019108462,2.6172326260199728,2.0,0.0,0.27,0.34629548650952463,1.3320462,30.0,22.5,0.2,1.5,2.5,5.0,1.0,5.0,5.0,5.0,masking_sources,2.0,5.0,11.0,1.0,3.0,10.0,-0.5,0.5,0.2,5.0,0.5,10.0,0.0,0.0,10.0,Face-on,2631.0,19.1,137.6,0.0,3.0,0.01689,0.0016899999463930726,10.0,0.0,3.0,50.0,4.8,10.0,40.0,0.0,0.0,0.0,0.0,417
