GAL,ra,dec,radvel,z,mag,r20,r50,r80,flux_c,flux_e,rpetro_c,rpetro_e,rhalf_c,rhalf_e,Gini,M20,F(G_M20),S(G_M20),SN_per_pixel,C,A,S,M,I,D,Ao,As,Ser_A,Ser_R,Ser_n,Ser_xc,Ser_yc,Ser_ellip,Ser_theta,flag_morph,flag_sersic,ima_sc_pix2arc,ima_sc_arc2kpc,psf_arcsec,size_image_phy_kpc,zp_ima,eta,petro_extent_cas,snr,area_min,debleding,area_min_deblend,skybox_x,skybox_y,sky_method,nsigma,npixels,dilate_size,mask_stars,fwhm,threshold,roundlo,roundhi,sharplo,aper_stars,aper_fact,aper_center,aper_ellip,aper_pa,dr,View,area_segmap_pix,area_psf_pix,ratio_segmap_psf,flag_area,flag_area_th,SN_gal,bck,ratio_SN_gal,flag_SN,flag_SN_th,perc_SN_flag,perc_20_SN_gal,perc_50_SN_gal,perc_80_SN_gal,flag_image,flag_bck,flag_object,flag_statmorph,index
868r,144.5676193925198,8.33001164990327,5000.0,0.1279,nan,6.290895577638652,14.623659448839659,26.835249802032454,122.69211640719215,122.5984731891956,34.62979295145753,38.03300980306166,14.650543031556483,15.984013010975184,0.5366146279584503,-1.9828484824518646,0.07035640673347121,-0.0713674573819435,0.14995917677879333,3.149965829827026,0.04879548536256639,0.004858293070823316,0.014588859416445624,0.013996537690822224,0.02938938054081248,0.06763412717404232,0.27577139143195484,0.06534016471265318,12.790249272612721,0.9310271959065064,319.9746368362161,320.3644253771554,0.17971458313398694,2.8320327628108424,1.0,0.0,0.27,0.34629548650952463,1.7218621,30.0,22.5,0.2,1.5,2.5,5.0,1.0,5.0,5.0,5.0,masking_sources,2.0,5.0,11.0,1.0,3.0,10.0,-0.5,0.5,0.2,5.0,0.5,10.0,0.0,0.0,10.0,Face-on,2483.0,31.9,77.7,0.0,3.0,0.02569,0.004189999774098396,6.1,0.0,3.0,50.0,3.8,6.1,12.8,0.0,0.0,0.0,0.0,868
