GAL,ra,dec,radvel,z,mag,r20,r50,r80,flux_c,flux_e,rpetro_c,rpetro_e,rhalf_c,rhalf_e,Gini,M20,F(G_M20),S(G_M20),SN_per_pixel,C,A,S,M,I,D,Ao,As,Ser_A,Ser_R,Ser_n,Ser_xc,Ser_yc,Ser_ellip,Ser_theta,flag_morph,flag_sersic,ima_sc_pix2arc,ima_sc_arc2kpc,psf_arcsec,size_image_phy_kpc,zp_ima,eta,petro_extent_cas,snr,area_min,debleding,area_min_deblend,skybox_x,skybox_y,sky_method,nsigma,npixels,dilate_size,mask_stars,fwhm,threshold,roundlo,roundhi,sharplo,aper_stars,aper_fact,aper_center,aper_ellip,aper_pa,dr,View,area_segmap_pix,area_psf_pix,ratio_segmap_psf,flag_area,flag_area_th,SN_gal,bck,ratio_SN_gal,flag_SN,flag_SN_th,perc_SN_flag,perc_20_SN_gal,perc_50_SN_gal,perc_80_SN_gal,flag_image,flag_bck,flag_object,flag_statmorph,index
694r,190.76227998020562,1.634323056024671,5000.0,0.0925,nan,4.5891284579282905,8.716210227363455,13.537859196927142,101.7236667660842,101.7386503303022,17.271395119790885,18.01204494472009,8.772616190877464,9.189249655648148,0.41186336536240437,-1.6729932938270562,-0.7618919888339484,-0.1518013361331805,0.2961689233779907,2.349098891385304,0.1593846670109923,0.034140253372461404,0.0,0.0,0.037527836556344236,0.22755272394459053,0.13713509295466633,0.15173996793695363,8.675532465865453,0.5425805134054108,320.27591164082986,320.5714669967334,0.08501064800820682,2.220917380404933,0.0,0.0,0.27,0.34629548650952463,1.1115367,30.0,22.5,0.2,1.5,2.5,5.0,1.0,5.0,5.0,5.0,masking_sources,2.0,5.0,11.0,1.0,3.0,10.0,-0.5,0.5,0.2,5.0,0.5,10.0,0.0,0.0,10.0,Face-on,1724.0,13.3,129.5,0.0,3.0,0.02347,0.0010400000028312206,22.5,0.0,3.0,50.0,5.7,22.5,98.2,0.0,0.0,0.0,0.0,694
