GAL,ra,dec,radvel,z,mag,r20,r50,r80,flux_c,flux_e,rpetro_c,rpetro_e,rhalf_c,rhalf_e,Gini,M20,F(G_M20),S(G_M20),SN_per_pixel,C,A,S,M,I,D,Ao,As,Ser_A,Ser_R,Ser_n,Ser_xc,Ser_yc,Ser_ellip,Ser_theta,flag_morph,flag_sersic,ima_sc_pix2arc,ima_sc_arc2kpc,psf_arcsec,size_image_phy_kpc,zp_ima,eta,petro_extent_cas,snr,area_min,debleding,area_min_deblend,skybox_x,skybox_y,sky_method,nsigma,npixels,dilate_size,mask_stars,fwhm,threshold,roundlo,roundhi,sharplo,aper_stars,aper_fact,aper_center,aper_ellip,aper_pa,dr,View,area_segmap_pix,area_psf_pix,ratio_segmap_psf,flag_area,flag_area_th,SN_gal,bck,ratio_SN_gal,flag_SN,flag_SN_th,perc_SN_flag,perc_20_SN_gal,perc_50_SN_gal,perc_80_SN_gal,flag_image,flag_bck,flag_object,flag_statmorph,index
729r,181.86326613818974,2.496024443017023,5000.0,0.1081,nan,3.897555988297758,7.746565268396369,13.55786461843361,76.72136436280226,76.47509874640082,17.646476222304702,21.468943860726675,7.954813353827714,10.370602936057317,0.46147584315398066,-1.8010010604060762,-0.427600841526385,-0.1204780626740038,0.2654363512992859,2.706994652139005,0.15277160420333077,0.03169169982053324,0.001488095238095238,0.0,0.0087005278201674,0.29278789104139863,0.35767209496658636,0.1442180895897286,9.24630029837436,0.7069024955910755,320.2153129968082,320.0826802280733,0.44304646150467647,1.2651908882202056,0.0,0.0,0.27,0.34629548650952463,1.1259451,30.0,22.5,0.2,1.5,2.5,5.0,1.0,5.0,5.0,5.0,masking_sources,2.0,5.0,11.0,1.0,3.0,10.0,-0.5,0.5,0.2,5.0,0.5,10.0,0.0,0.0,10.0,Face-on,1179.0,13.7,86.3,0.0,3.0,0.03384,0.0024900001008063555,13.6,0.0,3.0,50.0,5.0,13.6,37.8,0.0,0.0,0.0,0.0,729
