GAL,ra,dec,radvel,z,mag,r20,r50,r80,flux_c,flux_e,rpetro_c,rpetro_e,rhalf_c,rhalf_e,Gini,M20,F(G_M20),S(G_M20),SN_per_pixel,C,A,S,M,I,D,Ao,As,Ser_A,Ser_R,Ser_n,Ser_xc,Ser_yc,Ser_ellip,Ser_theta,flag_morph,flag_sersic,ima_sc_pix2arc,ima_sc_arc2kpc,psf_arcsec,size_image_phy_kpc,zp_ima,eta,petro_extent_cas,snr,area_min,debleding,area_min_deblend,skybox_x,skybox_y,sky_method,nsigma,npixels,dilate_size,mask_stars,fwhm,threshold,roundlo,roundhi,sharplo,aper_stars,aper_fact,aper_center,aper_ellip,aper_pa,dr,View,area_segmap_pix,area_psf_pix,ratio_segmap_psf,flag_area,flag_area_th,SN_gal,bck,ratio_SN_gal,flag_SN,flag_SN_th,perc_SN_flag,perc_20_SN_gal,perc_50_SN_gal,perc_80_SN_gal,flag_image,flag_bck,flag_object,flag_statmorph,index
870r,143.7975287727961,0.6821061248569358,5000.0,0.088,nan,2.9599228861411127,6.640485936513192,13.471949811963835,139.51150894708854,139.9091163737362,16.515131531690564,18.309845567284697,7.819962046369045,8.607270206587938,0.5537127285481398,-1.9683072611145218,0.14491493826565538,-0.05241910803226019,0.3168593943119049,3.2907502978451597,0.011427682191662883,0.02886843137727952,0.0,0.0,0.0041137826446043585,0.028716276806437943,0.18440339524221042,0.1912138690600704,7.454527882572759,1.8881636278611211,319.99585634569456,319.9954514257524,0.19036686473789735,0.6080571816702646,0.0,0.0,0.27,0.34629548650952463,1.3150235,30.0,22.5,0.2,1.5,2.5,5.0,1.0,5.0,5.0,5.0,masking_sources,2.0,5.0,11.0,1.0,3.0,10.0,-0.5,0.5,0.2,5.0,0.5,10.0,0.0,0.0,10.0,Face-on,3313.0,18.6,177.8,0.0,3.0,0.01123,0.0015200000489130616,7.4,0.0,3.0,50.0,4.0,7.4,24.8,0.0,0.0,0.0,0.0,870
