GAL,ra,dec,radvel,z,mag,r20,r50,r80,flux_c,flux_e,rpetro_c,rpetro_e,rhalf_c,rhalf_e,Gini,M20,F(G_M20),S(G_M20),SN_per_pixel,C,A,S,M,I,D,Ao,As,Ser_A,Ser_R,Ser_n,Ser_xc,Ser_yc,Ser_ellip,Ser_theta,flag_morph,flag_sersic,ima_sc_pix2arc,ima_sc_arc2kpc,psf_arcsec,size_image_phy_kpc,zp_ima,eta,petro_extent_cas,snr,area_min,debleding,area_min_deblend,skybox_x,skybox_y,sky_method,nsigma,npixels,dilate_size,mask_stars,fwhm,threshold,roundlo,roundhi,sharplo,aper_stars,aper_fact,aper_center,aper_ellip,aper_pa,dr,View,area_segmap_pix,area_psf_pix,ratio_segmap_psf,flag_area,flag_area_th,SN_gal,bck,ratio_SN_gal,flag_SN,flag_SN_th,perc_SN_flag,perc_20_SN_gal,perc_50_SN_gal,perc_80_SN_gal,flag_image,flag_bck,flag_object,flag_statmorph,index
204r,167.76266314667498,10.48498740049451,5000.0,0.041,nan,3.8271315951134235,7.406062652774698,12.438054656902297,78.21316636585524,78.13997028480952,15.867694453502182,16.48659135252444,7.5128871805389075,7.931594526292113,0.46905688818356983,-1.686992139768915,-0.46908285063147126,-0.09712558812614511,0.2746613025665283,2.5593953265449,0.06970943486792198,0.015018013079625346,0.003816793893129771,0.0,0.003316505394764415,0.10599622188955866,0.19092714499081584,0.1696338858492352,6.845879946880688,0.6574772538280677,319.9496198349634,320.0161532605789,0.11785094277701533,0.3494920217538146,0.0,0.0,0.27,0.34629548650952463,1.4217991,30.0,22.5,0.2,1.5,2.5,5.0,1.0,5.0,5.0,5.0,masking_sources,2.0,5.0,11.0,1.0,3.0,10.0,-0.5,0.5,0.2,5.0,0.5,10.0,0.0,0.0,10.0,Face-on,961.0,21.8,44.1,0.0,3.0,0.04003,0.004730000160634518,8.5,0.0,3.0,50.0,4.0,8.5,24.4,0.0,0.0,0.0,0.0,204
