GAL,ra,dec,radvel,z,mag,r20,r50,r80,flux_c,flux_e,rpetro_c,rpetro_e,rhalf_c,rhalf_e,Gini,M20,F(G_M20),S(G_M20),SN_per_pixel,C,A,S,M,I,D,Ao,As,Ser_A,Ser_R,Ser_n,Ser_xc,Ser_yc,Ser_ellip,Ser_theta,flag_morph,flag_sersic,ima_sc_pix2arc,ima_sc_arc2kpc,psf_arcsec,size_image_phy_kpc,zp_ima,eta,petro_extent_cas,snr,area_min,debleding,area_min_deblend,skybox_x,skybox_y,sky_method,nsigma,npixels,dilate_size,mask_stars,fwhm,threshold,roundlo,roundhi,sharplo,aper_stars,aper_fact,aper_center,aper_ellip,aper_pa,dr,View,area_segmap_pix,area_psf_pix,ratio_segmap_psf,flag_area,flag_area_th,SN_gal,bck,ratio_SN_gal,flag_SN,flag_SN_th,perc_SN_flag,perc_20_SN_gal,perc_50_SN_gal,perc_80_SN_gal,flag_image,flag_bck,flag_object,flag_statmorph,index
17r,119.03392752197938,28.559328255125873,5000.0,0.0165,nan,11.810211889923055,27.229361216446804,59.492562664160545,119.59316785161381,111.02606632268561,69.59170088647548,71.17193986256048,29.63480628219864,40.8417910247801,0.5059465566523462,-0.9027755433003974,-0.8299410930637108,0.04840129056706749,0.10366243124008179,3.511024936278469,0.44310794204019166,0.23355205547458727,0.012962962962962963,0.034673620439623035,0.05277908517751631,0.612561487162209,1.9987144859777473,0.024608908163941345,25.62738387626987,0.6988454883598153,320.5793066667768,317.5282417979803,0.5778144639558711,2.4469120157031474,1.0,0.0,0.27,0.34629548650952463,1.6913388,30.0,22.5,0.2,1.5,2.5,5.0,1.0,5.0,5.0,5.0,masking_sources,2.0,5.0,11.0,1.0,3.0,10.0,-0.5,0.5,0.2,5.0,0.5,10.0,0.0,0.0,10.0,Edge-on,3081.0,30.8,100.0,0.0,3.0,0.0169,0.0034099998883903027,5.0,0.0,3.0,50.0,3.5,5.0,9.0,0.0,0.0,0.0,0.0,17
