GAL,ra,dec,radvel,z,mag,r20,r50,r80,flux_c,flux_e,rpetro_c,rpetro_e,rhalf_c,rhalf_e,Gini,M20,F(G_M20),S(G_M20),SN_per_pixel,C,A,S,M,I,D,Ao,As,Ser_A,Ser_R,Ser_n,Ser_xc,Ser_yc,Ser_ellip,Ser_theta,flag_morph,flag_sersic,ima_sc_pix2arc,ima_sc_arc2kpc,psf_arcsec,size_image_phy_kpc,zp_ima,eta,petro_extent_cas,snr,area_min,debleding,area_min_deblend,skybox_x,skybox_y,sky_method,nsigma,npixels,dilate_size,mask_stars,fwhm,threshold,roundlo,roundhi,sharplo,aper_stars,aper_fact,aper_center,aper_ellip,aper_pa,dr,View,area_segmap_pix,area_psf_pix,ratio_segmap_psf,flag_area,flag_area_th,SN_gal,bck,ratio_SN_gal,flag_SN,flag_SN_th,perc_SN_flag,perc_20_SN_gal,perc_50_SN_gal,perc_80_SN_gal,flag_image,flag_bck,flag_object,flag_statmorph,index
683r,338.077622368879,-7.962220905625862,5000.0,0.0556,nan,3.2585312462263145,6.3591926876284655,11.574440849033758,164.80726931881523,165.2426394236233,14.66394949377899,16.3233243754593,6.585050982240104,7.254308625839924,0.517349554529391,-1.7692206651285651,-0.1730497841454186,-0.06074561346877344,0.4071403741836548,2.752390649958318,0.04699144300056464,0.015979042100979314,0.002197802197802198,0.0,0.03156218291602088,0.07759783126740093,0.198083672833584,0.5874163981645716,5.186063262893987,1.3543763267601323,320.32596196070824,320.2021783119837,0.2919809292413138,2.94334768943955,0.0,0.0,0.27,0.34629548650952463,2.1620855,30.0,22.5,0.2,1.5,2.5,5.0,1.0,5.0,5.0,5.0,masking_sources,2.0,5.0,11.0,1.0,3.0,10.0,-0.5,0.5,0.2,5.0,0.5,10.0,0.0,0.0,10.0,Face-on,1334.0,50.4,26.5,0.0,3.0,0.04447,0.004569999873638153,9.7,0.0,3.0,50.0,4.4,9.7,32.6,0.0,0.0,0.0,0.0,683
