GAL,ra,dec,radvel,z,mag,r20,r50,r80,flux_c,flux_e,rpetro_c,rpetro_e,rhalf_c,rhalf_e,Gini,M20,F(G_M20),S(G_M20),SN_per_pixel,C,A,S,M,I,D,Ao,As,Ser_A,Ser_R,Ser_n,Ser_xc,Ser_yc,Ser_ellip,Ser_theta,flag_morph,flag_sersic,ima_sc_pix2arc,ima_sc_arc2kpc,psf_arcsec,size_image_phy_kpc,zp_ima,eta,petro_extent_cas,snr,area_min,debleding,area_min_deblend,skybox_x,skybox_y,sky_method,nsigma,npixels,dilate_size,mask_stars,fwhm,threshold,roundlo,roundhi,sharplo,aper_stars,aper_fact,aper_center,aper_ellip,aper_pa,dr,View,area_segmap_pix,area_psf_pix,ratio_segmap_psf,flag_area,flag_area_th,SN_gal,bck,ratio_SN_gal,flag_SN,flag_SN_th,perc_SN_flag,perc_20_SN_gal,perc_50_SN_gal,perc_80_SN_gal,flag_image,flag_bck,flag_object,flag_statmorph,index
378r,162.20419610142932,-0.9873188352505226,5000.0,0.0261,nan,10.985248170430859,26.05168903968886,53.132963703160186,472.3227184240474,471.7324632137878,72.04225370842948,74.02919791902127,25.9988639103659,26.61987365605811,0.5732055839878174,-2.043575319302762,0.2935653370165108,-0.04358344123514468,0.14037659764289856,3.4227708423675285,0.050127451545516885,-0.019943671517713726,0.04473237698596329,0.024940443693732085,0.04256552805714917,0.07233693888889524,0.2853285073764169,0.06900904174971903,21.4078905269716,1.1417375745613647,319.9276050254804,320.526676659534,0.04008926107048102,1.0535706472268804,1.0,0.0,0.27,0.34629548650952463,1.4146355,30.0,22.5,0.2,1.5,2.5,5.0,1.0,5.0,5.0,5.0,masking_sources,2.0,5.0,11.0,1.0,3.0,10.0,-0.5,0.5,0.2,5.0,0.5,10.0,0.0,0.0,10.0,Face-on,11401.0,21.6,528.8,0.0,3.0,0.01954,0.0033599999733269215,5.8,0.0,3.0,50.0,3.6,5.8,12.3,0.0,0.0,0.0,0.0,378
