GAL,ra,dec,radvel,z,mag,r20,r50,r80,flux_c,flux_e,rpetro_c,rpetro_e,rhalf_c,rhalf_e,Gini,M20,F(G_M20),S(G_M20),SN_per_pixel,C,A,S,M,I,D,Ao,As,Ser_A,Ser_R,Ser_n,Ser_xc,Ser_yc,Ser_ellip,Ser_theta,flag_morph,flag_sersic,ima_sc_pix2arc,ima_sc_arc2kpc,psf_arcsec,size_image_phy_kpc,zp_ima,eta,petro_extent_cas,snr,area_min,debleding,area_min_deblend,skybox_x,skybox_y,sky_method,nsigma,npixels,dilate_size,mask_stars,fwhm,threshold,roundlo,roundhi,sharplo,aper_stars,aper_fact,aper_center,aper_ellip,aper_pa,dr,View,area_segmap_pix,area_psf_pix,ratio_segmap_psf,flag_area,flag_area_th,SN_gal,bck,ratio_SN_gal,flag_SN,flag_SN_th,perc_SN_flag,perc_20_SN_gal,perc_50_SN_gal,perc_80_SN_gal,flag_image,flag_bck,flag_object,flag_statmorph,index
831r,144.6799922037741,2.640035534131746,5000.0,0.1001,nan,2.954273661323068,6.541227051926574,13.692076103982572,93.23818818201516,93.28607981687422,17.216809247152426,25.733685706165907,6.759944151856404,10.92907305660417,0.54771891915857,-1.9628974479696406,0.11149658127788253,-0.05760101530079581,0.2914780378341675,3.330092909152145,-0.010603113425918248,-0.03277894557242946,0.00963855421686747,0.0,0.07028055074364781,-0.03689963846371871,0.19480184965088063,0.2632151506620719,8.489078942669256,1.1309962954024917,320.06586636215474,319.644881756681,0.6493802616138447,2.5706120434989344,0.0,0.0,0.27,0.34629548650952463,1.3028497,30.0,22.5,0.2,1.5,2.5,5.0,1.0,5.0,5.0,5.0,masking_sources,2.0,5.0,11.0,1.0,3.0,10.0,-0.5,0.5,0.2,5.0,0.5,10.0,0.0,0.0,10.0,Edge-on,978.0,18.3,53.5,0.0,3.0,0.04666,0.00394000019878149,11.8,0.0,3.0,50.0,5.0,11.8,28.5,0.0,0.0,0.0,0.0,831
