GAL,ra,dec,radvel,z,mag,r20,r50,r80,flux_c,flux_e,rpetro_c,rpetro_e,rhalf_c,rhalf_e,Gini,M20,F(G_M20),S(G_M20),SN_per_pixel,C,A,S,M,I,D,Ao,As,Ser_A,Ser_R,Ser_n,Ser_xc,Ser_yc,Ser_ellip,Ser_theta,flag_morph,flag_sersic,ima_sc_pix2arc,ima_sc_arc2kpc,psf_arcsec,size_image_phy_kpc,zp_ima,eta,petro_extent_cas,snr,area_min,debleding,area_min_deblend,skybox_x,skybox_y,sky_method,nsigma,npixels,dilate_size,mask_stars,fwhm,threshold,roundlo,roundhi,sharplo,aper_stars,aper_fact,aper_center,aper_ellip,aper_pa,dr,View,area_segmap_pix,area_psf_pix,ratio_segmap_psf,flag_area,flag_area_th,SN_gal,bck,ratio_SN_gal,flag_SN,flag_SN_th,perc_SN_flag,perc_20_SN_gal,perc_50_SN_gal,perc_80_SN_gal,flag_image,flag_bck,flag_object,flag_statmorph,index
203r,229.2179034345482,-1.929482432996082,5000.0,0.0339,nan,7.675677044942864,15.035777933047893,24.578272555121064,108.62709620431471,110.1190234317546,31.260093253495285,41.35931679844535,15.054758795145036,18.621184221143736,0.49236380455340384,-1.693264675871392,-0.34936674708177584,-0.0749236234382537,0.1561533808708191,2.527173312353084,0.23402005500662412,0.03377624946750359,0.0532994923857868,0.16434160297723152,0.024512470496570345,0.34607574988526263,0.29799277084317394,0.06017063808205299,16.045136586861595,0.47659464760592174,320.06528898557775,319.93076005193353,0.32535164530110594,0.9515700426468123,0.0,0.0,0.27,0.34629548650952463,1.6213284,30.0,22.5,0.2,1.5,2.5,5.0,1.0,5.0,5.0,5.0,masking_sources,2.0,5.0,11.0,1.0,3.0,10.0,-0.5,0.5,0.2,5.0,0.5,10.0,0.0,0.0,10.0,Face-on,2881.0,28.3,101.7,0.0,3.0,0.02458,0.002689999993890524,9.2,0.0,3.0,50.0,4.4,9.2,19.6,0.0,0.0,0.0,0.0,203
