GAL,ra,dec,radvel,z,mag,r20,r50,r80,flux_c,flux_e,rpetro_c,rpetro_e,rhalf_c,rhalf_e,Gini,M20,F(G_M20),S(G_M20),SN_per_pixel,C,A,S,M,I,D,Ao,As,Ser_A,Ser_R,Ser_n,Ser_xc,Ser_yc,Ser_ellip,Ser_theta,flag_morph,flag_sersic,ima_sc_pix2arc,ima_sc_arc2kpc,psf_arcsec,size_image_phy_kpc,zp_ima,eta,petro_extent_cas,snr,area_min,debleding,area_min_deblend,skybox_x,skybox_y,sky_method,nsigma,npixels,dilate_size,mask_stars,fwhm,threshold,roundlo,roundhi,sharplo,aper_stars,aper_fact,aper_center,aper_ellip,aper_pa,dr,View,area_segmap_pix,area_psf_pix,ratio_segmap_psf,flag_area,flag_area_th,SN_gal,bck,ratio_SN_gal,flag_SN,flag_SN_th,perc_SN_flag,perc_20_SN_gal,perc_50_SN_gal,perc_80_SN_gal,flag_image,flag_bck,flag_object,flag_statmorph,index
1003r,227.58402300705868,-2.3346284744512547,5000.0,0.1563,nan,5.274367381662913,11.241622314939187,21.181519500486665,136.91637246681015,138.96472568231286,26.797865176609506,34.24047572488539,12.654247813372827,18.411247765351913,0.5202547563311606,-1.7490837112794688,-0.17262394424408356,-0.055070427099997266,0.24018321931362152,3.018933674892683,0.2632257269037531,0.03671165243404209,0.04896142433234421,0.16814367616812503,0.07845573967481327,0.47336558561773373,0.7011803268498065,0.11825392412814532,11.735113559041027,0.7689240156486997,321.62359711055905,319.49218057959115,0.36037451249051916,3.1325837748486682,0.0,0.0,0.27,0.34629548650952463,1.6012939,30.0,22.5,0.2,1.5,2.5,5.0,1.0,5.0,5.0,5.0,masking_sources,2.0,5.0,11.0,1.0,3.0,10.0,-0.5,0.5,0.2,5.0,0.5,10.0,0.0,0.0,10.0,Face-on,3522.0,27.6,127.5,0.0,3.0,0.01605,0.0015300000086426735,10.5,0.0,3.0,50.0,4.4,10.5,34.3,0.0,0.0,0.0,0.0,1003
