GAL,ra,dec,radvel,z,mag,r20,r50,r80,flux_c,flux_e,rpetro_c,rpetro_e,rhalf_c,rhalf_e,Gini,M20,F(G_M20),S(G_M20),SN_per_pixel,C,A,S,M,I,D,Ao,As,Ser_A,Ser_R,Ser_n,Ser_xc,Ser_yc,Ser_ellip,Ser_theta,flag_morph,flag_sersic,ima_sc_pix2arc,ima_sc_arc2kpc,psf_arcsec,size_image_phy_kpc,zp_ima,eta,petro_extent_cas,snr,area_min,debleding,area_min_deblend,skybox_x,skybox_y,sky_method,nsigma,npixels,dilate_size,mask_stars,fwhm,threshold,roundlo,roundhi,sharplo,aper_stars,aper_fact,aper_center,aper_ellip,aper_pa,dr,View,area_segmap_pix,area_psf_pix,ratio_segmap_psf,flag_area,flag_area_th,SN_gal,bck,ratio_SN_gal,flag_SN,flag_SN_th,perc_SN_flag,perc_20_SN_gal,perc_50_SN_gal,perc_80_SN_gal,flag_image,flag_bck,flag_object,flag_statmorph,index
1042r,155.5378059603228,11.235127987353401,5000.0,0.1553,nan,2.509115540544972,6.545130406746526,15.343133846576928,142.1197173872398,143.51547270316928,18.566999928455207,21.55398587348145,8.162780569610673,9.385390031812909,0.6016626314914508,-2.134333048560513,0.49732282853511744,-0.02802628857337508,0.26846304535865784,3.931967066708948,0.03740120254634669,0.0332492548154809,0.006024096385542169,0.005618279264751341,0.024324600060527474,0.09934121910248038,0.2615648642635018,0.1824774056608969,7.090566247964931,2.432975057768935,319.99180906865365,319.9984313787404,0.25489065402720656,2.1661392181193633,0.0,0.0,0.27,0.34629548650952463,1.1847378,30.0,22.5,0.2,1.5,2.5,5.0,1.0,5.0,5.0,5.0,masking_sources,2.0,5.0,11.0,1.0,3.0,10.0,-0.5,0.5,0.2,5.0,0.5,10.0,0.0,0.0,10.0,Face-on,1842.0,15.1,121.8,0.0,3.0,0.02574,0.00419999985024333,6.1,0.0,3.0,50.0,3.7,6.1,15.5,0.0,0.0,0.0,0.0,1042
