GAL,ra,dec,radvel,z,mag,r20,r50,r80,flux_c,flux_e,rpetro_c,rpetro_e,rhalf_c,rhalf_e,Gini,M20,F(G_M20),S(G_M20),SN_per_pixel,C,A,S,M,I,D,Ao,As,Ser_A,Ser_R,Ser_n,Ser_xc,Ser_yc,Ser_ellip,Ser_theta,flag_morph,flag_sersic,ima_sc_pix2arc,ima_sc_arc2kpc,psf_arcsec,size_image_phy_kpc,zp_ima,eta,petro_extent_cas,snr,area_min,debleding,area_min_deblend,skybox_x,skybox_y,sky_method,nsigma,npixels,dilate_size,mask_stars,fwhm,threshold,roundlo,roundhi,sharplo,aper_stars,aper_fact,aper_center,aper_ellip,aper_pa,dr,View,area_segmap_pix,area_psf_pix,ratio_segmap_psf,flag_area,flag_area_th,SN_gal,bck,ratio_SN_gal,flag_SN,flag_SN_th,perc_SN_flag,perc_20_SN_gal,perc_50_SN_gal,perc_80_SN_gal,flag_image,flag_bck,flag_object,flag_statmorph,index
636r,156.3614362411015,6.938089896546286,5000.0,0.0862,nan,4.115686934359618,8.956909768104392,16.96927283646081,97.80484120562558,97.20238488009808,22.283496122874066,26.78555474876797,9.067139156984338,12.125796180588614,0.515699036963582,-1.796686083659766,-0.16218631105405112,-0.06619731903476128,0.24481816589832306,3.0761045015601,0.1461295108694586,-0.0014770984411352503,0.007042253521126761,0.0,0.06571183454805776,0.15308750076349426,0.3102919749732164,0.1530964947608717,10.137446468273044,0.8453554653521825,320.23583230162245,320.52962062181103,0.5286073418174182,1.4467208585618705,0.0,0.0,0.27,0.34629548650952463,1.3723229,30.0,22.5,0.2,1.5,2.5,5.0,1.0,5.0,5.0,5.0,masking_sources,2.0,5.0,11.0,1.0,3.0,10.0,-0.5,0.5,0.2,5.0,0.5,10.0,0.0,0.0,10.0,Edge-on,1451.0,20.3,71.5,0.0,3.0,0.03232,0.003370000049471855,9.6,0.0,3.0,50.0,4.3,9.6,26.5,0.0,0.0,0.0,0.0,636
