GAL,ra,dec,radvel,z,mag,r20,r50,r80,flux_c,flux_e,rpetro_c,rpetro_e,rhalf_c,rhalf_e,Gini,M20,F(G_M20),S(G_M20),SN_per_pixel,C,A,S,M,I,D,Ao,As,Ser_A,Ser_R,Ser_n,Ser_xc,Ser_yc,Ser_ellip,Ser_theta,flag_morph,flag_sersic,ima_sc_pix2arc,ima_sc_arc2kpc,psf_arcsec,size_image_phy_kpc,zp_ima,eta,petro_extent_cas,snr,area_min,debleding,area_min_deblend,skybox_x,skybox_y,sky_method,nsigma,npixels,dilate_size,mask_stars,fwhm,threshold,roundlo,roundhi,sharplo,aper_stars,aper_fact,aper_center,aper_ellip,aper_pa,dr,View,area_segmap_pix,area_psf_pix,ratio_segmap_psf,flag_area,flag_area_th,SN_gal,bck,ratio_SN_gal,flag_SN,flag_SN_th,perc_SN_flag,perc_20_SN_gal,perc_50_SN_gal,perc_80_SN_gal,flag_image,flag_bck,flag_object,flag_statmorph,index
1179r,138.1077862366472,7.032212085456004,5000.0,0.0779,nan,3.565263114553723,7.145344363104199,12.987309011138924,93.54881955771144,93.91525147491174,16.27185187584747,20.95471209409529,7.34278732138773,9.517164583574953,0.5020043399921373,-1.777888662557472,-0.24300167388659233,-0.07714222750327271,0.2908370792865753,2.8071379394251164,0.03667188227847539,0.03040986033307334,0.010771992818671455,0.012430371639394462,0.010209186259388487,0.04864746050809133,0.1671227138371663,0.2127292293636699,8.202374336822476,0.9409317314389459,320.035803595759,319.92179918000903,0.47264215328999293,1.8677268618675764,0.0,0.0,0.27,0.34629548650952463,1.5541874,30.0,22.5,0.2,1.5,2.5,5.0,1.0,5.0,5.0,5.0,masking_sources,2.0,5.0,11.0,1.0,3.0,10.0,-0.5,0.5,0.2,5.0,0.5,10.0,0.0,0.0,10.0,Face-on,1128.0,26.0,43.3,0.0,3.0,0.03599,0.00418000016361475,8.6,0.0,3.0,50.0,4.1,8.6,26.7,0.0,0.0,0.0,0.0,1179
