GAL,ra,dec,radvel,z,mag,r20,r50,r80,flux_c,flux_e,rpetro_c,rpetro_e,rhalf_c,rhalf_e,Gini,M20,F(G_M20),S(G_M20),SN_per_pixel,C,A,S,M,I,D,Ao,As,Ser_A,Ser_R,Ser_n,Ser_xc,Ser_yc,Ser_ellip,Ser_theta,flag_morph,flag_sersic,ima_sc_pix2arc,ima_sc_arc2kpc,psf_arcsec,size_image_phy_kpc,zp_ima,eta,petro_extent_cas,snr,area_min,debleding,area_min_deblend,skybox_x,skybox_y,sky_method,nsigma,npixels,dilate_size,mask_stars,fwhm,threshold,roundlo,roundhi,sharplo,aper_stars,aper_fact,aper_center,aper_ellip,aper_pa,dr,View,area_segmap_pix,area_psf_pix,ratio_segmap_psf,flag_area,flag_area_th,SN_gal,bck,ratio_SN_gal,flag_SN,flag_SN_th,perc_SN_flag,perc_20_SN_gal,perc_50_SN_gal,perc_80_SN_gal,flag_image,flag_bck,flag_object,flag_statmorph,index
1118r,197.73311706114413,5.032199922140463,5000.0,0.065,nan,2.470387359647116,5.302224912731904,10.66397164630388,224.37896719454392,224.3708920348868,13.309349719815675,16.823415218837386,5.776653045309754,7.307814833295331,0.5420236440602806,-1.9373437027729778,0.06559622412006227,-0.05968736706576622,0.5183676481246948,3.1757696260323693,0.01933211817854152,-0.0005654456056308161,0.0,0.0,0.006037797282817766,0.07167265676235599,0.3416973668621761,0.7250865715074243,6.123376051475244,1.4798439927423683,320.00001037119495,319.9972087288148,0.459943679819499,2.48743396875288,0.0,0.0,0.27,0.34629548650952463,1.3585576,30.0,22.5,0.2,1.5,2.5,5.0,1.0,5.0,5.0,5.0,masking_sources,2.0,5.0,11.0,1.0,3.0,10.0,-0.5,0.5,0.2,5.0,0.5,10.0,0.0,0.0,10.0,Face-on,1506.0,19.9,75.7,0.0,3.0,0.0424,0.0043299999088048935,9.8,0.0,3.0,50.0,4.0,9.8,37.1,0.0,0.0,0.0,0.0,1118
