GAL,ra,dec,radvel,z,mag,r20,r50,r80,flux_c,flux_e,rpetro_c,rpetro_e,rhalf_c,rhalf_e,Gini,M20,F(G_M20),S(G_M20),SN_per_pixel,C,A,S,M,I,D,Ao,As,Ser_A,Ser_R,Ser_n,Ser_xc,Ser_yc,Ser_ellip,Ser_theta,flag_morph,flag_sersic,ima_sc_pix2arc,ima_sc_arc2kpc,psf_arcsec,size_image_phy_kpc,zp_ima,eta,petro_extent_cas,snr,area_min,debleding,area_min_deblend,skybox_x,skybox_y,sky_method,nsigma,npixels,dilate_size,mask_stars,fwhm,threshold,roundlo,roundhi,sharplo,aper_stars,aper_fact,aper_center,aper_ellip,aper_pa,dr,View,area_segmap_pix,area_psf_pix,ratio_segmap_psf,flag_area,flag_area_th,SN_gal,bck,ratio_SN_gal,flag_SN,flag_SN_th,perc_SN_flag,perc_20_SN_gal,perc_50_SN_gal,perc_80_SN_gal,flag_image,flag_bck,flag_object,flag_statmorph,index
1141r,44.34107580089795,0.6866224851904319,5000.0,0.1355,nan,3.2251250277385295,6.806934119454742,12.186740340428416,98.18114136371767,98.38130618406194,15.243200297031361,19.842220327701092,7.093472433211959,9.278435563319611,0.4949636218264759,-1.8420244923077516,-0.23340709878967258,-0.09302741882256638,0.31908753514289856,2.8867050116781288,0.051862632873861995,0.004607875648841836,0.0,0.0,0.003622556898412898,0.07187058596561074,0.19119828580034762,0.2208261254651231,8.24107650295124,0.9397430883456129,320.0134606968017,319.98228626008415,0.46479856022569627,2.651894078855159,2.0,0.0,0.27,0.34629548650952463,1.220803,30.0,22.5,0.2,1.5,2.5,5.0,1.0,5.0,5.0,5.0,masking_sources,2.0,5.0,11.0,1.0,3.0,10.0,-0.5,0.5,0.2,5.0,0.5,10.0,0.0,0.0,10.0,Face-on,1348.0,16.1,84.0,0.0,3.0,0.02639,0.0023799999617040157,11.1,0.0,3.0,50.0,4.2,11.1,41.6,0.0,0.0,0.0,0.0,1141
