GAL,ra,dec,radvel,z,mag,r20,r50,r80,flux_c,flux_e,rpetro_c,rpetro_e,rhalf_c,rhalf_e,Gini,M20,F(G_M20),S(G_M20),SN_per_pixel,C,A,S,M,I,D,Ao,As,Ser_A,Ser_R,Ser_n,Ser_xc,Ser_yc,Ser_ellip,Ser_theta,flag_morph,flag_sersic,ima_sc_pix2arc,ima_sc_arc2kpc,psf_arcsec,size_image_phy_kpc,zp_ima,eta,petro_extent_cas,snr,area_min,debleding,area_min_deblend,skybox_x,skybox_y,sky_method,nsigma,npixels,dilate_size,mask_stars,fwhm,threshold,roundlo,roundhi,sharplo,aper_stars,aper_fact,aper_center,aper_ellip,aper_pa,dr,View,area_segmap_pix,area_psf_pix,ratio_segmap_psf,flag_area,flag_area_th,SN_gal,bck,ratio_SN_gal,flag_SN,flag_SN_th,perc_SN_flag,perc_20_SN_gal,perc_50_SN_gal,perc_80_SN_gal,flag_image,flag_bck,flag_object,flag_statmorph,index
898r,157.45996512174347,0.9873845026296221,5000.0,0.0887,nan,4.083168201463371,8.185675049435888,14.085210814995824,163.13887165183547,162.7225635896043,18.017069450725497,20.41736266249736,8.26618837482213,9.939117508089943,0.46349758166967786,-1.769772959838563,-0.4392343095669702,-0.11413583556457924,0.36448705196380615,2.6888304047433436,0.11036911726344995,0.03987990604414985,0.0013054830287206266,0.0,0.0463598836672124,0.1600026672382453,0.16010023995679987,0.27913695670297023,8.71733709735785,0.6846498014500493,320.63261613836175,319.6467150659861,0.30518383450480824,1.4947426369703767,0.0,0.0,0.27,0.34629548650952463,1.4898263,30.0,22.5,0.2,1.5,2.5,5.0,1.0,5.0,5.0,5.0,masking_sources,2.0,5.0,11.0,1.0,3.0,10.0,-0.5,0.5,0.2,5.0,0.5,10.0,0.0,0.0,10.0,Face-on,1527.0,23.9,63.9,0.0,3.0,0.04573,0.0037299999967217445,12.2,0.0,3.0,50.0,4.6,12.2,43.3,0.0,0.0,0.0,0.0,898
