GAL,ra,dec,radvel,z,mag,r20,r50,r80,flux_c,flux_e,rpetro_c,rpetro_e,rhalf_c,rhalf_e,Gini,M20,F(G_M20),S(G_M20),SN_per_pixel,C,A,S,M,I,D,Ao,As,Ser_A,Ser_R,Ser_n,Ser_xc,Ser_yc,Ser_ellip,Ser_theta,flag_morph,flag_sersic,ima_sc_pix2arc,ima_sc_arc2kpc,psf_arcsec,size_image_phy_kpc,zp_ima,eta,petro_extent_cas,snr,area_min,debleding,area_min_deblend,skybox_x,skybox_y,sky_method,nsigma,npixels,dilate_size,mask_stars,fwhm,threshold,roundlo,roundhi,sharplo,aper_stars,aper_fact,aper_center,aper_ellip,aper_pa,dr,View,area_segmap_pix,area_psf_pix,ratio_segmap_psf,flag_area,flag_area_th,SN_gal,bck,ratio_SN_gal,flag_SN,flag_SN_th,perc_SN_flag,perc_20_SN_gal,perc_50_SN_gal,perc_80_SN_gal,flag_image,flag_bck,flag_object,flag_statmorph,index
791r,349.3891260132604,-8.816393660903206,5000.0,0.0844,nan,5.420069521697767,10.745934393527001,19.815771131448383,160.344449499199,160.26696958868948,24.681667444510182,28.63625849662408,10.909824592631297,12.112349945212781,0.5319582302486106,-1.8035384962024041,-0.07695458240111153,-0.05105320302600974,0.23078414797782898,2.8150306021898555,0.029994765658866038,0.020725956872315675,0.025597269624573378,0.011156243857872216,0.02690139184363498,0.01278716909739548,0.26177232731434147,0.13963622429001746,10.608901456933314,0.8856071085475804,320.31753321028356,320.39654794695264,0.17497127811694804,1.0989069536627274,0.0,0.0,0.27,0.34629548650952463,1.6129313,30.0,22.5,0.2,1.5,2.5,5.0,1.0,5.0,5.0,5.0,masking_sources,2.0,5.0,11.0,1.0,3.0,10.0,-0.5,0.5,0.2,5.0,0.5,10.0,0.0,0.0,10.0,Face-on,2447.0,28.0,87.3,0.0,3.0,0.02792,0.0040699997916817665,6.9,0.0,3.0,50.0,4.0,6.9,20.4,0.0,0.0,0.0,0.0,791
