GAL,ra,dec,radvel,z,mag,r20,r50,r80,flux_c,flux_e,rpetro_c,rpetro_e,rhalf_c,rhalf_e,Gini,M20,F(G_M20),S(G_M20),SN_per_pixel,C,A,S,M,I,D,Ao,As,Ser_A,Ser_R,Ser_n,Ser_xc,Ser_yc,Ser_ellip,Ser_theta,flag_morph,flag_sersic,ima_sc_pix2arc,ima_sc_arc2kpc,psf_arcsec,size_image_phy_kpc,zp_ima,eta,petro_extent_cas,snr,area_min,debleding,area_min_deblend,skybox_x,skybox_y,sky_method,nsigma,npixels,dilate_size,mask_stars,fwhm,threshold,roundlo,roundhi,sharplo,aper_stars,aper_fact,aper_center,aper_ellip,aper_pa,dr,View,area_segmap_pix,area_psf_pix,ratio_segmap_psf,flag_area,flag_area_th,SN_gal,bck,ratio_SN_gal,flag_SN,flag_SN_th,perc_SN_flag,perc_20_SN_gal,perc_50_SN_gal,perc_80_SN_gal,flag_image,flag_bck,flag_object,flag_statmorph,index
711r,150.49508965648735,0.7152518478383191,5000.0,0.0625,nan,3.4718411374341245,7.401823259008086,13.375290218907551,225.51346534916323,226.01464012019613,16.789231070114052,21.83528349015207,7.642061102432121,9.907932568953813,0.495433892093147,-1.8959237275661736,-0.19372709093556395,-0.10005384495948266,0.43183955550193787,2.9287168471130096,0.026093891836591977,0.042291362802297845,0.0015822784810126582,0.0,0.015152186349878987,0.015346500980161206,0.20132757914951832,0.41320677595814703,8.984526459120437,0.8728090019000574,319.950197382842,319.7889845105324,0.433906335580519,2.347716567367573,0.0,0.0,0.27,0.34629548650952463,1.2385813,30.0,22.5,0.2,1.5,2.5,5.0,1.0,5.0,5.0,5.0,masking_sources,2.0,5.0,11.0,1.0,3.0,10.0,-0.5,0.5,0.2,5.0,0.5,10.0,0.0,0.0,10.0,Face-on,1706.0,16.5,103.2,0.0,3.0,0.04925,0.0032999999821186066,14.9,0.0,3.0,50.0,5.0,14.9,54.9,0.0,0.0,0.0,0.0,711
