GAL,ra,dec,radvel,z,mag,r20,r50,r80,flux_c,flux_e,rpetro_c,rpetro_e,rhalf_c,rhalf_e,Gini,M20,F(G_M20),S(G_M20),SN_per_pixel,C,A,S,M,I,D,Ao,As,Ser_A,Ser_R,Ser_n,Ser_xc,Ser_yc,Ser_ellip,Ser_theta,flag_morph,flag_sersic,ima_sc_pix2arc,ima_sc_arc2kpc,psf_arcsec,size_image_phy_kpc,zp_ima,eta,petro_extent_cas,snr,area_min,debleding,area_min_deblend,skybox_x,skybox_y,sky_method,nsigma,npixels,dilate_size,mask_stars,fwhm,threshold,roundlo,roundhi,sharplo,aper_stars,aper_fact,aper_center,aper_ellip,aper_pa,dr,View,area_segmap_pix,area_psf_pix,ratio_segmap_psf,flag_area,flag_area_th,SN_gal,bck,ratio_SN_gal,flag_SN,flag_SN_th,perc_SN_flag,perc_20_SN_gal,perc_50_SN_gal,perc_80_SN_gal,flag_image,flag_bck,flag_object,flag_statmorph,index
993r,16.19603085549608,-10.58614142417408,5000.0,0.163,nan,2.887363784836787,6.020334785368754,10.566697058792993,87.34620617554972,87.43827591049526,13.335786689782868,14.224283533366131,6.42042952285494,6.6902540567428535,0.5123104951537302,-1.825505570979302,-0.15898768830037913,-0.07355788416393017,0.32164981961250305,2.8171887582617305,0.029007447069981512,-0.0011237838199735378,0.002793296089385475,0.0,0.043242295342397055,0.05187543670310104,0.44602912337214995,0.24675590980495335,5.465397316474718,0.9944636588413098,319.51711449409953,319.9639709837543,0.07377176723747385,0.4082310056585415,0.0,0.0,0.27,0.34629548650952463,1.2130427,30.0,22.5,0.2,1.5,2.5,5.0,1.0,5.0,5.0,5.0,masking_sources,2.0,5.0,11.0,1.0,3.0,10.0,-0.5,0.5,0.2,5.0,0.5,10.0,0.0,0.0,10.0,Face-on,868.0,15.9,54.8,0.0,3.0,0.03988,0.00471000000834465,8.5,0.0,3.0,50.0,4.1,8.5,29.0,0.0,0.0,0.0,0.0,993
