GAL,ra,dec,radvel,z,mag,r20,r50,r80,flux_c,flux_e,rpetro_c,rpetro_e,rhalf_c,rhalf_e,Gini,M20,F(G_M20),S(G_M20),SN_per_pixel,C,A,S,M,I,D,Ao,As,Ser_A,Ser_R,Ser_n,Ser_xc,Ser_yc,Ser_ellip,Ser_theta,flag_morph,flag_sersic,ima_sc_pix2arc,ima_sc_arc2kpc,psf_arcsec,size_image_phy_kpc,zp_ima,eta,petro_extent_cas,snr,area_min,debleding,area_min_deblend,skybox_x,skybox_y,sky_method,nsigma,npixels,dilate_size,mask_stars,fwhm,threshold,roundlo,roundhi,sharplo,aper_stars,aper_fact,aper_center,aper_ellip,aper_pa,dr,View,area_segmap_pix,area_psf_pix,ratio_segmap_psf,flag_area,flag_area_th,SN_gal,bck,ratio_SN_gal,flag_SN,flag_SN_th,perc_SN_flag,perc_20_SN_gal,perc_50_SN_gal,perc_80_SN_gal,flag_image,flag_bck,flag_object,flag_statmorph,index
897r,3.3105781077551666,-10.833992135958777,5000.0,0.0956,nan,3.3674130259841393,6.963135974004841,13.079955443398603,115.04425959305473,115.07591654246417,16.650095559903036,19.005178099944878,7.1685016044002285,8.148573655238094,0.5219152175339696,-1.8461144013576962,-0.09716239306596686,-0.06691383643008991,0.30265727639198303,2.946549385271892,0.022835245405839342,0.038023281046202825,0.001834862385321101,0.0,0.02033715109845871,0.03789682649280352,0.20917483473154375,0.2813854833587998,6.4258398610106475,1.18625132025034,319.80377755509323,319.87176054468324,0.2905819956733266,0.9201019811421215,0.0,0.0,0.27,0.34629548650952463,2.0383756,30.0,22.5,0.2,1.5,2.5,5.0,1.0,5.0,5.0,5.0,masking_sources,2.0,5.0,11.0,1.0,3.0,10.0,-0.5,0.5,0.2,5.0,0.5,10.0,0.0,0.0,10.0,Face-on,1381.0,44.8,30.9,0.0,3.0,0.03364,0.0036200000904500484,9.3,0.0,3.0,50.0,4.1,9.3,27.1,0.0,0.0,0.0,0.0,897
