GAL,ra,dec,radvel,z,mag,r20,r50,r80,flux_c,flux_e,rpetro_c,rpetro_e,rhalf_c,rhalf_e,Gini,M20,F(G_M20),S(G_M20),SN_per_pixel,C,A,S,M,I,D,Ao,As,Ser_A,Ser_R,Ser_n,Ser_xc,Ser_yc,Ser_ellip,Ser_theta,flag_morph,flag_sersic,ima_sc_pix2arc,ima_sc_arc2kpc,psf_arcsec,size_image_phy_kpc,zp_ima,eta,petro_extent_cas,snr,area_min,debleding,area_min_deblend,skybox_x,skybox_y,sky_method,nsigma,npixels,dilate_size,mask_stars,fwhm,threshold,roundlo,roundhi,sharplo,aper_stars,aper_fact,aper_center,aper_ellip,aper_pa,dr,View,area_segmap_pix,area_psf_pix,ratio_segmap_psf,flag_area,flag_area_th,SN_gal,bck,ratio_SN_gal,flag_SN,flag_SN_th,perc_SN_flag,perc_20_SN_gal,perc_50_SN_gal,perc_80_SN_gal,flag_image,flag_bck,flag_object,flag_statmorph,index
57r,120.84336544920765,26.008055462144956,5000.0,0.0212,nan,7.816957700561162,15.42519393528827,26.691867495046836,93.93151543290216,93.91462826488731,32.5886516162058,33.39653794813327,16.191004174322178,16.535237031040747,0.5002494144987439,-1.4086336879609946,-0.5075822524742479,-0.027553162272821785,0.13539186120033264,2.6667059917429943,-0.024083187206825406,-0.03580660066512479,0.011242270938729624,0.007519901440219519,0.02620772999798433,-0.08036728570788648,0.39369481479007246,0.0462635197193335,12.922577754478901,0.5982780910090072,319.15896372712416,320.6180954918856,0.03926544658386247,0.8815848424903656,0.0,0.0,0.27,0.34629548650952463,1.4179531,30.0,22.5,0.2,1.5,2.5,5.0,1.0,5.0,5.0,5.0,masking_sources,2.0,5.0,11.0,1.0,3.0,10.0,-0.5,0.5,0.2,5.0,0.5,10.0,0.0,0.0,10.0,Face-on,2128.0,21.7,98.2,0.0,3.0,0.02502,0.00394000019878149,6.3,0.0,3.0,50.0,3.7,6.3,12.3,0.0,0.0,0.0,0.0,57
