GAL,ra,dec,radvel,z,mag,r20,r50,r80,flux_c,flux_e,rpetro_c,rpetro_e,rhalf_c,rhalf_e,Gini,M20,F(G_M20),S(G_M20),SN_per_pixel,C,A,S,M,I,D,Ao,As,Ser_A,Ser_R,Ser_n,Ser_xc,Ser_yc,Ser_ellip,Ser_theta,flag_morph,flag_sersic,ima_sc_pix2arc,ima_sc_arc2kpc,psf_arcsec,size_image_phy_kpc,zp_ima,eta,petro_extent_cas,snr,area_min,debleding,area_min_deblend,skybox_x,skybox_y,sky_method,nsigma,npixels,dilate_size,mask_stars,fwhm,threshold,roundlo,roundhi,sharplo,aper_stars,aper_fact,aper_center,aper_ellip,aper_pa,dr,View,area_segmap_pix,area_psf_pix,ratio_segmap_psf,flag_area,flag_area_th,SN_gal,bck,ratio_SN_gal,flag_SN,flag_SN_th,perc_SN_flag,perc_20_SN_gal,perc_50_SN_gal,perc_80_SN_gal,flag_image,flag_bck,flag_object,flag_statmorph,index
787r,161.79207148493518,2.9303108104116964,5000.0,0.0677,nan,5.686611693276178,12.852876715206571,24.68947169720364,180.19813137159818,179.72953632650876,31.231489935621195,44.98049155273796,13.239041210440666,21.38778241488807,0.529176615555262,-1.8220350832788859,-0.077905440289185,-0.056378027176055834,0.2627604603767395,3.188291116524315,0.11225064566105342,0.019309381459738963,0.043668122270742356,0.19249079149215947,0.04165945377013068,0.07299619093810461,0.19391319219211797,0.1767761102113372,20.081114224566473,0.6457063644950032,319.25714678531006,320.64232550786954,0.7744451455022694,0.25438407043553646,0.0,0.0,0.27,0.34629548650952463,1.2658893,30.0,22.5,0.2,1.5,2.5,5.0,1.0,5.0,5.0,5.0,masking_sources,2.0,5.0,11.0,1.0,3.0,10.0,-0.5,0.5,0.2,5.0,0.5,10.0,0.0,0.0,10.0,Edge-on,2398.0,17.3,138.9,0.0,3.0,0.03508,0.0033199999015778303,10.6,0.0,3.0,50.0,4.5,10.6,33.8,0.0,0.0,0.0,0.0,787
