GAL,ra,dec,radvel,z,mag,r20,r50,r80,flux_c,flux_e,rpetro_c,rpetro_e,rhalf_c,rhalf_e,Gini,M20,F(G_M20),S(G_M20),SN_per_pixel,C,A,S,M,I,D,Ao,As,Ser_A,Ser_R,Ser_n,Ser_xc,Ser_yc,Ser_ellip,Ser_theta,flag_morph,flag_sersic,ima_sc_pix2arc,ima_sc_arc2kpc,psf_arcsec,size_image_phy_kpc,zp_ima,eta,petro_extent_cas,snr,area_min,debleding,area_min_deblend,skybox_x,skybox_y,sky_method,nsigma,npixels,dilate_size,mask_stars,fwhm,threshold,roundlo,roundhi,sharplo,aper_stars,aper_fact,aper_center,aper_ellip,aper_pa,dr,View,area_segmap_pix,area_psf_pix,ratio_segmap_psf,flag_area,flag_area_th,SN_gal,bck,ratio_SN_gal,flag_SN,flag_SN_th,perc_SN_flag,perc_20_SN_gal,perc_50_SN_gal,perc_80_SN_gal,flag_image,flag_bck,flag_object,flag_statmorph,index
1005r,182.73043583036176,13.184064210563543,5000.0,0.0772,nan,3.0229455881693608,6.970575151850391,16.295334364977773,301.94028196189777,302.3806922976964,21.325569846859146,25.497058598633426,7.872306916394013,10.176303741085523,0.6603337280389566,-1.627588226439104,0.4365705947151346,0.10049562728353162,0.4067087173461914,3.6581647304479215,0.021499458061272105,0.02304041435903719,0.0035398230088495575,0.0,0.12708296516171236,0.05806801472665929,0.2723509275657103,0.47753530184698256,9.225279098281664,1.5711275345799491,319.6638030820109,320.18822086455185,0.40516985294377805,2.587046336307968,0.0,0.0,0.27,0.34629548650952463,1.379237,30.0,22.5,0.2,1.5,2.5,5.0,1.0,5.0,5.0,5.0,masking_sources,2.0,5.0,11.0,1.0,3.0,10.0,-0.5,0.5,0.2,5.0,0.5,10.0,0.0,0.0,10.0,Face-on,3526.0,20.5,172.0,0.0,3.0,0.01973,0.0023300000466406345,8.5,0.0,3.0,50.0,4.1,8.5,29.8,0.0,0.0,0.0,0.0,1005
