GAL,ra,dec,radvel,z,mag,r20,r50,r80,flux_c,flux_e,rpetro_c,rpetro_e,rhalf_c,rhalf_e,Gini,M20,F(G_M20),S(G_M20),SN_per_pixel,C,A,S,M,I,D,Ao,As,Ser_A,Ser_R,Ser_n,Ser_xc,Ser_yc,Ser_ellip,Ser_theta,flag_morph,flag_sersic,ima_sc_pix2arc,ima_sc_arc2kpc,psf_arcsec,size_image_phy_kpc,zp_ima,eta,petro_extent_cas,snr,area_min,debleding,area_min_deblend,skybox_x,skybox_y,sky_method,nsigma,npixels,dilate_size,mask_stars,fwhm,threshold,roundlo,roundhi,sharplo,aper_stars,aper_fact,aper_center,aper_ellip,aper_pa,dr,View,area_segmap_pix,area_psf_pix,ratio_segmap_psf,flag_area,flag_area_th,SN_gal,bck,ratio_SN_gal,flag_SN,flag_SN_th,perc_SN_flag,perc_20_SN_gal,perc_50_SN_gal,perc_80_SN_gal,flag_image,flag_bck,flag_object,flag_statmorph,index
974r,339.7388793397608,0.996318507117136,5000.0,0.1389,nan,3.6539992837114927,8.90944179610986,16.910256441866167,160.96414133790188,161.1545800707704,21.974705629213062,25.208544530305797,9.265295433111671,10.515620242214318,0.5282594219382134,-2.008905477247283,0.047055634326523155,-0.08326103361854115,0.27412325143814087,3.326908678926628,0.07490601963592285,0.0024698025472886177,0.0,0.0,0.011126686553944155,0.11023771307425602,0.21918818128875098,0.1780093718797291,9.5298762847328,1.2141543664947418,320.04964901567814,319.92072156174424,0.2941854682556595,1.2351473097551129,0.0,0.0,0.27,0.34629548650952463,1.2031676,30.0,22.5,0.2,1.5,2.5,5.0,1.0,5.0,5.0,5.0,masking_sources,2.0,5.0,11.0,1.0,3.0,10.0,-0.5,0.5,0.2,5.0,0.5,10.0,0.0,0.0,10.0,Face-on,3170.0,15.6,203.3,0.0,3.0,0.01673,0.001019999966956675,16.4,0.0,3.0,50.0,5.2,16.4,60.0,0.0,0.0,0.0,0.0,974
