GAL,ra,dec,radvel,z,mag,r20,r50,r80,flux_c,flux_e,rpetro_c,rpetro_e,rhalf_c,rhalf_e,Gini,M20,F(G_M20),S(G_M20),SN_per_pixel,C,A,S,M,I,D,Ao,As,Ser_A,Ser_R,Ser_n,Ser_xc,Ser_yc,Ser_ellip,Ser_theta,flag_morph,flag_sersic,ima_sc_pix2arc,ima_sc_arc2kpc,psf_arcsec,size_image_phy_kpc,zp_ima,eta,petro_extent_cas,snr,area_min,debleding,area_min_deblend,skybox_x,skybox_y,sky_method,nsigma,npixels,dilate_size,mask_stars,fwhm,threshold,roundlo,roundhi,sharplo,aper_stars,aper_fact,aper_center,aper_ellip,aper_pa,dr,View,area_segmap_pix,area_psf_pix,ratio_segmap_psf,flag_area,flag_area_th,SN_gal,bck,ratio_SN_gal,flag_SN,flag_SN_th,perc_SN_flag,perc_20_SN_gal,perc_50_SN_gal,perc_80_SN_gal,flag_image,flag_bck,flag_object,flag_statmorph,index
824r,15.962603462466687,-0.25350051234426124,5000.0,0.0493,nan,3.0753132194417767,7.1059170921411905,15.695908230723,302.7835832292062,302.99522241730165,19.822377618868455,24.359092973415308,7.427829005240464,9.225999034966545,0.5793139469234887,-2.054050146694036,0.3310607889302366,-0.03899216293621727,0.4009148180484772,3.53948547883586,0.025264681795814283,0.031162860014736088,0.0,0.0,0.012451156819669018,0.014847969616932372,0.12442943322024144,0.4828733673953559,7.685218765419207,1.5672858625372945,319.9966338103997,320.00384874329166,0.32766498538711236,2.601506496106367,1.0,0.0,0.27,0.34629548650952463,1.2978884,30.0,22.5,0.2,1.5,2.5,5.0,1.0,5.0,5.0,5.0,masking_sources,2.0,5.0,11.0,1.0,3.0,10.0,-0.5,0.5,0.2,5.0,0.5,10.0,0.0,0.0,10.0,Face-on,3196.0,18.1,176.1,0.0,3.0,0.02721,0.0018899999558925629,14.4,0.0,3.0,50.0,5.1,14.4,49.4,0.0,0.0,0.0,0.0,824
