GAL,ra,dec,radvel,z,mag,r20,r50,r80,flux_c,flux_e,rpetro_c,rpetro_e,rhalf_c,rhalf_e,Gini,M20,F(G_M20),S(G_M20),SN_per_pixel,C,A,S,M,I,D,Ao,As,Ser_A,Ser_R,Ser_n,Ser_xc,Ser_yc,Ser_ellip,Ser_theta,flag_morph,flag_sersic,ima_sc_pix2arc,ima_sc_arc2kpc,psf_arcsec,size_image_phy_kpc,zp_ima,eta,petro_extent_cas,snr,area_min,debleding,area_min_deblend,skybox_x,skybox_y,sky_method,nsigma,npixels,dilate_size,mask_stars,fwhm,threshold,roundlo,roundhi,sharplo,aper_stars,aper_fact,aper_center,aper_ellip,aper_pa,dr,View,area_segmap_pix,area_psf_pix,ratio_segmap_psf,flag_area,flag_area_th,SN_gal,bck,ratio_SN_gal,flag_SN,flag_SN_th,perc_SN_flag,perc_20_SN_gal,perc_50_SN_gal,perc_80_SN_gal,flag_image,flag_bck,flag_object,flag_statmorph,index
30r,204.88019218585677,-1.2793064689891467,5000.0,0.0222,nan,7.660583760054429,16.57099248506485,30.24436275473223,86.25963410861618,86.01638682609533,35.7349112907105,56.05180515259526,16.95254071861392,25.109114825101365,0.5055822966958217,-1.7761067252368097,-0.22652567076657348,-0.07335236107905307,0.14300115406513214,2.9819128646758477,-0.048515594188805085,0.05414211689658771,0.03503184713375796,0.1520211423820623,0.052852554510479675,-0.06554434626914461,0.21994039752834219,0.05123596312025742,21.39919428290034,0.5665892706198628,318.0130039821135,318.60393342031557,0.6935967893343096,0.6122339435759309,0.0,0.0,0.27,0.34629548650952463,1.4055797,30.0,22.5,0.2,1.5,2.5,5.0,1.0,5.0,5.0,5.0,masking_sources,2.0,5.0,11.0,1.0,3.0,10.0,-0.5,0.5,0.2,5.0,0.5,10.0,0.0,0.0,10.0,Edge-on,2030.0,21.3,95.4,0.0,3.0,0.02503,0.0044200001284480095,5.7,0.0,3.0,50.0,3.6,5.7,11.5,0.0,0.0,0.0,0.0,30
