GAL,ra,dec,radvel,z,mag,r20,r50,r80,flux_c,flux_e,rpetro_c,rpetro_e,rhalf_c,rhalf_e,Gini,M20,F(G_M20),S(G_M20),SN_per_pixel,C,A,S,M,I,D,Ao,As,Ser_A,Ser_R,Ser_n,Ser_xc,Ser_yc,Ser_ellip,Ser_theta,flag_morph,flag_sersic,ima_sc_pix2arc,ima_sc_arc2kpc,psf_arcsec,size_image_phy_kpc,zp_ima,eta,petro_extent_cas,snr,area_min,debleding,area_min_deblend,skybox_x,skybox_y,sky_method,nsigma,npixels,dilate_size,mask_stars,fwhm,threshold,roundlo,roundhi,sharplo,aper_stars,aper_fact,aper_center,aper_ellip,aper_pa,dr,View,area_segmap_pix,area_psf_pix,ratio_segmap_psf,flag_area,flag_area_th,SN_gal,bck,ratio_SN_gal,flag_SN,flag_SN_th,perc_SN_flag,perc_20_SN_gal,perc_50_SN_gal,perc_80_SN_gal,flag_image,flag_bck,flag_object,flag_statmorph,index
183r,133.93907654493577,4.353395998240952,5000.0,0.034,nan,4.578803637390986,8.801533067176718,15.168061924887333,80.24617466466282,79.86457266272342,19.64723101536532,21.202403424706613,9.131797917510497,10.165399211527086,0.5519724395209527,-1.6768763627764651,-0.06566110496719357,-0.01363309930018558,0.2449556291103363,2.6008903694573346,0.1899023582915707,0.06611004314025035,0.014634146341463415,0.00679067952277941,0.03828606944205976,0.2946286081571406,0.26861679025961915,0.11552553780518826,10.178314336429741,0.6179382583421873,320.3189047646382,319.7403232177253,0.2689428499801145,2.0231406795085594,1.0,0.0,0.27,0.34629548650952463,1.2989931,30.0,22.5,0.2,1.5,2.5,5.0,1.0,5.0,5.0,5.0,masking_sources,2.0,5.0,11.0,1.0,3.0,10.0,-0.5,0.5,0.2,5.0,0.5,10.0,0.0,0.0,10.0,Face-on,1340.0,18.2,73.7,0.0,3.0,0.02958,0.002309999894350767,12.8,0.0,3.0,50.0,4.9,12.8,41.1,0.0,0.0,0.0,0.0,183
