GAL,ra,dec,radvel,z,mag,r20,r50,r80,flux_c,flux_e,rpetro_c,rpetro_e,rhalf_c,rhalf_e,Gini,M20,F(G_M20),S(G_M20),SN_per_pixel,C,A,S,M,I,D,Ao,As,Ser_A,Ser_R,Ser_n,Ser_xc,Ser_yc,Ser_ellip,Ser_theta,flag_morph,flag_sersic,ima_sc_pix2arc,ima_sc_arc2kpc,psf_arcsec,size_image_phy_kpc,zp_ima,eta,petro_extent_cas,snr,area_min,debleding,area_min_deblend,skybox_x,skybox_y,sky_method,nsigma,npixels,dilate_size,mask_stars,fwhm,threshold,roundlo,roundhi,sharplo,aper_stars,aper_fact,aper_center,aper_ellip,aper_pa,dr,View,area_segmap_pix,area_psf_pix,ratio_segmap_psf,flag_area,flag_area_th,SN_gal,bck,ratio_SN_gal,flag_SN,flag_SN_th,perc_SN_flag,perc_20_SN_gal,perc_50_SN_gal,perc_80_SN_gal,flag_image,flag_bck,flag_object,flag_statmorph,index
126r,156.6617289515472,0.9834417835856798,5000.0,0.0217,nan,4.529214510129021,8.193803990298115,14.535322650397475,107.97799044836977,107.73960510143515,18.382957130868853,22.120162319363498,8.42240075380971,10.693097496616526,0.6451799794953463,-1.7511359933049444,0.4471781418622909,0.06832027663100554,0.30551308393478394,2.5320089327961757,0.046728071759583316,0.04067046077159595,0.049429657794676805,0.03823614352377835,0.10989091302045613,-0.005293334985599956,0.2718445128824078,0.37071616308621375,8.468993071629399,0.7724933009371298,317.39968246171304,320.101954551729,0.4525519437312035,0.3772493321893196,2.0,0.0,0.27,0.34629548650952463,1.4239916,30.0,22.5,0.2,1.5,2.5,5.0,1.0,5.0,5.0,5.0,masking_sources,2.0,5.0,11.0,1.0,3.0,10.0,-0.5,0.5,0.2,5.0,0.5,10.0,0.0,0.0,10.0,Face-on,1247.0,21.8,57.1,0.0,3.0,0.02926,0.00279999990016222,10.5,0.0,3.0,50.0,4.4,10.5,33.8,0.0,0.0,0.0,0.0,126
