GAL,ra,dec,radvel,z,mag,r20,r50,r80,flux_c,flux_e,rpetro_c,rpetro_e,rhalf_c,rhalf_e,Gini,M20,F(G_M20),S(G_M20),SN_per_pixel,C,A,S,M,I,D,Ao,As,Ser_A,Ser_R,Ser_n,Ser_xc,Ser_yc,Ser_ellip,Ser_theta,flag_morph,flag_sersic,ima_sc_pix2arc,ima_sc_arc2kpc,psf_arcsec,size_image_phy_kpc,zp_ima,eta,petro_extent_cas,snr,area_min,debleding,area_min_deblend,skybox_x,skybox_y,sky_method,nsigma,npixels,dilate_size,mask_stars,fwhm,threshold,roundlo,roundhi,sharplo,aper_stars,aper_fact,aper_center,aper_ellip,aper_pa,dr,View,area_segmap_pix,area_psf_pix,ratio_segmap_psf,flag_area,flag_area_th,SN_gal,bck,ratio_SN_gal,flag_SN,flag_SN_th,perc_SN_flag,perc_20_SN_gal,perc_50_SN_gal,perc_80_SN_gal,flag_image,flag_bck,flag_object,flag_statmorph,index
552r,187.74626868265074,-3.510784637245976,5000.0,0.0657,nan,5.925314384767202,12.657048420175666,23.435591437081317,137.79857955531065,136.8485138981823,29.577503635798287,43.771425401724684,13.072820876738255,20.677607776912314,0.5066335680264302,-1.757985962325087,-0.23387956637788498,-0.06979281641702118,0.23112118244171143,2.985822600534892,0.14374145784521253,0.03662957347421658,0.004464285714285714,0.0,0.07852964188313653,0.2218623308694938,0.19746983836411697,0.12874986550728806,19.075330205137103,0.6097443281734573,318.6226211245173,319.986489977211,0.7230223057019229,3.1223398563803952,0.0,0.0,0.27,0.34629548650952463,1.4075357,30.0,22.5,0.2,1.5,2.5,5.0,1.0,5.0,5.0,5.0,masking_sources,2.0,5.0,11.0,1.0,3.0,10.0,-0.5,0.5,0.2,5.0,0.5,10.0,0.0,0.0,10.0,Edge-on,2075.0,21.3,97.2,0.0,3.0,0.03652,0.003819999983534217,9.6,0.0,3.0,50.0,4.3,9.6,25.2,0.0,0.0,0.0,0.0,552
