GAL,ra,dec,radvel,z,mag,r20,r50,r80,flux_c,flux_e,rpetro_c,rpetro_e,rhalf_c,rhalf_e,Gini,M20,F(G_M20),S(G_M20),SN_per_pixel,C,A,S,M,I,D,Ao,As,Ser_A,Ser_R,Ser_n,Ser_xc,Ser_yc,Ser_ellip,Ser_theta,flag_morph,flag_sersic,ima_sc_pix2arc,ima_sc_arc2kpc,psf_arcsec,size_image_phy_kpc,zp_ima,eta,petro_extent_cas,snr,area_min,debleding,area_min_deblend,skybox_x,skybox_y,sky_method,nsigma,npixels,dilate_size,mask_stars,fwhm,threshold,roundlo,roundhi,sharplo,aper_stars,aper_fact,aper_center,aper_ellip,aper_pa,dr,View,area_segmap_pix,area_psf_pix,ratio_segmap_psf,flag_area,flag_area_th,SN_gal,bck,ratio_SN_gal,flag_SN,flag_SN_th,perc_SN_flag,perc_20_SN_gal,perc_50_SN_gal,perc_80_SN_gal,flag_image,flag_bck,flag_object,flag_statmorph,index
559r,334.3569175248612,-9.774145808143125,5000.0,0.0973,nan,4.120862139349455,7.510457878515438,13.636355924884203,57.49434303792971,59.563439380061254,17.00753046211857,22.301660946958847,8.540374974668417,10.900551299865011,0.5325216210826087,-1.5588507585192388,-0.24373439998725477,-0.0164838505623916,0.2213582545518875,2.5985512128008392,0.2822462634935108,0.05028855357806842,0.0,0.0,0.18350230099513093,0.7324352616631634,0.4958815920584646,0.09723620911807797,9.486205266297112,0.6972393948550616,321.8899379168238,320.40693102233854,0.34007000670907206,0.13459369753475245,1.0,0.0,0.27,0.34629548650952463,1.3401525,30.0,22.5,0.2,1.5,2.5,5.0,1.0,5.0,5.0,5.0,masking_sources,2.0,5.0,11.0,1.0,3.0,10.0,-0.5,0.5,0.2,5.0,0.5,10.0,0.0,0.0,10.0,Face-on,1500.0,19.3,77.5,0.0,3.0,0.01344,0.0010400000028312206,12.9,0.0,3.0,50.0,5.4,12.9,55.3,0.0,0.0,0.0,0.0,559
