GAL,ra,dec,radvel,z,mag,r20,r50,r80,flux_c,flux_e,rpetro_c,rpetro_e,rhalf_c,rhalf_e,Gini,M20,F(G_M20),S(G_M20),SN_per_pixel,C,A,S,M,I,D,Ao,As,Ser_A,Ser_R,Ser_n,Ser_xc,Ser_yc,Ser_ellip,Ser_theta,flag_morph,flag_sersic,ima_sc_pix2arc,ima_sc_arc2kpc,psf_arcsec,size_image_phy_kpc,zp_ima,eta,petro_extent_cas,snr,area_min,debleding,area_min_deblend,skybox_x,skybox_y,sky_method,nsigma,npixels,dilate_size,mask_stars,fwhm,threshold,roundlo,roundhi,sharplo,aper_stars,aper_fact,aper_center,aper_ellip,aper_pa,dr,View,area_segmap_pix,area_psf_pix,ratio_segmap_psf,flag_area,flag_area_th,SN_gal,bck,ratio_SN_gal,flag_SN,flag_SN_th,perc_SN_flag,perc_20_SN_gal,perc_50_SN_gal,perc_80_SN_gal,flag_image,flag_bck,flag_object,flag_statmorph,index
383r,202.47381926292795,-2.4451613924676336,5000.0,0.0539,nan,9.37979051096635,14.404720569529088,22.29690007039956,117.51949320826479,115.20955740144228,29.03473222741549,33.4840526220796,15.247833308906548,18.846996264630924,0.5096050007048644,-0.6830202701488521,-0.9641221992977669,0.08256913314712527,0.24474205076694489,1.8802567426472163,0.3727886468303433,0.07275056365796582,0.6472868217054264,0.6135731406160305,0.3488111433707205,0.45706389867293484,0.2449245608514537,0.0632561306071601,17.74259004441781,0.8662562358531528,321.88132647608825,321.23191366585587,0.564939374515446,0.7366856590225319,0.0,0.0,0.27,0.34629548650952463,1.2014016,30.0,22.5,0.2,1.5,2.5,5.0,1.0,5.0,5.0,5.0,masking_sources,2.0,5.0,11.0,1.0,3.0,10.0,-0.5,0.5,0.2,5.0,0.5,10.0,0.0,0.0,10.0,Edge-on,3237.0,15.6,208.2,0.0,3.0,0.01191,0.0010000000474974513,12.0,0.0,3.0,50.0,4.7,12.0,54.1,0.0,0.0,0.0,0.0,383
