GAL,ra,dec,radvel,z,mag,r20,r50,r80,flux_c,flux_e,rpetro_c,rpetro_e,rhalf_c,rhalf_e,Gini,M20,F(G_M20),S(G_M20),SN_per_pixel,C,A,S,M,I,D,Ao,As,Ser_A,Ser_R,Ser_n,Ser_xc,Ser_yc,Ser_ellip,Ser_theta,flag_morph,flag_sersic,ima_sc_pix2arc,ima_sc_arc2kpc,psf_arcsec,size_image_phy_kpc,zp_ima,eta,petro_extent_cas,snr,area_min,debleding,area_min_deblend,skybox_x,skybox_y,sky_method,nsigma,npixels,dilate_size,mask_stars,fwhm,threshold,roundlo,roundhi,sharplo,aper_stars,aper_fact,aper_center,aper_ellip,aper_pa,dr,View,area_segmap_pix,area_psf_pix,ratio_segmap_psf,flag_area,flag_area_th,SN_gal,bck,ratio_SN_gal,flag_SN,flag_SN_th,perc_SN_flag,perc_20_SN_gal,perc_50_SN_gal,perc_80_SN_gal,flag_image,flag_bck,flag_object,flag_statmorph,index
457r,159.94103836205875,0.9460654958434268,5000.0,0.0508,nan,3.9084599348682625,7.556948119436399,13.137434188031058,174.9355668996154,184.94040920363562,16.165281728557886,24.164294119048666,8.730496691713318,12.499379405626891,0.5105022250924581,-1.705471135334193,-0.2511224890057364,-0.058663284969919294,0.3786400556564331,2.63252444513004,0.14132565514198167,0.053647299535216776,0.0,0.0,0.010829325874619164,0.4556479169834646,0.7683869090491987,0.3414015218047622,9.355806865228077,0.779518967325251,319.9088783065371,320.2041979125055,0.507305560320437,2.1419946215264423,0.0,0.0,0.27,0.34629548650952463,1.262867,30.0,22.5,0.2,1.5,2.5,5.0,1.0,5.0,5.0,5.0,masking_sources,2.0,5.0,11.0,1.0,3.0,10.0,-0.5,0.5,0.2,5.0,0.5,10.0,0.0,0.0,10.0,Edge-on,2248.0,17.2,130.8,0.0,3.0,0.0282,0.0030900000128895044,9.1,0.0,3.0,50.0,4.4,9.1,30.6,0.0,0.0,0.0,0.0,457
