GAL,ra,dec,radvel,z,mag,r20,r50,r80,flux_c,flux_e,rpetro_c,rpetro_e,rhalf_c,rhalf_e,Gini,M20,F(G_M20),S(G_M20),SN_per_pixel,C,A,S,M,I,D,Ao,As,Ser_A,Ser_R,Ser_n,Ser_xc,Ser_yc,Ser_ellip,Ser_theta,flag_morph,flag_sersic,ima_sc_pix2arc,ima_sc_arc2kpc,psf_arcsec,size_image_phy_kpc,zp_ima,eta,petro_extent_cas,snr,area_min,debleding,area_min_deblend,skybox_x,skybox_y,sky_method,nsigma,npixels,dilate_size,mask_stars,fwhm,threshold,roundlo,roundhi,sharplo,aper_stars,aper_fact,aper_center,aper_ellip,aper_pa,dr,View,area_segmap_pix,area_psf_pix,ratio_segmap_psf,flag_area,flag_area_th,SN_gal,bck,ratio_SN_gal,flag_SN,flag_SN_th,perc_SN_flag,perc_20_SN_gal,perc_50_SN_gal,perc_80_SN_gal,flag_image,flag_bck,flag_object,flag_statmorph,index
458r,226.25729473271056,2.401243738848633,5000.0,0.0402,nan,6.759102986854222,13.37330582269896,22.887413621139327,296.9491655657722,296.65249904851396,29.15826744014047,39.48425893964452,13.482966049286963,17.690353910718667,0.48691891733255793,-1.7019857726551164,-0.37027521875384295,-0.08152629423982885,0.295836865901947,2.6485382725789592,0.1879192775655238,0.021941622633503265,0.0025850926324859974,0.0,0.03293833083866561,0.25101354171654017,0.1897389317976993,0.19921011305295588,16.858899518571008,0.5807801380866859,320.47056363737227,319.75710465466125,0.49778874945424617,1.3850364429134105,0.0,0.0,0.27,0.34629548650952463,1.4169772,30.0,22.5,0.2,1.5,2.5,5.0,1.0,5.0,5.0,5.0,masking_sources,2.0,5.0,11.0,1.0,3.0,10.0,-0.5,0.5,0.2,5.0,0.5,10.0,0.0,0.0,10.0,Face-on,3210.0,21.6,148.4,0.0,3.0,0.04902,0.0037799999117851257,13.0,0.0,3.0,50.0,5.6,13.0,36.2,0.0,0.0,0.0,0.0,458
