GAL,ra,dec,radvel,z,mag,r20,r50,r80,flux_c,flux_e,rpetro_c,rpetro_e,rhalf_c,rhalf_e,Gini,M20,F(G_M20),S(G_M20),SN_per_pixel,C,A,S,M,I,D,Ao,As,Ser_A,Ser_R,Ser_n,Ser_xc,Ser_yc,Ser_ellip,Ser_theta,flag_morph,flag_sersic,ima_sc_pix2arc,ima_sc_arc2kpc,psf_arcsec,size_image_phy_kpc,zp_ima,eta,petro_extent_cas,snr,area_min,debleding,area_min_deblend,skybox_x,skybox_y,sky_method,nsigma,npixels,dilate_size,mask_stars,fwhm,threshold,roundlo,roundhi,sharplo,aper_stars,aper_fact,aper_center,aper_ellip,aper_pa,dr,View,area_segmap_pix,area_psf_pix,ratio_segmap_psf,flag_area,flag_area_th,SN_gal,bck,ratio_SN_gal,flag_SN,flag_SN_th,perc_SN_flag,perc_20_SN_gal,perc_50_SN_gal,perc_80_SN_gal,flag_image,flag_bck,flag_object,flag_statmorph,index
813r,190.03590930110246,12.14653429611433,5000.0,0.0739,nan,8.525108104508949,20.30075606185882,34.94788833565879,238.5859275865947,225.01685613983565,43.577535316565196,52.94756620287687,20.40434963657364,30.75880084927578,0.4906480323880529,-1.2065871840219002,-0.6951273211519613,-0.008974066514871815,0.28209879994392395,3.0636052226617085,0.13145151511386852,0.08191302718108266,0.22794117647058823,0.9746103907419595,0.1222124742678441,0.120136627303101,0.34905527980950457,0.22189131899219786,32.230412946806574,0.08831099257202875,321.0125577255179,316.6788683354405,0.8683435805543481,1.740572544056246,0.0,0.0,0.27,0.34629548650952463,1.4467069,30.0,22.5,0.2,1.5,2.5,5.0,1.0,5.0,5.0,5.0,masking_sources,2.0,5.0,11.0,1.0,3.0,10.0,-0.5,0.5,0.2,5.0,0.5,10.0,0.0,0.0,10.0,Edge-on,2395.0,22.5,106.2,0.0,3.0,0.05136,0.004029999952763319,12.7,0.0,3.0,50.0,4.8,12.7,41.5,0.0,0.0,0.0,0.0,813
