GAL,ra,dec,radvel,z,mag,r20,r50,r80,flux_c,flux_e,rpetro_c,rpetro_e,rhalf_c,rhalf_e,Gini,M20,F(G_M20),S(G_M20),SN_per_pixel,C,A,S,M,I,D,Ao,As,Ser_A,Ser_R,Ser_n,Ser_xc,Ser_yc,Ser_ellip,Ser_theta,flag_morph,flag_sersic,ima_sc_pix2arc,ima_sc_arc2kpc,psf_arcsec,size_image_phy_kpc,zp_ima,eta,petro_extent_cas,snr,area_min,debleding,area_min_deblend,skybox_x,skybox_y,sky_method,nsigma,npixels,dilate_size,mask_stars,fwhm,threshold,roundlo,roundhi,sharplo,aper_stars,aper_fact,aper_center,aper_ellip,aper_pa,dr,View,area_segmap_pix,area_psf_pix,ratio_segmap_psf,flag_area,flag_area_th,SN_gal,bck,ratio_SN_gal,flag_SN,flag_SN_th,perc_SN_flag,perc_20_SN_gal,perc_50_SN_gal,perc_80_SN_gal,flag_image,flag_bck,flag_object,flag_statmorph,index
734r,230.1942098557408,2.8778094250111415,5000.0,0.1419,nan,3.9038916424975,7.730739748888571,12.718062240992703,83.11494692498466,83.07062148087061,16.133315979485737,17.105297537079682,7.8564410693785645,8.338225940040747,0.4469825187581077,-1.7152280790227294,-0.5587834733846155,-0.12290400941363283,0.2792339324951172,2.5646159564269837,0.14734279582961532,0.03454975403529957,0.0,0.0,0.046185574158963745,0.25576998117767397,0.29688337907939416,0.16721019379255445,7.310151695039331,0.6131949442537472,320.61227033230136,320.0642001608495,0.12822883186680603,1.5590853070269322,1.0,0.0,0.27,0.34629548650952463,1.5145111,30.0,22.5,0.2,1.5,2.5,5.0,1.0,5.0,5.0,5.0,masking_sources,2.0,5.0,11.0,1.0,3.0,10.0,-0.5,0.5,0.2,5.0,0.5,10.0,0.0,0.0,10.0,Face-on,1142.0,24.7,46.2,0.0,3.0,0.03879,0.003100000089034438,12.5,0.0,3.0,50.0,4.6,12.5,34.0,0.0,0.0,0.0,0.0,734
