GAL,ra,dec,radvel,z,mag,r20,r50,r80,flux_c,flux_e,rpetro_c,rpetro_e,rhalf_c,rhalf_e,Gini,M20,F(G_M20),S(G_M20),SN_per_pixel,C,A,S,M,I,D,Ao,As,Ser_A,Ser_R,Ser_n,Ser_xc,Ser_yc,Ser_ellip,Ser_theta,flag_morph,flag_sersic,ima_sc_pix2arc,ima_sc_arc2kpc,psf_arcsec,size_image_phy_kpc,zp_ima,eta,petro_extent_cas,snr,area_min,debleding,area_min_deblend,skybox_x,skybox_y,sky_method,nsigma,npixels,dilate_size,mask_stars,fwhm,threshold,roundlo,roundhi,sharplo,aper_stars,aper_fact,aper_center,aper_ellip,aper_pa,dr,View,area_segmap_pix,area_psf_pix,ratio_segmap_psf,flag_area,flag_area_th,SN_gal,bck,ratio_SN_gal,flag_SN,flag_SN_th,perc_SN_flag,perc_20_SN_gal,perc_50_SN_gal,perc_80_SN_gal,flag_image,flag_bck,flag_object,flag_statmorph,index
375r,154.68529079193587,1.6644729313198443,5000.0,0.0511,nan,4.275126598566402,9.537578522100425,18.091060682635433,125.83387201923433,132.7422573861892,22.813552348480165,41.62810091180436,12.565056435164312,19.686059243446564,0.5565839033610757,-1.8427707143536647,0.0721304266844145,-0.03212706496769452,0.2251899391412735,3.132575252207878,0.1442787408631375,0.0001728819179703632,0.005649717514124294,0.004422530882649453,0.04636888176019804,0.2805031206965453,0.6159348021353441,0.14622728904938687,12.376667614476725,0.9937284733740889,319.69464974790253,320.0505775996167,0.5954253965259676,3.079134423588419,1.0,0.0,0.27,0.34629548650952463,1.4126248,30.0,22.5,0.2,1.5,2.5,5.0,1.0,5.0,5.0,5.0,masking_sources,2.0,5.0,11.0,1.0,3.0,10.0,-0.5,0.5,0.2,5.0,0.5,10.0,0.0,0.0,10.0,Edge-on,2322.0,21.5,108.0,0.0,3.0,0.02318,0.0033400000538676977,6.9,0.0,3.0,50.0,3.7,6.9,21.0,0.0,0.0,0.0,0.0,375
