GAL,ra,dec,radvel,z,mag,r20,r50,r80,flux_c,flux_e,rpetro_c,rpetro_e,rhalf_c,rhalf_e,Gini,M20,F(G_M20),S(G_M20),SN_per_pixel,C,A,S,M,I,D,Ao,As,Ser_A,Ser_R,Ser_n,Ser_xc,Ser_yc,Ser_ellip,Ser_theta,flag_morph,flag_sersic,ima_sc_pix2arc,ima_sc_arc2kpc,psf_arcsec,size_image_phy_kpc,zp_ima,eta,petro_extent_cas,snr,area_min,debleding,area_min_deblend,skybox_x,skybox_y,sky_method,nsigma,npixels,dilate_size,mask_stars,fwhm,threshold,roundlo,roundhi,sharplo,aper_stars,aper_fact,aper_center,aper_ellip,aper_pa,dr,View,area_segmap_pix,area_psf_pix,ratio_segmap_psf,flag_area,flag_area_th,SN_gal,bck,ratio_SN_gal,flag_SN,flag_SN_th,perc_SN_flag,perc_20_SN_gal,perc_50_SN_gal,perc_80_SN_gal,flag_image,flag_bck,flag_object,flag_statmorph,index
497r,323.38001552239996,-8.745032387874579,5000.0,0.049,nan,8.18141508072326,17.989359281682226,30.93752245543029,168.92010043542533,169.2637676484505,38.30188579568973,50.08495187271444,18.386948909655914,23.00429175850158,0.5055565187484142,-1.4946487932121395,-0.421703618499337,-0.03425522869555736,0.15628720819950104,2.888285522652747,0.35511803567808436,0.028402976442868426,0.04671661524900837,0.12287150300918884,0.16677471984765532,0.4534172262896836,0.6146286264952311,0.0606077343662339,14.666598321881626,0.6400912744893968,319.5599044230182,317.0951616527978,0.0959654018664989,2.5914632372698403,0.0,0.0,0.27,0.34629548650952463,1.2495475,30.0,22.5,0.2,1.5,2.5,5.0,1.0,5.0,5.0,5.0,masking_sources,2.0,5.0,11.0,1.0,3.0,10.0,-0.5,0.5,0.2,5.0,0.5,10.0,0.0,0.0,10.0,Face-on,3867.0,16.8,229.9,0.0,3.0,0.02679,0.0040799998678267,6.6,0.0,3.0,50.0,4.0,6.6,12.0,0.0,0.0,0.0,0.0,497
