GAL,ra,dec,radvel,z,mag,r20,r50,r80,flux_c,flux_e,rpetro_c,rpetro_e,rhalf_c,rhalf_e,Gini,M20,F(G_M20),S(G_M20),SN_per_pixel,C,A,S,M,I,D,Ao,As,Ser_A,Ser_R,Ser_n,Ser_xc,Ser_yc,Ser_ellip,Ser_theta,flag_morph,flag_sersic,ima_sc_pix2arc,ima_sc_arc2kpc,psf_arcsec,size_image_phy_kpc,zp_ima,eta,petro_extent_cas,snr,area_min,debleding,area_min_deblend,skybox_x,skybox_y,sky_method,nsigma,npixels,dilate_size,mask_stars,fwhm,threshold,roundlo,roundhi,sharplo,aper_stars,aper_fact,aper_center,aper_ellip,aper_pa,dr,View,area_segmap_pix,area_psf_pix,ratio_segmap_psf,flag_area,flag_area_th,SN_gal,bck,ratio_SN_gal,flag_SN,flag_SN_th,perc_SN_flag,perc_20_SN_gal,perc_50_SN_gal,perc_80_SN_gal,flag_image,flag_bck,flag_object,flag_statmorph,index
1045r,163.46492242378386,2.2595014257414725,5000.0,0.1148,nan,4.232090141111848,12.827329673835596,31.280226533940432,285.60689256771667,284.60893198552907,38.154911812431266,43.780035490628435,14.467877628500297,16.732949006573442,0.6259662433352559,-2.231417803490526,0.6849054423284509,-0.01746049378327985,0.19741563498973846,4.343574901220585,0.061498988799890984,0.01567029127800675,0.019183472700442697,0.027218113171204275,0.05688443203627334,0.08310154237597941,0.3768304873773715,0.13765804883878593,11.573037459142615,2.034316039742664,319.9950867047549,319.9956232193762,0.20824416532132822,0.3878671952286921,0.0,0.0,0.27,0.34629548650952463,1.1951829,30.0,22.5,0.2,1.5,2.5,5.0,1.0,5.0,5.0,5.0,masking_sources,2.0,5.0,11.0,1.0,3.0,10.0,-0.5,0.5,0.2,5.0,0.5,10.0,0.0,0.0,10.0,Face-on,5206.0,15.4,338.3,0.0,3.0,0.01975,0.003000000026077032,6.6,0.0,3.0,50.0,3.9,6.6,15.9,0.0,0.0,0.0,0.0,1045
