GAL,ra,dec,radvel,z,mag,r20,r50,r80,flux_c,flux_e,rpetro_c,rpetro_e,rhalf_c,rhalf_e,Gini,M20,F(G_M20),S(G_M20),SN_per_pixel,C,A,S,M,I,D,Ao,As,Ser_A,Ser_R,Ser_n,Ser_xc,Ser_yc,Ser_ellip,Ser_theta,flag_morph,flag_sersic,ima_sc_pix2arc,ima_sc_arc2kpc,psf_arcsec,size_image_phy_kpc,zp_ima,eta,petro_extent_cas,snr,area_min,debleding,area_min_deblend,skybox_x,skybox_y,sky_method,nsigma,npixels,dilate_size,mask_stars,fwhm,threshold,roundlo,roundhi,sharplo,aper_stars,aper_fact,aper_center,aper_ellip,aper_pa,dr,View,area_segmap_pix,area_psf_pix,ratio_segmap_psf,flag_area,flag_area_th,SN_gal,bck,ratio_SN_gal,flag_SN,flag_SN_th,perc_SN_flag,perc_20_SN_gal,perc_50_SN_gal,perc_80_SN_gal,flag_image,flag_bck,flag_object,flag_statmorph,index
710r,150.37263220977687,-0.4416615674327436,5000.0,0.0916,nan,4.162110237074185,7.863326777363924,12.938701813407938,116.6561903634078,116.53098954048426,16.36615093208202,17.75643770828316,8.222462581551815,8.94316741576702,0.4465175422217126,-1.7039264934207934,-0.5689171060619129,-0.12179341578599487,0.32400718331336975,2.4628856274818043,0.08431304119234882,0.035073528771147416,0.0,0.0,0.018508745868134002,0.12061168510984344,0.28338246133001377,0.19288225659908503,8.108058299415928,0.7964477619335573,319.83430123129517,319.78107422992116,0.17971138074566603,0.4634173822872321,0.0,0.0,0.27,0.34629548650952463,1.3854046,30.0,22.5,0.2,1.5,2.5,5.0,1.0,5.0,5.0,5.0,masking_sources,2.0,5.0,11.0,1.0,3.0,10.0,-0.5,0.5,0.2,5.0,0.5,10.0,0.0,0.0,10.0,Face-on,1885.0,20.7,91.2,0.0,3.0,0.01855,0.001500000013038516,12.4,0.0,3.0,50.0,4.3,12.4,61.1,0.0,0.0,0.0,0.0,710
