GAL,ra,dec,radvel,z,mag,r20,r50,r80,flux_c,flux_e,rpetro_c,rpetro_e,rhalf_c,rhalf_e,Gini,M20,F(G_M20),S(G_M20),SN_per_pixel,C,A,S,M,I,D,Ao,As,Ser_A,Ser_R,Ser_n,Ser_xc,Ser_yc,Ser_ellip,Ser_theta,flag_morph,flag_sersic,ima_sc_pix2arc,ima_sc_arc2kpc,psf_arcsec,size_image_phy_kpc,zp_ima,eta,petro_extent_cas,snr,area_min,debleding,area_min_deblend,skybox_x,skybox_y,sky_method,nsigma,npixels,dilate_size,mask_stars,fwhm,threshold,roundlo,roundhi,sharplo,aper_stars,aper_fact,aper_center,aper_ellip,aper_pa,dr,View,area_segmap_pix,area_psf_pix,ratio_segmap_psf,flag_area,flag_area_th,SN_gal,bck,ratio_SN_gal,flag_SN,flag_SN_th,perc_SN_flag,perc_20_SN_gal,perc_50_SN_gal,perc_80_SN_gal,flag_image,flag_bck,flag_object,flag_statmorph,index
1020r,195.43215398428572,-2.4328604356598995,5000.0,0.0793,nan,3.1244026139336385,7.111865161098396,14.955859538407918,261.3654893625809,259.0360907077658,18.40205547240541,21.85193020767838,8.827020595413284,11.225362086618208,0.5371773049629093,-1.9990931632017033,0.08439922166518166,-0.0730684177717566,0.4300503432750702,3.400221926232132,0.009453102850019067,0.03700030037155488,0.0,0.0,0.020933262240621257,-0.03417794005999227,0.19432682587756658,0.31708388911473917,9.31641922952475,2.1236128615481724,319.8238617624519,319.79337786719765,0.4320730509249516,2.371730749170514,0.0,0.0,0.27,0.34629548650952463,1.408468,30.0,22.5,0.2,1.5,2.5,5.0,1.0,5.0,5.0,5.0,masking_sources,2.0,5.0,11.0,1.0,3.0,10.0,-0.5,0.5,0.2,5.0,0.5,10.0,0.0,0.0,10.0,Face-on,5011.0,21.4,234.5,0.0,3.0,0.01381,0.0016700000269338489,8.3,0.0,3.0,50.0,4.3,8.3,22.9,0.0,0.0,0.0,0.0,1020
