GAL,ra,dec,radvel,z,mag,r20,r50,r80,flux_c,flux_e,rpetro_c,rpetro_e,rhalf_c,rhalf_e,Gini,M20,F(G_M20),S(G_M20),SN_per_pixel,C,A,S,M,I,D,Ao,As,Ser_A,Ser_R,Ser_n,Ser_xc,Ser_yc,Ser_ellip,Ser_theta,flag_morph,flag_sersic,ima_sc_pix2arc,ima_sc_arc2kpc,psf_arcsec,size_image_phy_kpc,zp_ima,eta,petro_extent_cas,snr,area_min,debleding,area_min_deblend,skybox_x,skybox_y,sky_method,nsigma,npixels,dilate_size,mask_stars,fwhm,threshold,roundlo,roundhi,sharplo,aper_stars,aper_fact,aper_center,aper_ellip,aper_pa,dr,View,area_segmap_pix,area_psf_pix,ratio_segmap_psf,flag_area,flag_area_th,SN_gal,bck,ratio_SN_gal,flag_SN,flag_SN_th,perc_SN_flag,perc_20_SN_gal,perc_50_SN_gal,perc_80_SN_gal,flag_image,flag_bck,flag_object,flag_statmorph,index
1193r,36.80285544959664,-0.050119912697450135,5000.0,0.026,nan,7.6486474122176045,18.80947002785942,26.515950249783998,76.30024577146196,76.20297962001527,33.318607508148496,46.62818112398146,18.967749424942333,23.037698507529985,0.6506961630253639,-1.380436008014748,0.2175881605297718,0.12530859628106028,0.14066307246685028,2.699612771273394,0.0014802796102696756,0.10866798174721994,0.6935483870967742,0.6698409365165748,0.17530375824601405,0.7288501537340258,0.3489379998648684,0.13627438751823334,14.417224608118834,0.7429485350870475,325.1136295497252,320.05361408009884,0.5274895405791649,0.5263706078324969,1.0,0.0,0.27,0.34629548650952463,1.2043236,30.0,22.5,0.2,1.5,2.5,5.0,1.0,5.0,5.0,5.0,masking_sources,2.0,5.0,11.0,1.0,3.0,10.0,-0.5,0.5,0.2,5.0,0.5,10.0,0.0,0.0,10.0,Edge-on,3203.0,15.6,205.0,0.0,3.0,0.00922,0.0008099999977275729,11.4,0.0,3.0,50.0,5.0,11.4,40.4,0.0,0.0,0.0,0.0,1193
