GAL,ra,dec,radvel,z,mag,r20,r50,r80,flux_c,flux_e,rpetro_c,rpetro_e,rhalf_c,rhalf_e,Gini,M20,F(G_M20),S(G_M20),SN_per_pixel,C,A,S,M,I,D,Ao,As,Ser_A,Ser_R,Ser_n,Ser_xc,Ser_yc,Ser_ellip,Ser_theta,flag_morph,flag_sersic,ima_sc_pix2arc,ima_sc_arc2kpc,psf_arcsec,size_image_phy_kpc,zp_ima,eta,petro_extent_cas,snr,area_min,debleding,area_min_deblend,skybox_x,skybox_y,sky_method,nsigma,npixels,dilate_size,mask_stars,fwhm,threshold,roundlo,roundhi,sharplo,aper_stars,aper_fact,aper_center,aper_ellip,aper_pa,dr,View,area_segmap_pix,area_psf_pix,ratio_segmap_psf,flag_area,flag_area_th,SN_gal,bck,ratio_SN_gal,flag_SN,flag_SN_th,perc_SN_flag,perc_20_SN_gal,perc_50_SN_gal,perc_80_SN_gal,flag_image,flag_bck,flag_object,flag_statmorph,index
919r,172.66833994910186,-1.3794421484240413,5000.0,0.1213,nan,3.9006146316416235,8.308141099376261,14.952602933616504,105.080357350789,104.30809323998923,18.853277023516362,22.9039331196329,8.596432917095465,11.372873154523516,0.477094137885822,-1.8694158112116466,-0.30287886029551014,-0.11452560125145517,0.29382655024528503,2.917918776306712,-0.04720369639795318,-0.003880519163817891,0.005154639175257732,0.0,0.009345226059251798,-0.21549240616814808,0.280701951348055,0.18654411668570092,9.824646992362316,0.7883476654547321,320.1351194716816,320.014687679063,0.5161741674666837,0.6751411215400943,0.0,0.0,0.27,0.34629548650952463,1.3413922,30.0,22.5,0.2,1.5,2.5,5.0,1.0,5.0,5.0,5.0,masking_sources,2.0,5.0,11.0,1.0,3.0,10.0,-0.5,0.5,0.2,5.0,0.5,10.0,0.0,0.0,10.0,Edge-on,1267.0,19.4,65.4,0.0,3.0,0.03581,0.004189999774098396,8.5,0.0,3.0,50.0,3.9,8.5,27.9,0.0,0.0,0.0,0.0,919
