GAL,ra,dec,radvel,z,mag,r20,r50,r80,flux_c,flux_e,rpetro_c,rpetro_e,rhalf_c,rhalf_e,Gini,M20,F(G_M20),S(G_M20),SN_per_pixel,C,A,S,M,I,D,Ao,As,Ser_A,Ser_R,Ser_n,Ser_xc,Ser_yc,Ser_ellip,Ser_theta,flag_morph,flag_sersic,ima_sc_pix2arc,ima_sc_arc2kpc,psf_arcsec,size_image_phy_kpc,zp_ima,eta,petro_extent_cas,snr,area_min,debleding,area_min_deblend,skybox_x,skybox_y,sky_method,nsigma,npixels,dilate_size,mask_stars,fwhm,threshold,roundlo,roundhi,sharplo,aper_stars,aper_fact,aper_center,aper_ellip,aper_pa,dr,View,area_segmap_pix,area_psf_pix,ratio_segmap_psf,flag_area,flag_area_th,SN_gal,bck,ratio_SN_gal,flag_SN,flag_SN_th,perc_SN_flag,perc_20_SN_gal,perc_50_SN_gal,perc_80_SN_gal,flag_image,flag_bck,flag_object,flag_statmorph,index
1066r,35.867607951340474,-8.865413480166142,5000.0,0.1632,nan,8.39296591792494,26.48202904151653,61.31483396005755,458.53988372046655,462.9261050290887,75.64225282219711,93.0761887832984,36.22066745816702,37.31620590130168,0.6149131559042211,-2.361442405372061,0.7202997086487333,-0.046476470001537595,0.11982039362192154,4.3182504849875265,0.13746527973145803,0.03409539687171265,0.04076850984067479,0.0843997689591719,0.027395086339227104,0.28700313818128753,0.4608029712749209,0.05261276527089892,23.204668648768507,1.9254814448661588,319.9838177921902,319.98589111799384,0.23375419742331355,0.7166216478247049,1.0,0.0,0.27,0.34629548650952463,1.2503955,30.0,22.5,0.2,1.5,2.5,5.0,1.0,5.0,5.0,5.0,masking_sources,2.0,5.0,11.0,1.0,3.0,10.0,-0.5,0.5,0.2,5.0,0.5,10.0,0.0,0.0,10.0,Face-on,13219.0,16.8,784.8,0.0,3.0,0.01349,0.0021100000012665987,6.4,0.0,3.0,50.0,4.2,6.4,13.1,0.0,0.0,0.0,0.0,1066
