GAL,ra,dec,radvel,z,mag,r20,r50,r80,flux_c,flux_e,rpetro_c,rpetro_e,rhalf_c,rhalf_e,Gini,M20,F(G_M20),S(G_M20),SN_per_pixel,C,A,S,M,I,D,Ao,As,Ser_A,Ser_R,Ser_n,Ser_xc,Ser_yc,Ser_ellip,Ser_theta,flag_morph,flag_sersic,ima_sc_pix2arc,ima_sc_arc2kpc,psf_arcsec,size_image_phy_kpc,zp_ima,eta,petro_extent_cas,snr,area_min,debleding,area_min_deblend,skybox_x,skybox_y,sky_method,nsigma,npixels,dilate_size,mask_stars,fwhm,threshold,roundlo,roundhi,sharplo,aper_stars,aper_fact,aper_center,aper_ellip,aper_pa,dr,View,area_segmap_pix,area_psf_pix,ratio_segmap_psf,flag_area,flag_area_th,SN_gal,bck,ratio_SN_gal,flag_SN,flag_SN_th,perc_SN_flag,perc_20_SN_gal,perc_50_SN_gal,perc_80_SN_gal,flag_image,flag_bck,flag_object,flag_statmorph,index
136r,330.8432575228825,-9.299535543500799,5000.0,0.0175,nan,9.614402471614188,21.537679744076197,38.38716726663727,491.79790457146277,491.5790168505805,48.651719019385546,58.9837217190092,21.676938630498285,25.76428798503387,0.5225483252638924,-1.745149232232283,-0.16399737200676068,-0.052252901269033925,0.22416937351226807,3.006318833812599,0.06858846185824945,-0.02824799191642744,1.0,0.21396598749816706,0.05479818309194983,0.0357753233097562,0.23641366522824545,0.1142860920081544,23.176274200051672,0.9232216870900469,319.4310982081428,319.82979328782926,0.4124290096393945,1.2354213542469397,0.0,0.0,0.27,0.34629548650952463,1.4497781,30.0,22.5,0.2,1.5,2.5,5.0,1.0,5.0,5.0,5.0,masking_sources,2.0,5.0,11.0,1.0,3.0,10.0,-0.5,0.5,0.2,5.0,0.5,10.0,0.0,0.0,10.0,Face-on,6446.0,22.6,284.7,0.0,3.0,0.03767,0.005249999929219484,7.2,0.0,3.0,50.0,4.0,7.2,16.2,0.0,0.0,0.0,0.0,136
