GAL,ra,dec,radvel,z,mag,r20,r50,r80,flux_c,flux_e,rpetro_c,rpetro_e,rhalf_c,rhalf_e,Gini,M20,F(G_M20),S(G_M20),SN_per_pixel,C,A,S,M,I,D,Ao,As,Ser_A,Ser_R,Ser_n,Ser_xc,Ser_yc,Ser_ellip,Ser_theta,flag_morph,flag_sersic,ima_sc_pix2arc,ima_sc_arc2kpc,psf_arcsec,size_image_phy_kpc,zp_ima,eta,petro_extent_cas,snr,area_min,debleding,area_min_deblend,skybox_x,skybox_y,sky_method,nsigma,npixels,dilate_size,mask_stars,fwhm,threshold,roundlo,roundhi,sharplo,aper_stars,aper_fact,aper_center,aper_ellip,aper_pa,dr,View,area_segmap_pix,area_psf_pix,ratio_segmap_psf,flag_area,flag_area_th,SN_gal,bck,ratio_SN_gal,flag_SN,flag_SN_th,perc_SN_flag,perc_20_SN_gal,perc_50_SN_gal,perc_80_SN_gal,flag_image,flag_bck,flag_object,flag_statmorph,index
231r,205.47332787130384,2.207610677644246,5000.0,0.0335,nan,11.664925908629916,26.710526960939152,44.33831510560198,175.91007722900528,176.22773296842234,55.55862089161285,59.74406058794187,26.190772196899413,28.440718155785436,0.4676477683019706,-1.8289973722129163,-0.37764836796169465,-0.11825934411864453,0.11885654926300049,2.899486004337727,-0.17403002131116813,-0.03996867102801077,0.05534677143833276,0.13226471091970013,0.0306086404702615,-0.32875546790516086,0.1794334067270931,0.026967280495652106,21.2402424308163,0.9448242017659431,321.45303671614425,320.03127530971483,0.17044756883426743,0.49912602950702745,2.0,0.0,0.27,0.34629548650952463,1.4310724,30.0,22.5,0.2,1.5,2.5,5.0,1.0,5.0,5.0,5.0,masking_sources,2.0,5.0,11.0,1.0,3.0,10.0,-0.5,0.5,0.2,5.0,0.5,10.0,0.0,0.0,10.0,Face-on,4690.0,22.1,212.6,0.0,3.0,0.01859,0.004139999859035015,4.5,0.0,3.0,50.0,3.4,4.5,7.8,0.0,0.0,0.0,0.0,231
