GAL,ra,dec,radvel,z,mag,r20,r50,r80,flux_c,flux_e,rpetro_c,rpetro_e,rhalf_c,rhalf_e,Gini,M20,F(G_M20),S(G_M20),SN_per_pixel,C,A,S,M,I,D,Ao,As,Ser_A,Ser_R,Ser_n,Ser_xc,Ser_yc,Ser_ellip,Ser_theta,flag_morph,flag_sersic,ima_sc_pix2arc,ima_sc_arc2kpc,psf_arcsec,size_image_phy_kpc,zp_ima,eta,petro_extent_cas,snr,area_min,debleding,area_min_deblend,skybox_x,skybox_y,sky_method,nsigma,npixels,dilate_size,mask_stars,fwhm,threshold,roundlo,roundhi,sharplo,aper_stars,aper_fact,aper_center,aper_ellip,aper_pa,dr,View,area_segmap_pix,area_psf_pix,ratio_segmap_psf,flag_area,flag_area_th,SN_gal,bck,ratio_SN_gal,flag_SN,flag_SN_th,perc_SN_flag,perc_20_SN_gal,perc_50_SN_gal,perc_80_SN_gal,flag_image,flag_bck,flag_object,flag_statmorph,index
986r,343.4513458945003,-8.773496603449013,5000.0,0.1502,nan,2.637643437739189,5.544747905671132,10.950311993984913,139.91365468534286,140.60417083710735,13.483172359490434,15.039396634660472,6.32831542963915,6.8878325623022425,0.5419700453710289,-1.8975067506838807,0.03772390281052207,-0.05420309342774088,0.39146891236305237,3.0910520342738805,0.048867978349026446,0.0010662980008193444,0.00202020202020202,0.0,0.04926908916865327,0.14089883722410532,0.587845892438098,0.4154302938840874,5.08201313872193,1.855892073871042,319.521524897819,319.9885273234263,0.20374549422501267,1.6162764152535416,0.0,0.0,0.27,0.34629548650952463,1.6333538,30.0,22.5,0.2,1.5,2.5,5.0,1.0,5.0,5.0,5.0,masking_sources,2.0,5.0,11.0,1.0,3.0,10.0,-0.5,0.5,0.2,5.0,0.5,10.0,0.0,0.0,10.0,Face-on,1454.0,28.7,50.6,0.0,3.0,0.03296,0.003530000103637576,9.3,0.0,3.0,50.0,4.3,9.3,27.9,0.0,0.0,0.0,0.0,986
