GAL,ra,dec,radvel,z,mag,r20,r50,r80,flux_c,flux_e,rpetro_c,rpetro_e,rhalf_c,rhalf_e,Gini,M20,F(G_M20),S(G_M20),SN_per_pixel,C,A,S,M,I,D,Ao,As,Ser_A,Ser_R,Ser_n,Ser_xc,Ser_yc,Ser_ellip,Ser_theta,flag_morph,flag_sersic,ima_sc_pix2arc,ima_sc_arc2kpc,psf_arcsec,size_image_phy_kpc,zp_ima,eta,petro_extent_cas,snr,area_min,debleding,area_min_deblend,skybox_x,skybox_y,sky_method,nsigma,npixels,dilate_size,mask_stars,fwhm,threshold,roundlo,roundhi,sharplo,aper_stars,aper_fact,aper_center,aper_ellip,aper_pa,dr,View,area_segmap_pix,area_psf_pix,ratio_segmap_psf,flag_area,flag_area_th,SN_gal,bck,ratio_SN_gal,flag_SN,flag_SN_th,perc_SN_flag,perc_20_SN_gal,perc_50_SN_gal,perc_80_SN_gal,flag_image,flag_bck,flag_object,flag_statmorph,index
253r,56.86796352366029,-6.869873652414315,5000.0,0.0207,nan,7.296572304140981,13.41095675049856,22.38557809401182,159.62769535356747,159.28850860275804,29.322927183917866,34.241217615543526,13.41148825034252,15.687080584137007,0.4760964632749183,-1.557666260982965,-0.5238597879279601,-0.07218011163446308,0.21252427995204926,2.434247119308984,0.0573326566807459,0.008543939933098642,0.007912355447352405,0.008899908286923093,0.023013346741847483,0.0014546449365998692,0.1988083239943137,0.10414321806649554,14.259793763125632,0.5275365869264612,320.5634234400485,319.8722744507362,0.2672922805609101,2.838873463657055,0.0,0.0,0.27,0.34629548650952463,1.6770319,30.0,22.5,0.2,1.5,2.5,5.0,1.0,5.0,5.0,5.0,masking_sources,2.0,5.0,11.0,1.0,3.0,10.0,-0.5,0.5,0.2,5.0,0.5,10.0,0.0,0.0,10.0,Face-on,2652.0,30.3,87.5,0.0,3.0,0.03274,0.00418000016361475,7.8,0.0,3.0,50.0,4.1,7.8,21.8,0.0,0.0,0.0,0.0,253
