GAL,ra,dec,radvel,z,mag,r20,r50,r80,flux_c,flux_e,rpetro_c,rpetro_e,rhalf_c,rhalf_e,Gini,M20,F(G_M20),S(G_M20),SN_per_pixel,C,A,S,M,I,D,Ao,As,Ser_A,Ser_R,Ser_n,Ser_xc,Ser_yc,Ser_ellip,Ser_theta,flag_morph,flag_sersic,ima_sc_pix2arc,ima_sc_arc2kpc,psf_arcsec,size_image_phy_kpc,zp_ima,eta,petro_extent_cas,snr,area_min,debleding,area_min_deblend,skybox_x,skybox_y,sky_method,nsigma,npixels,dilate_size,mask_stars,fwhm,threshold,roundlo,roundhi,sharplo,aper_stars,aper_fact,aper_center,aper_ellip,aper_pa,dr,View,area_segmap_pix,area_psf_pix,ratio_segmap_psf,flag_area,flag_area_th,SN_gal,bck,ratio_SN_gal,flag_SN,flag_SN_th,perc_SN_flag,perc_20_SN_gal,perc_50_SN_gal,perc_80_SN_gal,flag_image,flag_bck,flag_object,flag_statmorph,index
640r,145.7294110565963,0.1268856860542068,5000.0,0.0367,nan,4.518718222380611,10.198222475431967,19.514608847751905,240.11144402997564,238.98087632934056,24.71578556722696,33.24351110843688,10.882994965596044,15.512416289890735,0.5307410836581905,-1.8585198605015227,-0.04487737256440205,-0.05990058778810314,0.3596743643283844,3.1767229508755506,0.12860420030295588,0.04952198340659303,0.0,0.0,0.029783804400447318,0.1563054381629236,0.22130857119865907,0.31692006360926445,14.34672863301825,0.8742131397481268,320.2547914245563,319.75157405616255,0.7034770257090237,2.9490098194341923,0.0,0.0,0.27,0.34629548650952463,1.2788512,30.0,22.5,0.2,1.5,2.5,5.0,1.0,5.0,5.0,5.0,masking_sources,2.0,5.0,11.0,1.0,3.0,10.0,-0.5,0.5,0.2,5.0,0.5,10.0,0.0,0.0,10.0,Edge-on,2873.0,17.6,163.1,0.0,3.0,0.02333,0.0022499999031424522,10.4,0.0,3.0,50.0,4.1,10.4,47.3,0.0,0.0,0.0,0.0,640
