GAL,ra,dec,radvel,z,mag,r20,r50,r80,flux_c,flux_e,rpetro_c,rpetro_e,rhalf_c,rhalf_e,Gini,M20,F(G_M20),S(G_M20),SN_per_pixel,C,A,S,M,I,D,Ao,As,Ser_A,Ser_R,Ser_n,Ser_xc,Ser_yc,Ser_ellip,Ser_theta,flag_morph,flag_sersic,ima_sc_pix2arc,ima_sc_arc2kpc,psf_arcsec,size_image_phy_kpc,zp_ima,eta,petro_extent_cas,snr,area_min,debleding,area_min_deblend,skybox_x,skybox_y,sky_method,nsigma,npixels,dilate_size,mask_stars,fwhm,threshold,roundlo,roundhi,sharplo,aper_stars,aper_fact,aper_center,aper_ellip,aper_pa,dr,View,area_segmap_pix,area_psf_pix,ratio_segmap_psf,flag_area,flag_area_th,SN_gal,bck,ratio_SN_gal,flag_SN,flag_SN_th,perc_SN_flag,perc_20_SN_gal,perc_50_SN_gal,perc_80_SN_gal,flag_image,flag_bck,flag_object,flag_statmorph,index
128r,140.92267035527112,10.061365716498976,5000.0,0.0286,nan,7.848139701604415,15.236973453621198,24.174216176949642,88.39772091304583,88.55329578898576,30.769757424588658,32.0890289393388,15.234561257320388,15.600266075998077,0.45872036098500313,-1.6452134767605782,-0.5492012737291541,-0.10155151589456732,0.1483113020658493,2.4429283815333447,0.005694162070730253,-0.009723796670620217,0.01680672268907563,0.09687283349374762,0.02008829976165812,0.016464771754753586,0.25721558089060637,0.0494849966021924,13.470724980268496,0.42760704187410054,321.19208389775685,319.6918334847792,0.0679411678926424,0.16821205998505298,0.0,0.0,0.27,0.34629548650952463,1.3650848,30.0,22.5,0.2,1.5,2.5,5.0,1.0,5.0,5.0,5.0,masking_sources,2.0,5.0,11.0,1.0,3.0,10.0,-0.5,0.5,0.2,5.0,0.5,10.0,0.0,0.0,10.0,Face-on,1965.0,20.1,97.9,0.0,3.0,0.03101,0.004650000017136335,6.7,0.0,3.0,50.0,3.8,6.7,11.1,0.0,0.0,0.0,0.0,128
