GAL,ra,dec,radvel,z,mag,r20,r50,r80,flux_c,flux_e,rpetro_c,rpetro_e,rhalf_c,rhalf_e,Gini,M20,F(G_M20),S(G_M20),SN_per_pixel,C,A,S,M,I,D,Ao,As,Ser_A,Ser_R,Ser_n,Ser_xc,Ser_yc,Ser_ellip,Ser_theta,flag_morph,flag_sersic,ima_sc_pix2arc,ima_sc_arc2kpc,psf_arcsec,size_image_phy_kpc,zp_ima,eta,petro_extent_cas,snr,area_min,debleding,area_min_deblend,skybox_x,skybox_y,sky_method,nsigma,npixels,dilate_size,mask_stars,fwhm,threshold,roundlo,roundhi,sharplo,aper_stars,aper_fact,aper_center,aper_ellip,aper_pa,dr,View,area_segmap_pix,area_psf_pix,ratio_segmap_psf,flag_area,flag_area_th,SN_gal,bck,ratio_SN_gal,flag_SN,flag_SN_th,perc_SN_flag,perc_20_SN_gal,perc_50_SN_gal,perc_80_SN_gal,flag_image,flag_bck,flag_object,flag_statmorph,index
569r,126.50562444693354,30.07931470965079,5000.0,0.0814,nan,3.997178355913577,7.563085803524316,12.480777570493151,90.40375441051856,90.48740201220167,16.41775230214589,18.62469740127666,7.590574591336876,8.960891927683155,0.4534476795304965,-1.6754369988829503,-0.5543561460981579,-0.11097254010953858,0.30185139179229736,2.472440581270721,0.14427882910817602,0.0364236081762026,0.040372670807453416,0.054120060929803905,0.026011474596464763,0.24068493894101908,0.19116577886983174,0.22109269842306212,7.978475723699491,0.5455275124706612,320.10887112341044,320.2137686819912,0.3633943973051351,1.6593513489260505,0.0,0.0,0.27,0.34629548650952463,1.6386769,30.0,22.5,0.2,1.5,2.5,5.0,1.0,5.0,5.0,5.0,masking_sources,2.0,5.0,11.0,1.0,3.0,10.0,-0.5,0.5,0.2,5.0,0.5,10.0,0.0,0.0,10.0,Face-on,1033.0,28.9,35.7,0.0,3.0,0.0473,0.0032399999909102917,14.6,0.0,3.0,50.0,4.9,14.6,43.4,0.0,0.0,0.0,0.0,569
