GAL,ra,dec,radvel,z,mag,r20,r50,r80,flux_c,flux_e,rpetro_c,rpetro_e,rhalf_c,rhalf_e,Gini,M20,F(G_M20),S(G_M20),SN_per_pixel,C,A,S,M,I,D,Ao,As,Ser_A,Ser_R,Ser_n,Ser_xc,Ser_yc,Ser_ellip,Ser_theta,flag_morph,flag_sersic,ima_sc_pix2arc,ima_sc_arc2kpc,psf_arcsec,size_image_phy_kpc,zp_ima,eta,petro_extent_cas,snr,area_min,debleding,area_min_deblend,skybox_x,skybox_y,sky_method,nsigma,npixels,dilate_size,mask_stars,fwhm,threshold,roundlo,roundhi,sharplo,aper_stars,aper_fact,aper_center,aper_ellip,aper_pa,dr,View,area_segmap_pix,area_psf_pix,ratio_segmap_psf,flag_area,flag_area_th,SN_gal,bck,ratio_SN_gal,flag_SN,flag_SN_th,perc_SN_flag,perc_20_SN_gal,perc_50_SN_gal,perc_80_SN_gal,flag_image,flag_bck,flag_object,flag_statmorph,index
1185r,130.08262258820116,27.740244675146588,5000.0,0.0253,nan,10.877546185457437,19.92557624234914,29.17132771075503,882.7662069316974,882.6759035581131,36.459593844506635,37.4393723508702,20.16611646715177,20.705706346044867,0.4307361084978719,-1.57633102444431,-0.7354588629956273,-0.11968126498486592,0.4162719249725342,2.1421263009754634,0.18524180867036547,0.04942752852992029,0.05380333951762523,0.1705345959560017,0.03840279264412,0.2301464551964908,0.17928288522497043,0.30123523035509736,18.811098714184173,0.47144602161799404,319.3088337301711,319.9659814668488,0.055370261008879824,2.782581151287653,0.0,0.0,0.27,0.34629548650952463,1.5292234,30.0,22.5,0.2,1.5,2.5,5.0,1.0,5.0,5.0,5.0,masking_sources,2.0,5.0,11.0,1.0,3.0,10.0,-0.5,0.5,0.2,5.0,0.5,10.0,0.0,0.0,10.0,Face-on,6749.0,25.2,267.9,0.0,3.0,0.05711,0.003920000046491623,14.6,0.0,3.0,50.0,4.7,14.6,60.3,0.0,0.0,0.0,0.0,1185
