GAL,ra,dec,radvel,z,mag,r20,r50,r80,flux_c,flux_e,rpetro_c,rpetro_e,rhalf_c,rhalf_e,Gini,M20,F(G_M20),S(G_M20),SN_per_pixel,C,A,S,M,I,D,Ao,As,Ser_A,Ser_R,Ser_n,Ser_xc,Ser_yc,Ser_ellip,Ser_theta,flag_morph,flag_sersic,ima_sc_pix2arc,ima_sc_arc2kpc,psf_arcsec,size_image_phy_kpc,zp_ima,eta,petro_extent_cas,snr,area_min,debleding,area_min_deblend,skybox_x,skybox_y,sky_method,nsigma,npixels,dilate_size,mask_stars,fwhm,threshold,roundlo,roundhi,sharplo,aper_stars,aper_fact,aper_center,aper_ellip,aper_pa,dr,View,area_segmap_pix,area_psf_pix,ratio_segmap_psf,flag_area,flag_area_th,SN_gal,bck,ratio_SN_gal,flag_SN,flag_SN_th,perc_SN_flag,perc_20_SN_gal,perc_50_SN_gal,perc_80_SN_gal,flag_image,flag_bck,flag_object,flag_statmorph,index
1166r,325.1420024515503,-8.272956572965748,5000.0,0.0206,nan,8.895065365684752,18.251152139748967,33.86356648005274,85.27550895324575,83.91716768501435,46.77989926810788,49.53780669029135,18.02206925549012,20.43941482919101,0.5347195454056478,-0.9918078506742805,-0.6258154097247668,0.06451105870786628,0.11399873346090317,2.902917759113838,0.2713248023196803,0.07131008143022437,0.008744038155802861,0.020622026902329876,0.06883462188046384,0.392397213357465,0.2883713192645554,0.03546360157384546,15.35345825099241,0.5340657771859587,319.2606906071686,319.89164500628647,0.2660464688937486,1.5427689099071629,0.0,0.0,0.27,0.34629548650952463,1.4413041,30.0,22.5,0.2,1.5,2.5,5.0,1.0,5.0,5.0,5.0,masking_sources,2.0,5.0,11.0,1.0,3.0,10.0,-0.5,0.5,0.2,5.0,0.5,10.0,0.0,0.0,10.0,Face-on,1755.0,22.4,78.4,0.0,3.0,0.0252,0.004639999940991402,5.4,0.0,3.0,50.0,3.6,5.4,9.3,0.0,0.0,0.0,0.0,1166
