GAL,ra,dec,radvel,z,mag,r20,r50,r80,flux_c,flux_e,rpetro_c,rpetro_e,rhalf_c,rhalf_e,Gini,M20,F(G_M20),S(G_M20),SN_per_pixel,C,A,S,M,I,D,Ao,As,Ser_A,Ser_R,Ser_n,Ser_xc,Ser_yc,Ser_ellip,Ser_theta,flag_morph,flag_sersic,ima_sc_pix2arc,ima_sc_arc2kpc,psf_arcsec,size_image_phy_kpc,zp_ima,eta,petro_extent_cas,snr,area_min,debleding,area_min_deblend,skybox_x,skybox_y,sky_method,nsigma,npixels,dilate_size,mask_stars,fwhm,threshold,roundlo,roundhi,sharplo,aper_stars,aper_fact,aper_center,aper_ellip,aper_pa,dr,View,area_segmap_pix,area_psf_pix,ratio_segmap_psf,flag_area,flag_area_th,SN_gal,bck,ratio_SN_gal,flag_SN,flag_SN_th,perc_SN_flag,perc_20_SN_gal,perc_50_SN_gal,perc_80_SN_gal,flag_image,flag_bck,flag_object,flag_statmorph,index
575r,203.40200190606905,1.419446881810627,5000.0,0.0838,nan,6.458180344083447,13.94114946219861,24.190830623100318,88.42517587435074,88.30734848592152,30.595017498449206,36.73577913717257,14.143025916926634,16.183024334312755,0.4974319624707787,-1.8875208214044874,-0.18965985653633544,-0.09690775132915286,0.14481118321418762,2.867703060954371,-0.08268644977597335,-0.051921249469121716,0.013071895424836602,0.031814913189757946,0.01432638932840862,-0.15093500765811504,0.23675415158631868,0.05224368810278551,13.516536828072656,0.767165498320705,319.4163382371895,319.4117708137306,0.2930405877196754,1.2695644307135128,0.0,0.0,0.27,0.34629548650952463,1.5275905,30.0,22.5,0.2,1.5,2.5,5.0,1.0,5.0,5.0,5.0,masking_sources,2.0,5.0,11.0,1.0,3.0,10.0,-0.5,0.5,0.2,5.0,0.5,10.0,0.0,0.0,10.0,Face-on,1932.0,25.1,76.8,0.0,3.0,0.02552,0.004509999882429838,5.7,0.0,3.0,50.0,3.5,5.7,11.2,0.0,0.0,0.0,0.0,575
