GAL,ra,dec,radvel,z,mag,r20,r50,r80,flux_c,flux_e,rpetro_c,rpetro_e,rhalf_c,rhalf_e,Gini,M20,F(G_M20),S(G_M20),SN_per_pixel,C,A,S,M,I,D,Ao,As,Ser_A,Ser_R,Ser_n,Ser_xc,Ser_yc,Ser_ellip,Ser_theta,flag_morph,flag_sersic,ima_sc_pix2arc,ima_sc_arc2kpc,psf_arcsec,size_image_phy_kpc,zp_ima,eta,petro_extent_cas,snr,area_min,debleding,area_min_deblend,skybox_x,skybox_y,sky_method,nsigma,npixels,dilate_size,mask_stars,fwhm,threshold,roundlo,roundhi,sharplo,aper_stars,aper_fact,aper_center,aper_ellip,aper_pa,dr,View,area_segmap_pix,area_psf_pix,ratio_segmap_psf,flag_area,flag_area_th,SN_gal,bck,ratio_SN_gal,flag_SN,flag_SN_th,perc_SN_flag,perc_20_SN_gal,perc_50_SN_gal,perc_80_SN_gal,flag_image,flag_bck,flag_object,flag_statmorph,index
953r,5.173745539047411,-0.14153659998370607,5000.0,0.1426,nan,2.112883248960584,4.379624660769735,8.266445429790139,71.46008806221458,71.53033569595553,10.40575161204311,10.885588529186311,4.730650019385414,4.95590502266908,0.5301320457250605,-1.8446067472080343,-0.05753389784578289,-0.05856961259410698,0.3712250590324402,2.9622165155785005,0.03363421421206332,0.06440148940622295,0.0,0.0,0.009718400166813532,0.03213893504884468,0.17740572271709215,0.33511130681955564,3.836808348378774,1.5497644475441394,319.9823327550543,320.1013068842391,0.05557142493592646,1.1605982034308011,1.0,0.0,0.27,0.34629548650952463,1.1999367,30.0,22.5,0.2,1.5,2.5,5.0,1.0,5.0,5.0,5.0,masking_sources,2.0,5.0,11.0,1.0,3.0,10.0,-0.5,0.5,0.2,5.0,0.5,10.0,0.0,0.0,10.0,Face-on,996.0,15.5,64.2,0.0,3.0,0.01855,0.002520000096410513,7.4,0.0,3.0,50.0,3.7,7.4,29.8,0.0,0.0,0.0,0.0,953
