GAL,ra,dec,radvel,z,mag,r20,r50,r80,flux_c,flux_e,rpetro_c,rpetro_e,rhalf_c,rhalf_e,Gini,M20,F(G_M20),S(G_M20),SN_per_pixel,C,A,S,M,I,D,Ao,As,Ser_A,Ser_R,Ser_n,Ser_xc,Ser_yc,Ser_ellip,Ser_theta,flag_morph,flag_sersic,ima_sc_pix2arc,ima_sc_arc2kpc,psf_arcsec,size_image_phy_kpc,zp_ima,eta,petro_extent_cas,snr,area_min,debleding,area_min_deblend,skybox_x,skybox_y,sky_method,nsigma,npixels,dilate_size,mask_stars,fwhm,threshold,roundlo,roundhi,sharplo,aper_stars,aper_fact,aper_center,aper_ellip,aper_pa,dr,View,area_segmap_pix,area_psf_pix,ratio_segmap_psf,flag_area,flag_area_th,SN_gal,bck,ratio_SN_gal,flag_SN,flag_SN_th,perc_SN_flag,perc_20_SN_gal,perc_50_SN_gal,perc_80_SN_gal,flag_image,flag_bck,flag_object,flag_statmorph,index
251r,143.13691303175855,6.941618423925037,5000.0,0.0319,nan,5.60273538334718,10.695948102338477,17.739304506724512,127.81661003204123,128.59210699151123,22.241642817148186,27.437153738991483,10.911892748380899,13.396754929461148,0.45451419124159964,-1.678899352491008,-0.546677502077813,-0.11039796066706653,0.2507758140563965,2.5026823873262543,0.08035957157943635,0.0027824710466524006,0.003278688524590164,0.0,0.06673989363293999,0.09212538198867677,0.28453864153697106,0.13257887457494535,11.9295275410836,0.5700973847693899,319.33390851397996,318.9298923692614,0.35224153049244866,1.516804395878922,0.0,0.0,0.27,0.34629548650952463,1.6297542,30.0,22.5,0.2,1.5,2.5,5.0,1.0,5.0,5.0,5.0,masking_sources,2.0,5.0,11.0,1.0,3.0,10.0,-0.5,0.5,0.2,5.0,0.5,10.0,0.0,0.0,10.0,Face-on,1854.0,28.6,64.8,0.0,3.0,0.03808,0.00394000019878149,9.7,0.0,3.0,50.0,4.2,9.7,26.2,0.0,0.0,0.0,0.0,251
