GAL,ra,dec,radvel,z,mag,r20,r50,r80,flux_c,flux_e,rpetro_c,rpetro_e,rhalf_c,rhalf_e,Gini,M20,F(G_M20),S(G_M20),SN_per_pixel,C,A,S,M,I,D,Ao,As,Ser_A,Ser_R,Ser_n,Ser_xc,Ser_yc,Ser_ellip,Ser_theta,flag_morph,flag_sersic,ima_sc_pix2arc,ima_sc_arc2kpc,psf_arcsec,size_image_phy_kpc,zp_ima,eta,petro_extent_cas,snr,area_min,debleding,area_min_deblend,skybox_x,skybox_y,sky_method,nsigma,npixels,dilate_size,mask_stars,fwhm,threshold,roundlo,roundhi,sharplo,aper_stars,aper_fact,aper_center,aper_ellip,aper_pa,dr,View,area_segmap_pix,area_psf_pix,ratio_segmap_psf,flag_area,flag_area_th,SN_gal,bck,ratio_SN_gal,flag_SN,flag_SN_th,perc_SN_flag,perc_20_SN_gal,perc_50_SN_gal,perc_80_SN_gal,flag_image,flag_bck,flag_object,flag_statmorph,index
625r,217.6102655735643,3.9146807374605075,5000.0,0.0728,nan,4.191052450099888,8.458463290602046,14.87806013358747,77.0684824686235,76.93157729305247,18.988728329159542,24.63612181295977,8.52365503612304,12.166177137484622,0.4571950300236203,-1.7403286203893151,-0.49083686745328414,-0.11628259851073078,0.2695769965648651,2.751116068616577,0.062069216820216155,0.027407742726947324,0.0,0.0,0.01254642284952053,0.09019405817734404,0.17553926212950335,0.16827410746229124,11.569251998218665,0.5602881326269541,319.7923181684354,319.84175280872637,0.6564767224325481,1.1943339532147685,0.0,0.0,0.27,0.34629548650952463,1.4696578,30.0,22.5,0.2,1.5,2.5,5.0,1.0,5.0,5.0,5.0,masking_sources,2.0,5.0,11.0,1.0,3.0,10.0,-0.5,0.5,0.2,5.0,0.5,10.0,0.0,0.0,10.0,Edge-on,1273.0,23.3,54.7,0.0,3.0,0.02808,0.002090000081807375,13.4,0.0,3.0,50.0,4.6,13.4,45.8,0.0,0.0,0.0,0.0,625
