GAL,ra,dec,radvel,z,mag,r20,r50,r80,flux_c,flux_e,rpetro_c,rpetro_e,rhalf_c,rhalf_e,Gini,M20,F(G_M20),S(G_M20),SN_per_pixel,C,A,S,M,I,D,Ao,As,Ser_A,Ser_R,Ser_n,Ser_xc,Ser_yc,Ser_ellip,Ser_theta,flag_morph,flag_sersic,ima_sc_pix2arc,ima_sc_arc2kpc,psf_arcsec,size_image_phy_kpc,zp_ima,eta,petro_extent_cas,snr,area_min,debleding,area_min_deblend,skybox_x,skybox_y,sky_method,nsigma,npixels,dilate_size,mask_stars,fwhm,threshold,roundlo,roundhi,sharplo,aper_stars,aper_fact,aper_center,aper_ellip,aper_pa,dr,View,area_segmap_pix,area_psf_pix,ratio_segmap_psf,flag_area,flag_area_th,SN_gal,bck,ratio_SN_gal,flag_SN,flag_SN_th,perc_SN_flag,perc_20_SN_gal,perc_50_SN_gal,perc_80_SN_gal,flag_image,flag_bck,flag_object,flag_statmorph,index
1149r,325.69224526825116,-1.210412590522103,5000.0,0.1188,nan,2.7948551066373732,7.051110617221123,14.084337102622706,129.83872694895774,129.80730544252927,18.219091137071292,23.710000074108105,7.262400132281658,10.013708461937199,0.5233985715750255,-2.1187011008113967,0.09908279215867388,-0.10333486715350904,0.32509645819664,3.511885567254494,0.04673336711042255,0.0240993639988367,0.0014265335235378032,0.0,0.020493203065263168,0.05653256339495461,0.17512672630611814,0.2622019936823632,8.570102878553866,1.1411577637064656,319.86014079956476,319.7353132758601,0.524332259473203,3.0115436051558757,2.0,0.0,0.27,0.34629548650952463,1.1229334,30.0,22.5,0.2,1.5,2.5,5.0,1.0,5.0,5.0,5.0,masking_sources,2.0,5.0,11.0,1.0,3.0,10.0,-0.5,0.5,0.2,5.0,0.5,10.0,0.0,0.0,10.0,Edge-on,1403.0,13.6,103.3,0.0,3.0,0.03948,0.003389999968931079,11.6,0.0,3.0,50.0,4.5,11.6,32.5,0.0,0.0,0.0,0.0,1149
