GAL,ra,dec,radvel,z,mag,r20,r50,r80,flux_c,flux_e,rpetro_c,rpetro_e,rhalf_c,rhalf_e,Gini,M20,F(G_M20),S(G_M20),SN_per_pixel,C,A,S,M,I,D,Ao,As,Ser_A,Ser_R,Ser_n,Ser_xc,Ser_yc,Ser_ellip,Ser_theta,flag_morph,flag_sersic,ima_sc_pix2arc,ima_sc_arc2kpc,psf_arcsec,size_image_phy_kpc,zp_ima,eta,petro_extent_cas,snr,area_min,debleding,area_min_deblend,skybox_x,skybox_y,sky_method,nsigma,npixels,dilate_size,mask_stars,fwhm,threshold,roundlo,roundhi,sharplo,aper_stars,aper_fact,aper_center,aper_ellip,aper_pa,dr,View,area_segmap_pix,area_psf_pix,ratio_segmap_psf,flag_area,flag_area_th,SN_gal,bck,ratio_SN_gal,flag_SN,flag_SN_th,perc_SN_flag,perc_20_SN_gal,perc_50_SN_gal,perc_80_SN_gal,flag_image,flag_bck,flag_object,flag_statmorph,index
331r,166.45829331994176,0.4031030860144748,5000.0,0.0186,nan,3.5882707065630512,10.105196409949123,25.492519202466212,347.55971401704136,347.34589426350203,31.10910539861349,32.89217818913169,11.250990738745216,11.940131807615927,0.6200297784073266,-2.2326419489021765,0.6563682737054757,-0.023507750274149197,0.2527543902397156,4.257637777145788,0.03369437514635918,-0.01152956051436627,0.0037735849056603774,0.003654227319901251,0.04276219080582098,-0.09740703208714784,0.22174076788368285,0.2277783397436512,9.573943263753803,2.5463454211932826,320.8311135401587,320.2741601959965,0.2036250802679762,1.3398361618848342,0.0,0.0,0.27,0.34629548650952463,1.2712858,30.0,22.5,0.2,1.5,2.5,5.0,1.0,5.0,5.0,5.0,masking_sources,2.0,5.0,11.0,1.0,3.0,10.0,-0.5,0.5,0.2,5.0,0.5,10.0,0.0,0.0,10.0,Face-on,4762.0,17.4,273.5,0.0,3.0,0.02521,0.003949999809265137,6.4,0.0,3.0,50.0,3.7,6.4,13.9,0.0,0.0,0.0,0.0,331
