GAL,ra,dec,radvel,z,mag,r20,r50,r80,flux_c,flux_e,rpetro_c,rpetro_e,rhalf_c,rhalf_e,Gini,M20,F(G_M20),S(G_M20),SN_per_pixel,C,A,S,M,I,D,Ao,As,Ser_A,Ser_R,Ser_n,Ser_xc,Ser_yc,Ser_ellip,Ser_theta,flag_morph,flag_sersic,ima_sc_pix2arc,ima_sc_arc2kpc,psf_arcsec,size_image_phy_kpc,zp_ima,eta,petro_extent_cas,snr,area_min,debleding,area_min_deblend,skybox_x,skybox_y,sky_method,nsigma,npixels,dilate_size,mask_stars,fwhm,threshold,roundlo,roundhi,sharplo,aper_stars,aper_fact,aper_center,aper_ellip,aper_pa,dr,View,area_segmap_pix,area_psf_pix,ratio_segmap_psf,flag_area,flag_area_th,SN_gal,bck,ratio_SN_gal,flag_SN,flag_SN_th,perc_SN_flag,perc_20_SN_gal,perc_50_SN_gal,perc_80_SN_gal,flag_image,flag_bck,flag_object,flag_statmorph,index
198r,193.33581229662215,13.835417814087181,5000.0,0.0275,nan,5.698756535150362,11.158477282161867,19.55473156586506,154.29628817081775,152.7575352286152,24.68857981502438,32.50133779622925,11.411669721575434,16.581747149132816,0.44750805978703645,-1.6684859442853566,-0.5885743446644174,-0.11588656706649852,0.28831058740615845,2.6773587769140206,0.07603271150672992,0.005275801928255329,0.0017683465959328027,0.0,0.0844000669403179,-0.06167171824661092,0.2519088067057023,0.1644403331040717,15.497693495817384,0.5370431784829364,321.2851121872231,317.93717476192694,0.6128196349267746,0.7971858856242066,0.0,0.0,0.27,0.34629548650952463,1.3520163,30.0,22.5,0.2,1.5,2.5,5.0,1.0,5.0,5.0,5.0,masking_sources,2.0,5.0,11.0,1.0,3.0,10.0,-0.5,0.5,0.2,5.0,0.5,10.0,0.0,0.0,10.0,Edge-on,1847.0,19.7,93.8,0.0,3.0,0.04417,0.003809999907389283,11.6,0.0,3.0,50.0,4.5,11.6,34.7,0.0,0.0,0.0,0.0,198
