GAL,ra,dec,radvel,z,mag,r20,r50,r80,flux_c,flux_e,rpetro_c,rpetro_e,rhalf_c,rhalf_e,Gini,M20,F(G_M20),S(G_M20),SN_per_pixel,C,A,S,M,I,D,Ao,As,Ser_A,Ser_R,Ser_n,Ser_xc,Ser_yc,Ser_ellip,Ser_theta,flag_morph,flag_sersic,ima_sc_pix2arc,ima_sc_arc2kpc,psf_arcsec,size_image_phy_kpc,zp_ima,eta,petro_extent_cas,snr,area_min,debleding,area_min_deblend,skybox_x,skybox_y,sky_method,nsigma,npixels,dilate_size,mask_stars,fwhm,threshold,roundlo,roundhi,sharplo,aper_stars,aper_fact,aper_center,aper_ellip,aper_pa,dr,View,area_segmap_pix,area_psf_pix,ratio_segmap_psf,flag_area,flag_area_th,SN_gal,bck,ratio_SN_gal,flag_SN,flag_SN_th,perc_SN_flag,perc_20_SN_gal,perc_50_SN_gal,perc_80_SN_gal,flag_image,flag_bck,flag_object,flag_statmorph,index
461r,220.03474942502487,4.932586206638129,5000.0,0.0252,nan,8.411498635947662,17.831691561862424,34.415111077151565,507.53751761807615,499.089249946516,44.05163712090594,57.71573078062776,18.27935785954033,27.66605237290031,0.5182946500399852,-1.493372690286476,-0.35953420793354507,-0.021467100410234863,0.32088837027549744,3.059378983863807,0.21868586344109267,0.053582972053739394,0.014251781472684086,0.13889822423101625,0.08441813573712388,0.2776834648489268,0.2533525217296256,0.2186408678443344,26.097724065474264,0.6240395090628448,318.540783883058,321.8310486285888,0.6851039879562465,2.6261126221945474,0.0,0.0,0.27,0.34629548650952463,1.327237,30.0,22.5,0.2,1.5,2.5,5.0,1.0,5.0,5.0,5.0,masking_sources,2.0,5.0,11.0,1.0,3.0,10.0,-0.5,0.5,0.2,5.0,0.5,10.0,0.0,0.0,10.0,Edge-on,5016.0,19.0,264.3,0.0,3.0,0.04383,0.003969999961555004,11.0,0.0,3.0,50.0,4.5,11.0,38.9,0.0,0.0,0.0,0.0,461
