GAL,ra,dec,radvel,z,mag,r20,r50,r80,flux_c,flux_e,rpetro_c,rpetro_e,rhalf_c,rhalf_e,Gini,M20,F(G_M20),S(G_M20),SN_per_pixel,C,A,S,M,I,D,Ao,As,Ser_A,Ser_R,Ser_n,Ser_xc,Ser_yc,Ser_ellip,Ser_theta,flag_morph,flag_sersic,ima_sc_pix2arc,ima_sc_arc2kpc,psf_arcsec,size_image_phy_kpc,zp_ima,eta,petro_extent_cas,snr,area_min,debleding,area_min_deblend,skybox_x,skybox_y,sky_method,nsigma,npixels,dilate_size,mask_stars,fwhm,threshold,roundlo,roundhi,sharplo,aper_stars,aper_fact,aper_center,aper_ellip,aper_pa,dr,View,area_segmap_pix,area_psf_pix,ratio_segmap_psf,flag_area,flag_area_th,SN_gal,bck,ratio_SN_gal,flag_SN,flag_SN_th,perc_SN_flag,perc_20_SN_gal,perc_50_SN_gal,perc_80_SN_gal,flag_image,flag_bck,flag_object,flag_statmorph,index
358r,29.448538785757435,-8.038718338829995,5000.0,0.0541,nan,5.161816229138184,10.549457336786151,18.43814724799659,105.03007067641744,105.10327003970474,23.557699151543947,29.742114340110266,10.633676474159294,14.527268834689226,0.45287953457516256,-1.7656141655518094,-0.49467568712554133,-0.12406962978229061,0.24119672179222107,2.7645737010552454,0.0618288588482844,0.0017118993636757224,0.0032679738562091504,0.0,0.019806465512963153,0.06383233900386814,0.18455187375119725,0.11604112034269619,13.314893751497566,0.6253041610418818,319.9077190047542,320.56481559919354,0.516600759440521,1.3949506312172741,0.0,0.0,0.27,0.34629548650952463,1.2726258,30.0,22.5,0.2,1.5,2.5,5.0,1.0,5.0,5.0,5.0,masking_sources,2.0,5.0,11.0,1.0,3.0,10.0,-0.5,0.5,0.2,5.0,0.5,10.0,0.0,0.0,10.0,Edge-on,1959.0,17.4,112.3,0.0,3.0,0.02811,0.0022100000642240047,12.7,0.0,3.0,50.0,4.8,12.7,36.0,0.0,0.0,0.0,0.0,358
