GAL,ra,dec,radvel,z,mag,r20,r50,r80,flux_c,flux_e,rpetro_c,rpetro_e,rhalf_c,rhalf_e,Gini,M20,F(G_M20),S(G_M20),SN_per_pixel,C,A,S,M,I,D,Ao,As,Ser_A,Ser_R,Ser_n,Ser_xc,Ser_yc,Ser_ellip,Ser_theta,flag_morph,flag_sersic,ima_sc_pix2arc,ima_sc_arc2kpc,psf_arcsec,size_image_phy_kpc,zp_ima,eta,petro_extent_cas,snr,area_min,debleding,area_min_deblend,skybox_x,skybox_y,sky_method,nsigma,npixels,dilate_size,mask_stars,fwhm,threshold,roundlo,roundhi,sharplo,aper_stars,aper_fact,aper_center,aper_ellip,aper_pa,dr,View,area_segmap_pix,area_psf_pix,ratio_segmap_psf,flag_area,flag_area_th,SN_gal,bck,ratio_SN_gal,flag_SN,flag_SN_th,perc_SN_flag,perc_20_SN_gal,perc_50_SN_gal,perc_80_SN_gal,flag_image,flag_bck,flag_object,flag_statmorph,index
1129r,221.78125838830456,-2.145890162953368,5000.0,0.0716,nan,3.608394082818907,7.4988831120245045,15.691150260777437,144.44980921816523,147.18654008495116,19.240276316977056,30.125265905705966,8.45960972807794,13.082050093176344,0.6072529935671959,-1.1751777920675819,-0.13969947193954635,0.11083075053413,0.30731502175331116,3.191704096580656,0.06753977509473047,0.06914537254491286,0.002652519893899204,0.0,0.29887174751681783,0.08787693228007629,0.21546806159539367,0.2274739507157078,14.250268852016463,1.0242004930216306,320.2088137735359,319.8229891287591,0.673006438725723,2.9082397579554176,0.0,0.0,0.27,0.34629548650952463,1.2551461,30.0,22.5,0.2,1.5,2.5,5.0,1.0,5.0,5.0,5.0,masking_sources,2.0,5.0,11.0,1.0,3.0,10.0,-0.5,0.5,0.2,5.0,0.5,10.0,0.0,0.0,10.0,Edge-on,2117.0,17.0,124.7,0.0,3.0,0.01987,0.0019000000320374966,10.5,0.0,3.0,50.0,4.5,10.5,43.4,0.0,0.0,0.0,0.0,1129
