GAL,ra,dec,radvel,z,mag,r20,r50,r80,flux_c,flux_e,rpetro_c,rpetro_e,rhalf_c,rhalf_e,Gini,M20,F(G_M20),S(G_M20),SN_per_pixel,C,A,S,M,I,D,Ao,As,Ser_A,Ser_R,Ser_n,Ser_xc,Ser_yc,Ser_ellip,Ser_theta,flag_morph,flag_sersic,ima_sc_pix2arc,ima_sc_arc2kpc,psf_arcsec,size_image_phy_kpc,zp_ima,eta,petro_extent_cas,snr,area_min,debleding,area_min_deblend,skybox_x,skybox_y,sky_method,nsigma,npixels,dilate_size,mask_stars,fwhm,threshold,roundlo,roundhi,sharplo,aper_stars,aper_fact,aper_center,aper_ellip,aper_pa,dr,View,area_segmap_pix,area_psf_pix,ratio_segmap_psf,flag_area,flag_area_th,SN_gal,bck,ratio_SN_gal,flag_SN,flag_SN_th,perc_SN_flag,perc_20_SN_gal,perc_50_SN_gal,perc_80_SN_gal,flag_image,flag_bck,flag_object,flag_statmorph,index
653r,206.86235085347937,12.68867066845152,5000.0,0.0795,nan,3.016591934485863,6.085663936112371,11.547852836618155,98.34017275090488,102.3742501337592,14.423932110685065,22.994842081272697,6.819651749796301,9.947014866461602,0.5557199394448574,-1.8037187530731067,0.040790796131706664,-0.027554166626752974,0.3053295314311981,2.914923375775697,-0.024762502882886832,0.008955307915524778,0.015027322404371584,0.005797668752565957,0.04146350462807712,-0.14467155567648604,0.34219656143147037,0.2696305143652056,7.712116240319721,1.431711675165154,319.4683167644363,320.12627272839455,0.5839785827778894,0.8517755231016029,0.0,0.0,0.27,0.34629548650952463,1.3915569,30.0,22.5,0.2,1.5,2.5,5.0,1.0,5.0,5.0,5.0,masking_sources,2.0,5.0,11.0,1.0,3.0,10.0,-0.5,0.5,0.2,5.0,0.5,10.0,0.0,0.0,10.0,Edge-on,1185.0,20.9,56.8,0.0,3.0,0.0306,0.005040000192821026,6.1,0.0,3.0,50.0,3.8,6.1,18.3,0.0,0.0,0.0,0.0,653
