GAL,ra,dec,radvel,z,mag,r20,r50,r80,flux_c,flux_e,rpetro_c,rpetro_e,rhalf_c,rhalf_e,Gini,M20,F(G_M20),S(G_M20),SN_per_pixel,C,A,S,M,I,D,Ao,As,Ser_A,Ser_R,Ser_n,Ser_xc,Ser_yc,Ser_ellip,Ser_theta,flag_morph,flag_sersic,ima_sc_pix2arc,ima_sc_arc2kpc,psf_arcsec,size_image_phy_kpc,zp_ima,eta,petro_extent_cas,snr,area_min,debleding,area_min_deblend,skybox_x,skybox_y,sky_method,nsigma,npixels,dilate_size,mask_stars,fwhm,threshold,roundlo,roundhi,sharplo,aper_stars,aper_fact,aper_center,aper_ellip,aper_pa,dr,View,area_segmap_pix,area_psf_pix,ratio_segmap_psf,flag_area,flag_area_th,SN_gal,bck,ratio_SN_gal,flag_SN,flag_SN_th,perc_SN_flag,perc_20_SN_gal,perc_50_SN_gal,perc_80_SN_gal,flag_image,flag_bck,flag_object,flag_statmorph,index
49r,205.1243485008455,4.296057479037806,5000.0,0.0249,nan,4.584408941703764,9.233123226742217,16.230956610372143,97.89494829821875,97.22755794774378,20.709632597206536,25.35902243662086,9.396974823866309,11.753561014410296,0.5110591974696561,-1.5451025387770827,-0.35950091315268384,-0.03582064739505497,0.24170637130737305,2.74530382917811,0.1622154460342434,-0.0075298655975852705,0.005649717514124294,0.0,0.10794620490098239,0.031753885876882985,0.23906465758710102,0.1318754144157899,10.752684844148984,0.7946177358866656,317.42644005703806,319.2880274963445,0.48720495480437387,0.12832900000810266,0.0,0.0,0.27,0.34629548650952463,1.2699856,30.0,22.5,0.2,1.5,2.5,5.0,1.0,5.0,5.0,5.0,masking_sources,2.0,5.0,11.0,1.0,3.0,10.0,-0.5,0.5,0.2,5.0,0.5,10.0,0.0,0.0,10.0,Face-on,1360.0,17.4,78.3,0.0,3.0,0.03097,0.004480000119656324,6.9,0.0,3.0,50.0,3.8,6.9,21.3,0.0,0.0,0.0,0.0,49
