GAL,ra,dec,radvel,z,mag,r20,r50,r80,flux_c,flux_e,rpetro_c,rpetro_e,rhalf_c,rhalf_e,Gini,M20,F(G_M20),S(G_M20),SN_per_pixel,C,A,S,M,I,D,Ao,As,Ser_A,Ser_R,Ser_n,Ser_xc,Ser_yc,Ser_ellip,Ser_theta,flag_morph,flag_sersic,ima_sc_pix2arc,ima_sc_arc2kpc,psf_arcsec,size_image_phy_kpc,zp_ima,eta,petro_extent_cas,snr,area_min,debleding,area_min_deblend,skybox_x,skybox_y,sky_method,nsigma,npixels,dilate_size,mask_stars,fwhm,threshold,roundlo,roundhi,sharplo,aper_stars,aper_fact,aper_center,aper_ellip,aper_pa,dr,View,area_segmap_pix,area_psf_pix,ratio_segmap_psf,flag_area,flag_area_th,SN_gal,bck,ratio_SN_gal,flag_SN,flag_SN_th,perc_SN_flag,perc_20_SN_gal,perc_50_SN_gal,perc_80_SN_gal,flag_image,flag_bck,flag_object,flag_statmorph,index
434r,149.27839571254648,1.1659380923912168,5000.0,0.0633,nan,6.746793792617963,13.653638597320155,24.99956207749343,113.70753459584427,113.93032307384343,25.594315525759765,44.538193893343696,14.462335706648258,21.77504956229813,0.5193455722728713,-0.7584472639962341,-0.8636354632998966,0.08172794685466606,0.19122369587421417,2.8441748221309444,0.29845245812060756,0.04028541707646507,0.1485557083906465,0.1792020947875841,0.16660081872102803,0.5253112624207888,0.18914595191875663,0.0694375543053516,17.502840977695655,0.5717337000202655,319.82198957718595,320.9289385499604,0.5177982682075425,1.574973601926196,0.0,0.0,0.27,0.34629548650952463,1.0360508,30.0,22.5,0.2,1.5,2.5,5.0,1.0,5.0,5.0,5.0,masking_sources,2.0,5.0,11.0,1.0,3.0,10.0,-0.5,0.5,0.2,5.0,0.5,10.0,0.0,0.0,10.0,Edge-on,2660.0,11.6,230.0,0.0,3.0,0.02387,0.0019600000232458115,12.2,0.0,3.0,50.0,4.8,12.2,34.2,0.0,0.0,0.0,0.0,434
