GAL,ra,dec,radvel,z,mag,r20,r50,r80,flux_c,flux_e,rpetro_c,rpetro_e,rhalf_c,rhalf_e,Gini,M20,F(G_M20),S(G_M20),SN_per_pixel,C,A,S,M,I,D,Ao,As,Ser_A,Ser_R,Ser_n,Ser_xc,Ser_yc,Ser_ellip,Ser_theta,flag_morph,flag_sersic,ima_sc_pix2arc,ima_sc_arc2kpc,psf_arcsec,size_image_phy_kpc,zp_ima,eta,petro_extent_cas,snr,area_min,debleding,area_min_deblend,skybox_x,skybox_y,sky_method,nsigma,npixels,dilate_size,mask_stars,fwhm,threshold,roundlo,roundhi,sharplo,aper_stars,aper_fact,aper_center,aper_ellip,aper_pa,dr,View,area_segmap_pix,area_psf_pix,ratio_segmap_psf,flag_area,flag_area_th,SN_gal,bck,ratio_SN_gal,flag_SN,flag_SN_th,perc_SN_flag,perc_20_SN_gal,perc_50_SN_gal,perc_80_SN_gal,flag_image,flag_bck,flag_object,flag_statmorph,index
532r,223.61263069721994,-1.5562173453542671,5000.0,0.0561,nan,1.6773331068205428,3.1537555752773017,5.455576040790391,104.75945400126679,104.75060623122286,6.834615165414393,7.204828049887163,3.405327868446459,3.5895464748434174,0.4899885350263663,-1.678519220285156,-0.3713429319618742,-0.07522552194353405,0.709222137928009,2.5611064717873178,0.03262366122061057,0.0,0.0,0.0,0.0607194968732943,0.07817163850267655,0.3534137109285094,2.1021363775318185,2.024614887202214,2.415939712916658,320.6308576288621,319.8152352693737,0.28865498051660443,2.249134398054408,0.0,0.0,0.27,0.34629548650952463,1.3305656,30.0,22.5,0.2,1.5,2.5,5.0,1.0,5.0,5.0,5.0,masking_sources,2.0,5.0,11.0,1.0,3.0,10.0,-0.5,0.5,0.2,5.0,0.5,10.0,0.0,0.0,10.0,Face-on,941.0,19.1,49.3,0.0,3.0,0.01482,0.0017099999822676182,8.7,0.0,3.0,50.0,4.3,8.7,44.8,0.0,0.0,0.0,0.0,532
