GAL,ra,dec,radvel,z,mag,r20,r50,r80,flux_c,flux_e,rpetro_c,rpetro_e,rhalf_c,rhalf_e,Gini,M20,F(G_M20),S(G_M20),SN_per_pixel,C,A,S,M,I,D,Ao,As,Ser_A,Ser_R,Ser_n,Ser_xc,Ser_yc,Ser_ellip,Ser_theta,flag_morph,flag_sersic,ima_sc_pix2arc,ima_sc_arc2kpc,psf_arcsec,size_image_phy_kpc,zp_ima,eta,petro_extent_cas,snr,area_min,debleding,area_min_deblend,skybox_x,skybox_y,sky_method,nsigma,npixels,dilate_size,mask_stars,fwhm,threshold,roundlo,roundhi,sharplo,aper_stars,aper_fact,aper_center,aper_ellip,aper_pa,dr,View,area_segmap_pix,area_psf_pix,ratio_segmap_psf,flag_area,flag_area_th,SN_gal,bck,ratio_SN_gal,flag_SN,flag_SN_th,perc_SN_flag,perc_20_SN_gal,perc_50_SN_gal,perc_80_SN_gal,flag_image,flag_bck,flag_object,flag_statmorph,index
648r,222.2289537782793,4.332718594990094,5000.0,0.0275,nan,4.810699102361347,12.123894151386162,24.926154465540517,587.9093917640063,619.6396491052795,30.513887969488913,53.25209991598148,14.673244618014033,22.97220559050403,0.5880427328401893,-2.123137357340759,0.42214571619608243,-0.03995378715857817,0.35414475202560425,3.5722354415313755,0.05060094071757562,0.010614850993790713,0.020455873758036237,0.019719254374870033,0.0201384079516905,0.12410129259765423,0.19366577026893667,0.31472419008735864,18.252001630041402,1.5092497100867486,319.97771348329456,319.97751986780077,0.6280582480658838,0.37849712527315843,0.0,0.0,0.27,0.34629548650952463,1.3606057,30.0,22.5,0.2,1.5,2.5,5.0,1.0,5.0,5.0,5.0,masking_sources,2.0,5.0,11.0,1.0,3.0,10.0,-0.5,0.5,0.2,5.0,0.5,10.0,0.0,0.0,10.0,Edge-on,6565.0,19.9,329.2,0.0,3.0,0.03116,0.004540000110864639,6.9,0.0,3.0,50.0,3.9,6.9,20.1,0.0,0.0,0.0,0.0,648
