GAL,ra,dec,radvel,z,mag,r20,r50,r80,flux_c,flux_e,rpetro_c,rpetro_e,rhalf_c,rhalf_e,Gini,M20,F(G_M20),S(G_M20),SN_per_pixel,C,A,S,M,I,D,Ao,As,Ser_A,Ser_R,Ser_n,Ser_xc,Ser_yc,Ser_ellip,Ser_theta,flag_morph,flag_sersic,ima_sc_pix2arc,ima_sc_arc2kpc,psf_arcsec,size_image_phy_kpc,zp_ima,eta,petro_extent_cas,snr,area_min,debleding,area_min_deblend,skybox_x,skybox_y,sky_method,nsigma,npixels,dilate_size,mask_stars,fwhm,threshold,roundlo,roundhi,sharplo,aper_stars,aper_fact,aper_center,aper_ellip,aper_pa,dr,View,area_segmap_pix,area_psf_pix,ratio_segmap_psf,flag_area,flag_area_th,SN_gal,bck,ratio_SN_gal,flag_SN,flag_SN_th,perc_SN_flag,perc_20_SN_gal,perc_50_SN_gal,perc_80_SN_gal,flag_image,flag_bck,flag_object,flag_statmorph,index
600r,165.81694298873717,8.700790191278816,5000.0,0.0738,nan,3.8627822216192134,8.317707219755938,14.318083513654145,202.20639260959638,201.75389620496352,18.36367931196917,20.378184802011777,8.509231395175934,9.881976640482142,0.48126564354862367,-1.8215001243075581,-0.3154354782891753,-0.10373553016561315,0.39250537753105164,2.844923336550101,0.18845806501775111,0.027955270506370426,0.002197802197802198,0.0,0.007313134090008252,0.21892869447601176,0.36741518128557704,0.3116240701437185,8.559029242071906,0.731488030139279,320.27343347599606,319.89465705827394,0.28977869238198195,1.0017936389269582,1.0,0.0,0.27,0.34629548650952463,1.0598508,30.0,22.5,0.2,1.5,2.5,5.0,1.0,5.0,5.0,5.0,masking_sources,2.0,5.0,11.0,1.0,3.0,10.0,-0.5,0.5,0.2,5.0,0.5,10.0,0.0,0.0,10.0,Face-on,1534.0,12.1,126.8,0.0,3.0,0.05656,0.004639999940991402,12.2,0.0,3.0,50.0,4.6,12.2,39.1,0.0,0.0,0.0,0.0,600
