GAL,ra,dec,radvel,z,mag,r20,r50,r80,flux_c,flux_e,rpetro_c,rpetro_e,rhalf_c,rhalf_e,Gini,M20,F(G_M20),S(G_M20),SN_per_pixel,C,A,S,M,I,D,Ao,As,Ser_A,Ser_R,Ser_n,Ser_xc,Ser_yc,Ser_ellip,Ser_theta,flag_morph,flag_sersic,ima_sc_pix2arc,ima_sc_arc2kpc,psf_arcsec,size_image_phy_kpc,zp_ima,eta,petro_extent_cas,snr,area_min,debleding,area_min_deblend,skybox_x,skybox_y,sky_method,nsigma,npixels,dilate_size,mask_stars,fwhm,threshold,roundlo,roundhi,sharplo,aper_stars,aper_fact,aper_center,aper_ellip,aper_pa,dr,View,area_segmap_pix,area_psf_pix,ratio_segmap_psf,flag_area,flag_area_th,SN_gal,bck,ratio_SN_gal,flag_SN,flag_SN_th,perc_SN_flag,perc_20_SN_gal,perc_50_SN_gal,perc_80_SN_gal,flag_image,flag_bck,flag_object,flag_statmorph,index
957r,23.592003922131617,-0.36944719516887087,5000.0,0.1271,nan,2.846537924820633,6.627628098211635,14.640652324237339,134.95229158519973,133.50787028829967,18.4727500144397,23.19852164665135,7.038100170568747,9.922841320162822,0.561298896427682,-2.0421094214704474,0.23361136639604574,-0.05516730212098703,0.3304247260093689,3.5562172654402775,0.07370588682484948,0.043635721766728704,0.0,0.0,0.030769602638081966,0.08849073485084,0.24563631734614708,0.2926948892432591,8.088733882670438,1.5229680029607409,320.1766612390791,320.0117844146952,0.5512007550366248,1.7337482663262815,0.0,0.0,0.27,0.34629548650952463,1.247846,30.0,22.5,0.2,1.5,2.5,5.0,1.0,5.0,5.0,5.0,masking_sources,2.0,5.0,11.0,1.0,3.0,10.0,-0.5,0.5,0.2,5.0,0.5,10.0,0.0,0.0,10.0,Edge-on,2217.0,16.8,132.2,0.0,3.0,0.01421,0.0012600000482052565,11.3,0.0,3.0,50.0,4.5,11.3,54.2,0.0,0.0,0.0,0.0,957
