GAL,ra,dec,radvel,z,mag,r20,r50,r80,flux_c,flux_e,rpetro_c,rpetro_e,rhalf_c,rhalf_e,Gini,M20,F(G_M20),S(G_M20),SN_per_pixel,C,A,S,M,I,D,Ao,As,Ser_A,Ser_R,Ser_n,Ser_xc,Ser_yc,Ser_ellip,Ser_theta,flag_morph,flag_sersic,ima_sc_pix2arc,ima_sc_arc2kpc,psf_arcsec,size_image_phy_kpc,zp_ima,eta,petro_extent_cas,snr,area_min,debleding,area_min_deblend,skybox_x,skybox_y,sky_method,nsigma,npixels,dilate_size,mask_stars,fwhm,threshold,roundlo,roundhi,sharplo,aper_stars,aper_fact,aper_center,aper_ellip,aper_pa,dr,View,area_segmap_pix,area_psf_pix,ratio_segmap_psf,flag_area,flag_area_th,SN_gal,bck,ratio_SN_gal,flag_SN,flag_SN_th,perc_SN_flag,perc_20_SN_gal,perc_50_SN_gal,perc_80_SN_gal,flag_image,flag_bck,flag_object,flag_statmorph,index
780r,190.64224737148794,3.9680637994216026,5000.0,0.0854,nan,2.0586393146362103,4.141608998963329,7.654310606840507,97.9055488964014,97.7614869726371,9.462150594520727,10.841187972888491,5.255483872591086,5.934326349420028,0.5134533963220792,-1.808185149567117,-0.16533337955569571,-0.07001887343097096,0.48488929867744446,2.851629096089614,0.03055773730761779,0.08021254713447713,0.0,0.0,0.022560297483468196,0.08885725030308643,0.243953664912592,0.22425875201855838,5.823870886176019,3.4866113207132354,320.015090564975,320.254645621293,0.3109329349313079,1.5840248410591162,2.0,0.0,0.27,0.34629548650952463,1.1320091,30.0,22.5,0.2,1.5,2.5,5.0,1.0,5.0,5.0,5.0,masking_sources,2.0,5.0,11.0,1.0,3.0,10.0,-0.5,0.5,0.2,5.0,0.5,10.0,0.0,0.0,10.0,Face-on,2476.0,13.8,179.3,0.0,3.0,0.01235,0.001820000004954636,6.8,0.0,3.0,50.0,4.8,6.8,13.2,0.0,0.0,0.0,0.0,780
