GAL,ra,dec,radvel,z,mag,r20,r50,r80,flux_c,flux_e,rpetro_c,rpetro_e,rhalf_c,rhalf_e,Gini,M20,F(G_M20),S(G_M20),SN_per_pixel,C,A,S,M,I,D,Ao,As,Ser_A,Ser_R,Ser_n,Ser_xc,Ser_yc,Ser_ellip,Ser_theta,flag_morph,flag_sersic,ima_sc_pix2arc,ima_sc_arc2kpc,psf_arcsec,size_image_phy_kpc,zp_ima,eta,petro_extent_cas,snr,area_min,debleding,area_min_deblend,skybox_x,skybox_y,sky_method,nsigma,npixels,dilate_size,mask_stars,fwhm,threshold,roundlo,roundhi,sharplo,aper_stars,aper_fact,aper_center,aper_ellip,aper_pa,dr,View,area_segmap_pix,area_psf_pix,ratio_segmap_psf,flag_area,flag_area_th,SN_gal,bck,ratio_SN_gal,flag_SN,flag_SN_th,perc_SN_flag,perc_20_SN_gal,perc_50_SN_gal,perc_80_SN_gal,flag_image,flag_bck,flag_object,flag_statmorph,index
103r,191.796894193571,-2.870823714106221,5000.0,0.0162,nan,19.36937112879989,41.494367123715904,71.38038578619951,426.79193970912957,420.66332156807954,88.02570756764075,111.0453663032177,41.459424103024354,55.787514022876024,0.474365180536654,-1.0945055908373587,-0.8533999818932734,-0.00951474839510541,0.1273415982723236,2.8323168512923083,0.12362179164923599,0.07198031246848402,0.09575382499570226,0.10524302580143974,0.07121220218747741,0.1767940815348317,0.21911353298175598,0.028983991861124377,43.328761979080774,0.6402168649811059,322.08601113324664,320.72827844099277,0.43332541443460937,0.22085076235213325,0.0,0.0,0.27,0.34629548650952463,1.6390395,30.0,22.5,0.2,1.5,2.5,5.0,1.0,5.0,5.0,5.0,masking_sources,2.0,5.0,11.0,1.0,3.0,10.0,-0.5,0.5,0.2,5.0,0.5,10.0,0.0,0.0,10.0,Face-on,11804.0,28.9,407.8,0.0,3.0,0.02121,0.0038399999029934406,5.5,0.0,3.0,50.0,3.8,5.5,9.1,0.0,0.0,0.0,0.0,103
