GAL,ra,dec,radvel,z,mag,r20,r50,r80,flux_c,flux_e,rpetro_c,rpetro_e,rhalf_c,rhalf_e,Gini,M20,F(G_M20),S(G_M20),SN_per_pixel,C,A,S,M,I,D,Ao,As,Ser_A,Ser_R,Ser_n,Ser_xc,Ser_yc,Ser_ellip,Ser_theta,flag_morph,flag_sersic,ima_sc_pix2arc,ima_sc_arc2kpc,psf_arcsec,size_image_phy_kpc,zp_ima,eta,petro_extent_cas,snr,area_min,debleding,area_min_deblend,skybox_x,skybox_y,sky_method,nsigma,npixels,dilate_size,mask_stars,fwhm,threshold,roundlo,roundhi,sharplo,aper_stars,aper_fact,aper_center,aper_ellip,aper_pa,dr,View,area_segmap_pix,area_psf_pix,ratio_segmap_psf,flag_area,flag_area_th,SN_gal,bck,ratio_SN_gal,flag_SN,flag_SN_th,perc_SN_flag,perc_20_SN_gal,perc_50_SN_gal,perc_80_SN_gal,flag_image,flag_bck,flag_object,flag_statmorph,index
894r,200.21227885780866,-1.192739261091115,5000.0,0.1155,nan,4.732044098495671,9.497073900193726,15.887401704667958,194.977361091727,194.47892417032614,20.1546198595036,21.38551961442506,9.994828058773434,10.58434244266405,0.4673381685299065,-1.750130287641783,-0.4338357764412075,-0.10760332313760043,0.3357074558734894,2.630020466865346,0.08678369099206429,-0.007859683698857929,0.0010395010395010396,0.0,0.055756835746570366,0.11292239578473601,0.44592232600073145,0.23055264915876547,9.208528306642409,0.7328566805349074,320.6924658150168,320.3687454451531,0.10843764345222938,1.203344745666258,0.0,0.0,0.27,0.34629548650952463,1.5161701,30.0,22.5,0.2,1.5,2.5,5.0,1.0,5.0,5.0,5.0,masking_sources,2.0,5.0,11.0,1.0,3.0,10.0,-0.5,0.5,0.2,5.0,0.5,10.0,0.0,0.0,10.0,Face-on,1948.0,24.8,78.7,0.0,3.0,0.04433,0.004050000105053186,11.0,0.0,3.0,50.0,4.5,11.0,36.5,0.0,0.0,0.0,0.0,894
