GAL,ra,dec,radvel,z,mag,r20,r50,r80,flux_c,flux_e,rpetro_c,rpetro_e,rhalf_c,rhalf_e,Gini,M20,F(G_M20),S(G_M20),SN_per_pixel,C,A,S,M,I,D,Ao,As,Ser_A,Ser_R,Ser_n,Ser_xc,Ser_yc,Ser_ellip,Ser_theta,flag_morph,flag_sersic,ima_sc_pix2arc,ima_sc_arc2kpc,psf_arcsec,size_image_phy_kpc,zp_ima,eta,petro_extent_cas,snr,area_min,debleding,area_min_deblend,skybox_x,skybox_y,sky_method,nsigma,npixels,dilate_size,mask_stars,fwhm,threshold,roundlo,roundhi,sharplo,aper_stars,aper_fact,aper_center,aper_ellip,aper_pa,dr,View,area_segmap_pix,area_psf_pix,ratio_segmap_psf,flag_area,flag_area_th,SN_gal,bck,ratio_SN_gal,flag_SN,flag_SN_th,perc_SN_flag,perc_20_SN_gal,perc_50_SN_gal,perc_80_SN_gal,flag_image,flag_bck,flag_object,flag_statmorph,index
64r,181.38326621661176,0.03930068909917931,5000.0,0.0217,nan,7.6813469140628605,17.25536641933309,33.087998333899165,127.21392623473956,124.00014532185949,39.89044624125113,63.882641082129275,18.044379200990168,29.09947153501788,0.5409971868288824,-1.8403918908350019,-0.006672344848375644,-0.04722725786547172,0.15909813344478607,3.1711655776763026,0.05244486860057818,0.021291932622612062,0.007990165949600492,0.04723128803265913,0.07669571978713144,0.06608540270284023,0.22391702873263478,0.06743097281578926,25.35004330477334,0.5997080222574392,320.0733118261511,320.702214655607,0.7430060210592692,1.319420117627926,2.0,0.0,0.27,0.34629548650952463,1.4218497,30.0,22.5,0.2,1.5,2.5,5.0,1.0,5.0,5.0,5.0,masking_sources,2.0,5.0,11.0,1.0,3.0,10.0,-0.5,0.5,0.2,5.0,0.5,10.0,0.0,0.0,10.0,Edge-on,2776.0,21.8,127.5,0.0,3.0,0.0255,0.0038999998942017555,6.5,0.0,3.0,50.0,3.9,6.5,15.4,0.0,0.0,0.0,0.0,64
