GAL,ra,dec,radvel,z,mag,r20,r50,r80,flux_c,flux_e,rpetro_c,rpetro_e,rhalf_c,rhalf_e,Gini,M20,F(G_M20),S(G_M20),SN_per_pixel,C,A,S,M,I,D,Ao,As,Ser_A,Ser_R,Ser_n,Ser_xc,Ser_yc,Ser_ellip,Ser_theta,flag_morph,flag_sersic,ima_sc_pix2arc,ima_sc_arc2kpc,psf_arcsec,size_image_phy_kpc,zp_ima,eta,petro_extent_cas,snr,area_min,debleding,area_min_deblend,skybox_x,skybox_y,sky_method,nsigma,npixels,dilate_size,mask_stars,fwhm,threshold,roundlo,roundhi,sharplo,aper_stars,aper_fact,aper_center,aper_ellip,aper_pa,dr,View,area_segmap_pix,area_psf_pix,ratio_segmap_psf,flag_area,flag_area_th,SN_gal,bck,ratio_SN_gal,flag_SN,flag_SN_th,perc_SN_flag,perc_20_SN_gal,perc_50_SN_gal,perc_80_SN_gal,flag_image,flag_bck,flag_object,flag_statmorph,index
524r,322.9831547282408,-8.07438288219481,5000.0,0.0614,nan,15.89976777659058,22.995294480654753,34.34603443801715,233.28973957431523,233.68330963133744,43.526865672807226,51.57690326459786,22.98773432206825,26.5223620080455,0.590380318258355,-1.0809762561466307,-0.28850087911152755,0.10722081547138979,0.17243273556232452,1.6724290987334844,0.32482040807438295,0.06880371622351389,0.48565965583174,0.20579186602593214,0.3450278283527294,0.3175724363572112,0.5166526317123348,0.06457955192722609,22.18896544010587,0.2993619035187882,327.43738182163287,299.7412322619086,0.2874830842472418,1.8451696473939827,0.0,0.0,0.27,0.34629548650952463,1.5055522,30.0,22.5,0.2,1.5,2.5,5.0,1.0,5.0,5.0,5.0,masking_sources,2.0,5.0,11.0,1.0,3.0,10.0,-0.5,0.5,0.2,5.0,0.5,10.0,0.0,0.0,10.0,Face-on,3327.0,24.4,136.2,0.0,3.0,0.03617,0.005350000225007534,6.8,0.0,3.0,50.0,3.8,6.8,14.1,0.0,0.0,0.0,0.0,524
