GAL,ra,dec,radvel,z,mag,r20,r50,r80,flux_c,flux_e,rpetro_c,rpetro_e,rhalf_c,rhalf_e,Gini,M20,F(G_M20),S(G_M20),SN_per_pixel,C,A,S,M,I,D,Ao,As,Ser_A,Ser_R,Ser_n,Ser_xc,Ser_yc,Ser_ellip,Ser_theta,flag_morph,flag_sersic,ima_sc_pix2arc,ima_sc_arc2kpc,psf_arcsec,size_image_phy_kpc,zp_ima,eta,petro_extent_cas,snr,area_min,debleding,area_min_deblend,skybox_x,skybox_y,sky_method,nsigma,npixels,dilate_size,mask_stars,fwhm,threshold,roundlo,roundhi,sharplo,aper_stars,aper_fact,aper_center,aper_ellip,aper_pa,dr,View,area_segmap_pix,area_psf_pix,ratio_segmap_psf,flag_area,flag_area_th,SN_gal,bck,ratio_SN_gal,flag_SN,flag_SN_th,perc_SN_flag,perc_20_SN_gal,perc_50_SN_gal,perc_80_SN_gal,flag_image,flag_bck,flag_object,flag_statmorph,index
278r,224.62284773153547,1.5470197735332383,5000.0,0.0556,nan,5.864137851216675,14.30418327274667,30.29270880638447,105.3050939620352,94.80979116993143,36.42357121599471,48.63483829587927,18.3149267597169,28.624755667031565,0.5795444045881484,-1.837173175745364,0.18190581350287172,-0.008618110886338737,0.15456333756446838,3.5656696960776335,0.10588624757884091,-0.03712153661180845,0.02097902097902098,0.02067827113316139,0.07540916588085594,0.16343247776181483,0.8994128821581883,0.07899480103770361,15.068865503830164,1.0307073333874424,320.9376109822523,319.62799379206257,0.686065782060442,0.027307357575747974,0.0,0.0,0.27,0.34629548650952463,1.45228,30.0,22.5,0.2,1.5,2.5,5.0,1.0,5.0,5.0,5.0,masking_sources,2.0,5.0,11.0,1.0,3.0,10.0,-0.5,0.5,0.2,5.0,0.5,10.0,0.0,0.0,10.0,Edge-on,1434.0,22.7,63.1,0.0,3.0,0.02962,0.00443999981507659,6.7,0.0,3.0,50.0,3.9,6.7,14.6,0.0,0.0,0.0,0.0,278
