GAL,ra,dec,radvel,z,mag,r20,r50,r80,flux_c,flux_e,rpetro_c,rpetro_e,rhalf_c,rhalf_e,Gini,M20,F(G_M20),S(G_M20),SN_per_pixel,C,A,S,M,I,D,Ao,As,Ser_A,Ser_R,Ser_n,Ser_xc,Ser_yc,Ser_ellip,Ser_theta,flag_morph,flag_sersic,ima_sc_pix2arc,ima_sc_arc2kpc,psf_arcsec,size_image_phy_kpc,zp_ima,eta,petro_extent_cas,snr,area_min,debleding,area_min_deblend,skybox_x,skybox_y,sky_method,nsigma,npixels,dilate_size,mask_stars,fwhm,threshold,roundlo,roundhi,sharplo,aper_stars,aper_fact,aper_center,aper_ellip,aper_pa,dr,View,area_segmap_pix,area_psf_pix,ratio_segmap_psf,flag_area,flag_area_th,SN_gal,bck,ratio_SN_gal,flag_SN,flag_SN_th,perc_SN_flag,perc_20_SN_gal,perc_50_SN_gal,perc_80_SN_gal,flag_image,flag_bck,flag_object,flag_statmorph,index
647r,169.89483208577383,3.1473523506315932,5000.0,0.0796,nan,4.540294780877587,8.166990701603202,12.715133776397112,97.22579680884152,97.25502337739114,16.056105739146673,19.450376366632597,8.259540788599862,10.06779147179894,0.41432797915775815,-1.5960150305487841,-0.8030380869987894,-0.13866138988010046,0.3126077353954315,2.2361844160416617,0.09387146037902952,0.028301127455375188,0.001736111111111111,0.0,0.008540658201418444,0.11324807922725223,0.15108964446965042,0.18558840395971868,9.502637991400222,0.46651010507264823,320.86970253899324,319.98724844825404,0.3786442151695544,0.16899440601587745,0.0,0.0,0.27,0.34629548650952463,1.1954895,30.0,22.5,0.2,1.5,2.5,5.0,1.0,5.0,5.0,5.0,masking_sources,2.0,5.0,11.0,1.0,3.0,10.0,-0.5,0.5,0.2,5.0,0.5,10.0,0.0,0.0,10.0,Face-on,1095.0,15.4,71.1,0.0,3.0,0.04584,0.0035699999425560236,12.8,0.0,3.0,50.0,4.8,12.8,44.3,0.0,0.0,0.0,0.0,647
