GAL,ra,dec,radvel,z,mag,r20,r50,r80,flux_c,flux_e,rpetro_c,rpetro_e,rhalf_c,rhalf_e,Gini,M20,F(G_M20),S(G_M20),SN_per_pixel,C,A,S,M,I,D,Ao,As,Ser_A,Ser_R,Ser_n,Ser_xc,Ser_yc,Ser_ellip,Ser_theta,flag_morph,flag_sersic,ima_sc_pix2arc,ima_sc_arc2kpc,psf_arcsec,size_image_phy_kpc,zp_ima,eta,petro_extent_cas,snr,area_min,debleding,area_min_deblend,skybox_x,skybox_y,sky_method,nsigma,npixels,dilate_size,mask_stars,fwhm,threshold,roundlo,roundhi,sharplo,aper_stars,aper_fact,aper_center,aper_ellip,aper_pa,dr,View,area_segmap_pix,area_psf_pix,ratio_segmap_psf,flag_area,flag_area_th,SN_gal,bck,ratio_SN_gal,flag_SN,flag_SN_th,perc_SN_flag,perc_20_SN_gal,perc_50_SN_gal,perc_80_SN_gal,flag_image,flag_bck,flag_object,flag_statmorph,index
673r,121.50434537593343,30.306461773501418,5000.0,0.0746,nan,3.032227015861838,6.1762076513964335,11.229092091988694,100.30392117438515,100.2171796774887,14.388413455927433,16.304826156770538,6.347738660665488,7.21199320443481,0.5118809689324215,-1.8053297514268742,-0.17509568604568937,-0.07117867620523827,0.33733347058296204,2.842914653884451,0.04060053856169314,0.005326031559783981,0.0022471910112359553,0.0,0.03046352087052252,0.04903156608992846,0.1267910551225863,0.29986864379487754,6.281334718341904,1.0277635867006627,320.0305399319699,319.55415335247534,0.34917575022239794,0.4845425882670939,0.0,0.0,0.27,0.34629548650952463,1.4882711,30.0,22.5,0.2,1.5,2.5,5.0,1.0,5.0,5.0,5.0,masking_sources,2.0,5.0,11.0,1.0,3.0,10.0,-0.5,0.5,0.2,5.0,0.5,10.0,0.0,0.0,10.0,Face-on,1068.0,23.9,44.8,0.0,3.0,0.03649,0.0036899999249726534,9.9,0.0,3.0,50.0,4.3,9.9,30.2,0.0,0.0,0.0,0.0,673
