GAL,ra,dec,radvel,z,mag,r20,r50,r80,flux_c,flux_e,rpetro_c,rpetro_e,rhalf_c,rhalf_e,Gini,M20,F(G_M20),S(G_M20),SN_per_pixel,C,A,S,M,I,D,Ao,As,Ser_A,Ser_R,Ser_n,Ser_xc,Ser_yc,Ser_ellip,Ser_theta,flag_morph,flag_sersic,ima_sc_pix2arc,ima_sc_arc2kpc,psf_arcsec,size_image_phy_kpc,zp_ima,eta,petro_extent_cas,snr,area_min,debleding,area_min_deblend,skybox_x,skybox_y,sky_method,nsigma,npixels,dilate_size,mask_stars,fwhm,threshold,roundlo,roundhi,sharplo,aper_stars,aper_fact,aper_center,aper_ellip,aper_pa,dr,View,area_segmap_pix,area_psf_pix,ratio_segmap_psf,flag_area,flag_area_th,SN_gal,bck,ratio_SN_gal,flag_SN,flag_SN_th,perc_SN_flag,perc_20_SN_gal,perc_50_SN_gal,perc_80_SN_gal,flag_image,flag_bck,flag_object,flag_statmorph,index
1182r,175.5649750537985,10.222876116825805,5000.0,0.0156,nan,6.622213370705126,13.50251223604943,25.188745451887424,91.3783879175176,91.54437160923148,32.26038271493825,44.18669391578462,13.934214970208613,19.590672726812457,0.517910000028018,-1.7117559505424067,-0.21009862613542296,-0.05220317709765676,0.1481381505727768,2.9010168390191957,0.178339776928938,0.009018522417126857,0.023306627822286964,0.8054631829257911,0.09383888928080737,0.1613692367514328,0.3068976376346333,0.05324967438658607,15.311129248517199,0.7037972388240371,321.57536645362813,319.96651148102865,0.44957699023660747,0.3130286108186498,0.0,0.0,0.27,0.34629548650952463,1.0775877,30.0,22.5,0.2,1.5,2.5,5.0,1.0,5.0,5.0,5.0,masking_sources,2.0,5.0,11.0,1.0,3.0,10.0,-0.5,0.5,0.2,5.0,0.5,10.0,0.0,0.0,10.0,Face-on,1688.0,12.5,134.9,0.0,3.0,0.02908,0.005040000192821026,5.8,0.0,3.0,50.0,3.7,5.8,11.7,0.0,0.0,0.0,0.0,1182
