GAL,ra,dec,radvel,z,mag,r20,r50,r80,flux_c,flux_e,rpetro_c,rpetro_e,rhalf_c,rhalf_e,Gini,M20,F(G_M20),S(G_M20),SN_per_pixel,C,A,S,M,I,D,Ao,As,Ser_A,Ser_R,Ser_n,Ser_xc,Ser_yc,Ser_ellip,Ser_theta,flag_morph,flag_sersic,ima_sc_pix2arc,ima_sc_arc2kpc,psf_arcsec,size_image_phy_kpc,zp_ima,eta,petro_extent_cas,snr,area_min,debleding,area_min_deblend,skybox_x,skybox_y,sky_method,nsigma,npixels,dilate_size,mask_stars,fwhm,threshold,roundlo,roundhi,sharplo,aper_stars,aper_fact,aper_center,aper_ellip,aper_pa,dr,View,area_segmap_pix,area_psf_pix,ratio_segmap_psf,flag_area,flag_area_th,SN_gal,bck,ratio_SN_gal,flag_SN,flag_SN_th,perc_SN_flag,perc_20_SN_gal,perc_50_SN_gal,perc_80_SN_gal,flag_image,flag_bck,flag_object,flag_statmorph,index
1087r,357.42488884029797,0.9213882098803534,5000.0,0.0979,nan,4.0417236985795215,8.169806344478188,13.839082200778345,98.22737960743751,98.24888996038521,17.869089024449615,18.95553714112984,8.206881273408245,8.667019716636956,0.49337919291099774,-1.5583255341718845,-0.43785339990944516,-0.05516184826800424,0.269399493932724,2.672703340515552,0.26019344683487194,0.037399247525904865,0.0013736263736263737,0.0,0.12245009579821092,0.4502950938744071,0.1604569142659912,0.15220491141183026,7.803825063810569,0.6360363762321508,320.54987611856916,318.4833751315268,0.06708249163137826,2.4679957943201494,2.0,0.0,0.27,0.34629548650952463,1.2045383,30.0,22.5,0.2,1.5,2.5,5.0,1.0,5.0,5.0,5.0,masking_sources,2.0,5.0,11.0,1.0,3.0,10.0,-0.5,0.5,0.2,5.0,0.5,10.0,0.0,0.0,10.0,Face-on,1428.0,15.6,91.4,0.0,3.0,0.0312,0.002529999939724803,12.3,0.0,3.0,50.0,4.7,12.3,40.8,0.0,0.0,0.0,0.0,1087
