GAL,ra,dec,radvel,z,mag,r20,r50,r80,flux_c,flux_e,rpetro_c,rpetro_e,rhalf_c,rhalf_e,Gini,M20,F(G_M20),S(G_M20),SN_per_pixel,C,A,S,M,I,D,Ao,As,Ser_A,Ser_R,Ser_n,Ser_xc,Ser_yc,Ser_ellip,Ser_theta,flag_morph,flag_sersic,ima_sc_pix2arc,ima_sc_arc2kpc,psf_arcsec,size_image_phy_kpc,zp_ima,eta,petro_extent_cas,snr,area_min,debleding,area_min_deblend,skybox_x,skybox_y,sky_method,nsigma,npixels,dilate_size,mask_stars,fwhm,threshold,roundlo,roundhi,sharplo,aper_stars,aper_fact,aper_center,aper_ellip,aper_pa,dr,View,area_segmap_pix,area_psf_pix,ratio_segmap_psf,flag_area,flag_area_th,SN_gal,bck,ratio_SN_gal,flag_SN,flag_SN_th,perc_SN_flag,perc_20_SN_gal,perc_50_SN_gal,perc_80_SN_gal,flag_image,flag_bck,flag_object,flag_statmorph,index
846r,174.2700138413153,7.415014084874414,5000.0,0.1213,nan,6.228700912831809,12.647850142792226,21.37078840495594,102.70882847655879,108.85625474565977,28.014933846710896,32.83848331667323,12.631840092151643,14.545833453225548,0.4808032846512677,-1.7945638632375072,-0.336390983752632,-0.10044912518525848,0.17768505215644836,2.6771153336157303,0.09751113449337472,0.0286095201314015,0.009009009009009009,0.009538851821935595,0.03399235206773422,0.16285570488517878,0.26014562861138824,0.07752465223659555,12.923522352624886,0.5928263048459904,319.5464208945887,320.1758383430353,0.2951528937892519,1.701190777391224,1.0,0.0,0.27,0.34629548650952463,1.4126749,30.0,22.5,0.2,1.5,2.5,5.0,1.0,5.0,5.0,5.0,masking_sources,2.0,5.0,11.0,1.0,3.0,10.0,-0.5,0.5,0.2,5.0,0.5,10.0,0.0,0.0,10.0,Face-on,2150.0,21.5,100.0,0.0,3.0,0.02764,0.0038799999747425318,7.1,0.0,3.0,50.0,4.2,7.1,16.7,0.0,0.0,0.0,0.0,846
