GAL,ra,dec,radvel,z,mag,r20,r50,r80,flux_c,flux_e,rpetro_c,rpetro_e,rhalf_c,rhalf_e,Gini,M20,F(G_M20),S(G_M20),SN_per_pixel,C,A,S,M,I,D,Ao,As,Ser_A,Ser_R,Ser_n,Ser_xc,Ser_yc,Ser_ellip,Ser_theta,flag_morph,flag_sersic,ima_sc_pix2arc,ima_sc_arc2kpc,psf_arcsec,size_image_phy_kpc,zp_ima,eta,petro_extent_cas,snr,area_min,debleding,area_min_deblend,skybox_x,skybox_y,sky_method,nsigma,npixels,dilate_size,mask_stars,fwhm,threshold,roundlo,roundhi,sharplo,aper_stars,aper_fact,aper_center,aper_ellip,aper_pa,dr,View,area_segmap_pix,area_psf_pix,ratio_segmap_psf,flag_area,flag_area_th,SN_gal,bck,ratio_SN_gal,flag_SN,flag_SN_th,perc_SN_flag,perc_20_SN_gal,perc_50_SN_gal,perc_80_SN_gal,flag_image,flag_bck,flag_object,flag_statmorph,index
151r,211.81598822673328,1.0649221601083512,5000.0,0.0347,nan,5.626808539264679,11.542210575309305,21.71421861109377,135.4952330142555,135.7912612541576,26.20327441309504,34.92447443301881,12.18196596095244,15.416850481133658,0.5476472713760687,-1.6960053217894009,-0.07381431868840505,-0.0205739410664188,0.1964540034532547,2.93241033981841,0.23908660777337437,0.02542618163038682,0.02786377708978328,0.02986049115879365,0.10815558419771044,0.33187721211608867,0.20448307439218985,0.08471181525496554,13.701864218287856,0.9154125714992359,320.7309972747439,318.55728145136004,0.3330354290247835,2.8541226077071187,0.0,0.0,0.27,0.34629548650952463,1.2795877,30.0,22.5,0.2,1.5,2.5,5.0,1.0,5.0,5.0,5.0,masking_sources,2.0,5.0,11.0,1.0,3.0,10.0,-0.5,0.5,0.2,5.0,0.5,10.0,0.0,0.0,10.0,Face-on,3246.0,17.6,184.0,0.0,3.0,0.01615,0.0023499999660998583,6.9,0.0,3.0,50.0,3.9,6.9,22.7,0.0,0.0,0.0,0.0,151
