GAL,ra,dec,radvel,z,mag,r20,r50,r80,flux_c,flux_e,rpetro_c,rpetro_e,rhalf_c,rhalf_e,Gini,M20,F(G_M20),S(G_M20),SN_per_pixel,C,A,S,M,I,D,Ao,As,Ser_A,Ser_R,Ser_n,Ser_xc,Ser_yc,Ser_ellip,Ser_theta,flag_morph,flag_sersic,ima_sc_pix2arc,ima_sc_arc2kpc,psf_arcsec,size_image_phy_kpc,zp_ima,eta,petro_extent_cas,snr,area_min,debleding,area_min_deblend,skybox_x,skybox_y,sky_method,nsigma,npixels,dilate_size,mask_stars,fwhm,threshold,roundlo,roundhi,sharplo,aper_stars,aper_fact,aper_center,aper_ellip,aper_pa,dr,View,area_segmap_pix,area_psf_pix,ratio_segmap_psf,flag_area,flag_area_th,SN_gal,bck,ratio_SN_gal,flag_SN,flag_SN_th,perc_SN_flag,perc_20_SN_gal,perc_50_SN_gal,perc_80_SN_gal,flag_image,flag_bck,flag_object,flag_statmorph,index
863r,4.960552088987203,-8.978899743915346,5000.0,0.1052,nan,5.290192432922739,10.85056213772466,19.140110575255978,125.27959126505999,124.34835281449003,24.071470793965467,31.329456578096135,11.006649834094326,14.015739387919616,0.4900759912379731,-1.7933592741772746,-0.29132586636718205,-0.09110170778504789,0.22680945694446564,2.792364862344929,-0.06594465670302589,-0.028889540073222957,0.0030902348578491965,0.0007464507806654962,0.03345463578139008,-0.1469021959734748,0.14840511382621163,0.11884651064518881,12.681790668958305,0.7402361079869573,320.661026053839,320.2083610835306,0.434323334777092,0.8758719392446294,0.0,0.0,0.27,0.34629548650952463,1.5291975,30.0,22.5,0.2,1.5,2.5,5.0,1.0,5.0,5.0,5.0,masking_sources,2.0,5.0,11.0,1.0,3.0,10.0,-0.5,0.5,0.2,5.0,0.5,10.0,0.0,0.0,10.0,Face-on,1893.0,25.2,75.1,0.0,3.0,0.03418,0.0040699997916817665,8.4,0.0,3.0,50.0,4.3,8.4,21.2,0.0,0.0,0.0,0.0,863
