GAL,ra,dec,radvel,z,mag,r20,r50,r80,flux_c,flux_e,rpetro_c,rpetro_e,rhalf_c,rhalf_e,Gini,M20,F(G_M20),S(G_M20),SN_per_pixel,C,A,S,M,I,D,Ao,As,Ser_A,Ser_R,Ser_n,Ser_xc,Ser_yc,Ser_ellip,Ser_theta,flag_morph,flag_sersic,ima_sc_pix2arc,ima_sc_arc2kpc,psf_arcsec,size_image_phy_kpc,zp_ima,eta,petro_extent_cas,snr,area_min,debleding,area_min_deblend,skybox_x,skybox_y,sky_method,nsigma,npixels,dilate_size,mask_stars,fwhm,threshold,roundlo,roundhi,sharplo,aper_stars,aper_fact,aper_center,aper_ellip,aper_pa,dr,View,area_segmap_pix,area_psf_pix,ratio_segmap_psf,flag_area,flag_area_th,SN_gal,bck,ratio_SN_gal,flag_SN,flag_SN_th,perc_SN_flag,perc_20_SN_gal,perc_50_SN_gal,perc_80_SN_gal,flag_image,flag_bck,flag_object,flag_statmorph,index
827r,185.06226827587085,8.891961551723256,5000.0,0.1464,nan,3.4984317573593264,7.09029432196688,12.474270480357028,82.24910096888804,82.26082612145387,15.777599182868174,16.063640034794453,7.267870009375788,7.390017230550551,0.49725513603155846,-1.7734236599210083,-0.26960448031852735,-0.0812233040577773,0.2724264860153198,2.7607087497244436,0.064279141605053,-0.002199049890594126,0.0014970059880239522,0.0,0.04784643332230045,0.09292730044855325,0.22257869604290592,0.16959540753534688,6.301167144975647,0.9529805581971518,319.7884550893842,319.56987631449306,0.018499710389098034,2.4064867316906082,2.0,0.0,0.27,0.34629548650952463,1.4303287,30.0,22.5,0.2,1.5,2.5,5.0,1.0,5.0,5.0,5.0,masking_sources,2.0,5.0,11.0,1.0,3.0,10.0,-0.5,0.5,0.2,5.0,0.5,10.0,0.0,0.0,10.0,Face-on,1256.0,22.0,57.0,0.0,3.0,0.02687,0.002899999963119626,9.3,0.0,3.0,50.0,4.1,9.3,30.7,0.0,0.0,0.0,0.0,827
