GAL,ra,dec,radvel,z,mag,r20,r50,r80,flux_c,flux_e,rpetro_c,rpetro_e,rhalf_c,rhalf_e,Gini,M20,F(G_M20),S(G_M20),SN_per_pixel,C,A,S,M,I,D,Ao,As,Ser_A,Ser_R,Ser_n,Ser_xc,Ser_yc,Ser_ellip,Ser_theta,flag_morph,flag_sersic,ima_sc_pix2arc,ima_sc_arc2kpc,psf_arcsec,size_image_phy_kpc,zp_ima,eta,petro_extent_cas,snr,area_min,debleding,area_min_deblend,skybox_x,skybox_y,sky_method,nsigma,npixels,dilate_size,mask_stars,fwhm,threshold,roundlo,roundhi,sharplo,aper_stars,aper_fact,aper_center,aper_ellip,aper_pa,dr,View,area_segmap_pix,area_psf_pix,ratio_segmap_psf,flag_area,flag_area_th,SN_gal,bck,ratio_SN_gal,flag_SN,flag_SN_th,perc_SN_flag,perc_20_SN_gal,perc_50_SN_gal,perc_80_SN_gal,flag_image,flag_bck,flag_object,flag_statmorph,index
812r,177.06100124180534,0.8316086666570293,5000.0,0.1044,nan,6.846890216243248,12.89640752014857,20.36966566977548,83.14328095609714,83.12715914253312,26.085736629022033,28.539280965755914,12.86171344471632,14.274559276961547,0.42367215301500716,-1.6715777416153161,-0.7044194676363005,-0.13991387459967192,0.17858800292015076,2.3674526826082234,0.1695094151444186,0.05015231232864017,0.010924981791697014,0.02872746857454919,0.018979614057152386,0.21768222929996917,0.14716096598709363,0.06241046401025448,12.997259737438148,0.40372216432219726,319.2419491162069,319.9785820991049,0.19916040121055734,1.8508724944937827,0.0,0.0,0.27,0.34629548650952463,1.1901479,30.0,22.5,0.2,1.5,2.5,5.0,1.0,5.0,5.0,5.0,masking_sources,2.0,5.0,11.0,1.0,3.0,10.0,-0.5,0.5,0.2,5.0,0.5,10.0,0.0,0.0,10.0,Face-on,1889.0,15.3,123.8,0.0,3.0,0.03062,0.0037700000684708357,8.1,0.0,3.0,50.0,4.2,8.1,16.7,0.0,0.0,0.0,0.0,812
