GAL,ra,dec,radvel,z,mag,r20,r50,r80,flux_c,flux_e,rpetro_c,rpetro_e,rhalf_c,rhalf_e,Gini,M20,F(G_M20),S(G_M20),SN_per_pixel,C,A,S,M,I,D,Ao,As,Ser_A,Ser_R,Ser_n,Ser_xc,Ser_yc,Ser_ellip,Ser_theta,flag_morph,flag_sersic,ima_sc_pix2arc,ima_sc_arc2kpc,psf_arcsec,size_image_phy_kpc,zp_ima,eta,petro_extent_cas,snr,area_min,debleding,area_min_deblend,skybox_x,skybox_y,sky_method,nsigma,npixels,dilate_size,mask_stars,fwhm,threshold,roundlo,roundhi,sharplo,aper_stars,aper_fact,aper_center,aper_ellip,aper_pa,dr,View,area_segmap_pix,area_psf_pix,ratio_segmap_psf,flag_area,flag_area_th,SN_gal,bck,ratio_SN_gal,flag_SN,flag_SN_th,perc_SN_flag,perc_20_SN_gal,perc_50_SN_gal,perc_80_SN_gal,flag_image,flag_bck,flag_object,flag_statmorph,index
148r,175.19760305030974,5.60005556939165,5000.0,0.0212,nan,8.0360363770478,15.305292186639825,24.31914962907567,262.67667075092595,263.73002005890004,30.38603099157198,38.41875096620457,15.816267653959617,20.297247608518923,0.4349079708390152,-1.3847009631615879,-0.8476077768758943,-0.08891454274883567,0.27373987436294556,2.4045324540733395,0.1021937019918643,0.006460926436470415,0.19827586206896552,0.24758955638048513,0.012855661132235064,0.11550479918007599,0.31545182036421016,0.14092736217408522,18.223827000023686,0.47055766089764617,319.6659047181588,320.0900052293359,0.4468554310773044,0.48357471754557885,0.0,0.0,0.27,0.34629548650952463,1.2313427,30.0,22.5,0.2,1.5,2.5,5.0,1.0,5.0,5.0,5.0,masking_sources,2.0,5.0,11.0,1.0,3.0,10.0,-0.5,0.5,0.2,5.0,0.5,10.0,0.0,0.0,10.0,Face-on,2785.0,16.3,170.5,0.0,3.0,0.05574,0.005739999935030937,9.7,0.0,3.0,50.0,4.4,9.7,25.7,0.0,0.0,0.0,0.0,148
