GAL,ra,dec,radvel,z,mag,r20,r50,r80,flux_c,flux_e,rpetro_c,rpetro_e,rhalf_c,rhalf_e,Gini,M20,F(G_M20),S(G_M20),SN_per_pixel,C,A,S,M,I,D,Ao,As,Ser_A,Ser_R,Ser_n,Ser_xc,Ser_yc,Ser_ellip,Ser_theta,flag_morph,flag_sersic,ima_sc_pix2arc,ima_sc_arc2kpc,psf_arcsec,size_image_phy_kpc,zp_ima,eta,petro_extent_cas,snr,area_min,debleding,area_min_deblend,skybox_x,skybox_y,sky_method,nsigma,npixels,dilate_size,mask_stars,fwhm,threshold,roundlo,roundhi,sharplo,aper_stars,aper_fact,aper_center,aper_ellip,aper_pa,dr,View,area_segmap_pix,area_psf_pix,ratio_segmap_psf,flag_area,flag_area_th,SN_gal,bck,ratio_SN_gal,flag_SN,flag_SN_th,perc_SN_flag,perc_20_SN_gal,perc_50_SN_gal,perc_80_SN_gal,flag_image,flag_bck,flag_object,flag_statmorph,index
705r,143.69026018952144,12.232337682748101,5000.0,0.0686,nan,4.17054257624911,8.03205894999993,13.975724292021145,217.3128763455617,217.47340307090354,18.023658901204506,22.568628938444455,8.155261920543879,10.677429692778578,0.47141270221827475,-1.6239679407321803,-0.5010973410921391,-0.08603296856568113,0.42752352356910706,2.6259088263803236,0.16410594052018382,0.041336829984103395,0.0013477088948787063,0.0,0.09081452592636716,0.25161609948952185,0.12043112202857185,0.36631115783598445,9.96068294061898,0.6987734082924819,318.79036079113433,319.5685701822454,0.4515184075216515,0.23126710552345614,0.0,0.0,0.27,0.34629548650952463,1.1587296,30.0,22.5,0.2,1.5,2.5,5.0,1.0,5.0,5.0,5.0,masking_sources,2.0,5.0,11.0,1.0,3.0,10.0,-0.5,0.5,0.2,5.0,0.5,10.0,0.0,0.0,10.0,Face-on,1466.0,14.5,101.3,0.0,3.0,0.06101,0.004920000210404396,12.4,0.0,3.0,50.0,4.6,12.4,46.5,0.0,0.0,0.0,0.0,705
