GAL,ra,dec,radvel,z,mag,r20,r50,r80,flux_c,flux_e,rpetro_c,rpetro_e,rhalf_c,rhalf_e,Gini,M20,F(G_M20),S(G_M20),SN_per_pixel,C,A,S,M,I,D,Ao,As,Ser_A,Ser_R,Ser_n,Ser_xc,Ser_yc,Ser_ellip,Ser_theta,flag_morph,flag_sersic,ima_sc_pix2arc,ima_sc_arc2kpc,psf_arcsec,size_image_phy_kpc,zp_ima,eta,petro_extent_cas,snr,area_min,debleding,area_min_deblend,skybox_x,skybox_y,sky_method,nsigma,npixels,dilate_size,mask_stars,fwhm,threshold,roundlo,roundhi,sharplo,aper_stars,aper_fact,aper_center,aper_ellip,aper_pa,dr,View,area_segmap_pix,area_psf_pix,ratio_segmap_psf,flag_area,flag_area_th,SN_gal,bck,ratio_SN_gal,flag_SN,flag_SN_th,perc_SN_flag,perc_20_SN_gal,perc_50_SN_gal,perc_80_SN_gal,flag_image,flag_bck,flag_object,flag_statmorph,index
708r,141.85133729861047,4.070449843827457,5000.0,0.0844,nan,5.053099824828114,11.020652067681889,21.129447295853545,74.88160419519028,73.9760298487178,26.522137705077746,40.940050487917915,11.463214478401891,19.244838406979408,0.5414902087557409,-1.7501573365016043,-0.06676443246347041,-0.03419656310553959,0.1940014511346817,3.106651295208814,-0.16522310893280565,-0.057478256139109105,0.00963855421686747,0.01003102380961416,0.01727032482773389,-0.26894007693500777,0.18263555995505296,0.11927099878894677,17.51915780267009,0.6302613811352816,320.23277653603407,319.8410777019371,0.8123418287429391,3.1095198599791227,0.0,0.0,0.27,0.34629548650952463,1.5001212,30.0,22.5,0.2,1.5,2.5,5.0,1.0,5.0,5.0,5.0,masking_sources,2.0,5.0,11.0,1.0,3.0,10.0,-0.5,0.5,0.2,5.0,0.5,10.0,0.0,0.0,10.0,Edge-on,1233.0,24.2,50.9,0.0,3.0,0.03487,0.0040799998678267,8.6,0.0,3.0,50.0,4.2,8.6,20.6,0.0,0.0,0.0,0.0,708
