GAL,ra,dec,radvel,z,mag,r20,r50,r80,flux_c,flux_e,rpetro_c,rpetro_e,rhalf_c,rhalf_e,Gini,M20,F(G_M20),S(G_M20),SN_per_pixel,C,A,S,M,I,D,Ao,As,Ser_A,Ser_R,Ser_n,Ser_xc,Ser_yc,Ser_ellip,Ser_theta,flag_morph,flag_sersic,ima_sc_pix2arc,ima_sc_arc2kpc,psf_arcsec,size_image_phy_kpc,zp_ima,eta,petro_extent_cas,snr,area_min,debleding,area_min_deblend,skybox_x,skybox_y,sky_method,nsigma,npixels,dilate_size,mask_stars,fwhm,threshold,roundlo,roundhi,sharplo,aper_stars,aper_fact,aper_center,aper_ellip,aper_pa,dr,View,area_segmap_pix,area_psf_pix,ratio_segmap_psf,flag_area,flag_area_th,SN_gal,bck,ratio_SN_gal,flag_SN,flag_SN_th,perc_SN_flag,perc_20_SN_gal,perc_50_SN_gal,perc_80_SN_gal,flag_image,flag_bck,flag_object,flag_statmorph,index
276r,122.76990418354075,6.298664246304073,5000.0,0.0145,nan,11.570587399738486,25.065322160648215,39.707203351666905,1123.813700284461,1124.4367209435777,49.44342464543979,54.42843175296446,25.19548280006937,27.33989439291512,0.4332149550541504,-1.8696938399207246,-0.5198881414168932,-0.15800463824537186,0.33423328399658203,2.6775694641800136,0.10240610388220744,0.003501955514242232,0.03484602917341977,0.07747253629205476,0.029513368256939607,0.1375974689351857,0.2050748596274197,0.19026253174628607,25.668338041913582,0.5600380636728272,319.1909860507436,320.84352410156265,0.13429950254745557,2.5245783911187294,0.0,0.0,0.27,0.34629548650952463,1.4926867,30.0,22.5,0.2,1.5,2.5,5.0,1.0,5.0,5.0,5.0,masking_sources,2.0,5.0,11.0,1.0,3.0,10.0,-0.5,0.5,0.2,5.0,0.5,10.0,0.0,0.0,10.0,Face-on,11132.0,24.0,463.7,0.0,3.0,0.05797,0.0035600000992417336,16.3,0.0,3.0,50.0,5.3,16.3,43.8,0.0,0.0,0.0,0.0,276
