GAL,ra,dec,radvel,z,mag,r20,r50,r80,flux_c,flux_e,rpetro_c,rpetro_e,rhalf_c,rhalf_e,Gini,M20,F(G_M20),S(G_M20),SN_per_pixel,C,A,S,M,I,D,Ao,As,Ser_A,Ser_R,Ser_n,Ser_xc,Ser_yc,Ser_ellip,Ser_theta,flag_morph,flag_sersic,ima_sc_pix2arc,ima_sc_arc2kpc,psf_arcsec,size_image_phy_kpc,zp_ima,eta,petro_extent_cas,snr,area_min,debleding,area_min_deblend,skybox_x,skybox_y,sky_method,nsigma,npixels,dilate_size,mask_stars,fwhm,threshold,roundlo,roundhi,sharplo,aper_stars,aper_fact,aper_center,aper_ellip,aper_pa,dr,View,area_segmap_pix,area_psf_pix,ratio_segmap_psf,flag_area,flag_area_th,SN_gal,bck,ratio_SN_gal,flag_SN,flag_SN_th,perc_SN_flag,perc_20_SN_gal,perc_50_SN_gal,perc_80_SN_gal,flag_image,flag_bck,flag_object,flag_statmorph,index
561r,316.4312828713113,-1.064729884229983,5000.0,0.0974,nan,4.200635312609915,8.388035839225964,14.229185612143244,63.91353139091176,63.683478343203696,18.31177064473419,20.491129310884613,8.486900023217611,9.980439674957747,0.5312953017629864,-1.7898635362479163,-0.08971282565341099,-0.04980868279310385,0.22887660562992096,2.649325328021228,0.11828513696091529,0.0502073471995343,0.008097165991902834,0.026834487600093226,0.06413486722534421,0.02518822468540528,0.2202261293001729,0.1316771432813978,9.087409909936776,0.526623263439527,317.69024805306356,319.8387035352577,0.32223034609691376,3.022586411290924,0.0,0.0,0.27,0.34629548650952463,1.3188543,30.0,22.5,0.2,1.5,2.5,5.0,1.0,5.0,5.0,5.0,masking_sources,2.0,5.0,11.0,1.0,3.0,10.0,-0.5,0.5,0.2,5.0,0.5,10.0,0.0,0.0,10.0,Face-on,1152.0,18.7,61.5,0.0,3.0,0.02658,0.0022499999031424522,11.8,0.0,3.0,50.0,4.9,11.8,34.5,0.0,0.0,0.0,0.0,561
