GAL,ra,dec,radvel,z,mag,r20,r50,r80,flux_c,flux_e,rpetro_c,rpetro_e,rhalf_c,rhalf_e,Gini,M20,F(G_M20),S(G_M20),SN_per_pixel,C,A,S,M,I,D,Ao,As,Ser_A,Ser_R,Ser_n,Ser_xc,Ser_yc,Ser_ellip,Ser_theta,flag_morph,flag_sersic,ima_sc_pix2arc,ima_sc_arc2kpc,psf_arcsec,size_image_phy_kpc,zp_ima,eta,petro_extent_cas,snr,area_min,debleding,area_min_deblend,skybox_x,skybox_y,sky_method,nsigma,npixels,dilate_size,mask_stars,fwhm,threshold,roundlo,roundhi,sharplo,aper_stars,aper_fact,aper_center,aper_ellip,aper_pa,dr,View,area_segmap_pix,area_psf_pix,ratio_segmap_psf,flag_area,flag_area_th,SN_gal,bck,ratio_SN_gal,flag_SN,flag_SN_th,perc_SN_flag,perc_20_SN_gal,perc_50_SN_gal,perc_80_SN_gal,flag_image,flag_bck,flag_object,flag_statmorph,index
448r,181.94018877655208,11.717253647167873,5000.0,0.0613,nan,6.154326847729184,12.103667027601091,21.13686525155691,157.3775666666881,160.27532944845325,27.608682547625794,37.3922461699686,12.16471298001178,17.396610933938213,0.46406945880821227,-1.702279373895192,-0.48317657278998105,-0.1041880687513016,0.2492104172706604,2.679300107335173,0.022050793170670418,-0.020513812077865075,0.007162041181736795,0.010365370618623733,0.03602804642854582,0.02616738825645126,0.11907664508907577,0.13477964307279958,16.282581412371876,0.5295151295241897,319.3618143624739,320.58793562702044,0.5644864452708293,2.5673923044791653,0.0,0.0,0.27,0.34629548650952463,1.1654286,30.0,22.5,0.2,1.5,2.5,5.0,1.0,5.0,5.0,5.0,masking_sources,2.0,5.0,11.0,1.0,3.0,10.0,-0.5,0.5,0.2,5.0,0.5,10.0,0.0,0.0,10.0,Edge-on,2051.0,14.6,140.2,0.0,3.0,0.04517,0.004879999905824661,9.3,0.0,3.0,50.0,4.7,9.3,22.4,0.0,0.0,0.0,0.0,448
