GAL,ra,dec,radvel,z,mag,r20,r50,r80,flux_c,flux_e,rpetro_c,rpetro_e,rhalf_c,rhalf_e,Gini,M20,F(G_M20),S(G_M20),SN_per_pixel,C,A,S,M,I,D,Ao,As,Ser_A,Ser_R,Ser_n,Ser_xc,Ser_yc,Ser_ellip,Ser_theta,flag_morph,flag_sersic,ima_sc_pix2arc,ima_sc_arc2kpc,psf_arcsec,size_image_phy_kpc,zp_ima,eta,petro_extent_cas,snr,area_min,debleding,area_min_deblend,skybox_x,skybox_y,sky_method,nsigma,npixels,dilate_size,mask_stars,fwhm,threshold,roundlo,roundhi,sharplo,aper_stars,aper_fact,aper_center,aper_ellip,aper_pa,dr,View,area_segmap_pix,area_psf_pix,ratio_segmap_psf,flag_area,flag_area_th,SN_gal,bck,ratio_SN_gal,flag_SN,flag_SN_th,perc_SN_flag,perc_20_SN_gal,perc_50_SN_gal,perc_80_SN_gal,flag_image,flag_bck,flag_object,flag_statmorph,index
903r,133.99886354451925,6.915883975743401,5000.0,0.1245,nan,5.501806641774689,11.777988688174084,20.24942542686119,89.44438889304759,89.48709250860466,26.619212337864898,27.085902384567426,11.784811521463498,12.328978187823823,0.4868859184224879,-1.8478949456402622,-0.26932350647998327,-0.10184033820573346,0.17774060368537903,2.8295369072554815,0.04295259939399472,0.0017954628079497516,0.05093833780160858,0.0835265522557486,0.02642282806055717,0.04888338287913083,0.252629062484967,0.07462332545852898,10.266463250993375,0.7249794815191767,319.7237776016548,319.880329918117,0.05913825431557858,1.8683794020687945,0.0,0.0,0.27,0.34629548650952463,1.441291,30.0,22.5,0.2,1.5,2.5,5.0,1.0,5.0,5.0,5.0,masking_sources,2.0,5.0,11.0,1.0,3.0,10.0,-0.5,0.5,0.2,5.0,0.5,10.0,0.0,0.0,10.0,Face-on,1795.0,22.4,80.2,0.0,3.0,0.0287,0.004360000137239695,6.6,0.0,3.0,50.0,3.9,6.6,14.0,0.0,0.0,0.0,0.0,903
