GAL,ra,dec,radvel,z,mag,r20,r50,r80,flux_c,flux_e,rpetro_c,rpetro_e,rhalf_c,rhalf_e,Gini,M20,F(G_M20),S(G_M20),SN_per_pixel,C,A,S,M,I,D,Ao,As,Ser_A,Ser_R,Ser_n,Ser_xc,Ser_yc,Ser_ellip,Ser_theta,flag_morph,flag_sersic,ima_sc_pix2arc,ima_sc_arc2kpc,psf_arcsec,size_image_phy_kpc,zp_ima,eta,petro_extent_cas,snr,area_min,debleding,area_min_deblend,skybox_x,skybox_y,sky_method,nsigma,npixels,dilate_size,mask_stars,fwhm,threshold,roundlo,roundhi,sharplo,aper_stars,aper_fact,aper_center,aper_ellip,aper_pa,dr,View,area_segmap_pix,area_psf_pix,ratio_segmap_psf,flag_area,flag_area_th,SN_gal,bck,ratio_SN_gal,flag_SN,flag_SN_th,perc_SN_flag,perc_20_SN_gal,perc_50_SN_gal,perc_80_SN_gal,flag_image,flag_bck,flag_object,flag_statmorph,index
1084r,181.24479669836145,3.529834271239677,5000.0,0.0842,nan,5.347642698521464,12.664844531673152,25.277125114455355,82.90844703547758,80.23860529909945,32.171661243809886,42.95694717841527,12.755144028256106,20.89481192824486,0.5651546115398957,-1.7505120930852223,0.050620207630542424,-0.010818115514349247,0.20341967046260834,3.3728264790096585,0.11594809287058735,0.06404303653967987,0.021341463414634148,0.06552583357838888,0.10905888248125267,0.11397666185143132,0.24228270215072883,0.14006148517513933,19.038971349799898,0.4965975819017185,319.2223563123813,320.30124531985916,0.8493298273791638,2.736465533566688,0.0,0.0,0.27,0.34629548650952463,1.2105103,30.0,22.5,0.2,1.5,2.5,5.0,1.0,5.0,5.0,5.0,masking_sources,2.0,5.0,11.0,1.0,3.0,10.0,-0.5,0.5,0.2,5.0,0.5,10.0,0.0,0.0,10.0,Edge-on,1173.0,15.8,74.3,0.0,3.0,0.04,0.004470000043511391,8.9,0.0,3.0,50.0,4.1,8.9,22.6,0.0,0.0,0.0,0.0,1084
