GAL,ra,dec,radvel,z,mag,r20,r50,r80,flux_c,flux_e,rpetro_c,rpetro_e,rhalf_c,rhalf_e,Gini,M20,F(G_M20),S(G_M20),SN_per_pixel,C,A,S,M,I,D,Ao,As,Ser_A,Ser_R,Ser_n,Ser_xc,Ser_yc,Ser_ellip,Ser_theta,flag_morph,flag_sersic,ima_sc_pix2arc,ima_sc_arc2kpc,psf_arcsec,size_image_phy_kpc,zp_ima,eta,petro_extent_cas,snr,area_min,debleding,area_min_deblend,skybox_x,skybox_y,sky_method,nsigma,npixels,dilate_size,mask_stars,fwhm,threshold,roundlo,roundhi,sharplo,aper_stars,aper_fact,aper_center,aper_ellip,aper_pa,dr,View,area_segmap_pix,area_psf_pix,ratio_segmap_psf,flag_area,flag_area_th,SN_gal,bck,ratio_SN_gal,flag_SN,flag_SN_th,perc_SN_flag,perc_20_SN_gal,perc_50_SN_gal,perc_80_SN_gal,flag_image,flag_bck,flag_object,flag_statmorph,index
512r,197.41662200302108,4.452538803546423,5000.0,0.0461,nan,6.504321249757551,12.213990733830624,18.917885805945506,146.73475397444625,146.5784613478927,23.568170284596366,25.30660257030601,12.300839438348437,13.366736762680189,0.4176834526620292,-1.6512941706914375,-0.7481200490337896,-0.14302327159070094,0.2557837963104248,2.3183530829907024,0.04903328126236861,-0.00643586732691657,0.01904761904761905,0.0,0.0190811848671465,0.0036606177039078375,0.2749828899080668,0.11786200779284556,12.266095252511263,0.4303821213784248,320.1636509889656,319.36082062056863,0.15183727426669766,1.53292222261359,0.0,0.0,0.27,0.34629548650952463,1.2411653,30.0,22.5,0.2,1.5,2.5,5.0,1.0,5.0,5.0,5.0,masking_sources,2.0,5.0,11.0,1.0,3.0,10.0,-0.5,0.5,0.2,5.0,0.5,10.0,0.0,0.0,10.0,Face-on,2022.0,16.6,121.8,0.0,3.0,0.04482,0.00431999983265996,10.4,0.0,3.0,50.0,4.1,10.4,25.9,0.0,0.0,0.0,0.0,512
