GAL,ra,dec,radvel,z,mag,r20,r50,r80,flux_c,flux_e,rpetro_c,rpetro_e,rhalf_c,rhalf_e,Gini,M20,F(G_M20),S(G_M20),SN_per_pixel,C,A,S,M,I,D,Ao,As,Ser_A,Ser_R,Ser_n,Ser_xc,Ser_yc,Ser_ellip,Ser_theta,flag_morph,flag_sersic,ima_sc_pix2arc,ima_sc_arc2kpc,psf_arcsec,size_image_phy_kpc,zp_ima,eta,petro_extent_cas,snr,area_min,debleding,area_min_deblend,skybox_x,skybox_y,sky_method,nsigma,npixels,dilate_size,mask_stars,fwhm,threshold,roundlo,roundhi,sharplo,aper_stars,aper_fact,aper_center,aper_ellip,aper_pa,dr,View,area_segmap_pix,area_psf_pix,ratio_segmap_psf,flag_area,flag_area_th,SN_gal,bck,ratio_SN_gal,flag_SN,flag_SN_th,perc_SN_flag,perc_20_SN_gal,perc_50_SN_gal,perc_80_SN_gal,flag_image,flag_bck,flag_object,flag_statmorph,index
423r,56.489677371165065,-0.02090107192818297,5000.0,0.0376,nan,4.1431953890997075,7.685050046809055,12.22477537586898,156.87992262196067,157.30109824359874,15.3720585758358,18.848649503956253,8.047631526655975,9.816218782859956,0.4310146007611386,-1.6005495610400635,-0.7172968804315998,-0.1227719342310416,0.4030267000198364,2.34952736617449,0.12775659500079165,0.01024256328517984,0.0,0.0,0.060032157833940454,0.23863012901935773,0.3833846447837204,0.2944643519333914,8.499014891362476,0.5976244079086672,319.58101116042985,319.77112095753074,0.28391283816849056,0.0905784435284735,0.0,0.0,0.27,0.34629548650952463,1.0917382,30.0,22.5,0.2,1.5,2.5,5.0,1.0,5.0,5.0,5.0,masking_sources,2.0,5.0,11.0,1.0,3.0,10.0,-0.5,0.5,0.2,5.0,0.5,10.0,0.0,0.0,10.0,Face-on,1339.0,12.8,104.3,0.0,3.0,0.04798,0.003969999961555004,12.1,0.0,3.0,50.0,4.9,12.1,49.2,0.0,0.0,0.0,0.0,423
