GAL,ra,dec,radvel,z,mag,r20,r50,r80,flux_c,flux_e,rpetro_c,rpetro_e,rhalf_c,rhalf_e,Gini,M20,F(G_M20),S(G_M20),SN_per_pixel,C,A,S,M,I,D,Ao,As,Ser_A,Ser_R,Ser_n,Ser_xc,Ser_yc,Ser_ellip,Ser_theta,flag_morph,flag_sersic,ima_sc_pix2arc,ima_sc_arc2kpc,psf_arcsec,size_image_phy_kpc,zp_ima,eta,petro_extent_cas,snr,area_min,debleding,area_min_deblend,skybox_x,skybox_y,sky_method,nsigma,npixels,dilate_size,mask_stars,fwhm,threshold,roundlo,roundhi,sharplo,aper_stars,aper_fact,aper_center,aper_ellip,aper_pa,dr,View,area_segmap_pix,area_psf_pix,ratio_segmap_psf,flag_area,flag_area_th,SN_gal,bck,ratio_SN_gal,flag_SN,flag_SN_th,perc_SN_flag,perc_20_SN_gal,perc_50_SN_gal,perc_80_SN_gal,flag_image,flag_bck,flag_object,flag_statmorph,index
1012r,213.10903885743411,0.2079832683650267,5000.0,0.1383,nan,2.439540450468904,5.231160956771338,10.386107470597409,107.2122921152069,107.97507042839288,12.726845001724314,17.953910606084236,6.260707121241787,8.786429063377033,0.5372996549534274,-1.9077218348043266,0.02168452353886341,-0.06024667663390837,0.3904293477535248,3.1457239426720998,0.05943627826778336,0.0022139940360337267,0.0,0.0,0.034938721835174845,0.3364635724255236,0.49395829680683073,0.36738361538367054,6.90933881971865,1.6171975945654153,319.8993148749533,320.1006315337262,0.6043267690325637,2.1905046066457317,0.0,0.0,0.27,0.34629548650952463,1.3021474,30.0,22.5,0.2,1.5,2.5,5.0,1.0,5.0,5.0,5.0,masking_sources,2.0,5.0,11.0,1.0,3.0,10.0,-0.5,0.5,0.2,5.0,0.5,10.0,0.0,0.0,10.0,Edge-on,1380.0,18.3,75.5,0.0,3.0,0.02093,0.00203999993391335,10.2,0.0,3.0,50.0,4.6,10.2,39.3,0.0,0.0,0.0,0.0,1012
