GAL,ra,dec,radvel,z,mag,r20,r50,r80,flux_c,flux_e,rpetro_c,rpetro_e,rhalf_c,rhalf_e,Gini,M20,F(G_M20),S(G_M20),SN_per_pixel,C,A,S,M,I,D,Ao,As,Ser_A,Ser_R,Ser_n,Ser_xc,Ser_yc,Ser_ellip,Ser_theta,flag_morph,flag_sersic,ima_sc_pix2arc,ima_sc_arc2kpc,psf_arcsec,size_image_phy_kpc,zp_ima,eta,petro_extent_cas,snr,area_min,debleding,area_min_deblend,skybox_x,skybox_y,sky_method,nsigma,npixels,dilate_size,mask_stars,fwhm,threshold,roundlo,roundhi,sharplo,aper_stars,aper_fact,aper_center,aper_ellip,aper_pa,dr,View,area_segmap_pix,area_psf_pix,ratio_segmap_psf,flag_area,flag_area_th,SN_gal,bck,ratio_SN_gal,flag_SN,flag_SN_th,perc_SN_flag,perc_20_SN_gal,perc_50_SN_gal,perc_80_SN_gal,flag_image,flag_bck,flag_object,flag_statmorph,index
150r,16.23994232135244,-0.9117301718964954,5000.0,0.0389,nan,4.886547624898797,9.87843652195472,16.919638054891397,120.6615737176436,121.52384170186228,21.936415473131472,25.90371749334244,10.43093914061893,12.653656722115509,0.4788647215624569,-1.8067313555289637,-0.33755479888426665,-0.10405958407169363,0.25109657645225525,2.696944662773025,0.0791592278867925,-0.012631929751938874,0.0031746031746031746,0.0,0.014857789905985744,-0.028449041874387525,0.7181986978262744,0.13233864618242352,11.118163519188064,0.6830037293851032,319.9543877428733,320.26424138004563,0.3368932534109118,1.0414255686409362,0.0,0.0,0.27,0.34629548650952463,1.1960522,30.0,22.5,0.2,1.5,2.5,5.0,1.0,5.0,5.0,5.0,masking_sources,2.0,5.0,11.0,1.0,3.0,10.0,-0.5,0.5,0.2,5.0,0.5,10.0,0.0,0.0,10.0,Face-on,2000.0,15.4,129.8,0.0,3.0,0.02901,0.002420000033453107,12.0,0.0,3.0,50.0,5.1,12.0,36.5,0.0,0.0,0.0,0.0,150
