GAL,ra,dec,radvel,z,mag,r20,r50,r80,flux_c,flux_e,rpetro_c,rpetro_e,rhalf_c,rhalf_e,Gini,M20,F(G_M20),S(G_M20),SN_per_pixel,C,A,S,M,I,D,Ao,As,Ser_A,Ser_R,Ser_n,Ser_xc,Ser_yc,Ser_ellip,Ser_theta,flag_morph,flag_sersic,ima_sc_pix2arc,ima_sc_arc2kpc,psf_arcsec,size_image_phy_kpc,zp_ima,eta,petro_extent_cas,snr,area_min,debleding,area_min_deblend,skybox_x,skybox_y,sky_method,nsigma,npixels,dilate_size,mask_stars,fwhm,threshold,roundlo,roundhi,sharplo,aper_stars,aper_fact,aper_center,aper_ellip,aper_pa,dr,View,area_segmap_pix,area_psf_pix,ratio_segmap_psf,flag_area,flag_area_th,SN_gal,bck,ratio_SN_gal,flag_SN,flag_SN_th,perc_SN_flag,perc_20_SN_gal,perc_50_SN_gal,perc_80_SN_gal,flag_image,flag_bck,flag_object,flag_statmorph,index
916r,158.66360584310024,4.822285924699704,5000.0,0.1,nan,2.7223073442835046,6.4381036954511695,14.517981565571326,106.40108904965876,106.245934728463,18.805858727124125,19.19999889997228,6.79096228603312,6.942851455071425,0.5856641078680346,-2.0791980351426664,0.3799215723006393,-0.03620106009547641,0.24566976726055145,3.634845429029059,0.02688405173757789,0.006329405384568735,0.011494252873563218,0.0,0.025329496850273785,0.1063713713031337,0.28238389728717395,0.21447554561967824,5.631434314693333,1.820846846212525,319.00264826051256,319.9962093844793,0.14071567768517804,2.6803034238533376,0.0,0.0,0.27,0.34629548650952463,1.3057331,30.0,22.5,0.2,1.5,2.5,5.0,1.0,5.0,5.0,5.0,masking_sources,2.0,5.0,11.0,1.0,3.0,10.0,-0.5,0.5,0.2,5.0,0.5,10.0,0.0,0.0,10.0,Face-on,1442.0,18.4,78.5,0.0,3.0,0.02954,0.004240000154823065,7.0,0.0,3.0,50.0,3.8,7.0,15.4,0.0,0.0,0.0,0.0,916
