GAL,ra,dec,radvel,z,mag,r20,r50,r80,flux_c,flux_e,rpetro_c,rpetro_e,rhalf_c,rhalf_e,Gini,M20,F(G_M20),S(G_M20),SN_per_pixel,C,A,S,M,I,D,Ao,As,Ser_A,Ser_R,Ser_n,Ser_xc,Ser_yc,Ser_ellip,Ser_theta,flag_morph,flag_sersic,ima_sc_pix2arc,ima_sc_arc2kpc,psf_arcsec,size_image_phy_kpc,zp_ima,eta,petro_extent_cas,snr,area_min,debleding,area_min_deblend,skybox_x,skybox_y,sky_method,nsigma,npixels,dilate_size,mask_stars,fwhm,threshold,roundlo,roundhi,sharplo,aper_stars,aper_fact,aper_center,aper_ellip,aper_pa,dr,View,area_segmap_pix,area_psf_pix,ratio_segmap_psf,flag_area,flag_area_th,SN_gal,bck,ratio_SN_gal,flag_SN,flag_SN_th,perc_SN_flag,perc_20_SN_gal,perc_50_SN_gal,perc_80_SN_gal,flag_image,flag_bck,flag_object,flag_statmorph,index
297r,130.70358166991429,29.396447040377634,5000.0,0.0503,nan,5.9202089638557345,12.17781511450666,21.375881774198398,70.28912903121332,70.89408510718785,28.37104504073036,29.486257254245196,12.081493206134333,12.596078288562621,0.5122385751960512,-1.808574897782075,-0.17107664861656868,-0.07127572134761784,0.14090891182422638,2.7879350132399128,0.06036413201030303,0.03381013242170044,0.006304176516942475,0.007465668141241965,0.042655754565106854,0.0868694439764239,0.2568011206596828,0.056713302536888326,10.333119521532952,0.6250339738292904,319.32641302396735,319.0904185357516,0.07311725310277624,0.6192930283533375,1.0,0.0,0.27,0.34629548650952463,1.4151324,30.0,22.5,0.2,1.5,2.5,5.0,1.0,5.0,5.0,5.0,masking_sources,2.0,5.0,11.0,1.0,3.0,10.0,-0.5,0.5,0.2,5.0,0.5,10.0,0.0,0.0,10.0,Face-on,1771.0,21.6,82.1,0.0,3.0,0.02127,0.0031500000040978193,6.7,0.0,3.0,50.0,4.0,6.7,14.8,0.0,0.0,0.0,0.0,297
