GAL,ra,dec,radvel,z,mag,r20,r50,r80,flux_c,flux_e,rpetro_c,rpetro_e,rhalf_c,rhalf_e,Gini,M20,F(G_M20),S(G_M20),SN_per_pixel,C,A,S,M,I,D,Ao,As,Ser_A,Ser_R,Ser_n,Ser_xc,Ser_yc,Ser_ellip,Ser_theta,flag_morph,flag_sersic,ima_sc_pix2arc,ima_sc_arc2kpc,psf_arcsec,size_image_phy_kpc,zp_ima,eta,petro_extent_cas,snr,area_min,debleding,area_min_deblend,skybox_x,skybox_y,sky_method,nsigma,npixels,dilate_size,mask_stars,fwhm,threshold,roundlo,roundhi,sharplo,aper_stars,aper_fact,aper_center,aper_ellip,aper_pa,dr,View,area_segmap_pix,area_psf_pix,ratio_segmap_psf,flag_area,flag_area_th,SN_gal,bck,ratio_SN_gal,flag_SN,flag_SN_th,perc_SN_flag,perc_20_SN_gal,perc_50_SN_gal,perc_80_SN_gal,flag_image,flag_bck,flag_object,flag_statmorph,index
962r,338.2245298530737,-8.938335128917206,5000.0,0.1577,nan,3.0666190350332965,6.319840351548221,12.410304470593264,91.09178273983474,96.6306874883398,15.401380418100564,29.408402202988402,7.376287916874259,10.913941825042478,0.6192882694042241,-1.9628033340047186,0.4656996440161789,0.013265723283525876,0.21881817281246185,3.035613046943428,-0.02399980265142821,-0.009151230982989086,0.17349726775956284,0.038707540721731,0.11913671895938648,0.04840502130820458,0.3351302375027914,0.21280096262807732,6.547072254008473,1.555258213331228,319.88821322891584,319.9377744358477,0.37961049595765517,1.3069946363075395,0.0,0.0,0.27,0.34629548650952463,1.5810966,30.0,22.5,0.2,1.5,2.5,5.0,1.0,5.0,5.0,5.0,masking_sources,2.0,5.0,11.0,1.0,3.0,10.0,-0.5,0.5,0.2,5.0,0.5,10.0,0.0,0.0,10.0,Face-on,1406.0,26.9,52.2,0.0,3.0,0.02604,0.003719999920576811,7.0,0.0,3.0,50.0,3.8,7.0,19.6,0.0,0.0,0.0,0.0,962
