GAL,ra,dec,radvel,z,mag,r20,r50,r80,flux_c,flux_e,rpetro_c,rpetro_e,rhalf_c,rhalf_e,Gini,M20,F(G_M20),S(G_M20),SN_per_pixel,C,A,S,M,I,D,Ao,As,Ser_A,Ser_R,Ser_n,Ser_xc,Ser_yc,Ser_ellip,Ser_theta,flag_morph,flag_sersic,ima_sc_pix2arc,ima_sc_arc2kpc,psf_arcsec,size_image_phy_kpc,zp_ima,eta,petro_extent_cas,snr,area_min,debleding,area_min_deblend,skybox_x,skybox_y,sky_method,nsigma,npixels,dilate_size,mask_stars,fwhm,threshold,roundlo,roundhi,sharplo,aper_stars,aper_fact,aper_center,aper_ellip,aper_pa,dr,View,area_segmap_pix,area_psf_pix,ratio_segmap_psf,flag_area,flag_area_th,SN_gal,bck,ratio_SN_gal,flag_SN,flag_SN_th,perc_SN_flag,perc_20_SN_gal,perc_50_SN_gal,perc_80_SN_gal,flag_image,flag_bck,flag_object,flag_statmorph,index
360r,167.19069091791613,3.442891465632815,5000.0,0.0382,nan,7.5333845159597335,17.832633760248108,31.44209662584825,169.93515844517827,168.54910737551486,38.29935314389192,58.065172446861574,18.49310314756374,27.825900577814366,0.5942561583433918,-1.578684745019633,0.07559651209839569,0.041876417202228955,0.21663051843643188,3.1026068146551533,-0.09678874037895781,0.04499053683543849,0.01948051948051948,0.7731499076915423,0.0927198297901882,-0.18434522912625914,0.35938726058859466,0.16534629513917937,28.280748092843634,0.5063182496846185,322.6055699563666,320.21763537147837,0.8709118633019708,3.139615806399914,0.0,0.0,0.27,0.34629548650952463,1.384418,30.0,22.5,0.2,1.5,2.5,5.0,1.0,5.0,5.0,5.0,masking_sources,2.0,5.0,11.0,1.0,3.0,10.0,-0.5,0.5,0.2,5.0,0.5,10.0,0.0,0.0,10.0,Edge-on,2413.0,20.6,116.9,0.0,3.0,0.03838,0.004029999952763319,9.5,0.0,3.0,50.0,4.1,9.5,26.1,0.0,0.0,0.0,0.0,360
