GAL,ra,dec,radvel,z,mag,r20,r50,r80,flux_c,flux_e,rpetro_c,rpetro_e,rhalf_c,rhalf_e,Gini,M20,F(G_M20),S(G_M20),SN_per_pixel,C,A,S,M,I,D,Ao,As,Ser_A,Ser_R,Ser_n,Ser_xc,Ser_yc,Ser_ellip,Ser_theta,flag_morph,flag_sersic,ima_sc_pix2arc,ima_sc_arc2kpc,psf_arcsec,size_image_phy_kpc,zp_ima,eta,petro_extent_cas,snr,area_min,debleding,area_min_deblend,skybox_x,skybox_y,sky_method,nsigma,npixels,dilate_size,mask_stars,fwhm,threshold,roundlo,roundhi,sharplo,aper_stars,aper_fact,aper_center,aper_ellip,aper_pa,dr,View,area_segmap_pix,area_psf_pix,ratio_segmap_psf,flag_area,flag_area_th,SN_gal,bck,ratio_SN_gal,flag_SN,flag_SN_th,perc_SN_flag,perc_20_SN_gal,perc_50_SN_gal,perc_80_SN_gal,flag_image,flag_bck,flag_object,flag_statmorph,index
680r,228.44844716489817,0.34307927198311694,5000.0,0.072,nan,2.778009913521709,5.136337548935321,9.067970932975925,133.4736876340488,133.6044882860127,11.269205499430212,12.07594432213169,5.635794157645747,6.066696405976537,0.49124844212839675,-1.6914345747229176,-0.3561560511814541,-0.07577344817937276,0.48184114694595337,2.568881640641951,0.050081314295457355,0.06013833588774601,0.0,0.0,0.025375034328185095,0.10630663793433721,0.2492887732174365,0.42846119704284774,5.168966409675231,1.2895374377998596,319.3393732013865,319.9900531100538,0.14062087405782556,0.9079921181383694,0.0,0.0,0.27,0.34629548650952463,1.1700566,30.0,22.5,0.2,1.5,2.5,5.0,1.0,5.0,5.0,5.0,masking_sources,2.0,5.0,11.0,1.0,3.0,10.0,-0.5,0.5,0.2,5.0,0.5,10.0,0.0,0.0,10.0,Face-on,1784.0,14.7,121.0,0.0,3.0,0.01626,0.0016499999910593033,9.8,0.0,3.0,50.0,4.7,9.8,40.4,0.0,0.0,0.0,0.0,680
