GAL,ra,dec,radvel,z,mag,r20,r50,r80,flux_c,flux_e,rpetro_c,rpetro_e,rhalf_c,rhalf_e,Gini,M20,F(G_M20),S(G_M20),SN_per_pixel,C,A,S,M,I,D,Ao,As,Ser_A,Ser_R,Ser_n,Ser_xc,Ser_yc,Ser_ellip,Ser_theta,flag_morph,flag_sersic,ima_sc_pix2arc,ima_sc_arc2kpc,psf_arcsec,size_image_phy_kpc,zp_ima,eta,petro_extent_cas,snr,area_min,debleding,area_min_deblend,skybox_x,skybox_y,sky_method,nsigma,npixels,dilate_size,mask_stars,fwhm,threshold,roundlo,roundhi,sharplo,aper_stars,aper_fact,aper_center,aper_ellip,aper_pa,dr,View,area_segmap_pix,area_psf_pix,ratio_segmap_psf,flag_area,flag_area_th,SN_gal,bck,ratio_SN_gal,flag_SN,flag_SN_th,perc_SN_flag,perc_20_SN_gal,perc_50_SN_gal,perc_80_SN_gal,flag_image,flag_bck,flag_object,flag_statmorph,index
977r,214.39048690803327,-1.6735407077928155,5000.0,0.1373,nan,2.470920640872371,5.073395997054916,9.417455532895351,131.4186654004571,134.93657737185657,11.57237771344465,18.325096675417413,6.345906077633534,8.879094445669661,0.559689154096278,-1.8276643515377113,0.07703270839220977,-0.026953082308426746,0.40079236030578613,2.90537390474638,0.08153901260630478,0.058419904334162116,0.0,0.0,0.017263768617250045,0.38751472980003054,0.9356052380844653,0.4028225031904348,4.788497961105919,1.635711524081418,320.01599273182933,319.9852960958759,0.08829377493722394,0.0007226897316346689,0.0,0.0,0.27,0.34629548650952463,1.2951164,30.0,22.5,0.2,1.5,2.5,5.0,1.0,5.0,5.0,5.0,masking_sources,2.0,5.0,11.0,1.0,3.0,10.0,-0.5,0.5,0.2,5.0,0.5,10.0,0.0,0.0,10.0,Face-on,3075.0,18.1,170.2,0.0,3.0,0.01175,0.0013299999991431832,8.8,0.0,3.0,50.0,4.4,8.8,22.3,0.0,0.0,0.0,0.0,977
