GAL,ra,dec,radvel,z,mag,r20,r50,r80,flux_c,flux_e,rpetro_c,rpetro_e,rhalf_c,rhalf_e,Gini,M20,F(G_M20),S(G_M20),SN_per_pixel,C,A,S,M,I,D,Ao,As,Ser_A,Ser_R,Ser_n,Ser_xc,Ser_yc,Ser_ellip,Ser_theta,flag_morph,flag_sersic,ima_sc_pix2arc,ima_sc_arc2kpc,psf_arcsec,size_image_phy_kpc,zp_ima,eta,petro_extent_cas,snr,area_min,debleding,area_min_deblend,skybox_x,skybox_y,sky_method,nsigma,npixels,dilate_size,mask_stars,fwhm,threshold,roundlo,roundhi,sharplo,aper_stars,aper_fact,aper_center,aper_ellip,aper_pa,dr,View,area_segmap_pix,area_psf_pix,ratio_segmap_psf,flag_area,flag_area_th,SN_gal,bck,ratio_SN_gal,flag_SN,flag_SN_th,perc_SN_flag,perc_20_SN_gal,perc_50_SN_gal,perc_80_SN_gal,flag_image,flag_bck,flag_object,flag_statmorph,index
58r,10.433676052909846,-8.767678930652808,5000.0,0.0166,nan,8.974672201005008,25.007299053199652,44.73518147241086,141.1642825668986,135.2152432786981,56.13590149631186,72.25915268018176,25.59275675070312,39.53231536488243,0.5923447705349714,-1.8172772727919453,0.23147976419292693,0.006819781911541256,0.15304329991340637,3.4881530423036744,0.13871276410125594,0.1263402434049237,0.19298245614035087,0.7318209275453073,0.14775542772205472,0.1334800707772957,0.3125580325953484,0.07074001077779801,33.48898887681523,0.5068135031081815,316.84429973238264,317.7743369573848,0.7944252540306057,0.46597734917667555,0.0,0.0,0.27,0.34629548650952463,1.1335213,30.0,22.5,0.2,1.5,2.5,5.0,1.0,5.0,5.0,5.0,masking_sources,2.0,5.0,11.0,1.0,3.0,10.0,-0.5,0.5,0.2,5.0,0.5,10.0,0.0,0.0,10.0,Edge-on,4949.0,13.8,357.5,0.0,3.0,0.01269,0.0011099999537691474,11.4,0.0,3.0,50.0,4.8,11.4,37.9,0.0,0.0,0.0,0.0,58
