GAL,ra,dec,radvel,z,mag,r20,r50,r80,flux_c,flux_e,rpetro_c,rpetro_e,rhalf_c,rhalf_e,Gini,M20,F(G_M20),S(G_M20),SN_per_pixel,C,A,S,M,I,D,Ao,As,Ser_A,Ser_R,Ser_n,Ser_xc,Ser_yc,Ser_ellip,Ser_theta,flag_morph,flag_sersic,ima_sc_pix2arc,ima_sc_arc2kpc,psf_arcsec,size_image_phy_kpc,zp_ima,eta,petro_extent_cas,snr,area_min,debleding,area_min_deblend,skybox_x,skybox_y,sky_method,nsigma,npixels,dilate_size,mask_stars,fwhm,threshold,roundlo,roundhi,sharplo,aper_stars,aper_fact,aper_center,aper_ellip,aper_pa,dr,View,area_segmap_pix,area_psf_pix,ratio_segmap_psf,flag_area,flag_area_th,SN_gal,bck,ratio_SN_gal,flag_SN,flag_SN_th,perc_SN_flag,perc_20_SN_gal,perc_50_SN_gal,perc_80_SN_gal,flag_image,flag_bck,flag_object,flag_statmorph,index
482r,196.1209100773162,13.753993391593264,5000.0,0.069,nan,5.042897554676874,10.875600072562168,19.70064950367386,79.69024432846207,78.47769052586739,25.439446691105214,38.30009633796,12.072597523953963,20.344091062182045,0.4942566880155106,-1.7724964402335228,-0.28508936124139117,-0.08406288405710421,0.21811610460281372,2.9590019942131303,0.012118209051165426,-0.009996723489891926,0.01675977653631285,0.0,0.03955427309614798,0.1695758310277049,0.3805698190128212,0.11170968824038338,15.945598497452414,0.4702565319664341,319.8031276519955,319.08030124981536,0.744853730113043,1.2533172553479106,0.0,0.0,0.27,0.34629548650952463,1.0729116,30.0,22.5,0.2,1.5,2.5,5.0,1.0,5.0,5.0,5.0,masking_sources,2.0,5.0,11.0,1.0,3.0,10.0,-0.5,0.5,0.2,5.0,0.5,10.0,0.0,0.0,10.0,Edge-on,1173.0,12.4,94.6,0.0,3.0,0.04119,0.00535999983549118,7.7,0.0,3.0,50.0,4.0,7.7,17.4,0.0,0.0,0.0,0.0,482
