GAL,ra,dec,radvel,z,mag,r20,r50,r80,flux_c,flux_e,rpetro_c,rpetro_e,rhalf_c,rhalf_e,Gini,M20,F(G_M20),S(G_M20),SN_per_pixel,C,A,S,M,I,D,Ao,As,Ser_A,Ser_R,Ser_n,Ser_xc,Ser_yc,Ser_ellip,Ser_theta,flag_morph,flag_sersic,ima_sc_pix2arc,ima_sc_arc2kpc,psf_arcsec,size_image_phy_kpc,zp_ima,eta,petro_extent_cas,snr,area_min,debleding,area_min_deblend,skybox_x,skybox_y,sky_method,nsigma,npixels,dilate_size,mask_stars,fwhm,threshold,roundlo,roundhi,sharplo,aper_stars,aper_fact,aper_center,aper_ellip,aper_pa,dr,View,area_segmap_pix,area_psf_pix,ratio_segmap_psf,flag_area,flag_area_th,SN_gal,bck,ratio_SN_gal,flag_SN,flag_SN_th,perc_SN_flag,perc_20_SN_gal,perc_50_SN_gal,perc_80_SN_gal,flag_image,flag_bck,flag_object,flag_statmorph,index
849r,194.35574244815268,2.690185242122466,5000.0,0.1048,nan,3.347747423022963,6.830339905959116,11.613776962136335,101.83594142285122,101.87885875567277,14.554133969298658,15.454847781243007,6.9994496429260264,7.392266903381591,0.48147160327595867,-1.7715903585486232,-0.34900344530980876,-0.09659417259505956,0.3372950851917267,2.701103984596116,0.08808635572383282,0.017759814864288417,0.012797074954296161,0.008865074961692126,0.036909062325036955,0.17358870146269872,0.29119563083968686,0.23289907826064482,6.307425644044731,0.8093180713615621,319.7398716270541,319.5236549680616,0.0541295497992977,1.3174318599774264,0.0,0.0,0.27,0.34629548650952463,1.3766519,30.0,22.5,0.2,1.5,2.5,5.0,1.0,5.0,5.0,5.0,masking_sources,2.0,5.0,11.0,1.0,3.0,10.0,-0.5,0.5,0.2,5.0,0.5,10.0,0.0,0.0,10.0,Face-on,1013.0,20.4,49.6,0.0,3.0,0.04776,0.004269999917596579,11.2,0.0,3.0,50.0,4.5,11.2,32.4,0.0,0.0,0.0,0.0,849
