GAL,ra,dec,radvel,z,mag,r20,r50,r80,flux_c,flux_e,rpetro_c,rpetro_e,rhalf_c,rhalf_e,Gini,M20,F(G_M20),S(G_M20),SN_per_pixel,C,A,S,M,I,D,Ao,As,Ser_A,Ser_R,Ser_n,Ser_xc,Ser_yc,Ser_ellip,Ser_theta,flag_morph,flag_sersic,ima_sc_pix2arc,ima_sc_arc2kpc,psf_arcsec,size_image_phy_kpc,zp_ima,eta,petro_extent_cas,snr,area_min,debleding,area_min_deblend,skybox_x,skybox_y,sky_method,nsigma,npixels,dilate_size,mask_stars,fwhm,threshold,roundlo,roundhi,sharplo,aper_stars,aper_fact,aper_center,aper_ellip,aper_pa,dr,View,area_segmap_pix,area_psf_pix,ratio_segmap_psf,flag_area,flag_area_th,SN_gal,bck,ratio_SN_gal,flag_SN,flag_SN_th,perc_SN_flag,perc_20_SN_gal,perc_50_SN_gal,perc_80_SN_gal,flag_image,flag_bck,flag_object,flag_statmorph,index
379r,160.47959156371167,3.524307662083722,5000.0,0.043,nan,11.814836674209307,26.322503105318724,44.613690529343785,265.4982479301916,261.73176975728023,53.80706696283929,65.63993750973341,27.03892060915462,36.31009337575317,0.49322558922191506,-1.5548712309654964,-0.44100757029243143,-0.0548337677745081,0.15449516475200653,2.8852021398899135,0.026493207804452034,-0.040214922821805735,0.09744560075685904,0.5749948176942863,0.055288646518166534,-0.4315685087104311,0.45842977977411326,0.03995181715619346,29.113163893106552,0.3752491271210082,323.74771610050345,321.7096950158307,0.43454989692810514,2.4748628058264335,1.0,0.0,0.27,0.34629548650952463,1.3087168,30.0,22.5,0.2,1.5,2.5,5.0,1.0,5.0,5.0,5.0,masking_sources,2.0,5.0,11.0,1.0,3.0,10.0,-0.5,0.5,0.2,5.0,0.5,10.0,0.0,0.0,10.0,Face-on,6016.0,18.5,326.0,0.0,3.0,0.02678,0.003759999992325902,7.1,0.0,3.0,50.0,4.0,7.1,13.4,0.0,0.0,0.0,0.0,379
