GAL,ra,dec,radvel,z,mag,r20,r50,r80,flux_c,flux_e,rpetro_c,rpetro_e,rhalf_c,rhalf_e,Gini,M20,F(G_M20),S(G_M20),SN_per_pixel,C,A,S,M,I,D,Ao,As,Ser_A,Ser_R,Ser_n,Ser_xc,Ser_yc,Ser_ellip,Ser_theta,flag_morph,flag_sersic,ima_sc_pix2arc,ima_sc_arc2kpc,psf_arcsec,size_image_phy_kpc,zp_ima,eta,petro_extent_cas,snr,area_min,debleding,area_min_deblend,skybox_x,skybox_y,sky_method,nsigma,npixels,dilate_size,mask_stars,fwhm,threshold,roundlo,roundhi,sharplo,aper_stars,aper_fact,aper_center,aper_ellip,aper_pa,dr,View,area_segmap_pix,area_psf_pix,ratio_segmap_psf,flag_area,flag_area_th,SN_gal,bck,ratio_SN_gal,flag_SN,flag_SN_th,perc_SN_flag,perc_20_SN_gal,perc_50_SN_gal,perc_80_SN_gal,flag_image,flag_bck,flag_object,flag_statmorph,index
170r,4.8209564318233005,-0.0699514636140367,5000.0,0.0397,nan,6.791398175986514,15.957238536775394,27.46338250320121,113.05822104954179,112.9008282304609,37.01275742127009,37.766918412129996,15.88254345303198,16.49258022673285,0.5375576428890251,-1.8310049611951718,-0.03020322959107169,-0.04932762314599415,0.13821659982204437,3.033974160138591,0.07209069525992264,-0.026004706821113544,0.023346303501945526,0.11083104287689963,0.0649604546292461,0.0691583858948425,0.33182484451584043,0.04724563580828528,13.454449354843318,0.7711529989762582,321.10322820044513,319.01355181173255,0.019722031518249684,2.6758288136458575,0.0,0.0,0.27,0.34629548650952463,1.2299374,30.0,22.5,0.2,1.5,2.5,5.0,1.0,5.0,5.0,5.0,masking_sources,2.0,5.0,11.0,1.0,3.0,10.0,-0.5,0.5,0.2,5.0,0.5,10.0,0.0,0.0,10.0,Face-on,3249.0,16.3,199.4,0.0,3.0,0.01915,0.0026599999982863665,7.2,0.0,3.0,50.0,3.7,7.2,15.9,0.0,0.0,0.0,0.0,170
