GAL,ra,dec,radvel,z,mag,r20,r50,r80,flux_c,flux_e,rpetro_c,rpetro_e,rhalf_c,rhalf_e,Gini,M20,F(G_M20),S(G_M20),SN_per_pixel,C,A,S,M,I,D,Ao,As,Ser_A,Ser_R,Ser_n,Ser_xc,Ser_yc,Ser_ellip,Ser_theta,flag_morph,flag_sersic,ima_sc_pix2arc,ima_sc_arc2kpc,psf_arcsec,size_image_phy_kpc,zp_ima,eta,petro_extent_cas,snr,area_min,debleding,area_min_deblend,skybox_x,skybox_y,sky_method,nsigma,npixels,dilate_size,mask_stars,fwhm,threshold,roundlo,roundhi,sharplo,aper_stars,aper_fact,aper_center,aper_ellip,aper_pa,dr,View,area_segmap_pix,area_psf_pix,ratio_segmap_psf,flag_area,flag_area_th,SN_gal,bck,ratio_SN_gal,flag_SN,flag_SN_th,perc_SN_flag,perc_20_SN_gal,perc_50_SN_gal,perc_80_SN_gal,flag_image,flag_bck,flag_object,flag_statmorph,index
1049r,17.82118181191047,-9.721161543946087,5000.0,0.132,nan,2.902711092573882,7.009320581486377,15.162750936463253,195.23480988674413,198.29673570521456,17.87671981619778,21.6905911803975,9.950244158792653,11.29463149603345,0.5816382953640565,-2.0571964543543393,0.3447467049196371,-0.03712839474483731,0.324823260307312,3.5898709437049985,-0.006074570511593542,0.015406652745434568,0.00130718954248366,0.0,0.012678037801763029,-0.06735468751257119,0.3275268957421961,0.17849248681468904,9.17836081364293,2.420618473761447,319.9889882793829,319.98422738571827,0.285314334369155,1.2076783575640198,1.0,0.0,0.27,0.34629548650952463,1.1984485,30.0,22.5,0.2,1.5,2.5,5.0,1.0,5.0,5.0,5.0,masking_sources,2.0,5.0,11.0,1.0,3.0,10.0,-0.5,0.5,0.2,5.0,0.5,10.0,0.0,0.0,10.0,Face-on,3538.0,15.5,228.6,0.0,3.0,0.01905,0.003329999977722764,5.7,0.0,3.0,50.0,3.7,5.7,13.6,0.0,0.0,0.0,0.0,1049
