GAL,ra,dec,radvel,z,mag,r20,r50,r80,flux_c,flux_e,rpetro_c,rpetro_e,rhalf_c,rhalf_e,Gini,M20,F(G_M20),S(G_M20),SN_per_pixel,C,A,S,M,I,D,Ao,As,Ser_A,Ser_R,Ser_n,Ser_xc,Ser_yc,Ser_ellip,Ser_theta,flag_morph,flag_sersic,ima_sc_pix2arc,ima_sc_arc2kpc,psf_arcsec,size_image_phy_kpc,zp_ima,eta,petro_extent_cas,snr,area_min,debleding,area_min_deblend,skybox_x,skybox_y,sky_method,nsigma,npixels,dilate_size,mask_stars,fwhm,threshold,roundlo,roundhi,sharplo,aper_stars,aper_fact,aper_center,aper_ellip,aper_pa,dr,View,area_segmap_pix,area_psf_pix,ratio_segmap_psf,flag_area,flag_area_th,SN_gal,bck,ratio_SN_gal,flag_SN,flag_SN_th,perc_SN_flag,perc_20_SN_gal,perc_50_SN_gal,perc_80_SN_gal,flag_image,flag_bck,flag_object,flag_statmorph,index
130r,209.70679354944778,2.0361640337008255,5000.0,0.0242,nan,7.46447161263193,16.16160696516036,29.945780017603433,98.02658569025792,94.49261875661276,38.33833810914285,52.9254981936976,19.22311035158502,28.688324773916975,0.5041372019147163,-1.5458293215997354,-0.3932611306535376,-0.04277444580679407,0.17064353823661804,3.0166827958391567,-0.030958729522914074,0.030077423420513956,0.0695970695970696,0.238439270182746,0.021687935644243223,-0.0922770685424781,0.5502427591984311,0.09500036314332717,24.889454241042795,0.4123579934405139,320.107046397584,319.77710267770806,0.8381880431976845,0.2210831965166996,0.0,0.0,0.27,0.34629548650952463,2.1462407,30.0,22.5,0.2,1.5,2.5,5.0,1.0,5.0,5.0,5.0,masking_sources,2.0,5.0,11.0,1.0,3.0,10.0,-0.5,0.5,0.2,5.0,0.5,10.0,0.0,0.0,10.0,Edge-on,2176.0,49.6,43.8,0.0,3.0,0.02611,0.0028099999763071537,9.3,0.0,3.0,50.0,4.3,9.3,22.0,0.0,0.0,0.0,0.0,130
