GAL,ra,dec,radvel,z,mag,r20,r50,r80,flux_c,flux_e,rpetro_c,rpetro_e,rhalf_c,rhalf_e,Gini,M20,F(G_M20),S(G_M20),SN_per_pixel,C,A,S,M,I,D,Ao,As,Ser_A,Ser_R,Ser_n,Ser_xc,Ser_yc,Ser_ellip,Ser_theta,flag_morph,flag_sersic,ima_sc_pix2arc,ima_sc_arc2kpc,psf_arcsec,size_image_phy_kpc,zp_ima,eta,petro_extent_cas,snr,area_min,debleding,area_min_deblend,skybox_x,skybox_y,sky_method,nsigma,npixels,dilate_size,mask_stars,fwhm,threshold,roundlo,roundhi,sharplo,aper_stars,aper_fact,aper_center,aper_ellip,aper_pa,dr,View,area_segmap_pix,area_psf_pix,ratio_segmap_psf,flag_area,flag_area_th,SN_gal,bck,ratio_SN_gal,flag_SN,flag_SN_th,perc_SN_flag,perc_20_SN_gal,perc_50_SN_gal,perc_80_SN_gal,flag_image,flag_bck,flag_object,flag_statmorph,index
752r,125.2896633686739,7.12253237537733,5000.0,0.0905,nan,4.0480786562203335,7.693282151541423,13.55690164813966,117.48430586587638,117.68481518137534,17.062311319009748,19.633212810992337,7.888169245757798,9.131666313290896,0.4955897392211641,-1.7262591327308539,-0.3105332118727562,-0.07631617762063625,0.30172526836395264,2.6245575144552094,0.04210611716964015,0.027477451377276252,0.0026954177897574125,0.0,0.009041749892792597,0.014730116433395472,0.15199744872102014,0.205122686803671,7.820301917228912,0.8958737619664019,319.9128289229989,319.91037836491483,0.2309752006152459,0.9145931096781384,0.0,0.0,0.27,0.34629548650952463,1.5671968,30.0,22.5,0.2,1.5,2.5,5.0,1.0,5.0,5.0,5.0,masking_sources,2.0,5.0,11.0,1.0,3.0,10.0,-0.5,0.5,0.2,5.0,0.5,10.0,0.0,0.0,10.0,Face-on,1446.0,26.5,54.6,0.0,3.0,0.03221,0.003809999907389283,8.4,0.0,3.0,50.0,4.3,8.4,29.8,0.0,0.0,0.0,0.0,752
