GAL,ra,dec,radvel,z,mag,r20,r50,r80,flux_c,flux_e,rpetro_c,rpetro_e,rhalf_c,rhalf_e,Gini,M20,F(G_M20),S(G_M20),SN_per_pixel,C,A,S,M,I,D,Ao,As,Ser_A,Ser_R,Ser_n,Ser_xc,Ser_yc,Ser_ellip,Ser_theta,flag_morph,flag_sersic,ima_sc_pix2arc,ima_sc_arc2kpc,psf_arcsec,size_image_phy_kpc,zp_ima,eta,petro_extent_cas,snr,area_min,debleding,area_min_deblend,skybox_x,skybox_y,sky_method,nsigma,npixels,dilate_size,mask_stars,fwhm,threshold,roundlo,roundhi,sharplo,aper_stars,aper_fact,aper_center,aper_ellip,aper_pa,dr,View,area_segmap_pix,area_psf_pix,ratio_segmap_psf,flag_area,flag_area_th,SN_gal,bck,ratio_SN_gal,flag_SN,flag_SN_th,perc_SN_flag,perc_20_SN_gal,perc_50_SN_gal,perc_80_SN_gal,flag_image,flag_bck,flag_object,flag_statmorph,index
433r,4.898531771477857,-0.3113796535829095,5000.0,0.0643,nan,4.7790010554739935,9.943541192633768,18.655991214449898,89.60047876932347,90.50154083188474,23.57902813115634,34.83419342647744,10.617827061679346,16.801019959916488,0.5126280450123197,-1.7468589443920925,-0.21191792872529724,-0.06231162870830437,0.23756977915763855,2.9574060106087554,0.05748617201352719,0.0051180151715479495,0.002380952380952381,0.0,0.01652872705865933,0.09501710146159258,0.23441412069610038,0.12609282451265832,15.274507819747772,0.7121468045900637,320.0701259263178,319.62025889451854,0.7220087413960078,0.7990360322886794,0.0,0.0,0.27,0.34629548650952463,1.2345285,30.0,22.5,0.2,1.5,2.5,5.0,1.0,5.0,5.0,5.0,masking_sources,2.0,5.0,11.0,1.0,3.0,10.0,-0.5,0.5,0.2,5.0,0.5,10.0,0.0,0.0,10.0,Edge-on,1636.0,16.4,99.6,0.0,3.0,0.02451,0.002570000011473894,9.5,0.0,3.0,50.0,4.4,9.5,32.8,0.0,0.0,0.0,0.0,433
