GAL,ra,dec,radvel,z,mag,r20,r50,r80,flux_c,flux_e,rpetro_c,rpetro_e,rhalf_c,rhalf_e,Gini,M20,F(G_M20),S(G_M20),SN_per_pixel,C,A,S,M,I,D,Ao,As,Ser_A,Ser_R,Ser_n,Ser_xc,Ser_yc,Ser_ellip,Ser_theta,flag_morph,flag_sersic,ima_sc_pix2arc,ima_sc_arc2kpc,psf_arcsec,size_image_phy_kpc,zp_ima,eta,petro_extent_cas,snr,area_min,debleding,area_min_deblend,skybox_x,skybox_y,sky_method,nsigma,npixels,dilate_size,mask_stars,fwhm,threshold,roundlo,roundhi,sharplo,aper_stars,aper_fact,aper_center,aper_ellip,aper_pa,dr,View,area_segmap_pix,area_psf_pix,ratio_segmap_psf,flag_area,flag_area_th,SN_gal,bck,ratio_SN_gal,flag_SN,flag_SN_th,perc_SN_flag,perc_20_SN_gal,perc_50_SN_gal,perc_80_SN_gal,flag_image,flag_bck,flag_object,flag_statmorph,index
39r,197.26432421170168,11.78177593381209,5000.0,0.0215,nan,4.297244124756983,9.205455130133917,17.130293685960872,94.1431959902234,94.19598559191402,22.00302377269256,26.088803874300037,9.351432305223602,11.83755266718404,0.5048328659585197,-1.7904308291392939,-0.22030874891179675,-0.07608534795142735,0.2300214320421219,3.002873910981372,0.10662061750572244,0.008584900349999293,0.02888086642599278,0.07340649726163272,0.1015850157158684,0.14320277774949766,0.3483070002406537,0.1387576552794942,9.768100790487445,0.8111938621842295,318.4948235663365,319.95190447044,0.45254237915713,3.1404357009188977,0.0,0.0,0.27,0.34629548650952463,1.312503,30.0,22.5,0.2,1.5,2.5,5.0,1.0,5.0,5.0,5.0,masking_sources,2.0,5.0,11.0,1.0,3.0,10.0,-0.5,0.5,0.2,5.0,0.5,10.0,0.0,0.0,10.0,Face-on,1348.0,18.6,72.6,0.0,3.0,0.03594,0.004470000043511391,8.0,0.0,3.0,50.0,4.0,8.0,18.9,0.0,0.0,0.0,0.0,39
