GAL,ra,dec,radvel,z,mag,r20,r50,r80,flux_c,flux_e,rpetro_c,rpetro_e,rhalf_c,rhalf_e,Gini,M20,F(G_M20),S(G_M20),SN_per_pixel,C,A,S,M,I,D,Ao,As,Ser_A,Ser_R,Ser_n,Ser_xc,Ser_yc,Ser_ellip,Ser_theta,flag_morph,flag_sersic,ima_sc_pix2arc,ima_sc_arc2kpc,psf_arcsec,size_image_phy_kpc,zp_ima,eta,petro_extent_cas,snr,area_min,debleding,area_min_deblend,skybox_x,skybox_y,sky_method,nsigma,npixels,dilate_size,mask_stars,fwhm,threshold,roundlo,roundhi,sharplo,aper_stars,aper_fact,aper_center,aper_ellip,aper_pa,dr,View,area_segmap_pix,area_psf_pix,ratio_segmap_psf,flag_area,flag_area_th,SN_gal,bck,ratio_SN_gal,flag_SN,flag_SN_th,perc_SN_flag,perc_20_SN_gal,perc_50_SN_gal,perc_80_SN_gal,flag_image,flag_bck,flag_object,flag_statmorph,index
794r,215.5208422483886,4.402163301483543,5000.0,0.0543,nan,2.4030055769322454,5.262257063418336,10.887125398006207,152.69900654533825,152.42398666484598,13.356321228295371,16.260296474437855,6.149826828120399,7.628781971266331,0.5528768723076728,-1.9185912320874425,0.10632424175957755,-0.046336077675558474,0.430905818939209,3.280792232171606,0.009148261769558127,-0.008587181370292758,0.003389830508474576,0.0,0.014364562152550553,-0.017895580474449866,0.17130188035243699,0.3602296249261314,6.411666053739211,2.01748966157152,319.9995960143743,319.99368644700303,0.41978756316113935,1.6513753179916928,0.0,0.0,0.27,0.34629548650952463,1.3004296,30.0,22.5,0.2,1.5,2.5,5.0,1.0,5.0,5.0,5.0,masking_sources,2.0,5.0,11.0,1.0,3.0,10.0,-0.5,0.5,0.2,5.0,0.5,10.0,0.0,0.0,10.0,Face-on,1388.0,18.2,76.2,0.0,3.0,0.03374,0.005249999929219484,6.4,0.0,3.0,50.0,3.6,6.4,19.5,0.0,0.0,0.0,0.0,794
