GAL,ra,dec,radvel,z,mag,r20,r50,r80,flux_c,flux_e,rpetro_c,rpetro_e,rhalf_c,rhalf_e,Gini,M20,F(G_M20),S(G_M20),SN_per_pixel,C,A,S,M,I,D,Ao,As,Ser_A,Ser_R,Ser_n,Ser_xc,Ser_yc,Ser_ellip,Ser_theta,flag_morph,flag_sersic,ima_sc_pix2arc,ima_sc_arc2kpc,psf_arcsec,size_image_phy_kpc,zp_ima,eta,petro_extent_cas,snr,area_min,debleding,area_min_deblend,skybox_x,skybox_y,sky_method,nsigma,npixels,dilate_size,mask_stars,fwhm,threshold,roundlo,roundhi,sharplo,aper_stars,aper_fact,aper_center,aper_ellip,aper_pa,dr,View,area_segmap_pix,area_psf_pix,ratio_segmap_psf,flag_area,flag_area_th,SN_gal,bck,ratio_SN_gal,flag_SN,flag_SN_th,perc_SN_flag,perc_20_SN_gal,perc_50_SN_gal,perc_80_SN_gal,flag_image,flag_bck,flag_object,flag_statmorph,index
1157r,220.01608357996605,0.6924477477490466,5000.0,0.1162,nan,4.790468703204196,13.155292042878559,31.86774308128106,731.7470560097609,746.0943752366271,37.39599056520443,50.0129182049528,18.313344605151556,21.527247394940776,0.6292926039070905,-2.272588668783518,0.7299023368070765,-0.0198901470928895,0.28647711873054504,4.114866500035522,0.019315152947894886,0.005084970417156093,0.009251644736842105,0.0038948279562095,0.026229438626867545,0.05582596260181176,0.27580957587226534,0.18718343759596537,18.14311931188434,2.628746642649872,319.9896326095135,320.0406882523258,0.34480741114291813,1.4160393365260633,0.0,0.0,0.27,0.34629548650952463,1.4609257,30.0,22.5,0.2,1.5,2.5,5.0,1.0,5.0,5.0,5.0,masking_sources,2.0,5.0,11.0,1.0,3.0,10.0,-0.5,0.5,0.2,5.0,0.5,10.0,0.0,0.0,10.0,Face-on,15062.0,23.0,655.0,0.0,3.0,0.01685,0.002309999894350767,7.3,0.0,3.0,50.0,4.2,7.3,17.2,0.0,0.0,0.0,0.0,1157
