GAL,ra,dec,radvel,z,mag,r20,r50,r80,flux_c,flux_e,rpetro_c,rpetro_e,rhalf_c,rhalf_e,Gini,M20,F(G_M20),S(G_M20),SN_per_pixel,C,A,S,M,I,D,Ao,As,Ser_A,Ser_R,Ser_n,Ser_xc,Ser_yc,Ser_ellip,Ser_theta,flag_morph,flag_sersic,ima_sc_pix2arc,ima_sc_arc2kpc,psf_arcsec,size_image_phy_kpc,zp_ima,eta,petro_extent_cas,snr,area_min,debleding,area_min_deblend,skybox_x,skybox_y,sky_method,nsigma,npixels,dilate_size,mask_stars,fwhm,threshold,roundlo,roundhi,sharplo,aper_stars,aper_fact,aper_center,aper_ellip,aper_pa,dr,View,area_segmap_pix,area_psf_pix,ratio_segmap_psf,flag_area,flag_area_th,SN_gal,bck,ratio_SN_gal,flag_SN,flag_SN_th,perc_SN_flag,perc_20_SN_gal,perc_50_SN_gal,perc_80_SN_gal,flag_image,flag_bck,flag_object,flag_statmorph,index
256r,184.3726715226184,13.387689859618083,5000.0,0.0249,nan,4.144490350872362,8.200089195352712,14.616102176823539,103.37151947573436,104.76355317452285,18.261579497510887,26.11449520537315,8.678090528260528,12.48558105423202,0.49961258453929885,-1.575968522948748,-0.39477152012698813,-0.05144316599597015,0.2972593605518341,2.7368021876093196,0.04847999018273234,0.03823374963275154,0.003076923076923077,0.0,0.008258010580604417,0.0477717431300084,0.19118566643500715,0.20045273545396067,11.64964919734558,0.8545083903772475,319.90557600701493,318.94410157575544,0.6757705867683236,1.086043402304678,0.0,0.0,0.27,0.34629548650952463,1.3670444,30.0,22.5,0.2,1.5,2.5,5.0,1.0,5.0,5.0,5.0,masking_sources,2.0,5.0,11.0,1.0,3.0,10.0,-0.5,0.5,0.2,5.0,0.5,10.0,0.0,0.0,10.0,Edge-on,1419.0,20.1,70.5,0.0,3.0,0.02812,0.003120000008493662,9.0,0.0,3.0,50.0,4.4,9.0,32.4,0.0,0.0,0.0,0.0,256
