GAL,ra,dec,radvel,z,mag,r20,r50,r80,flux_c,flux_e,rpetro_c,rpetro_e,rhalf_c,rhalf_e,Gini,M20,F(G_M20),S(G_M20),SN_per_pixel,C,A,S,M,I,D,Ao,As,Ser_A,Ser_R,Ser_n,Ser_xc,Ser_yc,Ser_ellip,Ser_theta,flag_morph,flag_sersic,ima_sc_pix2arc,ima_sc_arc2kpc,psf_arcsec,size_image_phy_kpc,zp_ima,eta,petro_extent_cas,snr,area_min,debleding,area_min_deblend,skybox_x,skybox_y,sky_method,nsigma,npixels,dilate_size,mask_stars,fwhm,threshold,roundlo,roundhi,sharplo,aper_stars,aper_fact,aper_center,aper_ellip,aper_pa,dr,View,area_segmap_pix,area_psf_pix,ratio_segmap_psf,flag_area,flag_area_th,SN_gal,bck,ratio_SN_gal,flag_SN,flag_SN_th,perc_SN_flag,perc_20_SN_gal,perc_50_SN_gal,perc_80_SN_gal,flag_image,flag_bck,flag_object,flag_statmorph,index
1022r,138.27037222867213,8.683798191782886,5000.0,0.071,nan,2.6198695219216055,6.2504929463526535,14.207758407762004,418.76810688691387,419.3676314554556,17.619033122996957,19.88856686494766,7.098381483086544,7.923531099478468,0.5895473263402384,-2.0896527137867866,0.4063885960384237,-0.033809874139527296,0.5043719410896301,3.671229505375332,0.031144858961580524,0.030806542915754784,0.0012315270935960591,0.0,0.022584653650582272,0.04923335647992506,0.20566241651701203,0.7016238392740298,6.524711936707278,2.0697172847109706,320.38248891080093,320.1178637863204,0.2020116114219315,3.0434263528684036,0.0,0.0,0.27,0.34629548650952463,1.1480482,30.0,22.5,0.2,1.5,2.5,5.0,1.0,5.0,5.0,5.0,masking_sources,2.0,5.0,11.0,1.0,3.0,10.0,-0.5,0.5,0.2,5.0,0.5,10.0,0.0,0.0,10.0,Face-on,3024.0,14.2,213.0,0.0,3.0,0.03909,0.004639999940991402,8.4,0.0,3.0,50.0,3.9,8.4,26.7,0.0,0.0,0.0,0.0,1022
