GAL,ra,dec,radvel,z,mag,r20,r50,r80,flux_c,flux_e,rpetro_c,rpetro_e,rhalf_c,rhalf_e,Gini,M20,F(G_M20),S(G_M20),SN_per_pixel,C,A,S,M,I,D,Ao,As,Ser_A,Ser_R,Ser_n,Ser_xc,Ser_yc,Ser_ellip,Ser_theta,flag_morph,flag_sersic,ima_sc_pix2arc,ima_sc_arc2kpc,psf_arcsec,size_image_phy_kpc,zp_ima,eta,petro_extent_cas,snr,area_min,debleding,area_min_deblend,skybox_x,skybox_y,sky_method,nsigma,npixels,dilate_size,mask_stars,fwhm,threshold,roundlo,roundhi,sharplo,aper_stars,aper_fact,aper_center,aper_ellip,aper_pa,dr,View,area_segmap_pix,area_psf_pix,ratio_segmap_psf,flag_area,flag_area_th,SN_gal,bck,ratio_SN_gal,flag_SN,flag_SN_th,perc_SN_flag,perc_20_SN_gal,perc_50_SN_gal,perc_80_SN_gal,flag_image,flag_bck,flag_object,flag_statmorph,index
240r,186.47772804655935,-1.1334310869375168,5000.0,0.0487,nan,4.387565868041425,8.79413507559571,15.158298559161528,79.65007414273734,79.7911092288729,19.360323573498356,23.226517798501646,8.843916095412668,11.130055923653568,0.4717780844804462,-1.691860006731623,-0.45223949715677625,-0.09510823730005386,0.2404651641845703,2.692134036879501,0.1446336472437301,0.0175328681715485,0.002911208151382824,0.0,0.05435327859522932,0.21467062591768526,0.15618242042612737,0.1257205189963564,9.822366095283092,0.6217780644973339,319.6972784506739,319.56374749859117,0.42356811503115427,0.1641715815663675,0.0,0.0,0.27,0.34629548650952463,1.2381153,30.0,22.5,0.2,1.5,2.5,5.0,1.0,5.0,5.0,5.0,masking_sources,2.0,5.0,11.0,1.0,3.0,10.0,-0.5,0.5,0.2,5.0,0.5,10.0,0.0,0.0,10.0,Face-on,1140.0,16.5,69.0,0.0,3.0,0.0398,0.004290000069886446,9.3,0.0,3.0,50.0,4.4,9.3,23.0,0.0,0.0,0.0,0.0,240
