GAL,ra,dec,radvel,z,mag,r20,r50,r80,flux_c,flux_e,rpetro_c,rpetro_e,rhalf_c,rhalf_e,Gini,M20,F(G_M20),S(G_M20),SN_per_pixel,C,A,S,M,I,D,Ao,As,Ser_A,Ser_R,Ser_n,Ser_xc,Ser_yc,Ser_ellip,Ser_theta,flag_morph,flag_sersic,ima_sc_pix2arc,ima_sc_arc2kpc,psf_arcsec,size_image_phy_kpc,zp_ima,eta,petro_extent_cas,snr,area_min,debleding,area_min_deblend,skybox_x,skybox_y,sky_method,nsigma,npixels,dilate_size,mask_stars,fwhm,threshold,roundlo,roundhi,sharplo,aper_stars,aper_fact,aper_center,aper_ellip,aper_pa,dr,View,area_segmap_pix,area_psf_pix,ratio_segmap_psf,flag_area,flag_area_th,SN_gal,bck,ratio_SN_gal,flag_SN,flag_SN_th,perc_SN_flag,perc_20_SN_gal,perc_50_SN_gal,perc_80_SN_gal,flag_image,flag_bck,flag_object,flag_statmorph,index
131r,140.45755323356613,9.538035859792917,5000.0,0.0167,nan,7.991230471978112,17.470748963751358,32.2268859637287,250.34175790800182,247.745526162665,38.64809483993348,65.03575504730007,18.36728132519201,29.423439021226198,0.5454187263486264,-1.808426723184035,-0.006937585407762903,-0.0384067754374407,0.21631689369678497,3.0280234307058707,-0.031517215849506244,0.0035130263279781497,0.00986679822397632,0.17935080830677885,0.025732139535288485,-0.08701528819839154,0.1927890127202099,0.12272239725393595,27.205270649963502,0.6236335164891768,319.77780056978304,320.1489305774554,0.7472881889282628,0.1886933631492081,0.0,0.0,0.27,0.34629548650952463,1.4028678,30.0,22.5,0.2,1.5,2.5,5.0,1.0,5.0,5.0,5.0,masking_sources,2.0,5.0,11.0,1.0,3.0,10.0,-0.5,0.5,0.2,5.0,0.5,10.0,0.0,0.0,10.0,Edge-on,3609.0,21.2,170.2,0.0,3.0,0.03844,0.004410000052303076,8.7,0.0,3.0,50.0,4.2,8.7,23.1,0.0,0.0,0.0,0.0,131
