GAL,ra,dec,radvel,z,mag,r20,r50,r80,flux_c,flux_e,rpetro_c,rpetro_e,rhalf_c,rhalf_e,Gini,M20,F(G_M20),S(G_M20),SN_per_pixel,C,A,S,M,I,D,Ao,As,Ser_A,Ser_R,Ser_n,Ser_xc,Ser_yc,Ser_ellip,Ser_theta,flag_morph,flag_sersic,ima_sc_pix2arc,ima_sc_arc2kpc,psf_arcsec,size_image_phy_kpc,zp_ima,eta,petro_extent_cas,snr,area_min,debleding,area_min_deblend,skybox_x,skybox_y,sky_method,nsigma,npixels,dilate_size,mask_stars,fwhm,threshold,roundlo,roundhi,sharplo,aper_stars,aper_fact,aper_center,aper_ellip,aper_pa,dr,View,area_segmap_pix,area_psf_pix,ratio_segmap_psf,flag_area,flag_area_th,SN_gal,bck,ratio_SN_gal,flag_SN,flag_SN_th,perc_SN_flag,perc_20_SN_gal,perc_50_SN_gal,perc_80_SN_gal,flag_image,flag_bck,flag_object,flag_statmorph,index
271r,204.83725119092486,3.077871532972416,5000.0,0.0399,nan,9.532260327291805,19.486255240638215,32.40966327574871,151.41098902375413,150.49350429782424,42.474242354869666,44.56204402428277,19.072086511523302,19.93463044875139,0.49680053382394557,-1.7519455276050777,-0.2867391069411509,-0.0786878998513997,0.14670856297016144,2.6573931221130347,0.1267657430639569,0.042530969950635523,0.03787234042553191,0.06874337838809033,0.015172202275609609,0.1726989579177292,0.18010134619121307,0.048547987908949805,17.36529590537551,0.6359280837579679,319.4470264951235,320.05050630943674,0.20896720463423632,1.0145171729428921,0.0,0.0,0.27,0.34629548650952463,1.5616823,30.0,22.5,0.2,1.5,2.5,5.0,1.0,5.0,5.0,5.0,masking_sources,2.0,5.0,11.0,1.0,3.0,10.0,-0.5,0.5,0.2,5.0,0.5,10.0,0.0,0.0,10.0,Face-on,3154.0,26.3,120.0,0.0,3.0,0.02939,0.004900000058114529,6.0,0.0,3.0,50.0,3.8,6.0,11.2,0.0,0.0,0.0,0.0,271
