GAL,ra,dec,radvel,z,mag,r20,r50,r80,flux_c,flux_e,rpetro_c,rpetro_e,rhalf_c,rhalf_e,Gini,M20,F(G_M20),S(G_M20),SN_per_pixel,C,A,S,M,I,D,Ao,As,Ser_A,Ser_R,Ser_n,Ser_xc,Ser_yc,Ser_ellip,Ser_theta,flag_morph,flag_sersic,ima_sc_pix2arc,ima_sc_arc2kpc,psf_arcsec,size_image_phy_kpc,zp_ima,eta,petro_extent_cas,snr,area_min,debleding,area_min_deblend,skybox_x,skybox_y,sky_method,nsigma,npixels,dilate_size,mask_stars,fwhm,threshold,roundlo,roundhi,sharplo,aper_stars,aper_fact,aper_center,aper_ellip,aper_pa,dr,View,area_segmap_pix,area_psf_pix,ratio_segmap_psf,flag_area,flag_area_th,SN_gal,bck,ratio_SN_gal,flag_SN,flag_SN_th,perc_SN_flag,perc_20_SN_gal,perc_50_SN_gal,perc_80_SN_gal,flag_image,flag_bck,flag_object,flag_statmorph,index
1010r,161.1323770745788,12.15700210307731,5000.0,0.1491,nan,2.533266274078285,4.760577599888277,8.044463283206095,134.41514238704295,135.0037481800456,10.019751358519201,10.957724412638605,5.023122432524064,5.409109116725828,0.4802510407714933,-1.6463800510747584,-0.4418159727863009,-0.08039829673561313,0.5448397994041443,2.509081162490314,0.1153263044785565,0.06101385724748305,0.006993006993006993,0.0,0.046851366435985434,0.11582316438126773,0.24908426849403273,0.7801594222881337,3.9162681023163204,1.0914370948749705,319.6953933665256,319.8891610437939,0.1566915695798887,0.41955330141591424,0.0,0.0,0.27,0.34629548650952463,1.4779978,30.0,22.5,0.2,1.5,2.5,5.0,1.0,5.0,5.0,5.0,masking_sources,2.0,5.0,11.0,1.0,3.0,10.0,-0.5,0.5,0.2,5.0,0.5,10.0,0.0,0.0,10.0,Face-on,793.0,23.5,33.7,0.0,3.0,0.05585,0.0049600000493228436,11.3,0.0,3.0,50.0,4.5,11.3,43.3,0.0,0.0,0.0,0.0,1010
