GAL,ra,dec,radvel,z,mag,r20,r50,r80,flux_c,flux_e,rpetro_c,rpetro_e,rhalf_c,rhalf_e,Gini,M20,F(G_M20),S(G_M20),SN_per_pixel,C,A,S,M,I,D,Ao,As,Ser_A,Ser_R,Ser_n,Ser_xc,Ser_yc,Ser_ellip,Ser_theta,flag_morph,flag_sersic,ima_sc_pix2arc,ima_sc_arc2kpc,psf_arcsec,size_image_phy_kpc,zp_ima,eta,petro_extent_cas,snr,area_min,debleding,area_min_deblend,skybox_x,skybox_y,sky_method,nsigma,npixels,dilate_size,mask_stars,fwhm,threshold,roundlo,roundhi,sharplo,aper_stars,aper_fact,aper_center,aper_ellip,aper_pa,dr,View,area_segmap_pix,area_psf_pix,ratio_segmap_psf,flag_area,flag_area_th,SN_gal,bck,ratio_SN_gal,flag_SN,flag_SN_th,perc_SN_flag,perc_20_SN_gal,perc_50_SN_gal,perc_80_SN_gal,flag_image,flag_bck,flag_object,flag_statmorph,index
82r,204.28088395449552,4.692400316299793,5000.0,0.0234,nan,4.998797017822556,9.171713197502694,14.155279819951955,105.79685778053988,105.88006950312614,18.055613804665924,18.367462022295584,9.376740640133047,9.528966216647312,0.4138650683965249,-1.6485796910463424,-0.7689021855420863,-0.14642615934288195,0.28360703587532043,2.2602647840491437,0.002392708496003319,0.020872507798064866,0.001256281407035176,0.0,0.02635485270334574,0.018012956735510594,0.2757488860650326,0.16039400860234673,8.693884752151838,0.43636962606749047,321.1559857833802,320.53971073575707,0.06304028359775929,1.8721706036984147,0.0,0.0,0.27,0.34629548650952463,1.5454562,30.0,22.5,0.2,1.5,2.5,5.0,1.0,5.0,5.0,5.0,masking_sources,2.0,5.0,11.0,1.0,3.0,10.0,-0.5,0.5,0.2,5.0,0.5,10.0,0.0,0.0,10.0,Face-on,1309.0,25.7,50.9,0.0,3.0,0.04629,0.0037299999967217445,12.4,0.0,3.0,50.0,4.8,12.4,35.4,0.0,0.0,0.0,0.0,82
