GAL,ra,dec,radvel,z,mag,r20,r50,r80,flux_c,flux_e,rpetro_c,rpetro_e,rhalf_c,rhalf_e,Gini,M20,F(G_M20),S(G_M20),SN_per_pixel,C,A,S,M,I,D,Ao,As,Ser_A,Ser_R,Ser_n,Ser_xc,Ser_yc,Ser_ellip,Ser_theta,flag_morph,flag_sersic,ima_sc_pix2arc,ima_sc_arc2kpc,psf_arcsec,size_image_phy_kpc,zp_ima,eta,petro_extent_cas,snr,area_min,debleding,area_min_deblend,skybox_x,skybox_y,sky_method,nsigma,npixels,dilate_size,mask_stars,fwhm,threshold,roundlo,roundhi,sharplo,aper_stars,aper_fact,aper_center,aper_ellip,aper_pa,dr,View,area_segmap_pix,area_psf_pix,ratio_segmap_psf,flag_area,flag_area_th,SN_gal,bck,ratio_SN_gal,flag_SN,flag_SN_th,perc_SN_flag,perc_20_SN_gal,perc_50_SN_gal,perc_80_SN_gal,flag_image,flag_bck,flag_object,flag_statmorph,index
801r,135.8972384446292,1.3536301474574022,5000.0,0.0709,nan,7.2545953264033445,14.702846325925362,22.40328558189838,221.58299797466063,221.59834507420325,28.05332081520917,29.069740166504204,14.894321612553068,15.44853657273712,0.46527914561841616,-1.6804178196697213,-0.4923386801577232,-0.09995172277185932,0.2678772509098053,2.4484926161868,0.2332163315942677,0.029430053940023872,0.0058823529411764705,0.09338176282922882,0.04722496775702597,0.21677271222889175,0.27454272300771565,0.1264014539099181,14.264427455915815,0.520181033166351,320.50695676399044,322.0354994359421,0.06432046193882791,1.3555409868468289,0.0,0.0,0.27,0.34629548650952463,1.3979247,30.0,22.5,0.2,1.5,2.5,5.0,1.0,5.0,5.0,5.0,masking_sources,2.0,5.0,11.0,1.0,3.0,10.0,-0.5,0.5,0.2,5.0,0.5,10.0,0.0,0.0,10.0,Face-on,3795.0,21.1,180.3,0.0,3.0,0.02669,0.001930000027641654,13.8,0.0,3.0,50.0,5.1,13.8,50.4,0.0,0.0,0.0,0.0,801
