GAL,ra,dec,radvel,z,mag,r20,r50,r80,flux_c,flux_e,rpetro_c,rpetro_e,rhalf_c,rhalf_e,Gini,M20,F(G_M20),S(G_M20),SN_per_pixel,C,A,S,M,I,D,Ao,As,Ser_A,Ser_R,Ser_n,Ser_xc,Ser_yc,Ser_ellip,Ser_theta,flag_morph,flag_sersic,ima_sc_pix2arc,ima_sc_arc2kpc,psf_arcsec,size_image_phy_kpc,zp_ima,eta,petro_extent_cas,snr,area_min,debleding,area_min_deblend,skybox_x,skybox_y,sky_method,nsigma,npixels,dilate_size,mask_stars,fwhm,threshold,roundlo,roundhi,sharplo,aper_stars,aper_fact,aper_center,aper_ellip,aper_pa,dr,View,area_segmap_pix,area_psf_pix,ratio_segmap_psf,flag_area,flag_area_th,SN_gal,bck,ratio_SN_gal,flag_SN,flag_SN_th,perc_SN_flag,perc_20_SN_gal,perc_50_SN_gal,perc_80_SN_gal,flag_image,flag_bck,flag_object,flag_statmorph,index
441r,239.888135817758,2.573378939548314,5000.0,0.0315,nan,7.211009218353196,16.40177648198729,29.72002616968352,206.87559547157352,205.25189055466893,36.83658831638899,56.62391651550602,17.18287541353332,26.374908725119916,0.5559172020620351,-1.671636418794589,-0.04976581156827642,-0.008999432171033217,0.22738982737064362,3.0752656837565007,-0.007434957951866743,-6.48079709828272e-05,0.005747126436781609,0.004503725987256789,0.02511547126070592,-0.052585648335882786,0.17887427137265402,0.14287674130218872,23.884455025005725,0.6720712240829674,320.97111623789397,320.8165006717781,0.7752022186066565,0.9699389629943513,0.0,0.0,0.27,0.34629548650952463,1.3381207,30.0,22.5,0.2,1.5,2.5,5.0,1.0,5.0,5.0,5.0,masking_sources,2.0,5.0,11.0,1.0,3.0,10.0,-0.5,0.5,0.2,5.0,0.5,10.0,0.0,0.0,10.0,Edge-on,2715.0,19.3,140.7,0.0,3.0,0.03661,0.004610000178217888,7.9,0.0,3.0,50.0,4.0,7.9,24.3,0.0,0.0,0.0,0.0,441
