GAL,ra,dec,radvel,z,mag,r20,r50,r80,flux_c,flux_e,rpetro_c,rpetro_e,rhalf_c,rhalf_e,Gini,M20,F(G_M20),S(G_M20),SN_per_pixel,C,A,S,M,I,D,Ao,As,Ser_A,Ser_R,Ser_n,Ser_xc,Ser_yc,Ser_ellip,Ser_theta,flag_morph,flag_sersic,ima_sc_pix2arc,ima_sc_arc2kpc,psf_arcsec,size_image_phy_kpc,zp_ima,eta,petro_extent_cas,snr,area_min,debleding,area_min_deblend,skybox_x,skybox_y,sky_method,nsigma,npixels,dilate_size,mask_stars,fwhm,threshold,roundlo,roundhi,sharplo,aper_stars,aper_fact,aper_center,aper_ellip,aper_pa,dr,View,area_segmap_pix,area_psf_pix,ratio_segmap_psf,flag_area,flag_area_th,SN_gal,bck,ratio_SN_gal,flag_SN,flag_SN_th,perc_SN_flag,perc_20_SN_gal,perc_50_SN_gal,perc_80_SN_gal,flag_image,flag_bck,flag_object,flag_statmorph,index
95r,53.14298898927734,0.3423065141832953,5000.0,0.0227,nan,8.547986516697986,18.51598103328408,32.96845769276701,87.24375716392207,87.03377172415337,42.56244670257284,63.01947275276166,18.762746407273802,26.716176493273455,0.5801669875840338,-1.5003112778695944,-0.048457695895403496,0.03882205008431988,0.12649005651474,2.9311740115382072,0.04191040111122501,0.07645600079367472,0.25,0.4387285756803092,0.06572897691026763,0.12483888686933675,0.36473015770012274,0.051178870696540486,24.01753151760973,0.5170064729675771,319.1217319764995,320.67068244688073,0.7650713792557211,1.0231722221382709,0.0,0.0,0.27,0.34629548650952463,1.4423242,30.0,22.5,0.2,1.5,2.5,5.0,1.0,5.0,5.0,5.0,masking_sources,2.0,5.0,11.0,1.0,3.0,10.0,-0.5,0.5,0.2,5.0,0.5,10.0,0.0,0.0,10.0,Edge-on,2190.0,22.4,97.7,0.0,3.0,0.02331,0.0031900000758469105,7.3,0.0,3.0,50.0,3.9,7.3,16.1,0.0,0.0,0.0,0.0,95
