GAL,ra,dec,radvel,z,mag,r20,r50,r80,flux_c,flux_e,rpetro_c,rpetro_e,rhalf_c,rhalf_e,Gini,M20,F(G_M20),S(G_M20),SN_per_pixel,C,A,S,M,I,D,Ao,As,Ser_A,Ser_R,Ser_n,Ser_xc,Ser_yc,Ser_ellip,Ser_theta,flag_morph,flag_sersic,ima_sc_pix2arc,ima_sc_arc2kpc,psf_arcsec,size_image_phy_kpc,zp_ima,eta,petro_extent_cas,snr,area_min,debleding,area_min_deblend,skybox_x,skybox_y,sky_method,nsigma,npixels,dilate_size,mask_stars,fwhm,threshold,roundlo,roundhi,sharplo,aper_stars,aper_fact,aper_center,aper_ellip,aper_pa,dr,View,area_segmap_pix,area_psf_pix,ratio_segmap_psf,flag_area,flag_area_th,SN_gal,bck,ratio_SN_gal,flag_SN,flag_SN_th,perc_SN_flag,perc_20_SN_gal,perc_50_SN_gal,perc_80_SN_gal,flag_image,flag_bck,flag_object,flag_statmorph,index
449r,17.449899963447564,0.19903822405977428,5000.0,0.0442,nan,7.6861337585481335,15.17489966598328,25.5054079985855,191.07792545689648,191.42707607316106,31.84672813755794,46.19580392085894,15.48826340566621,22.508059611938833,0.47110279991720033,-1.4876054702877601,-0.5971305495004406,-0.06738538845197034,0.23933741450309753,2.6046216854950783,0.0735521742429181,0.005285017392677822,0.017191977077363897,0.19184303638987826,0.009254126157542064,0.06619149239892595,0.14363094184777514,0.1176871340627149,21.71737202864758,0.5447394373908192,319.24589191588245,319.7944407979664,0.6486191295815333,0.4732623065572021,0.0,0.0,0.27,0.34629548650952463,1.3814437,30.0,22.5,0.2,1.5,2.5,5.0,1.0,5.0,5.0,5.0,masking_sources,2.0,5.0,11.0,1.0,3.0,10.0,-0.5,0.5,0.2,5.0,0.5,10.0,0.0,0.0,10.0,Edge-on,3489.0,20.6,169.7,0.0,3.0,0.02647,0.0020000000949949026,13.2,0.0,3.0,50.0,5.2,13.2,44.6,0.0,0.0,0.0,0.0,449
