GAL,ra,dec,radvel,z,mag,r20,r50,r80,flux_c,flux_e,rpetro_c,rpetro_e,rhalf_c,rhalf_e,Gini,M20,F(G_M20),S(G_M20),SN_per_pixel,C,A,S,M,I,D,Ao,As,Ser_A,Ser_R,Ser_n,Ser_xc,Ser_yc,Ser_ellip,Ser_theta,flag_morph,flag_sersic,ima_sc_pix2arc,ima_sc_arc2kpc,psf_arcsec,size_image_phy_kpc,zp_ima,eta,petro_extent_cas,snr,area_min,debleding,area_min_deblend,skybox_x,skybox_y,sky_method,nsigma,npixels,dilate_size,mask_stars,fwhm,threshold,roundlo,roundhi,sharplo,aper_stars,aper_fact,aper_center,aper_ellip,aper_pa,dr,View,area_segmap_pix,area_psf_pix,ratio_segmap_psf,flag_area,flag_area_th,SN_gal,bck,ratio_SN_gal,flag_SN,flag_SN_th,perc_SN_flag,perc_20_SN_gal,perc_50_SN_gal,perc_80_SN_gal,flag_image,flag_bck,flag_object,flag_statmorph,index
663r,172.27440357379683,9.868155085272782,5000.0,0.0817,nan,3.83913730179113,7.574537431035295,14.33489609757928,157.39671217982965,157.35080124955041,17.829926996321937,18.89601469343897,7.767443676981647,8.345438889182699,0.5304403799425859,-1.7582502960887405,-0.11585266409470263,-0.04626081501317497,0.3312055766582489,2.8608045252847116,0.050907149914524476,0.03213189195043159,0.0036496350364963502,0.0,0.011202114823147613,0.03880972256595482,0.1490256219797051,0.269358959295602,7.288467814932089,1.0570147756893433,320.0263667474491,319.9056703037784,0.17872991885075762,2.614021083023921,0.0,0.0,0.27,0.34629548650952463,1.3978288,30.0,22.5,0.2,1.5,2.5,5.0,1.0,5.0,5.0,5.0,masking_sources,2.0,5.0,11.0,1.0,3.0,10.0,-0.5,0.5,0.2,5.0,0.5,10.0,0.0,0.0,10.0,Face-on,1725.0,21.1,81.9,0.0,3.0,0.03237,0.004639999940991402,7.0,0.0,3.0,50.0,4.0,7.0,22.4,0.0,0.0,0.0,0.0,663
