GAL,ra,dec,radvel,z,mag,r20,r50,r80,flux_c,flux_e,rpetro_c,rpetro_e,rhalf_c,rhalf_e,Gini,M20,F(G_M20),S(G_M20),SN_per_pixel,C,A,S,M,I,D,Ao,As,Ser_A,Ser_R,Ser_n,Ser_xc,Ser_yc,Ser_ellip,Ser_theta,flag_morph,flag_sersic,ima_sc_pix2arc,ima_sc_arc2kpc,psf_arcsec,size_image_phy_kpc,zp_ima,eta,petro_extent_cas,snr,area_min,debleding,area_min_deblend,skybox_x,skybox_y,sky_method,nsigma,npixels,dilate_size,mask_stars,fwhm,threshold,roundlo,roundhi,sharplo,aper_stars,aper_fact,aper_center,aper_ellip,aper_pa,dr,View,area_segmap_pix,area_psf_pix,ratio_segmap_psf,flag_area,flag_area_th,SN_gal,bck,ratio_SN_gal,flag_SN,flag_SN_th,perc_SN_flag,perc_20_SN_gal,perc_50_SN_gal,perc_80_SN_gal,flag_image,flag_bck,flag_object,flag_statmorph,index
525r,122.98718920595391,26.056074082868747,5000.0,0.0264,nan,4.38994983986852,11.540504482191613,24.277723417439383,556.4562578600114,556.7149610782305,30.18327256544139,32.32798578671235,12.515309402624196,13.344887353766413,0.5550422729628988,-2.132715352656322,0.26543099055718056,-0.07395558378595907,0.3494938910007477,3.7137420073599663,0.01931623255883203,-0.01136216716134151,0.0017045454545454545,0.0033231048895713327,0.016473394892968105,-0.13762400019960708,0.20785442824503708,0.30541375218958655,10.844353280594804,1.8269594354990466,320.004228854699,319.9925315834296,0.12090269600941987,0.41496207692846954,2.0,0.0,0.27,0.34629548650952463,1.5439423,30.0,22.5,0.2,1.5,2.5,5.0,1.0,5.0,5.0,5.0,masking_sources,2.0,5.0,11.0,1.0,3.0,10.0,-0.5,0.5,0.2,5.0,0.5,10.0,0.0,0.0,10.0,Face-on,6469.0,25.7,251.9,0.0,3.0,0.02734,0.003109999932348728,8.8,0.0,3.0,50.0,4.1,8.8,29.9,0.0,0.0,0.0,0.0,525
