GAL,ra,dec,radvel,z,mag,r20,r50,r80,flux_c,flux_e,rpetro_c,rpetro_e,rhalf_c,rhalf_e,Gini,M20,F(G_M20),S(G_M20),SN_per_pixel,C,A,S,M,I,D,Ao,As,Ser_A,Ser_R,Ser_n,Ser_xc,Ser_yc,Ser_ellip,Ser_theta,flag_morph,flag_sersic,ima_sc_pix2arc,ima_sc_arc2kpc,psf_arcsec,size_image_phy_kpc,zp_ima,eta,petro_extent_cas,snr,area_min,debleding,area_min_deblend,skybox_x,skybox_y,sky_method,nsigma,npixels,dilate_size,mask_stars,fwhm,threshold,roundlo,roundhi,sharplo,aper_stars,aper_fact,aper_center,aper_ellip,aper_pa,dr,View,area_segmap_pix,area_psf_pix,ratio_segmap_psf,flag_area,flag_area_th,SN_gal,bck,ratio_SN_gal,flag_SN,flag_SN_th,perc_SN_flag,perc_20_SN_gal,perc_50_SN_gal,perc_80_SN_gal,flag_image,flag_bck,flag_object,flag_statmorph,index
1033r,332.5624069891919,-0.8426777662596202,5000.0,0.1261,nan,2.9033341370888657,7.001335170233215,15.130925744909879,162.51434267608133,164.57043938240272,18.282614929677212,25.43986380051501,8.623798290641162,10.85999325950936,0.5928031385815121,-2.099223109749234,0.4291371510347046,-0.031916905059446554,0.2857920825481415,3.584842397279097,0.015420197646188967,0.032017280276079293,0.0022753128555176336,0.0,0.022922320430058984,-0.09448595972390078,0.2741334672972641,0.17832546230134239,9.576435007571936,2.1629805167437657,319.99881090259436,319.99666320495584,0.42630756403334685,2.25416216724724,0.0,0.0,0.27,0.34629548650952463,1.1508547,30.0,22.5,0.2,1.5,2.5,5.0,1.0,5.0,5.0,5.0,masking_sources,2.0,5.0,11.0,1.0,3.0,10.0,-0.5,0.5,0.2,5.0,0.5,10.0,0.0,0.0,10.0,Face-on,2929.0,14.3,205.3,0.0,3.0,0.01851,0.0023499999660998583,7.9,0.0,3.0,50.0,4.1,7.9,20.4,0.0,0.0,0.0,0.0,1033
