GAL,ra,dec,radvel,z,mag,r20,r50,r80,flux_c,flux_e,rpetro_c,rpetro_e,rhalf_c,rhalf_e,Gini,M20,F(G_M20),S(G_M20),SN_per_pixel,C,A,S,M,I,D,Ao,As,Ser_A,Ser_R,Ser_n,Ser_xc,Ser_yc,Ser_ellip,Ser_theta,flag_morph,flag_sersic,ima_sc_pix2arc,ima_sc_arc2kpc,psf_arcsec,size_image_phy_kpc,zp_ima,eta,petro_extent_cas,snr,area_min,debleding,area_min_deblend,skybox_x,skybox_y,sky_method,nsigma,npixels,dilate_size,mask_stars,fwhm,threshold,roundlo,roundhi,sharplo,aper_stars,aper_fact,aper_center,aper_ellip,aper_pa,dr,View,area_segmap_pix,area_psf_pix,ratio_segmap_psf,flag_area,flag_area_th,SN_gal,bck,ratio_SN_gal,flag_SN,flag_SN_th,perc_SN_flag,perc_20_SN_gal,perc_50_SN_gal,perc_80_SN_gal,flag_image,flag_bck,flag_object,flag_statmorph,index
1002r,45.11901114230315,-0.7840822128963993,5000.0,0.0872,nan,3.0931189599235163,8.113836168532144,17.97012310757685,229.20121476300375,228.39601473437648,22.210834121205853,23.618741492132546,9.262139159553405,9.99688160316743,0.5828868372709397,-2.1337993601730765,0.40401280109109283,-0.0465401421658273,0.3007064461708069,3.8207721462144395,0.03394061794250668,0.0008948928629132359,0.0013404825737265416,0.0,0.016080937544649884,0.0732317002820003,0.33588754721967723,0.22729668093215674,8.186100654213094,1.9855169777024144,319.99239666996357,319.9983880480935,0.1469266239809288,2.724734968415406,0.0,0.0,0.27,0.34629548650952463,1.2149171,30.0,22.5,0.2,1.5,2.5,5.0,1.0,5.0,5.0,5.0,masking_sources,2.0,5.0,11.0,1.0,3.0,10.0,-0.5,0.5,0.2,5.0,0.5,10.0,0.0,0.0,10.0,Face-on,3940.0,15.9,247.8,0.0,3.0,0.01793,0.002319999970495701,7.7,0.0,3.0,50.0,4.0,7.7,23.1,0.0,0.0,0.0,0.0,1002
