GAL,ra,dec,radvel,z,mag,r20,r50,r80,flux_c,flux_e,rpetro_c,rpetro_e,rhalf_c,rhalf_e,Gini,M20,F(G_M20),S(G_M20),SN_per_pixel,C,A,S,M,I,D,Ao,As,Ser_A,Ser_R,Ser_n,Ser_xc,Ser_yc,Ser_ellip,Ser_theta,flag_morph,flag_sersic,ima_sc_pix2arc,ima_sc_arc2kpc,psf_arcsec,size_image_phy_kpc,zp_ima,eta,petro_extent_cas,snr,area_min,debleding,area_min_deblend,skybox_x,skybox_y,sky_method,nsigma,npixels,dilate_size,mask_stars,fwhm,threshold,roundlo,roundhi,sharplo,aper_stars,aper_fact,aper_center,aper_ellip,aper_pa,dr,View,area_segmap_pix,area_psf_pix,ratio_segmap_psf,flag_area,flag_area_th,SN_gal,bck,ratio_SN_gal,flag_SN,flag_SN_th,perc_SN_flag,perc_20_SN_gal,perc_50_SN_gal,perc_80_SN_gal,flag_image,flag_bck,flag_object,flag_statmorph,index
701r,216.49672986203424,-0.5980856289972715,5000.0,0.0732,nan,7.834390233784332,15.330789551726768,21.968597337328198,166.2816196407702,165.99702988311165,27.946678711043912,34.10549551914184,15.381135132823008,18.691314273242845,0.5375773845394509,-1.6055980073842537,-0.1863125274124302,-0.01797651233235492,0.2643781006336212,2.2389856431329003,0.2704191618761738,0.0810358119691379,0.12222222222222222,0.22520517790142697,0.1049957383980363,0.28695094053669856,0.24198578756622302,0.15255994811816528,15.767282093873607,0.4030308239182806,318.81899722300756,321.73530669321394,0.3809561652302657,2.4008830162326147,0.0,0.0,0.27,0.34629548650952463,1.286828,30.0,22.5,0.2,1.5,2.5,5.0,1.0,5.0,5.0,5.0,masking_sources,2.0,5.0,11.0,1.0,3.0,10.0,-0.5,0.5,0.2,5.0,0.5,10.0,0.0,0.0,10.0,Face-on,2665.0,17.8,149.4,0.0,3.0,0.02976,0.001829999964684248,16.2,0.0,3.0,50.0,5.3,16.2,56.0,0.0,0.0,0.0,0.0,701
