GAL,ra,dec,radvel,z,mag,r20,r50,r80,flux_c,flux_e,rpetro_c,rpetro_e,rhalf_c,rhalf_e,Gini,M20,F(G_M20),S(G_M20),SN_per_pixel,C,A,S,M,I,D,Ao,As,Ser_A,Ser_R,Ser_n,Ser_xc,Ser_yc,Ser_ellip,Ser_theta,flag_morph,flag_sersic,ima_sc_pix2arc,ima_sc_arc2kpc,psf_arcsec,size_image_phy_kpc,zp_ima,eta,petro_extent_cas,snr,area_min,debleding,area_min_deblend,skybox_x,skybox_y,sky_method,nsigma,npixels,dilate_size,mask_stars,fwhm,threshold,roundlo,roundhi,sharplo,aper_stars,aper_fact,aper_center,aper_ellip,aper_pa,dr,View,area_segmap_pix,area_psf_pix,ratio_segmap_psf,flag_area,flag_area_th,SN_gal,bck,ratio_SN_gal,flag_SN,flag_SN_th,perc_SN_flag,perc_20_SN_gal,perc_50_SN_gal,perc_80_SN_gal,flag_image,flag_bck,flag_object,flag_statmorph,index
911r,128.14153731128627,8.570392084922476,5000.0,0.084,nan,5.351645715673775,13.507285564906397,27.866715620136628,243.32891007335158,242.72367412039682,40.728123923366134,40.12179431446393,13.490818101546559,15.084148224429683,0.5737393974030652,-2.144497966322969,0.36614710780699067,-0.0570832138898581,0.19814945757389069,3.5829921533260145,-0.008433224294406873,-0.04223519158574302,0.03838043019822859,0.04457813613227299,0.021360574117914626,-0.03597579982130785,0.24412347076617524,0.12792723160664585,11.396782754252351,1.305388536918178,320.02876468899467,319.9567456329944,0.08210219051190609,1.6303671177679757,0.0,0.0,0.27,0.34629548650952463,1.3452455,30.0,22.5,0.2,1.5,2.5,5.0,1.0,5.0,5.0,5.0,masking_sources,2.0,5.0,11.0,1.0,3.0,10.0,-0.5,0.5,0.2,5.0,0.5,10.0,0.0,0.0,10.0,Face-on,4239.0,19.5,217.4,0.0,3.0,0.02593,0.003599999938160181,7.2,0.0,3.0,50.0,4.0,7.2,16.4,0.0,0.0,0.0,0.0,911
