GAL,ra,dec,radvel,z,mag,r20,r50,r80,flux_c,flux_e,rpetro_c,rpetro_e,rhalf_c,rhalf_e,Gini,M20,F(G_M20),S(G_M20),SN_per_pixel,C,A,S,M,I,D,Ao,As,Ser_A,Ser_R,Ser_n,Ser_xc,Ser_yc,Ser_ellip,Ser_theta,flag_morph,flag_sersic,ima_sc_pix2arc,ima_sc_arc2kpc,psf_arcsec,size_image_phy_kpc,zp_ima,eta,petro_extent_cas,snr,area_min,debleding,area_min_deblend,skybox_x,skybox_y,sky_method,nsigma,npixels,dilate_size,mask_stars,fwhm,threshold,roundlo,roundhi,sharplo,aper_stars,aper_fact,aper_center,aper_ellip,aper_pa,dr,View,area_segmap_pix,area_psf_pix,ratio_segmap_psf,flag_area,flag_area_th,SN_gal,bck,ratio_SN_gal,flag_SN,flag_SN_th,perc_SN_flag,perc_20_SN_gal,perc_50_SN_gal,perc_80_SN_gal,flag_image,flag_bck,flag_object,flag_statmorph,index
406r,160.81281888321706,0.2204826225242493,5000.0,0.047,nan,5.77474041810903,11.952100835362888,21.99586496317029,208.0775027189352,208.00322314506562,28.393188952911423,30.8390947116002,12.399701559067429,13.616945787816146,0.5350499294396381,-1.8410609930399133,-0.03564758109713129,-0.05320804788730621,0.25095054507255554,2.904042889423497,0.13880326583037314,0.00873341071674158,0.024778761061946902,0.031935392361929674,0.057323933098716716,0.20050457614769676,0.376842514638563,0.14349849009300744,12.292802251032144,0.8287652297447609,319.3122955310597,318.47940699127486,0.2061673330362293,1.0736111685729575,0.0,0.0,0.27,0.34629548650952463,1.250642,30.0,22.5,0.2,1.5,2.5,5.0,1.0,5.0,5.0,5.0,masking_sources,2.0,5.0,11.0,1.0,3.0,10.0,-0.5,0.5,0.2,5.0,0.5,10.0,0.0,0.0,10.0,Face-on,3156.0,16.9,187.3,0.0,3.0,0.02992,0.0029100000392645597,10.3,0.0,3.0,50.0,4.4,10.3,29.7,0.0,0.0,0.0,0.0,406
