GAL,ra,dec,radvel,z,mag,r20,r50,r80,flux_c,flux_e,rpetro_c,rpetro_e,rhalf_c,rhalf_e,Gini,M20,F(G_M20),S(G_M20),SN_per_pixel,C,A,S,M,I,D,Ao,As,Ser_A,Ser_R,Ser_n,Ser_xc,Ser_yc,Ser_ellip,Ser_theta,flag_morph,flag_sersic,ima_sc_pix2arc,ima_sc_arc2kpc,psf_arcsec,size_image_phy_kpc,zp_ima,eta,petro_extent_cas,snr,area_min,debleding,area_min_deblend,skybox_x,skybox_y,sky_method,nsigma,npixels,dilate_size,mask_stars,fwhm,threshold,roundlo,roundhi,sharplo,aper_stars,aper_fact,aper_center,aper_ellip,aper_pa,dr,View,area_segmap_pix,area_psf_pix,ratio_segmap_psf,flag_area,flag_area_th,SN_gal,bck,ratio_SN_gal,flag_SN,flag_SN_th,perc_SN_flag,perc_20_SN_gal,perc_50_SN_gal,perc_80_SN_gal,flag_image,flag_bck,flag_object,flag_statmorph,index
982r,135.90896529593337,6.393390828286719,5000.0,0.1168,nan,2.9466931018227527,7.039480285427223,14.477944679835746,148.47369558264685,148.0516393376875,18.00269918832483,19.245047692056517,7.347625767601168,8.311466677622212,0.5314976397058913,-1.9851187787908835,0.04660063024624339,-0.07674884694310052,0.3251321017742157,3.4568600321835232,0.05352069120313589,0.024497497428736196,0.003937007874015748,0.0,0.037058252197990034,0.09073809675172935,0.20088254508930317,0.26930117974244855,6.434507967687951,1.5083469602930355,319.82255138830806,319.91797715831757,0.19345260355088564,1.2199258941457185,0.0,0.0,0.27,0.34629548650952463,1.2032782,30.0,22.5,0.2,1.5,2.5,5.0,1.0,5.0,5.0,5.0,masking_sources,2.0,5.0,11.0,1.0,3.0,10.0,-0.5,0.5,0.2,5.0,0.5,10.0,0.0,0.0,10.0,Face-on,1553.0,15.6,99.6,0.0,3.0,0.03914,0.004739999771118164,8.3,0.0,3.0,50.0,3.9,8.3,21.0,0.0,0.0,0.0,0.0,982
