GAL,ra,dec,radvel,z,mag,r20,r50,r80,flux_c,flux_e,rpetro_c,rpetro_e,rhalf_c,rhalf_e,Gini,M20,F(G_M20),S(G_M20),SN_per_pixel,C,A,S,M,I,D,Ao,As,Ser_A,Ser_R,Ser_n,Ser_xc,Ser_yc,Ser_ellip,Ser_theta,flag_morph,flag_sersic,ima_sc_pix2arc,ima_sc_arc2kpc,psf_arcsec,size_image_phy_kpc,zp_ima,eta,petro_extent_cas,snr,area_min,debleding,area_min_deblend,skybox_x,skybox_y,sky_method,nsigma,npixels,dilate_size,mask_stars,fwhm,threshold,roundlo,roundhi,sharplo,aper_stars,aper_fact,aper_center,aper_ellip,aper_pa,dr,View,area_segmap_pix,area_psf_pix,ratio_segmap_psf,flag_area,flag_area_th,SN_gal,bck,ratio_SN_gal,flag_SN,flag_SN_th,perc_SN_flag,perc_20_SN_gal,perc_50_SN_gal,perc_80_SN_gal,flag_image,flag_bck,flag_object,flag_statmorph,index
882r,60.397022312808545,-5.315407306505657,5000.0,0.0657,nan,3.5994421727135615,8.741930404040017,17.998903364397037,306.3190731737968,305.97960163810296,22.290094112943216,23.193869338571435,9.572623217297428,10.025331354191735,0.556329235424424,-2.0496131734764997,0.21421164457011344,-0.061130288043053704,0.35155731439590454,3.4950542225465093,0.06414913315675169,-0.0022687637850208864,0.0011001100110011,0.0,0.013291752606616409,0.04156634843460149,0.1663033629914507,0.29358741152194057,8.270327048283583,1.6636659375312444,319.826445424656,320.21525992264714,0.060200916825747755,0.7539750778920664,0.0,0.0,0.27,0.34629548650952463,1.411737,30.0,22.5,0.2,1.5,2.5,5.0,1.0,5.0,5.0,5.0,masking_sources,2.0,5.0,11.0,1.0,3.0,10.0,-0.5,0.5,0.2,5.0,0.5,10.0,0.0,0.0,10.0,Face-on,3222.0,21.5,150.1,0.0,3.0,0.03136,0.003909999970346689,8.0,0.0,3.0,50.0,4.2,8.0,25.1,0.0,0.0,0.0,0.0,882
