GAL,ra,dec,radvel,z,mag,r20,r50,r80,flux_c,flux_e,rpetro_c,rpetro_e,rhalf_c,rhalf_e,Gini,M20,F(G_M20),S(G_M20),SN_per_pixel,C,A,S,M,I,D,Ao,As,Ser_A,Ser_R,Ser_n,Ser_xc,Ser_yc,Ser_ellip,Ser_theta,flag_morph,flag_sersic,ima_sc_pix2arc,ima_sc_arc2kpc,psf_arcsec,size_image_phy_kpc,zp_ima,eta,petro_extent_cas,snr,area_min,debleding,area_min_deblend,skybox_x,skybox_y,sky_method,nsigma,npixels,dilate_size,mask_stars,fwhm,threshold,roundlo,roundhi,sharplo,aper_stars,aper_fact,aper_center,aper_ellip,aper_pa,dr,View,area_segmap_pix,area_psf_pix,ratio_segmap_psf,flag_area,flag_area_th,SN_gal,bck,ratio_SN_gal,flag_SN,flag_SN_th,perc_SN_flag,perc_20_SN_gal,perc_50_SN_gal,perc_80_SN_gal,flag_image,flag_bck,flag_object,flag_statmorph,index
738r,197.3960078811383,2.433491242741744,5000.0,0.0841,nan,2.725017206808592,5.8128456491269676,11.072459330031853,77.3879116233834,75.43068038406304,13.60976658681861,13.870247325554734,6.279561554132673,7.101743860838762,0.5097272004699278,-1.8327518193783565,-0.16675334684465648,-0.07712257442836312,0.32970288395881653,3.044374224198612,0.018051090214674506,-0.002406340869762271,0.002898550724637681,0.0,0.01047421242728583,0.005146218170162086,0.27028372493061414,0.2383677620727413,5.587505769996242,1.3678292310358282,319.9908064544486,320.02758322329294,0.3362213602105525,1.565879408601439,0.0,0.0,0.27,0.34629548650952463,1.332227,30.0,22.5,0.2,1.5,2.5,5.0,1.0,5.0,5.0,5.0,masking_sources,2.0,5.0,11.0,1.0,3.0,10.0,-0.5,0.5,0.2,5.0,0.5,10.0,0.0,0.0,10.0,Face-on,793.0,19.1,41.5,0.0,3.0,0.03274,0.005150000099092722,6.4,0.0,3.0,50.0,3.6,6.4,23.8,0.0,0.0,0.0,0.0,738
