GAL,ra,dec,radvel,z,mag,r20,r50,r80,flux_c,flux_e,rpetro_c,rpetro_e,rhalf_c,rhalf_e,Gini,M20,F(G_M20),S(G_M20),SN_per_pixel,C,A,S,M,I,D,Ao,As,Ser_A,Ser_R,Ser_n,Ser_xc,Ser_yc,Ser_ellip,Ser_theta,flag_morph,flag_sersic,ima_sc_pix2arc,ima_sc_arc2kpc,psf_arcsec,size_image_phy_kpc,zp_ima,eta,petro_extent_cas,snr,area_min,debleding,area_min_deblend,skybox_x,skybox_y,sky_method,nsigma,npixels,dilate_size,mask_stars,fwhm,threshold,roundlo,roundhi,sharplo,aper_stars,aper_fact,aper_center,aper_ellip,aper_pa,dr,View,area_segmap_pix,area_psf_pix,ratio_segmap_psf,flag_area,flag_area_th,SN_gal,bck,ratio_SN_gal,flag_SN,flag_SN_th,perc_SN_flag,perc_20_SN_gal,perc_50_SN_gal,perc_80_SN_gal,flag_image,flag_bck,flag_object,flag_statmorph,index
77r,8.1803715701047,-11.14746039090746,5000.0,0.0165,nan,13.700153733250275,26.971588039687322,45.03737008098186,297.2088341175409,297.4958904428041,60.4675744759817,65.42704666192544,26.98977283171405,28.779682469614524,0.5174142464971392,-1.1972118822316322,-0.5691316454526398,0.018827652401970874,0.1390477865934372,2.5842379090124066,0.07131572196099961,0.04144882728878394,0.03559870550161812,0.2910566943537489,0.022324967938257397,0.10941795171981539,0.22385598091204786,0.04890435028623473,24.212558112379604,0.5417687317193225,319.9375854990575,318.9641478998824,0.13008108376389294,2.442334656815603,0.0,0.0,0.27,0.34629548650952463,1.6790893,30.0,22.5,0.2,1.5,2.5,5.0,1.0,5.0,5.0,5.0,masking_sources,2.0,5.0,11.0,1.0,3.0,10.0,-0.5,0.5,0.2,5.0,0.5,10.0,0.0,0.0,10.0,Face-on,6464.0,30.4,212.8,0.0,3.0,0.02833,0.004009999800473452,7.1,0.0,3.0,50.0,4.1,7.1,13.2,0.0,0.0,0.0,0.0,77
