GAL,ra,dec,radvel,z,mag,r20,r50,r80,flux_c,flux_e,rpetro_c,rpetro_e,rhalf_c,rhalf_e,Gini,M20,F(G_M20),S(G_M20),SN_per_pixel,C,A,S,M,I,D,Ao,As,Ser_A,Ser_R,Ser_n,Ser_xc,Ser_yc,Ser_ellip,Ser_theta,flag_morph,flag_sersic,ima_sc_pix2arc,ima_sc_arc2kpc,psf_arcsec,size_image_phy_kpc,zp_ima,eta,petro_extent_cas,snr,area_min,debleding,area_min_deblend,skybox_x,skybox_y,sky_method,nsigma,npixels,dilate_size,mask_stars,fwhm,threshold,roundlo,roundhi,sharplo,aper_stars,aper_fact,aper_center,aper_ellip,aper_pa,dr,View,area_segmap_pix,area_psf_pix,ratio_segmap_psf,flag_area,flag_area_th,SN_gal,bck,ratio_SN_gal,flag_SN,flag_SN_th,perc_SN_flag,perc_20_SN_gal,perc_50_SN_gal,perc_80_SN_gal,flag_image,flag_bck,flag_object,flag_statmorph,index
543r,355.0629988342891,-0.6146890549364424,5000.0,0.0635,nan,3.1646084176848377,5.973588383121824,10.187211730484645,177.29308834672702,177.7476753702952,12.679422208860034,16.294235677628436,6.232682731532711,7.954382675351966,0.47420889890327234,-1.6011433053889597,-0.5030736397942528,-0.08009210953482582,0.5162996053695679,2.5386767682945024,0.14560074406192977,0.006145979947657769,0.0,0.0,0.09999212352438228,0.2185218582475323,0.14704326847099916,0.5236072695142063,7.242336731667887,0.9704199647415866,320.67133084275326,319.27290751075697,0.46400869784707166,2.499623452010693,0.0,0.0,0.27,0.34629548650952463,1.2511241,30.0,22.5,0.2,1.5,2.5,5.0,1.0,5.0,5.0,5.0,masking_sources,2.0,5.0,11.0,1.0,3.0,10.0,-0.5,0.5,0.2,5.0,0.5,10.0,0.0,0.0,10.0,Face-on,1452.0,16.9,86.1,0.0,3.0,0.0294,0.0022499999031424522,13.1,0.0,3.0,50.0,4.8,13.1,63.9,0.0,0.0,0.0,0.0,543
