GAL,ra,dec,radvel,z,mag,r20,r50,r80,flux_c,flux_e,rpetro_c,rpetro_e,rhalf_c,rhalf_e,Gini,M20,F(G_M20),S(G_M20),SN_per_pixel,C,A,S,M,I,D,Ao,As,Ser_A,Ser_R,Ser_n,Ser_xc,Ser_yc,Ser_ellip,Ser_theta,flag_morph,flag_sersic,ima_sc_pix2arc,ima_sc_arc2kpc,psf_arcsec,size_image_phy_kpc,zp_ima,eta,petro_extent_cas,snr,area_min,debleding,area_min_deblend,skybox_x,skybox_y,sky_method,nsigma,npixels,dilate_size,mask_stars,fwhm,threshold,roundlo,roundhi,sharplo,aper_stars,aper_fact,aper_center,aper_ellip,aper_pa,dr,View,area_segmap_pix,area_psf_pix,ratio_segmap_psf,flag_area,flag_area_th,SN_gal,bck,ratio_SN_gal,flag_SN,flag_SN_th,perc_SN_flag,perc_20_SN_gal,perc_50_SN_gal,perc_80_SN_gal,flag_image,flag_bck,flag_object,flag_statmorph,index
594r,199.80505420570114,15.621352213277309,5000.0,0.0856,nan,5.441259749924008,10.368161236196908,16.780107048193255,93.59420648566385,93.46363692489126,20.710329217412387,22.75013654122831,10.541963580043465,11.438035496036152,0.4523902895384053,-1.6257233867406313,-0.5940417597736358,-0.10510916411392654,0.2233918309211731,2.4454763435664875,0.10678127138580379,-0.007683133507459499,0.00851063829787234,0.025107979922691776,0.052183511302258526,0.10436300249951325,0.3516062306592703,0.10156826852268608,9.983450798030107,0.5100638038165629,319.4616520214527,318.8756970837388,0.15000725398373801,2.713722114632736,0.0,0.0,0.27,0.34629548650952463,1.0411968,30.0,22.5,0.2,1.5,2.5,5.0,1.0,5.0,5.0,5.0,masking_sources,2.0,5.0,11.0,1.0,3.0,10.0,-0.5,0.5,0.2,5.0,0.5,10.0,0.0,0.0,10.0,Face-on,1411.0,11.7,120.8,0.0,3.0,0.04013,0.004920000210404396,8.1,0.0,3.0,50.0,3.9,8.1,18.7,0.0,0.0,0.0,0.0,594
