GAL,ra,dec,radvel,z,mag,r20,r50,r80,flux_c,flux_e,rpetro_c,rpetro_e,rhalf_c,rhalf_e,Gini,M20,F(G_M20),S(G_M20),SN_per_pixel,C,A,S,M,I,D,Ao,As,Ser_A,Ser_R,Ser_n,Ser_xc,Ser_yc,Ser_ellip,Ser_theta,flag_morph,flag_sersic,ima_sc_pix2arc,ima_sc_arc2kpc,psf_arcsec,size_image_phy_kpc,zp_ima,eta,petro_extent_cas,snr,area_min,debleding,area_min_deblend,skybox_x,skybox_y,sky_method,nsigma,npixels,dilate_size,mask_stars,fwhm,threshold,roundlo,roundhi,sharplo,aper_stars,aper_fact,aper_center,aper_ellip,aper_pa,dr,View,area_segmap_pix,area_psf_pix,ratio_segmap_psf,flag_area,flag_area_th,SN_gal,bck,ratio_SN_gal,flag_SN,flag_SN_th,perc_SN_flag,perc_20_SN_gal,perc_50_SN_gal,perc_80_SN_gal,flag_image,flag_bck,flag_object,flag_statmorph,index
89r,317.83004743205936,-7.022941028291298,5000.0,0.0273,nan,10.7165520278465,21.258647917997635,35.87274045431431,107.48546652349714,96.97831588362438,47.71821875903261,64.91538659862792,21.179633662831296,30.472124449812725,0.47344683227954787,-1.5965166180414307,-0.5100521639135263,-0.08020344595100654,0.11944957077503204,2.6235473929024176,0.17799437670828314,0.1292260226653005,0.15384615384615385,0.28931640557945665,0.05893381199995464,0.23828456348786925,0.24571288364420574,0.02861002667356121,25.14596650387261,0.5096099840111723,319.24795094557487,316.8365427371989,0.5937912281078351,1.5262029279112164,1.0,0.0,0.27,0.34629548650952463,1.3610253,30.0,22.5,0.2,1.5,2.5,5.0,1.0,5.0,5.0,5.0,masking_sources,2.0,5.0,11.0,1.0,3.0,10.0,-0.5,0.5,0.2,5.0,0.5,10.0,0.0,0.0,10.0,Edge-on,2436.0,20.0,122.1,0.0,3.0,0.02326,0.00471000000834465,4.9,0.0,3.0,50.0,3.5,4.9,7.7,0.0,0.0,0.0,0.0,89
