GAL,ra,dec,radvel,z,mag,r20,r50,r80,flux_c,flux_e,rpetro_c,rpetro_e,rhalf_c,rhalf_e,Gini,M20,F(G_M20),S(G_M20),SN_per_pixel,C,A,S,M,I,D,Ao,As,Ser_A,Ser_R,Ser_n,Ser_xc,Ser_yc,Ser_ellip,Ser_theta,flag_morph,flag_sersic,ima_sc_pix2arc,ima_sc_arc2kpc,psf_arcsec,size_image_phy_kpc,zp_ima,eta,petro_extent_cas,snr,area_min,debleding,area_min_deblend,skybox_x,skybox_y,sky_method,nsigma,npixels,dilate_size,mask_stars,fwhm,threshold,roundlo,roundhi,sharplo,aper_stars,aper_fact,aper_center,aper_ellip,aper_pa,dr,View,area_segmap_pix,area_psf_pix,ratio_segmap_psf,flag_area,flag_area_th,SN_gal,bck,ratio_SN_gal,flag_SN,flag_SN_th,perc_SN_flag,perc_20_SN_gal,perc_50_SN_gal,perc_80_SN_gal,flag_image,flag_bck,flag_object,flag_statmorph,index
1199r,167.79207631575238,0.6254607006514015,5000.0,0.0251,nan,13.984862783752504,36.0075146761912,73.92432079454598,719.333042841224,694.6521344737997,94.02871906244357,122.19949828974157,36.56197425778167,64.7236062765733,0.6041224867949083,-1.8501479181172618,0.31255881689005793,0.01391070130865979,0.21413137018680573,3.615645667267178,0.13008941045922234,0.161662590338337,0.12067510548523207,0.7457636637092434,0.1596484624670122,0.10330873007602469,0.20350124724408405,0.14042232564562385,60.39720829125244,0.47430504012645436,319.81941292898756,320.25193343648544,0.8650820970446808,1.1537943673270556,0.0,0.0,0.27,0.34629548650952463,1.2826809,30.0,22.5,0.2,1.5,2.5,5.0,1.0,5.0,5.0,5.0,masking_sources,2.0,5.0,11.0,1.0,3.0,10.0,-0.5,0.5,0.2,5.0,0.5,10.0,0.0,0.0,10.0,Edge-on,10115.0,17.7,570.6,0.0,3.0,0.03367,0.0026100000832229853,12.9,0.0,3.0,50.0,4.8,12.9,45.5,0.0,0.0,0.0,0.0,1199
