GAL,ra,dec,radvel,z,mag,r20,r50,r80,flux_c,flux_e,rpetro_c,rpetro_e,rhalf_c,rhalf_e,Gini,M20,F(G_M20),S(G_M20),SN_per_pixel,C,A,S,M,I,D,Ao,As,Ser_A,Ser_R,Ser_n,Ser_xc,Ser_yc,Ser_ellip,Ser_theta,flag_morph,flag_sersic,ima_sc_pix2arc,ima_sc_arc2kpc,psf_arcsec,size_image_phy_kpc,zp_ima,eta,petro_extent_cas,snr,area_min,debleding,area_min_deblend,skybox_x,skybox_y,sky_method,nsigma,npixels,dilate_size,mask_stars,fwhm,threshold,roundlo,roundhi,sharplo,aper_stars,aper_fact,aper_center,aper_ellip,aper_pa,dr,View,area_segmap_pix,area_psf_pix,ratio_segmap_psf,flag_area,flag_area_th,SN_gal,bck,ratio_SN_gal,flag_SN,flag_SN_th,perc_SN_flag,perc_20_SN_gal,perc_50_SN_gal,perc_80_SN_gal,flag_image,flag_bck,flag_object,flag_statmorph,index
157r,115.57462219234152,21.089147009773058,5000.0,0.0286,nan,4.022667277493568,8.062262990819923,14.72839989174622,74.24052140398601,72.80112607094667,20.160643714467064,21.972174150336258,8.087951051387142,10.563368926383779,0.4895722857501797,-1.5503586089435537,-0.4622186695387276,-0.05782328375047613,0.25541189312934875,2.8182072724228413,0.17795818404718666,0.01672333265352363,0.046125461254612546,0.03626843754365899,0.16534428065191453,0.2223803328479427,0.34631176676939524,0.17949936102626024,9.423301241673405,0.5499583624628049,320.8143868598866,318.2058638082125,0.586593681796423,1.930551194996165,0.0,0.0,0.27,0.34629548650952463,1.5344732,30.0,22.5,0.2,1.5,2.5,5.0,1.0,5.0,5.0,5.0,masking_sources,2.0,5.0,11.0,1.0,3.0,10.0,-0.5,0.5,0.2,5.0,0.5,10.0,0.0,0.0,10.0,Edge-on,996.0,25.4,39.3,0.0,3.0,0.0374,0.004009999800473452,9.3,0.0,3.0,50.0,4.5,9.3,25.7,0.0,0.0,0.0,0.0,157
