GAL,ra,dec,radvel,z,mag,r20,r50,r80,flux_c,flux_e,rpetro_c,rpetro_e,rhalf_c,rhalf_e,Gini,M20,F(G_M20),S(G_M20),SN_per_pixel,C,A,S,M,I,D,Ao,As,Ser_A,Ser_R,Ser_n,Ser_xc,Ser_yc,Ser_ellip,Ser_theta,flag_morph,flag_sersic,ima_sc_pix2arc,ima_sc_arc2kpc,psf_arcsec,size_image_phy_kpc,zp_ima,eta,petro_extent_cas,snr,area_min,debleding,area_min_deblend,skybox_x,skybox_y,sky_method,nsigma,npixels,dilate_size,mask_stars,fwhm,threshold,roundlo,roundhi,sharplo,aper_stars,aper_fact,aper_center,aper_ellip,aper_pa,dr,View,area_segmap_pix,area_psf_pix,ratio_segmap_psf,flag_area,flag_area_th,SN_gal,bck,ratio_SN_gal,flag_SN,flag_SN_th,perc_SN_flag,perc_20_SN_gal,perc_50_SN_gal,perc_80_SN_gal,flag_image,flag_bck,flag_object,flag_statmorph,index
29r,9.1321939005309,0.5632801281648645,5000.0,0.0139,nan,4.18224179903514,8.85798598052807,17.346201124778563,86.57871952997826,88.0454088459982,21.316692082566693,29.750745739648405,9.89855814230909,12.803555320945252,0.5492376404816524,-1.8867596971259084,0.06625079049243343,-0.04551433382366543,0.19494809210300446,3.0889761969561857,0.07094792670049792,0.002052473982902361,0.008108108108108109,0.008712845531647558,0.01286191540061196,0.038677691347135994,0.23257956526815465,0.09335918047586461,11.027523883643015,1.2647270230827936,319.22436373888945,320.2023888687411,0.4527592608443265,3.011140341360881,0.0,0.0,0.27,0.34629548650952463,1.4179295,30.0,22.5,0.2,1.5,2.5,5.0,1.0,5.0,5.0,5.0,masking_sources,2.0,5.0,11.0,1.0,3.0,10.0,-0.5,0.5,0.2,5.0,0.5,10.0,0.0,0.0,10.0,Face-on,2912.0,21.7,134.4,0.0,3.0,0.01054,0.0011399999493733048,9.3,0.0,3.0,50.0,4.5,9.3,28.0,0.0,0.0,0.0,0.0,29
