GAL,ra,dec,radvel,z,mag,r20,r50,r80,flux_c,flux_e,rpetro_c,rpetro_e,rhalf_c,rhalf_e,Gini,M20,F(G_M20),S(G_M20),SN_per_pixel,C,A,S,M,I,D,Ao,As,Ser_A,Ser_R,Ser_n,Ser_xc,Ser_yc,Ser_ellip,Ser_theta,flag_morph,flag_sersic,ima_sc_pix2arc,ima_sc_arc2kpc,psf_arcsec,size_image_phy_kpc,zp_ima,eta,petro_extent_cas,snr,area_min,debleding,area_min_deblend,skybox_x,skybox_y,sky_method,nsigma,npixels,dilate_size,mask_stars,fwhm,threshold,roundlo,roundhi,sharplo,aper_stars,aper_fact,aper_center,aper_ellip,aper_pa,dr,View,area_segmap_pix,area_psf_pix,ratio_segmap_psf,flag_area,flag_area_th,SN_gal,bck,ratio_SN_gal,flag_SN,flag_SN_th,perc_SN_flag,perc_20_SN_gal,perc_50_SN_gal,perc_80_SN_gal,flag_image,flag_bck,flag_object,flag_statmorph,index
160r,53.29177115742257,0.4023601524271273,5000.0,0.0309,nan,2.4717605340831668,4.898154454948906,8.81666508425316,81.42818227433403,81.61180185985489,11.081489015928744,11.699215849488033,5.277422627431132,5.540172315158477,0.5102149549600942,-1.7357671877188579,-0.23154931185836514,-0.06315883368242808,0.37878403067588806,2.7614897500384004,0.07822081552607553,0.0651112258663647,0.0,0.0,0.03282432167986495,0.15861561286548298,0.31809437148940073,0.35645118206207266,4.169905948239707,1.30491263590506,320.22730876075,319.8771790287282,0.08667886476754598,0.5003120851835448,0.0,0.0,0.27,0.34629548650952463,1.3566505,30.0,22.5,0.2,1.5,2.5,5.0,1.0,5.0,5.0,5.0,masking_sources,2.0,5.0,11.0,1.0,3.0,10.0,-0.5,0.5,0.2,5.0,0.5,10.0,0.0,0.0,10.0,Face-on,800.0,19.8,40.3,0.0,3.0,0.03426,0.003869999898597598,8.8,0.0,3.0,50.0,4.1,8.8,30.8,0.0,0.0,0.0,0.0,160
