GAL,ra,dec,radvel,z,mag,r20,r50,r80,flux_c,flux_e,rpetro_c,rpetro_e,rhalf_c,rhalf_e,Gini,M20,F(G_M20),S(G_M20),SN_per_pixel,C,A,S,M,I,D,Ao,As,Ser_A,Ser_R,Ser_n,Ser_xc,Ser_yc,Ser_ellip,Ser_theta,flag_morph,flag_sersic,ima_sc_pix2arc,ima_sc_arc2kpc,psf_arcsec,size_image_phy_kpc,zp_ima,eta,petro_extent_cas,snr,area_min,debleding,area_min_deblend,skybox_x,skybox_y,sky_method,nsigma,npixels,dilate_size,mask_stars,fwhm,threshold,roundlo,roundhi,sharplo,aper_stars,aper_fact,aper_center,aper_ellip,aper_pa,dr,View,area_segmap_pix,area_psf_pix,ratio_segmap_psf,flag_area,flag_area_th,SN_gal,bck,ratio_SN_gal,flag_SN,flag_SN_th,perc_SN_flag,perc_20_SN_gal,perc_50_SN_gal,perc_80_SN_gal,flag_image,flag_bck,flag_object,flag_statmorph,index
104r,162.96936076857068,0.5541304017673767,5000.0,0.0186,nan,12.712790594513711,32.31707794642826,57.80992268243181,234.59759419619633,231.55195502541648,79.47368112281663,88.83975208611291,31.729195733476107,39.41418046454259,0.5297008893716724,-1.815747693056288,-0.07966744632221445,-0.054985048856868446,0.1027582585811615,3.288807475968478,-0.14187789969857176,-0.0779707762756575,0.0930540242557883,0.07153044355062876,0.08999593343952755,-0.14301054435269203,0.4699908426580024,0.027978491055724676,26.34028847524513,1.0897177177087807,321.1234998451741,321.4819569062298,0.3641785504915876,1.4883438872059296,0.0,0.0,0.27,0.34629548650952463,1.2453681,30.0,22.5,0.2,1.5,2.5,5.0,1.0,5.0,5.0,5.0,masking_sources,2.0,5.0,11.0,1.0,3.0,10.0,-0.5,0.5,0.2,5.0,0.5,10.0,0.0,0.0,10.0,Face-on,8368.0,16.7,500.8,0.0,3.0,0.01436,0.0027099999133497477,5.3,0.0,3.0,50.0,3.7,5.3,9.1,0.0,0.0,0.0,0.0,104
