GAL,ra,dec,radvel,z,mag,r20,r50,r80,flux_c,flux_e,rpetro_c,rpetro_e,rhalf_c,rhalf_e,Gini,M20,F(G_M20),S(G_M20),SN_per_pixel,C,A,S,M,I,D,Ao,As,Ser_A,Ser_R,Ser_n,Ser_xc,Ser_yc,Ser_ellip,Ser_theta,flag_morph,flag_sersic,ima_sc_pix2arc,ima_sc_arc2kpc,psf_arcsec,size_image_phy_kpc,zp_ima,eta,petro_extent_cas,snr,area_min,debleding,area_min_deblend,skybox_x,skybox_y,sky_method,nsigma,npixels,dilate_size,mask_stars,fwhm,threshold,roundlo,roundhi,sharplo,aper_stars,aper_fact,aper_center,aper_ellip,aper_pa,dr,View,area_segmap_pix,area_psf_pix,ratio_segmap_psf,flag_area,flag_area_th,SN_gal,bck,ratio_SN_gal,flag_SN,flag_SN_th,perc_SN_flag,perc_20_SN_gal,perc_50_SN_gal,perc_80_SN_gal,flag_image,flag_bck,flag_object,flag_statmorph,index
697r,314.9157871912066,-6.855192897035109,5000.0,0.0804,nan,4.013057502116902,8.611437479338854,16.945380627254426,73.84741121643438,74.11107581836423,21.560435562789916,26.757338580090927,9.136100003036336,11.71293050686826,0.5460327571382588,-1.8674865045202564,0.03703029546691905,-0.04600819456143945,0.1964360475540161,3.127879728654965,0.0832526325990238,0.0485212122352656,0.025185185185185185,0.004619334810131275,0.012824536892616105,0.1920129738726673,0.3622048470191419,0.126867590170501,8.967233475660887,1.1965101823196236,320.1196291901257,319.997719530757,0.528354059914055,0.12026748146491732,0.0,0.0,0.27,0.34629548650952463,1.7836488,30.0,22.5,0.2,1.5,2.5,5.0,1.0,5.0,5.0,5.0,masking_sources,2.0,5.0,11.0,1.0,3.0,10.0,-0.5,0.5,0.2,5.0,0.5,10.0,0.0,0.0,10.0,Edge-on,1036.0,34.3,30.2,0.0,3.0,0.03123,0.004860000219196081,6.4,0.0,3.0,50.0,3.8,6.4,16.8,0.0,0.0,0.0,0.0,697
