GAL,ra,dec,radvel,z,mag,r20,r50,r80,flux_c,flux_e,rpetro_c,rpetro_e,rhalf_c,rhalf_e,Gini,M20,F(G_M20),S(G_M20),SN_per_pixel,C,A,S,M,I,D,Ao,As,Ser_A,Ser_R,Ser_n,Ser_xc,Ser_yc,Ser_ellip,Ser_theta,flag_morph,flag_sersic,ima_sc_pix2arc,ima_sc_arc2kpc,psf_arcsec,size_image_phy_kpc,zp_ima,eta,petro_extent_cas,snr,area_min,debleding,area_min_deblend,skybox_x,skybox_y,sky_method,nsigma,npixels,dilate_size,mask_stars,fwhm,threshold,roundlo,roundhi,sharplo,aper_stars,aper_fact,aper_center,aper_ellip,aper_pa,dr,View,area_segmap_pix,area_psf_pix,ratio_segmap_psf,flag_area,flag_area_th,SN_gal,bck,ratio_SN_gal,flag_SN,flag_SN_th,perc_SN_flag,perc_20_SN_gal,perc_50_SN_gal,perc_80_SN_gal,flag_image,flag_bck,flag_object,flag_statmorph,index
642r,151.37861384770227,8.643213480179737,5000.0,0.0701,nan,3.0017169399379373,6.368511897728151,12.022509776340469,104.17183486223473,104.22023829555144,15.19072736138799,16.60003186064564,6.5785200130661705,7.267903083012912,0.5281928930524801,-1.8722612578724738,-0.047968127684598905,-0.06433335072231866,0.31653618812561035,3.0131270138283064,0.012469494905125042,-0.0006592331853166507,0.001838235294117647,0.0,0.011117051321455023,-0.005090213470419705,0.14860074143365262,0.2471921563760778,6.252235812416183,1.2006883638908412,320.0891663701683,319.8913623970724,0.21937381434975747,1.7016864182572053,0.0,0.0,0.27,0.34629548650952463,1.3514079,30.0,22.5,0.2,1.5,2.5,5.0,1.0,5.0,5.0,5.0,masking_sources,2.0,5.0,11.0,1.0,3.0,10.0,-0.5,0.5,0.2,5.0,0.5,10.0,0.0,0.0,10.0,Face-on,1246.0,19.7,63.3,0.0,3.0,0.03078,0.003869999898597598,8.0,0.0,3.0,50.0,3.9,8.0,25.0,0.0,0.0,0.0,0.0,642
