GAL,ra,dec,radvel,z,mag,r20,r50,r80,flux_c,flux_e,rpetro_c,rpetro_e,rhalf_c,rhalf_e,Gini,M20,F(G_M20),S(G_M20),SN_per_pixel,C,A,S,M,I,D,Ao,As,Ser_A,Ser_R,Ser_n,Ser_xc,Ser_yc,Ser_ellip,Ser_theta,flag_morph,flag_sersic,ima_sc_pix2arc,ima_sc_arc2kpc,psf_arcsec,size_image_phy_kpc,zp_ima,eta,petro_extent_cas,snr,area_min,debleding,area_min_deblend,skybox_x,skybox_y,sky_method,nsigma,npixels,dilate_size,mask_stars,fwhm,threshold,roundlo,roundhi,sharplo,aper_stars,aper_fact,aper_center,aper_ellip,aper_pa,dr,View,area_segmap_pix,area_psf_pix,ratio_segmap_psf,flag_area,flag_area_th,SN_gal,bck,ratio_SN_gal,flag_SN,flag_SN_th,perc_SN_flag,perc_20_SN_gal,perc_50_SN_gal,perc_80_SN_gal,flag_image,flag_bck,flag_object,flag_statmorph,index
806r,163.61764386482764,12.667977366398647,5000.0,0.0859,nan,4.342276448261105,9.382631459510675,17.285835518795405,111.44465782928145,110.94649686084665,22.897032703664777,28.42056293176288,9.471481192914506,14.335891264247943,0.45084937067359476,-1.7776885768521777,-0.4963574314071466,-0.12775783521559392,0.29751020669937134,2.999864535645532,0.23450048378651317,0.06563161318840802,0.016129032258064516,0.0,0.09808835547089607,0.27374885746594735,0.2725701445026861,0.18592938710072654,12.708919261609909,0.4975671815965449,319.216692555684,319.0141254058088,0.6435845822004197,1.6371268687139586,0.0,0.0,0.27,0.34629548650952463,1.2295818,30.0,22.5,0.2,1.5,2.5,5.0,1.0,5.0,5.0,5.0,masking_sources,2.0,5.0,11.0,1.0,3.0,10.0,-0.5,0.5,0.2,5.0,0.5,10.0,0.0,0.0,10.0,Edge-on,1075.0,16.3,66.0,0.0,3.0,0.06686,0.006039999891072512,11.1,0.0,3.0,50.0,4.6,11.1,23.5,0.0,0.0,0.0,0.0,806
