GAL,ra,dec,radvel,z,mag,r20,r50,r80,flux_c,flux_e,rpetro_c,rpetro_e,rhalf_c,rhalf_e,Gini,M20,F(G_M20),S(G_M20),SN_per_pixel,C,A,S,M,I,D,Ao,As,Ser_A,Ser_R,Ser_n,Ser_xc,Ser_yc,Ser_ellip,Ser_theta,flag_morph,flag_sersic,ima_sc_pix2arc,ima_sc_arc2kpc,psf_arcsec,size_image_phy_kpc,zp_ima,eta,petro_extent_cas,snr,area_min,debleding,area_min_deblend,skybox_x,skybox_y,sky_method,nsigma,npixels,dilate_size,mask_stars,fwhm,threshold,roundlo,roundhi,sharplo,aper_stars,aper_fact,aper_center,aper_ellip,aper_pa,dr,View,area_segmap_pix,area_psf_pix,ratio_segmap_psf,flag_area,flag_area_th,SN_gal,bck,ratio_SN_gal,flag_SN,flag_SN_th,perc_SN_flag,perc_20_SN_gal,perc_50_SN_gal,perc_80_SN_gal,flag_image,flag_bck,flag_object,flag_statmorph,index
176r,183.24589183538225,-2.866131811773849,5000.0,0.0339,nan,9.024837447007787,18.980981715142658,31.74846102592163,124.2803034161829,126.39040366309057,40.52374754117081,52.0449022839562,18.928482456913297,25.739059677493984,0.43342453371635464,-1.7685989344259831,-0.5889094965468384,-0.1437449635060206,0.15127626061439514,2.731416449541379,0.13958724366516692,0.0388968528868809,0.015454545454545455,0.052428618501872096,0.04977137566361067,0.1993978841935521,0.1809103634080912,0.044575516088780666,22.24600208502498,0.4298496965716083,320.28738163080317,320.55666967947917,0.46926579388920125,0.858547133421641,1.0,0.0,0.27,0.34629548650952463,1.526704,30.0,22.5,0.2,1.5,2.5,5.0,1.0,5.0,5.0,5.0,masking_sources,2.0,5.0,11.0,1.0,3.0,10.0,-0.5,0.5,0.2,5.0,0.5,10.0,0.0,0.0,10.0,Face-on,3390.0,25.1,135.0,0.0,3.0,0.02514,0.003710000077262521,6.8,0.0,3.0,50.0,4.2,6.8,11.5,0.0,0.0,0.0,0.0,176
