GAL,ra,dec,radvel,z,mag,r20,r50,r80,flux_c,flux_e,rpetro_c,rpetro_e,rhalf_c,rhalf_e,Gini,M20,F(G_M20),S(G_M20),SN_per_pixel,C,A,S,M,I,D,Ao,As,Ser_A,Ser_R,Ser_n,Ser_xc,Ser_yc,Ser_ellip,Ser_theta,flag_morph,flag_sersic,ima_sc_pix2arc,ima_sc_arc2kpc,psf_arcsec,size_image_phy_kpc,zp_ima,eta,petro_extent_cas,snr,area_min,debleding,area_min_deblend,skybox_x,skybox_y,sky_method,nsigma,npixels,dilate_size,mask_stars,fwhm,threshold,roundlo,roundhi,sharplo,aper_stars,aper_fact,aper_center,aper_ellip,aper_pa,dr,View,area_segmap_pix,area_psf_pix,ratio_segmap_psf,flag_area,flag_area_th,SN_gal,bck,ratio_SN_gal,flag_SN,flag_SN_th,perc_SN_flag,perc_20_SN_gal,perc_50_SN_gal,perc_80_SN_gal,flag_image,flag_bck,flag_object,flag_statmorph,index
1017r,13.233232958902814,0.9877517692868689,5000.0,0.1644,nan,2.1932648226148026,4.605709387034679,9.385788872622841,81.40388925637848,81.2599025242036,11.329066717916355,12.09041472193445,5.88365381975765,6.364280256198057,0.5541750686001892,-1.8478734449613956,0.06374288692918384,-0.035221090935446786,0.3527863025665283,3.1568985384959882,0.02504512666002406,0.05873181551368133,0.0,0.0,0.014523242638944823,0.1671751094136252,0.3394620553371561,0.1838218411704353,5.858600064853693,2.300929147553396,319.99786827935054,319.99851049177573,0.308551951255629,2.952854796717053,0.0,0.0,0.27,0.34629548650952463,1.2808108,30.0,22.5,0.2,1.5,2.5,5.0,1.0,5.0,5.0,5.0,masking_sources,2.0,5.0,11.0,1.0,3.0,10.0,-0.5,0.5,0.2,5.0,0.5,10.0,0.0,0.0,10.0,Face-on,1641.0,17.7,92.8,0.0,3.0,0.01666,0.002749999985098839,6.1,0.0,3.0,50.0,3.7,6.1,15.2,0.0,0.0,0.0,0.0,1017
