GAL,ra,dec,radvel,z,mag,r20,r50,r80,flux_c,flux_e,rpetro_c,rpetro_e,rhalf_c,rhalf_e,Gini,M20,F(G_M20),S(G_M20),SN_per_pixel,C,A,S,M,I,D,Ao,As,Ser_A,Ser_R,Ser_n,Ser_xc,Ser_yc,Ser_ellip,Ser_theta,flag_morph,flag_sersic,ima_sc_pix2arc,ima_sc_arc2kpc,psf_arcsec,size_image_phy_kpc,zp_ima,eta,petro_extent_cas,snr,area_min,debleding,area_min_deblend,skybox_x,skybox_y,sky_method,nsigma,npixels,dilate_size,mask_stars,fwhm,threshold,roundlo,roundhi,sharplo,aper_stars,aper_fact,aper_center,aper_ellip,aper_pa,dr,View,area_segmap_pix,area_psf_pix,ratio_segmap_psf,flag_area,flag_area_th,SN_gal,bck,ratio_SN_gal,flag_SN,flag_SN_th,perc_SN_flag,perc_20_SN_gal,perc_50_SN_gal,perc_80_SN_gal,flag_image,flag_bck,flag_object,flag_statmorph,index
796r,163.32380957365766,7.194581567181572,5000.0,0.0462,nan,6.0840804437568545,12.526206871066902,21.741313596230214,350.01708047748525,351.6887847916997,27.24376990328397,39.642265043123516,13.036722610199837,18.689358938632648,0.48976545726994,-1.81228057350937,-0.2797505490718035,-0.0940391970205619,0.3570311367511749,2.7654541633670213,0.02294050727947466,0.009889154353995542,0.0021893814997263274,0.0,0.011881370506705168,0.00477381695394717,0.1578167853135915,0.2826936289538482,17.62013610600186,0.6798193797778707,320.0664505508238,320.1685757548342,0.6277892184066557,0.6756846653882692,0.0,0.0,0.27,0.34629548650952463,1.6887102,30.0,22.5,0.2,1.5,2.5,5.0,1.0,5.0,5.0,5.0,masking_sources,2.0,5.0,11.0,1.0,3.0,10.0,-0.5,0.5,0.2,5.0,0.5,10.0,0.0,0.0,10.0,Edge-on,3242.0,30.7,105.5,0.0,3.0,0.04561,0.0036899999249726534,12.4,0.0,3.0,50.0,4.8,12.4,44.3,0.0,0.0,0.0,0.0,796
