GAL,ra,dec,radvel,z,mag,r20,r50,r80,flux_c,flux_e,rpetro_c,rpetro_e,rhalf_c,rhalf_e,Gini,M20,F(G_M20),S(G_M20),SN_per_pixel,C,A,S,M,I,D,Ao,As,Ser_A,Ser_R,Ser_n,Ser_xc,Ser_yc,Ser_ellip,Ser_theta,flag_morph,flag_sersic,ima_sc_pix2arc,ima_sc_arc2kpc,psf_arcsec,size_image_phy_kpc,zp_ima,eta,petro_extent_cas,snr,area_min,debleding,area_min_deblend,skybox_x,skybox_y,sky_method,nsigma,npixels,dilate_size,mask_stars,fwhm,threshold,roundlo,roundhi,sharplo,aper_stars,aper_fact,aper_center,aper_ellip,aper_pa,dr,View,area_segmap_pix,area_psf_pix,ratio_segmap_psf,flag_area,flag_area_th,SN_gal,bck,ratio_SN_gal,flag_SN,flag_SN_th,perc_SN_flag,perc_20_SN_gal,perc_50_SN_gal,perc_80_SN_gal,flag_image,flag_bck,flag_object,flag_statmorph,index
61r,116.240979093757,29.557429365853203,5000.0,0.0153,nan,9.4140561710268,21.075358549100027,39.31553069050107,197.63209135710073,194.54054621610288,50.03801774364766,60.95675021813601,20.74011815810257,25.369382624789612,0.5315734736564061,-1.7659190379531864,-0.10492941209923146,-0.04620500735565097,0.1375519335269928,3.1039367848097394,0.17964397309041985,0.06295956972084782,0.038739889314601955,0.04722198331553659,0.06830935438630896,0.1664477703565272,0.32915101497162935,0.05718804747927097,19.814750231367732,0.8307261969894584,318.68222035309634,323.827945353928,0.3987314516656644,1.9914177353440563,1.0,0.0,0.27,0.34629548650952463,1.6075367,30.0,22.5,0.2,1.5,2.5,5.0,1.0,5.0,5.0,5.0,masking_sources,2.0,5.0,11.0,1.0,3.0,10.0,-0.5,0.5,0.2,5.0,0.5,10.0,0.0,0.0,10.0,Face-on,4519.0,27.8,162.3,0.0,3.0,0.02091,0.00394000019878149,5.3,0.0,3.0,50.0,3.7,5.3,11.0,0.0,0.0,0.0,0.0,61
