GAL,ra,dec,radvel,z,mag,r20,r50,r80,flux_c,flux_e,rpetro_c,rpetro_e,rhalf_c,rhalf_e,Gini,M20,F(G_M20),S(G_M20),SN_per_pixel,C,A,S,M,I,D,Ao,As,Ser_A,Ser_R,Ser_n,Ser_xc,Ser_yc,Ser_ellip,Ser_theta,flag_morph,flag_sersic,ima_sc_pix2arc,ima_sc_arc2kpc,psf_arcsec,size_image_phy_kpc,zp_ima,eta,petro_extent_cas,snr,area_min,debleding,area_min_deblend,skybox_x,skybox_y,sky_method,nsigma,npixels,dilate_size,mask_stars,fwhm,threshold,roundlo,roundhi,sharplo,aper_stars,aper_fact,aper_center,aper_ellip,aper_pa,dr,View,area_segmap_pix,area_psf_pix,ratio_segmap_psf,flag_area,flag_area_th,SN_gal,bck,ratio_SN_gal,flag_SN,flag_SN_th,perc_SN_flag,perc_20_SN_gal,perc_50_SN_gal,perc_80_SN_gal,flag_image,flag_bck,flag_object,flag_statmorph,index
1r,146.0379404590366,5.936906460837164,5000.0,0.0101,nan,11.859123705511173,23.195470871055747,37.164087480169414,117.25956352855728,116.84642237921567,49.76049733996893,52.46581444352127,23.0562117613397,24.530194227903728,0.45161044160297614,-1.6885807068963243,-0.5543418841861154,-0.11461838107164277,0.11499566584825516,2.4803543718271777,-0.09075649475442284,-0.0147477013279749,0.029197080291970802,0.12458663221409959,0.007445133517401869,-0.07096027998402471,0.2017307757490028,0.02639526365704391,20.655474072429342,0.5485136250903578,319.4622990778779,320.3003311818268,0.1915545448065769,1.0131101772813838,1.0,0.0,0.27,0.34629548650952463,1.1554528,30.0,22.5,0.2,1.5,2.5,5.0,1.0,5.0,5.0,5.0,masking_sources,2.0,5.0,11.0,1.0,3.0,10.0,-0.5,0.5,0.2,5.0,0.5,10.0,0.0,0.0,10.0,Face-on,2752.0,14.4,191.3,0.0,3.0,0.02329,0.0050200000405311584,4.6,0.0,3.0,50.0,3.4,4.6,7.3,0.0,0.0,0.0,0.0,1
