GAL,ra,dec,radvel,z,mag,r20,r50,r80,flux_c,flux_e,rpetro_c,rpetro_e,rhalf_c,rhalf_e,Gini,M20,F(G_M20),S(G_M20),SN_per_pixel,C,A,S,M,I,D,Ao,As,Ser_A,Ser_R,Ser_n,Ser_xc,Ser_yc,Ser_ellip,Ser_theta,flag_morph,flag_sersic,ima_sc_pix2arc,ima_sc_arc2kpc,psf_arcsec,size_image_phy_kpc,zp_ima,eta,petro_extent_cas,snr,area_min,debleding,area_min_deblend,skybox_x,skybox_y,sky_method,nsigma,npixels,dilate_size,mask_stars,fwhm,threshold,roundlo,roundhi,sharplo,aper_stars,aper_fact,aper_center,aper_ellip,aper_pa,dr,View,area_segmap_pix,area_psf_pix,ratio_segmap_psf,flag_area,flag_area_th,SN_gal,bck,ratio_SN_gal,flag_SN,flag_SN_th,perc_SN_flag,perc_20_SN_gal,perc_50_SN_gal,perc_80_SN_gal,flag_image,flag_bck,flag_object,flag_statmorph,index
979r,168.3957379766963,2.2572954369685005,5000.0,0.0836,nan,3.839322193516929,9.193465120672071,19.79335899928481,256.038012297039,255.1800476362069,24.942269307483645,28.246798472693143,10.348209976323934,12.90394660554403,0.5631151366429613,-2.0218958025937863,0.22859371758015268,-0.0505595312840047,0.32638922333717346,3.561324711601232,0.0788287403847009,0.008833168288607427,0.066815144766147,0.018208051853822824,0.07323242335783556,0.2530992095513683,0.5677598431648553,0.28721581579265887,9.542633339076579,1.568885263637205,319.9652976647228,319.9287729132861,0.41445375121870803,0.6222294381485461,0.0,0.0,0.27,0.34629548650952463,1.5866443,30.0,22.5,0.2,1.5,2.5,5.0,1.0,5.0,5.0,5.0,masking_sources,2.0,5.0,11.0,1.0,3.0,10.0,-0.5,0.5,0.2,5.0,0.5,10.0,0.0,0.0,10.0,Face-on,3287.0,27.1,121.2,0.0,3.0,0.03076,0.004430000204592943,6.9,0.0,3.0,50.0,4.3,6.9,15.7,0.0,0.0,0.0,0.0,979
