GAL,ra,dec,radvel,z,mag,r20,r50,r80,flux_c,flux_e,rpetro_c,rpetro_e,rhalf_c,rhalf_e,Gini,M20,F(G_M20),S(G_M20),SN_per_pixel,C,A,S,M,I,D,Ao,As,Ser_A,Ser_R,Ser_n,Ser_xc,Ser_yc,Ser_ellip,Ser_theta,flag_morph,flag_sersic,ima_sc_pix2arc,ima_sc_arc2kpc,psf_arcsec,size_image_phy_kpc,zp_ima,eta,petro_extent_cas,snr,area_min,debleding,area_min_deblend,skybox_x,skybox_y,sky_method,nsigma,npixels,dilate_size,mask_stars,fwhm,threshold,roundlo,roundhi,sharplo,aper_stars,aper_fact,aper_center,aper_ellip,aper_pa,dr,View,area_segmap_pix,area_psf_pix,ratio_segmap_psf,flag_area,flag_area_th,SN_gal,bck,ratio_SN_gal,flag_SN,flag_SN_th,perc_SN_flag,perc_20_SN_gal,perc_50_SN_gal,perc_80_SN_gal,flag_image,flag_bck,flag_object,flag_statmorph,index
828r,226.42968327494117,2.597466472813941,5000.0,0.1016,nan,4.782112218247194,10.365732998408733,19.192798920771434,101.01900078705478,100.86532179395456,24.575828082622817,33.755985221866084,10.581922996073818,16.07045261567069,0.4932426631591886,-1.8717312026051107,-0.22133909395667484,-0.09886040063451373,0.23293867707252502,3.0175927507264957,-0.023120043674545836,0.044771407217833084,0.004595588235294118,0.0,0.03319605036892624,-0.06936709937383473,0.2690057976802181,0.13585971162100338,14.063561394573602,0.6231477656118153,320.33145988386553,319.74666418911283,0.6636233918595277,2.0904620119981456,0.0,0.0,0.27,0.34629548650952463,1.4763572,30.0,22.5,0.2,1.5,2.5,5.0,1.0,5.0,5.0,5.0,masking_sources,2.0,5.0,11.0,1.0,3.0,10.0,-0.5,0.5,0.2,5.0,0.5,10.0,0.0,0.0,10.0,Edge-on,1362.0,23.5,58.0,0.0,3.0,0.04334,0.004860000219196081,8.9,0.0,3.0,50.0,4.3,8.9,20.6,0.0,0.0,0.0,0.0,828
