GAL,ra,dec,radvel,z,mag,r20,r50,r80,flux_c,flux_e,rpetro_c,rpetro_e,rhalf_c,rhalf_e,Gini,M20,F(G_M20),S(G_M20),SN_per_pixel,C,A,S,M,I,D,Ao,As,Ser_A,Ser_R,Ser_n,Ser_xc,Ser_yc,Ser_ellip,Ser_theta,flag_morph,flag_sersic,ima_sc_pix2arc,ima_sc_arc2kpc,psf_arcsec,size_image_phy_kpc,zp_ima,eta,petro_extent_cas,snr,area_min,debleding,area_min_deblend,skybox_x,skybox_y,sky_method,nsigma,npixels,dilate_size,mask_stars,fwhm,threshold,roundlo,roundhi,sharplo,aper_stars,aper_fact,aper_center,aper_ellip,aper_pa,dr,View,area_segmap_pix,area_psf_pix,ratio_segmap_psf,flag_area,flag_area_th,SN_gal,bck,ratio_SN_gal,flag_SN,flag_SN_th,perc_SN_flag,perc_20_SN_gal,perc_50_SN_gal,perc_80_SN_gal,flag_image,flag_bck,flag_object,flag_statmorph,index
880r,175.64407923943403,5.161806115872947,5000.0,0.102,nan,4.50884650269272,8.767390052735301,14.220148689367829,156.4166591221956,156.46071404975123,17.927264895934922,20.293015713321836,8.928850514213638,10.1857129538341,0.4405285932976705,-1.6616968827527212,-0.6278275234288948,-0.12185255933793449,0.34571707248687744,2.494193434454675,0.12631331708439852,0.04207714379702199,0.007281553398058253,0.0,0.019152750640591156,0.2360824606021861,0.31721988298833975,0.24061402482271343,8.414015480028917,0.5312304733674218,320.6211980776926,320.10382499547313,0.13648835118125707,0.18484585452896385,0.0,0.0,0.27,0.34629548650952463,1.1719378,30.0,22.5,0.2,1.5,2.5,5.0,1.0,5.0,5.0,5.0,masking_sources,2.0,5.0,11.0,1.0,3.0,10.0,-0.5,0.5,0.2,5.0,0.5,10.0,0.0,0.0,10.0,Face-on,1346.0,14.8,91.0,0.0,3.0,0.06496,0.006169999949634075,10.5,0.0,3.0,50.0,4.3,10.5,28.8,0.0,0.0,0.0,0.0,880
