GAL,ra,dec,radvel,z,mag,r20,r50,r80,flux_c,flux_e,rpetro_c,rpetro_e,rhalf_c,rhalf_e,Gini,M20,F(G_M20),S(G_M20),SN_per_pixel,C,A,S,M,I,D,Ao,As,Ser_A,Ser_R,Ser_n,Ser_xc,Ser_yc,Ser_ellip,Ser_theta,flag_morph,flag_sersic,ima_sc_pix2arc,ima_sc_arc2kpc,psf_arcsec,size_image_phy_kpc,zp_ima,eta,petro_extent_cas,snr,area_min,debleding,area_min_deblend,skybox_x,skybox_y,sky_method,nsigma,npixels,dilate_size,mask_stars,fwhm,threshold,roundlo,roundhi,sharplo,aper_stars,aper_fact,aper_center,aper_ellip,aper_pa,dr,View,area_segmap_pix,area_psf_pix,ratio_segmap_psf,flag_area,flag_area_th,SN_gal,bck,ratio_SN_gal,flag_SN,flag_SN_th,perc_SN_flag,perc_20_SN_gal,perc_50_SN_gal,perc_80_SN_gal,flag_image,flag_bck,flag_object,flag_statmorph,index
113r,119.53249558104962,27.63542326563694,5000.0,0.0224,nan,6.500874370205043,13.398280608564813,24.20679726109975,170.72318764812795,170.00756324579197,30.062394083613217,46.50459306413056,13.68732960858867,21.052603667683684,0.5240290177756772,-1.6659198785869378,-0.21157388614965011,-0.03977413552566389,0.23536549508571625,2.854827797534539,0.0729261527740892,0.020041422162339003,0.02006335797254488,0.03507469313614122,0.12099005682903874,0.07997209345134627,0.17063236615019586,0.1503133642007757,19.321088447289277,0.6172639311679972,323.2642963520325,321.3436921437952,0.7151163765180351,0.3945393822515495,0.0,0.0,0.27,0.34629548650952463,1.6621923,30.0,22.5,0.2,1.5,2.5,5.0,1.0,5.0,5.0,5.0,masking_sources,2.0,5.0,11.0,1.0,3.0,10.0,-0.5,0.5,0.2,5.0,0.5,10.0,0.0,0.0,10.0,Edge-on,2491.0,29.8,83.7,0.0,3.0,0.03512,0.0035000001080334187,10.0,0.0,3.0,50.0,4.4,10.0,29.0,0.0,0.0,0.0,0.0,113
