GAL,ra,dec,radvel,z,mag,r20,r50,r80,flux_c,flux_e,rpetro_c,rpetro_e,rhalf_c,rhalf_e,Gini,M20,F(G_M20),S(G_M20),SN_per_pixel,C,A,S,M,I,D,Ao,As,Ser_A,Ser_R,Ser_n,Ser_xc,Ser_yc,Ser_ellip,Ser_theta,flag_morph,flag_sersic,ima_sc_pix2arc,ima_sc_arc2kpc,psf_arcsec,size_image_phy_kpc,zp_ima,eta,petro_extent_cas,snr,area_min,debleding,area_min_deblend,skybox_x,skybox_y,sky_method,nsigma,npixels,dilate_size,mask_stars,fwhm,threshold,roundlo,roundhi,sharplo,aper_stars,aper_fact,aper_center,aper_ellip,aper_pa,dr,View,area_segmap_pix,area_psf_pix,ratio_segmap_psf,flag_area,flag_area_th,SN_gal,bck,ratio_SN_gal,flag_SN,flag_SN_th,perc_SN_flag,perc_20_SN_gal,perc_50_SN_gal,perc_80_SN_gal,flag_image,flag_bck,flag_object,flag_statmorph,index
499r,119.300719675711,20.392162772740505,5000.0,0.0436,nan,3.3268111051778715,6.864198744824903,13.07095795536276,95.41108534099303,96.0593037547489,16.29018022660647,23.288832485101832,7.2349844854043734,10.289793390821234,0.5243947781640402,-1.8623980458562788,-0.07360400230959963,-0.06672249799162294,0.2934383749961853,2.9713963758034234,0.0005712306666750543,0.03560693697438889,0.0052173913043478265,0.0,0.018486955520212144,-0.010096763420089873,0.20665529248060022,0.22737859866044735,8.777240083716519,1.0826224761998626,319.74290033523295,320.17748988941486,0.5869880923653138,1.8630091816272338,0.0,0.0,0.27,0.34629548650952463,1.4015236,30.0,22.5,0.2,1.5,2.5,5.0,1.0,5.0,5.0,5.0,masking_sources,2.0,5.0,11.0,1.0,3.0,10.0,-0.5,0.5,0.2,5.0,0.5,10.0,0.0,0.0,10.0,Edge-on,1113.0,21.2,52.6,0.0,3.0,0.03638,0.004840000066906214,7.5,0.0,3.0,50.0,3.7,7.5,21.8,0.0,0.0,0.0,0.0,499
