GAL,ra,dec,radvel,z,mag,r20,r50,r80,flux_c,flux_e,rpetro_c,rpetro_e,rhalf_c,rhalf_e,Gini,M20,F(G_M20),S(G_M20),SN_per_pixel,C,A,S,M,I,D,Ao,As,Ser_A,Ser_R,Ser_n,Ser_xc,Ser_yc,Ser_ellip,Ser_theta,flag_morph,flag_sersic,ima_sc_pix2arc,ima_sc_arc2kpc,psf_arcsec,size_image_phy_kpc,zp_ima,eta,petro_extent_cas,snr,area_min,debleding,area_min_deblend,skybox_x,skybox_y,sky_method,nsigma,npixels,dilate_size,mask_stars,fwhm,threshold,roundlo,roundhi,sharplo,aper_stars,aper_fact,aper_center,aper_ellip,aper_pa,dr,View,area_segmap_pix,area_psf_pix,ratio_segmap_psf,flag_area,flag_area_th,SN_gal,bck,ratio_SN_gal,flag_SN,flag_SN_th,perc_SN_flag,perc_20_SN_gal,perc_50_SN_gal,perc_80_SN_gal,flag_image,flag_bck,flag_object,flag_statmorph,index
601r,0.08564921953792441,-10.346916818067893,5000.0,0.0639,nan,4.183632273021943,7.723275514933471,12.880140482059073,103.66767333772756,103.8535926472425,16.245708425685645,19.69064540638068,7.868057808571958,9.530495297514934,0.45710551734391053,-1.6768073813128588,-0.535300173897832,-0.10754176383201597,0.3104846179485321,2.44183547654175,0.018310812968622994,0.04435760241324279,0.001321003963011889,0.0,0.038123190109961284,0.01868568679290023,0.15061770125278853,0.20499839119819088,8.796188219303666,0.6577714085883573,319.44478416684143,319.77023905795176,0.3782429472644703,2.5074597411007185,0.0,0.0,0.27,0.34629548650952463,1.4629756,30.0,22.5,0.2,1.5,2.5,5.0,1.0,5.0,5.0,5.0,masking_sources,2.0,5.0,11.0,1.0,3.0,10.0,-0.5,0.5,0.2,5.0,0.5,10.0,0.0,0.0,10.0,Face-on,1337.0,23.1,58.0,0.0,3.0,0.03252,0.0030900000128895044,10.5,0.0,3.0,50.0,4.2,10.5,38.4,0.0,0.0,0.0,0.0,601
