GAL,ra,dec,radvel,z,mag,r20,r50,r80,flux_c,flux_e,rpetro_c,rpetro_e,rhalf_c,rhalf_e,Gini,M20,F(G_M20),S(G_M20),SN_per_pixel,C,A,S,M,I,D,Ao,As,Ser_A,Ser_R,Ser_n,Ser_xc,Ser_yc,Ser_ellip,Ser_theta,flag_morph,flag_sersic,ima_sc_pix2arc,ima_sc_arc2kpc,psf_arcsec,size_image_phy_kpc,zp_ima,eta,petro_extent_cas,snr,area_min,debleding,area_min_deblend,skybox_x,skybox_y,sky_method,nsigma,npixels,dilate_size,mask_stars,fwhm,threshold,roundlo,roundhi,sharplo,aper_stars,aper_fact,aper_center,aper_ellip,aper_pa,dr,View,area_segmap_pix,area_psf_pix,ratio_segmap_psf,flag_area,flag_area_th,SN_gal,bck,ratio_SN_gal,flag_SN,flag_SN_th,perc_SN_flag,perc_20_SN_gal,perc_50_SN_gal,perc_80_SN_gal,flag_image,flag_bck,flag_object,flag_statmorph,index
490r,341.365855843252,-8.20673563164941,5000.0,0.0649,nan,8.45605589213817,17.26072772956971,28.228661711404982,143.93402499953896,138.5000301050776,34.511725413935814,43.70903160261307,18.5819909628141,24.42144769302226,0.4345646779017204,-1.4266685448028387,-0.820223542838117,-0.09508789660489145,0.17414535582065582,2.617612221786371,0.15745440691507948,0.02178223128353587,0.017996870109546165,0.17787061971421425,0.07355174304521414,0.2163184345410238,0.47260584727384225,0.06152578175902107,20.170743808870487,0.35892924277063437,318.4309771963444,321.2228177755076,0.4616345730831245,2.854104121890238,0.0,0.0,0.27,0.34629548650952463,1.4775398,30.0,22.5,0.2,1.5,2.5,5.0,1.0,5.0,5.0,5.0,masking_sources,2.0,5.0,11.0,1.0,3.0,10.0,-0.5,0.5,0.2,5.0,0.5,10.0,0.0,0.0,10.0,Face-on,2832.0,23.5,120.4,0.0,3.0,0.03235,0.004279999993741512,7.6,0.0,3.0,50.0,4.2,7.6,14.3,0.0,0.0,0.0,0.0,490
