GAL,ra,dec,radvel,z,mag,r20,r50,r80,flux_c,flux_e,rpetro_c,rpetro_e,rhalf_c,rhalf_e,Gini,M20,F(G_M20),S(G_M20),SN_per_pixel,C,A,S,M,I,D,Ao,As,Ser_A,Ser_R,Ser_n,Ser_xc,Ser_yc,Ser_ellip,Ser_theta,flag_morph,flag_sersic,ima_sc_pix2arc,ima_sc_arc2kpc,psf_arcsec,size_image_phy_kpc,zp_ima,eta,petro_extent_cas,snr,area_min,debleding,area_min_deblend,skybox_x,skybox_y,sky_method,nsigma,npixels,dilate_size,mask_stars,fwhm,threshold,roundlo,roundhi,sharplo,aper_stars,aper_fact,aper_center,aper_ellip,aper_pa,dr,View,area_segmap_pix,area_psf_pix,ratio_segmap_psf,flag_area,flag_area_th,SN_gal,bck,ratio_SN_gal,flag_SN,flag_SN_th,perc_SN_flag,perc_20_SN_gal,perc_50_SN_gal,perc_80_SN_gal,flag_image,flag_bck,flag_object,flag_statmorph,index
1184r,154.06023184702602,12.620647298757586,5000.0,0.0234,nan,4.469862016742505,9.905903494401798,20.366684803122144,103.1672825981212,108.36199153202082,22.550600514445833,43.144298827962906,11.388738993546871,13.76632851284992,0.6249665819450076,-2.1127977506994657,0.5977534218625173,-0.0019619712216681906,0.13537441194057465,3.293131127290389,-0.9804967426040097,-0.06133044055792386,0.0881542699724518,0.02769061768515842,0.05071290410026046,-1.4796199106380068,0.3947886644721888,0.08722318291316644,10.12491314665884,1.4820609382928978,320.13640453442235,319.995780509244,0.3438404580028511,0.2707042923242323,2.0,0.0,0.27,0.34629548650952463,1.1978385,30.0,22.5,0.2,1.5,2.5,5.0,1.0,5.0,5.0,5.0,masking_sources,2.0,5.0,11.0,1.0,3.0,10.0,-0.5,0.5,0.2,5.0,0.5,10.0,0.0,0.0,10.0,Face-on,1447.0,15.5,93.6,0.0,3.0,0.02963,0.005350000225007534,5.5,0.0,3.0,50.0,3.5,5.5,13.5,0.0,0.0,0.0,0.0,1184
