GAL,ra,dec,radvel,z,mag,r20,r50,r80,flux_c,flux_e,rpetro_c,rpetro_e,rhalf_c,rhalf_e,Gini,M20,F(G_M20),S(G_M20),SN_per_pixel,C,A,S,M,I,D,Ao,As,Ser_A,Ser_R,Ser_n,Ser_xc,Ser_yc,Ser_ellip,Ser_theta,flag_morph,flag_sersic,ima_sc_pix2arc,ima_sc_arc2kpc,psf_arcsec,size_image_phy_kpc,zp_ima,eta,petro_extent_cas,snr,area_min,debleding,area_min_deblend,skybox_x,skybox_y,sky_method,nsigma,npixels,dilate_size,mask_stars,fwhm,threshold,roundlo,roundhi,sharplo,aper_stars,aper_fact,aper_center,aper_ellip,aper_pa,dr,View,area_segmap_pix,area_psf_pix,ratio_segmap_psf,flag_area,flag_area_th,SN_gal,bck,ratio_SN_gal,flag_SN,flag_SN_th,perc_SN_flag,perc_20_SN_gal,perc_50_SN_gal,perc_80_SN_gal,flag_image,flag_bck,flag_object,flag_statmorph,index
88r,202.1743704052038,-2.165881356622062,5000.0,0.0216,nan,2.826247360070664,5.573037615829952,9.699968455675641,116.96712690891768,116.92078318511945,12.281289817449137,12.615366969333472,5.869525752993779,6.05284588161384,0.48597313330862213,-1.7216016493707218,-0.3613630471084104,-0.08518922728699443,0.42295217514038086,2.6778007612602552,0.10395635215586986,0.00168137971616673,0.0,0.0,0.06162256071958018,0.15944255608347335,0.16499536199109785,0.34503428222635735,5.45324255075938,1.3172897592510457,320.22219843033497,319.47935170453843,0.15362115809832652,2.520560795145591,0.0,0.0,0.27,0.34629548650952463,1.278975,30.0,22.5,0.2,1.5,2.5,5.0,1.0,5.0,5.0,5.0,masking_sources,2.0,5.0,11.0,1.0,3.0,10.0,-0.5,0.5,0.2,5.0,0.5,10.0,0.0,0.0,10.0,Face-on,1843.0,17.6,104.6,0.0,3.0,0.01071,0.0010300000431016088,10.4,0.0,3.0,50.0,4.5,10.4,64.1,0.0,0.0,0.0,0.0,88
