GAL,ra,dec,radvel,z,mag,r20,r50,r80,flux_c,flux_e,rpetro_c,rpetro_e,rhalf_c,rhalf_e,Gini,M20,F(G_M20),S(G_M20),SN_per_pixel,C,A,S,M,I,D,Ao,As,Ser_A,Ser_R,Ser_n,Ser_xc,Ser_yc,Ser_ellip,Ser_theta,flag_morph,flag_sersic,ima_sc_pix2arc,ima_sc_arc2kpc,psf_arcsec,size_image_phy_kpc,zp_ima,eta,petro_extent_cas,snr,area_min,debleding,area_min_deblend,skybox_x,skybox_y,sky_method,nsigma,npixels,dilate_size,mask_stars,fwhm,threshold,roundlo,roundhi,sharplo,aper_stars,aper_fact,aper_center,aper_ellip,aper_pa,dr,View,area_segmap_pix,area_psf_pix,ratio_segmap_psf,flag_area,flag_area_th,SN_gal,bck,ratio_SN_gal,flag_SN,flag_SN_th,perc_SN_flag,perc_20_SN_gal,perc_50_SN_gal,perc_80_SN_gal,flag_image,flag_bck,flag_object,flag_statmorph,index
587r,149.2034912225685,11.994157873901077,5000.0,0.0739,nan,3.1774022338882166,6.75165025348101,12.461004548663587,78.8692460344109,80.08939155633273,15.394514548551772,23.788136239824137,7.222006030500949,11.09937609454162,0.5230579286786149,-1.8156347982730452,-0.11262833783763604,-0.06154588756812457,0.2952549457550049,2.967404290055588,0.09813850011385793,0.01616191851746918,0.01511879049676026,0.008498323606837728,0.024988746036948856,0.12956207976836465,0.2709455139496231,0.24424819982257287,9.09021184348593,0.7747877845624372,319.8077889386702,319.5770520197855,0.6803634675502165,0.7705111497051715,0.0,0.0,0.27,0.34629548650952463,1.0989248,30.0,22.5,0.2,1.5,2.5,5.0,1.0,5.0,5.0,5.0,masking_sources,2.0,5.0,11.0,1.0,3.0,10.0,-0.5,0.5,0.2,5.0,0.5,10.0,0.0,0.0,10.0,Edge-on,707.0,13.0,54.3,0.0,3.0,0.05391,0.00687999976798892,7.8,0.0,3.0,50.0,3.9,7.8,23.2,0.0,0.0,0.0,0.0,587
