GAL,ra,dec,radvel,z,mag,r20,r50,r80,flux_c,flux_e,rpetro_c,rpetro_e,rhalf_c,rhalf_e,Gini,M20,F(G_M20),S(G_M20),SN_per_pixel,C,A,S,M,I,D,Ao,As,Ser_A,Ser_R,Ser_n,Ser_xc,Ser_yc,Ser_ellip,Ser_theta,flag_morph,flag_sersic,ima_sc_pix2arc,ima_sc_arc2kpc,psf_arcsec,size_image_phy_kpc,zp_ima,eta,petro_extent_cas,snr,area_min,debleding,area_min_deblend,skybox_x,skybox_y,sky_method,nsigma,npixels,dilate_size,mask_stars,fwhm,threshold,roundlo,roundhi,sharplo,aper_stars,aper_fact,aper_center,aper_ellip,aper_pa,dr,View,area_segmap_pix,area_psf_pix,ratio_segmap_psf,flag_area,flag_area_th,SN_gal,bck,ratio_SN_gal,flag_SN,flag_SN_th,perc_SN_flag,perc_20_SN_gal,perc_50_SN_gal,perc_80_SN_gal,flag_image,flag_bck,flag_object,flag_statmorph,index
757r,174.85541342671104,-0.980356521597368,5000.0,0.077,nan,3.531274044319137,7.453164250898242,13.94526829263684,96.32297014855845,96.53042575568008,17.48621040457537,25.324686140001774,7.749377446445051,11.838906429456372,0.5079506166889237,-1.8297712461785702,-0.1776129737880785,-0.07846709269678681,0.30829012393951416,2.9824772589645954,-0.006237533028872189,-0.004611655024702738,0.0035211267605633804,0.0,0.026135925289011312,-0.05531085179535886,0.18686991982805237,0.24203750256831585,10.66741356080989,0.8199506836341108,319.7380555352065,320.22713870070316,0.6990066480447635,1.0753006176572726,0.0,0.0,0.27,0.34629548650952463,1.3018824,30.0,22.5,0.2,1.5,2.5,5.0,1.0,5.0,5.0,5.0,masking_sources,2.0,5.0,11.0,1.0,3.0,10.0,-0.5,0.5,0.2,5.0,0.5,10.0,0.0,0.0,10.0,Edge-on,1012.0,18.3,55.4,0.0,3.0,0.04333,0.004230000078678131,10.2,0.0,3.0,50.0,4.5,10.2,31.5,0.0,0.0,0.0,0.0,757
