GAL,ra,dec,radvel,z,mag,r20,r50,r80,flux_c,flux_e,rpetro_c,rpetro_e,rhalf_c,rhalf_e,Gini,M20,F(G_M20),S(G_M20),SN_per_pixel,C,A,S,M,I,D,Ao,As,Ser_A,Ser_R,Ser_n,Ser_xc,Ser_yc,Ser_ellip,Ser_theta,flag_morph,flag_sersic,ima_sc_pix2arc,ima_sc_arc2kpc,psf_arcsec,size_image_phy_kpc,zp_ima,eta,petro_extent_cas,snr,area_min,debleding,area_min_deblend,skybox_x,skybox_y,sky_method,nsigma,npixels,dilate_size,mask_stars,fwhm,threshold,roundlo,roundhi,sharplo,aper_stars,aper_fact,aper_center,aper_ellip,aper_pa,dr,View,area_segmap_pix,area_psf_pix,ratio_segmap_psf,flag_area,flag_area_th,SN_gal,bck,ratio_SN_gal,flag_SN,flag_SN_th,perc_SN_flag,perc_20_SN_gal,perc_50_SN_gal,perc_80_SN_gal,flag_image,flag_bck,flag_object,flag_statmorph,index
327r,211.38693670514652,1.4102281344830667,5000.0,0.0332,nan,4.266252316967763,9.266588379424757,18.343285682995685,113.09519310777571,123.45174156251741,19.23115414914559,49.36261382196861,12.760744917355968,22.2777002625983,0.6881789267145578,-1.8203890574840544,0.7080153040735109,0.10126305845712869,0.21416042745113373,3.167152963889539,0.07460050646121072,0.1144622564210024,0.2650231124807396,0.24515546191319115,0.15939642769695583,0.5014379613485852,0.511137471523858,0.17815112566863664,20.964097038990403,0.5041372773565833,318.44065716152903,321.737139813466,0.790389281498837,2.3276091851680136,0.0,0.0,0.27,0.34629548650952463,1.1737427,30.0,22.5,0.2,1.5,2.5,5.0,1.0,5.0,5.0,5.0,masking_sources,2.0,5.0,11.0,1.0,3.0,10.0,-0.5,0.5,0.2,5.0,0.5,10.0,0.0,0.0,10.0,Edge-on,2017.0,14.8,135.9,0.0,3.0,0.0247,0.002469999948516488,10.0,0.0,3.0,50.0,5.0,10.0,30.8,0.0,0.0,0.0,0.0,327
