GAL,ra,dec,radvel,z,mag,r20,r50,r80,flux_c,flux_e,rpetro_c,rpetro_e,rhalf_c,rhalf_e,Gini,M20,F(G_M20),S(G_M20),SN_per_pixel,C,A,S,M,I,D,Ao,As,Ser_A,Ser_R,Ser_n,Ser_xc,Ser_yc,Ser_ellip,Ser_theta,flag_morph,flag_sersic,ima_sc_pix2arc,ima_sc_arc2kpc,psf_arcsec,size_image_phy_kpc,zp_ima,eta,petro_extent_cas,snr,area_min,debleding,area_min_deblend,skybox_x,skybox_y,sky_method,nsigma,npixels,dilate_size,mask_stars,fwhm,threshold,roundlo,roundhi,sharplo,aper_stars,aper_fact,aper_center,aper_ellip,aper_pa,dr,View,area_segmap_pix,area_psf_pix,ratio_segmap_psf,flag_area,flag_area_th,SN_gal,bck,ratio_SN_gal,flag_SN,flag_SN_th,perc_SN_flag,perc_20_SN_gal,perc_50_SN_gal,perc_80_SN_gal,flag_image,flag_bck,flag_object,flag_statmorph,index
942r,139.33382279214757,3.756731968331322,5000.0,0.1007,nan,4.539700663065701,9.788561624906817,16.33048115267239,145.52668399571178,145.43319933740378,21.31346447817423,24.23199905328524,9.86487319188308,11.497617571306707,0.4629638884411377,-1.8476007599072635,-0.3879414256006344,-0.12548225607038332,0.30332210659980774,2.7798588164001163,0.021414989307278594,0.003886689316885278,0.0,0.0,0.04535084459671772,0.02949430468044667,0.14656682432372797,0.16023254022664435,10.948214817316986,0.6050538757665213,320.05442749509643,320.2450977509453,0.23747793479788565,0.30440969163492937,0.0,0.0,0.27,0.34629548650952463,1.3582097,30.0,22.5,0.2,1.5,2.5,5.0,1.0,5.0,5.0,5.0,masking_sources,2.0,5.0,11.0,1.0,3.0,10.0,-0.5,0.5,0.2,5.0,0.5,10.0,0.0,0.0,10.0,Face-on,1790.0,19.9,90.1,0.0,3.0,0.04766,0.002300000051036477,20.7,0.0,3.0,50.0,6.6,20.7,53.8,0.0,0.0,0.0,0.0,942
