GAL,ra,dec,radvel,z,mag,r20,r50,r80,flux_c,flux_e,rpetro_c,rpetro_e,rhalf_c,rhalf_e,Gini,M20,F(G_M20),S(G_M20),SN_per_pixel,C,A,S,M,I,D,Ao,As,Ser_A,Ser_R,Ser_n,Ser_xc,Ser_yc,Ser_ellip,Ser_theta,flag_morph,flag_sersic,ima_sc_pix2arc,ima_sc_arc2kpc,psf_arcsec,size_image_phy_kpc,zp_ima,eta,petro_extent_cas,snr,area_min,debleding,area_min_deblend,skybox_x,skybox_y,sky_method,nsigma,npixels,dilate_size,mask_stars,fwhm,threshold,roundlo,roundhi,sharplo,aper_stars,aper_fact,aper_center,aper_ellip,aper_pa,dr,View,area_segmap_pix,area_psf_pix,ratio_segmap_psf,flag_area,flag_area_th,SN_gal,bck,ratio_SN_gal,flag_SN,flag_SN_th,perc_SN_flag,perc_20_SN_gal,perc_50_SN_gal,perc_80_SN_gal,flag_image,flag_bck,flag_object,flag_statmorph,index
1162r,134.94340348298465,0.5829080034502238,5000.0,0.0112,nan,4.614669855709605,10.538640100803136,22.22475810853825,74.7082426885588,72.99333879798289,27.21701879597095,38.53641795222017,11.562920528294224,18.080914600093784,0.5499069274039419,-1.9961499276572061,0.1453711905159567,-0.06005698181444924,0.16403524577617645,3.413482034164163,0.056904358774420065,0.018860313694044402,0.01985981308411215,0.02925142712761397,0.014913920479950476,0.15519940879273264,0.3478691098933634,0.07322088518517098,13.947920654398798,1.0853006469959778,320.0724985590107,319.779918854434,0.6370027266725865,1.5371977029322856,0.0,0.0,0.27,0.34629548650952463,1.3812386,30.0,22.5,0.2,1.5,2.5,5.0,1.0,5.0,5.0,5.0,masking_sources,2.0,5.0,11.0,1.0,3.0,10.0,-0.5,0.5,0.2,5.0,0.5,10.0,0.0,0.0,10.0,Edge-on,2349.0,20.6,114.3,0.0,3.0,0.01371,0.001610000035725534,8.5,0.0,3.0,50.0,4.2,8.5,22.2,0.0,0.0,0.0,0.0,1162
