GAL,ra,dec,radvel,z,mag,r20,r50,r80,flux_c,flux_e,rpetro_c,rpetro_e,rhalf_c,rhalf_e,Gini,M20,F(G_M20),S(G_M20),SN_per_pixel,C,A,S,M,I,D,Ao,As,Ser_A,Ser_R,Ser_n,Ser_xc,Ser_yc,Ser_ellip,Ser_theta,flag_morph,flag_sersic,ima_sc_pix2arc,ima_sc_arc2kpc,psf_arcsec,size_image_phy_kpc,zp_ima,eta,petro_extent_cas,snr,area_min,debleding,area_min_deblend,skybox_x,skybox_y,sky_method,nsigma,npixels,dilate_size,mask_stars,fwhm,threshold,roundlo,roundhi,sharplo,aper_stars,aper_fact,aper_center,aper_ellip,aper_pa,dr,View,area_segmap_pix,area_psf_pix,ratio_segmap_psf,flag_area,flag_area_th,SN_gal,bck,ratio_SN_gal,flag_SN,flag_SN_th,perc_SN_flag,perc_20_SN_gal,perc_50_SN_gal,perc_80_SN_gal,flag_image,flag_bck,flag_object,flag_statmorph,index
1001r,162.39634760554986,11.127882708831477,5000.0,0.1579,nan,3.6541448877969582,6.8851635227685914,11.312378978776154,104.91389769812349,105.13788027273912,13.774970809651625,16.488486337469094,7.073186012769411,8.156690239960842,0.45958228818965163,-1.5491530823656183,-0.6115045873818508,-0.08734581314106588,0.34231945872306824,2.4538409142747986,0.1914349900884374,0.007735979243276188,0.07407407407407407,0.04896435962137309,0.10491191546921916,0.3550820631687929,0.3323613875282043,0.2561824869815811,6.4037968929747136,0.5979306351331698,318.33775036257475,319.5110247753612,0.09062242029071596,2.6906300369436025,0.0,0.0,0.27,0.34629548650952463,1.2326021,30.0,22.5,0.2,1.5,2.5,5.0,1.0,5.0,5.0,5.0,masking_sources,2.0,5.0,11.0,1.0,3.0,10.0,-0.5,0.5,0.2,5.0,0.5,10.0,0.0,0.0,10.0,Face-on,1039.0,16.4,63.5,0.0,3.0,0.04638,0.003920000046491623,11.8,0.0,3.0,50.0,4.8,11.8,39.4,0.0,0.0,0.0,0.0,1001
