GAL,ra,dec,radvel,z,mag,r20,r50,r80,flux_c,flux_e,rpetro_c,rpetro_e,rhalf_c,rhalf_e,Gini,M20,F(G_M20),S(G_M20),SN_per_pixel,C,A,S,M,I,D,Ao,As,Ser_A,Ser_R,Ser_n,Ser_xc,Ser_yc,Ser_ellip,Ser_theta,flag_morph,flag_sersic,ima_sc_pix2arc,ima_sc_arc2kpc,psf_arcsec,size_image_phy_kpc,zp_ima,eta,petro_extent_cas,snr,area_min,debleding,area_min_deblend,skybox_x,skybox_y,sky_method,nsigma,npixels,dilate_size,mask_stars,fwhm,threshold,roundlo,roundhi,sharplo,aper_stars,aper_fact,aper_center,aper_ellip,aper_pa,dr,View,area_segmap_pix,area_psf_pix,ratio_segmap_psf,flag_area,flag_area_th,SN_gal,bck,ratio_SN_gal,flag_SN,flag_SN_th,perc_SN_flag,perc_20_SN_gal,perc_50_SN_gal,perc_80_SN_gal,flag_image,flag_bck,flag_object,flag_statmorph,index
1086r,139.8171117051265,10.165898267290789,5000.0,0.0723,nan,1.611559498448623,3.204831138125533,5.963569553608118,103.57962040912449,103.13615486953151,7.312748434179574,7.745447265670984,3.8085129440532444,4.034961961154456,0.5223535534408807,-1.7437744254828251,-0.16591423360804214,-0.05225462723564078,0.6410409212112427,2.8412997231192536,0.021887655324419015,0.0,0.0,0.0,0.019465051231362236,-0.024211292620099207,0.2615796027405192,0.4579758428335835,3.6235850349357905,2.3601955634694707,319.99551957394874,319.9959101932147,0.18577333406657892,0.5667571153839588,0.0,0.0,0.27,0.34629548650952463,1.1787935,30.0,22.5,0.2,1.5,2.5,5.0,1.0,5.0,5.0,5.0,masking_sources,2.0,5.0,11.0,1.0,3.0,10.0,-0.5,0.5,0.2,5.0,0.5,10.0,0.0,0.0,10.0,Face-on,786.0,15.0,52.5,0.0,3.0,0.03248,0.005609999876469374,5.8,0.0,3.0,50.0,3.5,5.8,18.9,0.0,0.0,0.0,0.0,1086
