GAL,ra,dec,radvel,z,mag,r20,r50,r80,flux_c,flux_e,rpetro_c,rpetro_e,rhalf_c,rhalf_e,Gini,M20,F(G_M20),S(G_M20),SN_per_pixel,C,A,S,M,I,D,Ao,As,Ser_A,Ser_R,Ser_n,Ser_xc,Ser_yc,Ser_ellip,Ser_theta,flag_morph,flag_sersic,ima_sc_pix2arc,ima_sc_arc2kpc,psf_arcsec,size_image_phy_kpc,zp_ima,eta,petro_extent_cas,snr,area_min,debleding,area_min_deblend,skybox_x,skybox_y,sky_method,nsigma,npixels,dilate_size,mask_stars,fwhm,threshold,roundlo,roundhi,sharplo,aper_stars,aper_fact,aper_center,aper_ellip,aper_pa,dr,View,area_segmap_pix,area_psf_pix,ratio_segmap_psf,flag_area,flag_area_th,SN_gal,bck,ratio_SN_gal,flag_SN,flag_SN_th,perc_SN_flag,perc_20_SN_gal,perc_50_SN_gal,perc_80_SN_gal,flag_image,flag_bck,flag_object,flag_statmorph,index
254r,42.20680733228647,-0.06719700143435559,5000.0,0.0282,nan,4.047183724461775,8.02626680669194,13.717018019654445,124.5811920045697,130.32950560089193,17.02944021278218,27.928539353197603,8.90271259572045,12.990606151004815,0.5235864474462278,-1.5557587839465847,-0.29010624786618866,-0.02489988799680981,0.3121064603328705,2.650533946229846,0.11046187141890189,0.04246458355685007,0.00199203187250996,0.0,0.14026175990555745,0.20536798674266585,0.12650475719760598,0.15411375293200033,12.494029069962943,0.9951202503592158,320.467649192056,319.82532754170734,0.5234025358363606,3.0240321117398192,0.0,0.0,0.27,0.34629548650952463,0.9500624,30.0,22.5,0.2,1.5,2.5,5.0,1.0,5.0,5.0,5.0,masking_sources,2.0,5.0,11.0,1.0,3.0,10.0,-0.5,0.5,0.2,5.0,0.5,10.0,0.0,0.0,10.0,Edge-on,1994.0,9.7,205.0,0.0,3.0,0.028,0.002139999996870756,13.1,0.0,3.0,50.0,5.3,13.1,37.3,0.0,0.0,0.0,0.0,254
