GAL,ra,dec,radvel,z,mag,r20,r50,r80,flux_c,flux_e,rpetro_c,rpetro_e,rhalf_c,rhalf_e,Gini,M20,F(G_M20),S(G_M20),SN_per_pixel,C,A,S,M,I,D,Ao,As,Ser_A,Ser_R,Ser_n,Ser_xc,Ser_yc,Ser_ellip,Ser_theta,flag_morph,flag_sersic,ima_sc_pix2arc,ima_sc_arc2kpc,psf_arcsec,size_image_phy_kpc,zp_ima,eta,petro_extent_cas,snr,area_min,debleding,area_min_deblend,skybox_x,skybox_y,sky_method,nsigma,npixels,dilate_size,mask_stars,fwhm,threshold,roundlo,roundhi,sharplo,aper_stars,aper_fact,aper_center,aper_ellip,aper_pa,dr,View,area_segmap_pix,area_psf_pix,ratio_segmap_psf,flag_area,flag_area_th,SN_gal,bck,ratio_SN_gal,flag_SN,flag_SN_th,perc_SN_flag,perc_20_SN_gal,perc_50_SN_gal,perc_80_SN_gal,flag_image,flag_bck,flag_object,flag_statmorph,index
832r,332.4597204187408,-9.11870356369165,5000.0,0.0842,nan,4.402226592984965,8.913341835234835,15.865377636499861,143.53348321201221,143.08106394470104,20.395768876561494,26.676167091596543,9.024715514867301,12.91545141836579,0.4663788086913519,-1.732990053350432,-0.45046279000595835,-0.10617059681127172,0.3413364291191101,2.7838901046160625,0.0683405758116639,0.016336383206950845,0.0014144271570014145,0.0,0.01233845573998204,0.08582869893315516,0.20101058025750074,0.2731455326400595,12.120074390727574,0.5679613911561974,320.26182551857846,320.2106041039509,0.6473357156544775,0.5758413937864163,0.0,0.0,0.27,0.34629548650952463,1.4922007,30.0,22.5,0.2,1.5,2.5,5.0,1.0,5.0,5.0,5.0,masking_sources,2.0,5.0,11.0,1.0,3.0,10.0,-0.5,0.5,0.2,5.0,0.5,10.0,0.0,0.0,10.0,Edge-on,1310.0,24.0,54.6,0.0,3.0,0.05599,0.00406000018119812,13.8,0.0,3.0,50.0,4.9,13.8,41.0,0.0,0.0,0.0,0.0,832
