GAL,ra,dec,radvel,z,mag,r20,r50,r80,flux_c,flux_e,rpetro_c,rpetro_e,rhalf_c,rhalf_e,Gini,M20,F(G_M20),S(G_M20),SN_per_pixel,C,A,S,M,I,D,Ao,As,Ser_A,Ser_R,Ser_n,Ser_xc,Ser_yc,Ser_ellip,Ser_theta,flag_morph,flag_sersic,ima_sc_pix2arc,ima_sc_arc2kpc,psf_arcsec,size_image_phy_kpc,zp_ima,eta,petro_extent_cas,snr,area_min,debleding,area_min_deblend,skybox_x,skybox_y,sky_method,nsigma,npixels,dilate_size,mask_stars,fwhm,threshold,roundlo,roundhi,sharplo,aper_stars,aper_fact,aper_center,aper_ellip,aper_pa,dr,View,area_segmap_pix,area_psf_pix,ratio_segmap_psf,flag_area,flag_area_th,SN_gal,bck,ratio_SN_gal,flag_SN,flag_SN_th,perc_SN_flag,perc_20_SN_gal,perc_50_SN_gal,perc_80_SN_gal,flag_image,flag_bck,flag_object,flag_statmorph,index
1115r,211.97615538735624,0.8594492336933184,5000.0,0.1082,nan,6.141776321287141,11.563810643262967,18.464415524176044,104.85069224185722,104.79694209084883,23.373694213293774,25.958697828205892,11.670033423885567,12.896594940340762,0.4353658180091618,-1.6889318725431648,-0.634509413182236,-0.13074937045442978,0.21571731567382812,2.390207846216706,-0.013143830328026547,-0.004616900717354795,0.0017605633802816902,0.0,0.018248424614759187,-0.07965826141725318,0.18967649169309908,0.08777507618841286,12.125402820146062,0.5208003912303144,320.3595725264934,319.95605741646585,0.1719253498737076,0.8954973715489227,0.0,0.0,0.27,0.34629548650952463,1.2915673,30.0,22.5,0.2,1.5,2.5,5.0,1.0,5.0,5.0,5.0,masking_sources,2.0,5.0,11.0,1.0,3.0,10.0,-0.5,0.5,0.2,5.0,0.5,10.0,0.0,0.0,10.0,Face-on,2279.0,18.0,126.8,0.0,3.0,0.02581,0.0020600000862032175,12.5,0.0,3.0,50.0,5.1,12.5,35.9,0.0,0.0,0.0,0.0,1115
