GAL,ra,dec,radvel,z,mag,r20,r50,r80,flux_c,flux_e,rpetro_c,rpetro_e,rhalf_c,rhalf_e,Gini,M20,F(G_M20),S(G_M20),SN_per_pixel,C,A,S,M,I,D,Ao,As,Ser_A,Ser_R,Ser_n,Ser_xc,Ser_yc,Ser_ellip,Ser_theta,flag_morph,flag_sersic,ima_sc_pix2arc,ima_sc_arc2kpc,psf_arcsec,size_image_phy_kpc,zp_ima,eta,petro_extent_cas,snr,area_min,debleding,area_min_deblend,skybox_x,skybox_y,sky_method,nsigma,npixels,dilate_size,mask_stars,fwhm,threshold,roundlo,roundhi,sharplo,aper_stars,aper_fact,aper_center,aper_ellip,aper_pa,dr,View,area_segmap_pix,area_psf_pix,ratio_segmap_psf,flag_area,flag_area_th,SN_gal,bck,ratio_SN_gal,flag_SN,flag_SN_th,perc_SN_flag,perc_20_SN_gal,perc_50_SN_gal,perc_80_SN_gal,flag_image,flag_bck,flag_object,flag_statmorph,index
315r,133.90311760235522,0.920729179900474,5000.0,0.0518,nan,3.6022395348610683,6.933057391394251,11.8110263599702,93.12323508458408,92.7282389440812,14.794879612484815,18.915812905946485,8.3199900887685,10.468612368760537,0.4564089889164505,-1.6475169214423255,-0.559046278304038,-0.10415995305319731,0.3460644483566284,2.5785752522158467,0.05983651803009769,0.0022186489005011903,0.0,0.0,0.04797593516006561,0.09858782480837858,0.6042361042403321,0.23468024148309288,8.736083234856071,1.0779075137328185,320.2494697160256,320.49871867363373,0.5917723335952683,1.6193726677517297,0.0,0.0,0.27,0.34629548650952463,1.560722,30.0,22.5,0.2,1.5,2.5,5.0,1.0,5.0,5.0,5.0,masking_sources,2.0,5.0,11.0,1.0,3.0,10.0,-0.5,0.5,0.2,5.0,0.5,10.0,0.0,0.0,10.0,Edge-on,1710.0,26.2,65.2,0.0,3.0,0.01285,0.001500000013038516,8.6,0.0,3.0,50.0,4.2,8.6,45.1,0.0,0.0,0.0,0.0,315
