GAL,ra,dec,radvel,z,mag,r20,r50,r80,flux_c,flux_e,rpetro_c,rpetro_e,rhalf_c,rhalf_e,Gini,M20,F(G_M20),S(G_M20),SN_per_pixel,C,A,S,M,I,D,Ao,As,Ser_A,Ser_R,Ser_n,Ser_xc,Ser_yc,Ser_ellip,Ser_theta,flag_morph,flag_sersic,ima_sc_pix2arc,ima_sc_arc2kpc,psf_arcsec,size_image_phy_kpc,zp_ima,eta,petro_extent_cas,snr,area_min,debleding,area_min_deblend,skybox_x,skybox_y,sky_method,nsigma,npixels,dilate_size,mask_stars,fwhm,threshold,roundlo,roundhi,sharplo,aper_stars,aper_fact,aper_center,aper_ellip,aper_pa,dr,View,area_segmap_pix,area_psf_pix,ratio_segmap_psf,flag_area,flag_area_th,SN_gal,bck,ratio_SN_gal,flag_SN,flag_SN_th,perc_SN_flag,perc_20_SN_gal,perc_50_SN_gal,perc_80_SN_gal,flag_image,flag_bck,flag_object,flag_statmorph,index
421r,42.95019686578707,-0.4527685541873313,5000.0,0.0718,nan,5.505267116448953,12.78359554900592,31.922316867987995,94.38683078271904,89.52811093486903,37.077539012112645,50.612521631561755,13.352285752540682,20.4765945204135,0.6073540617965137,-2.0884331108940164,0.49368675174229626,-0.01601168123571972,0.13540048897266388,3.8165800416360716,0.1136757512418109,0.030759645468203176,0.16666666666666666,0.05476441557372479,0.013801682915922032,0.08045171700544504,0.2641550250346297,0.06269974722144615,12.963423527767233,1.2808427540230007,319.68433269544494,319.2248508347961,0.5264387883512667,0.5295669324041775,0.0,0.0,0.27,0.34629548650952463,1.0762872,30.0,22.5,0.2,1.5,2.5,5.0,1.0,5.0,5.0,5.0,masking_sources,2.0,5.0,11.0,1.0,3.0,10.0,-0.5,0.5,0.2,5.0,0.5,10.0,0.0,0.0,10.0,Edge-on,3079.0,12.5,246.7,0.0,3.0,0.01268,0.0018500000005587935,6.9,0.0,3.0,50.0,3.9,6.9,16.1,0.0,0.0,0.0,0.0,421
