GAL,ra,dec,radvel,z,mag,r20,r50,r80,flux_c,flux_e,rpetro_c,rpetro_e,rhalf_c,rhalf_e,Gini,M20,F(G_M20),S(G_M20),SN_per_pixel,C,A,S,M,I,D,Ao,As,Ser_A,Ser_R,Ser_n,Ser_xc,Ser_yc,Ser_ellip,Ser_theta,flag_morph,flag_sersic,ima_sc_pix2arc,ima_sc_arc2kpc,psf_arcsec,size_image_phy_kpc,zp_ima,eta,petro_extent_cas,snr,area_min,debleding,area_min_deblend,skybox_x,skybox_y,sky_method,nsigma,npixels,dilate_size,mask_stars,fwhm,threshold,roundlo,roundhi,sharplo,aper_stars,aper_fact,aper_center,aper_ellip,aper_pa,dr,View,area_segmap_pix,area_psf_pix,ratio_segmap_psf,flag_area,flag_area_th,SN_gal,bck,ratio_SN_gal,flag_SN,flag_SN_th,perc_SN_flag,perc_20_SN_gal,perc_50_SN_gal,perc_80_SN_gal,flag_image,flag_bck,flag_object,flag_statmorph,index
861r,141.70623275870304,7.306125524998261,5000.0,0.1045,nan,3.1381440541269368,8.568759595041335,14.83093741163337,145.82686828325808,145.80954939294566,18.7590229716871,18.955127396653516,8.790820315528423,8.903323546092032,0.4905738370967149,-2.078899044614722,-0.09098246845325875,-0.1302988684756986,0.30544596910476685,3.372478632309277,0.03356028337779005,0.006760591809137765,0.016643550624133148,0.014090272267996454,0.025882126936890088,0.023213929108594208,0.2176551775133781,0.18615727012531216,7.633077356252464,1.0053930408961569,319.9623256800237,320.12275997718956,0.04347416927783054,0.09444905304646767,1.0,0.0,0.27,0.34629548650952463,1.2729766,30.0,22.5,0.2,1.5,2.5,5.0,1.0,5.0,5.0,5.0,masking_sources,2.0,5.0,11.0,1.0,3.0,10.0,-0.5,0.5,0.2,5.0,0.5,10.0,0.0,0.0,10.0,Face-on,1622.0,17.5,92.9,0.0,3.0,0.04394,0.003819999983534217,11.5,0.0,3.0,50.0,4.4,11.5,29.8,0.0,0.0,0.0,0.0,861
