GAL,ra,dec,radvel,z,mag,r20,r50,r80,flux_c,flux_e,rpetro_c,rpetro_e,rhalf_c,rhalf_e,Gini,M20,F(G_M20),S(G_M20),SN_per_pixel,C,A,S,M,I,D,Ao,As,Ser_A,Ser_R,Ser_n,Ser_xc,Ser_yc,Ser_ellip,Ser_theta,flag_morph,flag_sersic,ima_sc_pix2arc,ima_sc_arc2kpc,psf_arcsec,size_image_phy_kpc,zp_ima,eta,petro_extent_cas,snr,area_min,debleding,area_min_deblend,skybox_x,skybox_y,sky_method,nsigma,npixels,dilate_size,mask_stars,fwhm,threshold,roundlo,roundhi,sharplo,aper_stars,aper_fact,aper_center,aper_ellip,aper_pa,dr,View,area_segmap_pix,area_psf_pix,ratio_segmap_psf,flag_area,flag_area_th,SN_gal,bck,ratio_SN_gal,flag_SN,flag_SN_th,perc_SN_flag,perc_20_SN_gal,perc_50_SN_gal,perc_80_SN_gal,flag_image,flag_bck,flag_object,flag_statmorph,index
1137r,141.98403193577627,4.536415708265602,5000.0,0.1022,nan,4.1126094541977745,8.655824208400418,15.21192554612023,160.665921409825,161.54195998558058,19.3994573002249,24.05423545169429,8.964755519392227,10.810979358872839,0.49543425378067824,-1.852033625098437,-0.2241411415924257,-0.09395276264581137,0.31487736105918884,2.8403336078143635,0.0538156999855865,0.03260044481709212,0.0018796992481203006,0.0,0.032717938670469786,0.08184907890150855,0.21304606022469813,0.23364307198817036,9.911425477885674,0.8323132647269079,319.89672896004834,319.56709171483055,0.4086107993261152,1.5482845899510265,0.0,0.0,0.27,0.34629548650952463,1.5318807,30.0,22.5,0.2,1.5,2.5,5.0,1.0,5.0,5.0,5.0,masking_sources,2.0,5.0,11.0,1.0,3.0,10.0,-0.5,0.5,0.2,5.0,0.5,10.0,0.0,0.0,10.0,Face-on,1523.0,25.3,60.2,0.0,3.0,0.05242,0.004780000075697899,11.0,0.0,3.0,50.0,4.7,11.0,29.8,0.0,0.0,0.0,0.0,1137
