GAL,ra,dec,radvel,z,mag,r20,r50,r80,flux_c,flux_e,rpetro_c,rpetro_e,rhalf_c,rhalf_e,Gini,M20,F(G_M20),S(G_M20),SN_per_pixel,C,A,S,M,I,D,Ao,As,Ser_A,Ser_R,Ser_n,Ser_xc,Ser_yc,Ser_ellip,Ser_theta,flag_morph,flag_sersic,ima_sc_pix2arc,ima_sc_arc2kpc,psf_arcsec,size_image_phy_kpc,zp_ima,eta,petro_extent_cas,snr,area_min,debleding,area_min_deblend,skybox_x,skybox_y,sky_method,nsigma,npixels,dilate_size,mask_stars,fwhm,threshold,roundlo,roundhi,sharplo,aper_stars,aper_fact,aper_center,aper_ellip,aper_pa,dr,View,area_segmap_pix,area_psf_pix,ratio_segmap_psf,flag_area,flag_area_th,SN_gal,bck,ratio_SN_gal,flag_SN,flag_SN_th,perc_SN_flag,perc_20_SN_gal,perc_50_SN_gal,perc_80_SN_gal,flag_image,flag_bck,flag_object,flag_statmorph,index
799r,118.06202465974931,23.291361325677627,5000.0,0.0743,nan,5.082888002106488,10.383236376214517,18.217564432005044,89.67238409321249,87.88813311423078,22.75599985606294,32.461333974186466,10.78041700512355,15.672138019652328,0.6257052925820559,-1.6304299138712888,0.26712912859397964,0.06581848162812615,0.2878696322441101,2.7718988689160544,0.06768966325287346,0.01609135900932971,0.005025125628140704,0.0,0.11904764649914139,0.11337737363919302,0.37012580842690856,0.23129435205384544,13.297751594404884,0.5442784832415246,320.7300316455656,320.02058251848837,0.7012291484053983,2.864880247066747,1.0,0.0,0.27,0.34629548650952463,1.5315585,30.0,22.5,0.2,1.5,2.5,5.0,1.0,5.0,5.0,5.0,masking_sources,2.0,5.0,11.0,1.0,3.0,10.0,-0.5,0.5,0.2,5.0,0.5,10.0,0.0,0.0,10.0,Edge-on,914.0,25.3,36.2,0.0,3.0,0.04549,0.004860000219196081,9.4,0.0,3.0,50.0,4.3,9.4,31.5,0.0,0.0,0.0,0.0,799
