GAL,ra,dec,radvel,z,mag,r20,r50,r80,flux_c,flux_e,rpetro_c,rpetro_e,rhalf_c,rhalf_e,Gini,M20,F(G_M20),S(G_M20),SN_per_pixel,C,A,S,M,I,D,Ao,As,Ser_A,Ser_R,Ser_n,Ser_xc,Ser_yc,Ser_ellip,Ser_theta,flag_morph,flag_sersic,ima_sc_pix2arc,ima_sc_arc2kpc,psf_arcsec,size_image_phy_kpc,zp_ima,eta,petro_extent_cas,snr,area_min,debleding,area_min_deblend,skybox_x,skybox_y,sky_method,nsigma,npixels,dilate_size,mask_stars,fwhm,threshold,roundlo,roundhi,sharplo,aper_stars,aper_fact,aper_center,aper_ellip,aper_pa,dr,View,area_segmap_pix,area_psf_pix,ratio_segmap_psf,flag_area,flag_area_th,SN_gal,bck,ratio_SN_gal,flag_SN,flag_SN_th,perc_SN_flag,perc_20_SN_gal,perc_50_SN_gal,perc_80_SN_gal,flag_image,flag_bck,flag_object,flag_statmorph,index
1024r,244.02626257978,0.08115299729087205,5000.0,0.168,nan,3.4715049443250625,7.807025106930785,15.848388340962861,85.26014509801294,85.0545322326383,19.55262289425042,20.1922825729443,8.147078058688809,8.639183961451264,0.5553263005881959,-1.9549970645780521,0.14367815366416004,-0.04897155439403539,0.21605044603347778,3.297336581269692,0.01897842926189518,0.02248405730500791,0.012180267965895249,0.0,0.02177067001856783,0.03276800667840171,0.1838527753909774,0.121201850158456,7.077186466718527,1.4560871698147049,319.80412312974187,319.87249721176056,0.09384050146583489,2.802094182508376,0.0,0.0,0.27,0.34629548650952463,1.4655488,30.0,22.5,0.2,1.5,2.5,5.0,1.0,5.0,5.0,5.0,masking_sources,2.0,5.0,11.0,1.0,3.0,10.0,-0.5,0.5,0.2,5.0,0.5,10.0,0.0,0.0,10.0,Face-on,1615.0,23.1,69.8,0.0,3.0,0.01935,0.0028800000436604023,6.7,0.0,3.0,50.0,4.0,6.7,19.4,0.0,0.0,0.0,0.0,1024
