GAL,ra,dec,radvel,z,mag,r20,r50,r80,flux_c,flux_e,rpetro_c,rpetro_e,rhalf_c,rhalf_e,Gini,M20,F(G_M20),S(G_M20),SN_per_pixel,C,A,S,M,I,D,Ao,As,Ser_A,Ser_R,Ser_n,Ser_xc,Ser_yc,Ser_ellip,Ser_theta,flag_morph,flag_sersic,ima_sc_pix2arc,ima_sc_arc2kpc,psf_arcsec,size_image_phy_kpc,zp_ima,eta,petro_extent_cas,snr,area_min,debleding,area_min_deblend,skybox_x,skybox_y,sky_method,nsigma,npixels,dilate_size,mask_stars,fwhm,threshold,roundlo,roundhi,sharplo,aper_stars,aper_fact,aper_center,aper_ellip,aper_pa,dr,View,area_segmap_pix,area_psf_pix,ratio_segmap_psf,flag_area,flag_area_th,SN_gal,bck,ratio_SN_gal,flag_SN,flag_SN_th,perc_SN_flag,perc_20_SN_gal,perc_50_SN_gal,perc_80_SN_gal,flag_image,flag_bck,flag_object,flag_statmorph,index
466r,27.86403773411056,-8.962128125175553,5000.0,0.052,nan,5.829519501764485,11.230449095616109,20.08291542067287,232.5777111148019,233.59458750510788,25.137285754618922,30.392683070846292,12.497565044841169,15.36997260942344,0.5189003431441039,-1.6702236050759947,-0.23397834311902166,-0.04544974139290037,0.29652777314186096,2.685969998626616,0.17528574347741804,0.04131926064572034,0.010455563853622106,0.00777697207630917,0.06335332547811175,0.3586814469839466,0.3906929062957199,0.15414408383550326,12.052842597125002,0.8182906442277726,319.03014531173847,321.08097089540945,0.13305092527494583,3.139848579957743,1.0,0.0,0.27,0.34629548650952463,1.1421345,30.0,22.5,0.2,1.5,2.5,5.0,1.0,5.0,5.0,5.0,masking_sources,2.0,5.0,11.0,1.0,3.0,10.0,-0.5,0.5,0.2,5.0,0.5,10.0,0.0,0.0,10.0,Face-on,4269.0,14.1,303.8,0.0,3.0,0.01837,0.001970000099390745,9.3,0.0,3.0,50.0,4.2,9.3,35.8,0.0,0.0,0.0,0.0,466
