GAL,ra,dec,radvel,z,mag,r20,r50,r80,flux_c,flux_e,rpetro_c,rpetro_e,rhalf_c,rhalf_e,Gini,M20,F(G_M20),S(G_M20),SN_per_pixel,C,A,S,M,I,D,Ao,As,Ser_A,Ser_R,Ser_n,Ser_xc,Ser_yc,Ser_ellip,Ser_theta,flag_morph,flag_sersic,ima_sc_pix2arc,ima_sc_arc2kpc,psf_arcsec,size_image_phy_kpc,zp_ima,eta,petro_extent_cas,snr,area_min,debleding,area_min_deblend,skybox_x,skybox_y,sky_method,nsigma,npixels,dilate_size,mask_stars,fwhm,threshold,roundlo,roundhi,sharplo,aper_stars,aper_fact,aper_center,aper_ellip,aper_pa,dr,View,area_segmap_pix,area_psf_pix,ratio_segmap_psf,flag_area,flag_area_th,SN_gal,bck,ratio_SN_gal,flag_SN,flag_SN_th,perc_SN_flag,perc_20_SN_gal,perc_50_SN_gal,perc_80_SN_gal,flag_image,flag_bck,flag_object,flag_statmorph,index
772r,209.0103533241694,2.7464139002083496,5000.0,0.0919,nan,4.8445882898102,9.870444542155614,16.587736258900375,123.78480766836682,123.7380457920659,20.698663793326286,23.240227707853165,9.957758757066745,10.836184359094716,0.4911603222125147,-1.816905589544366,-0.26964083149380613,-0.09330115795627736,0.2504875063896179,2.6726512324393212,0.005556404389145416,-0.001441887635027729,0.0035938903863432167,0.0,0.030019950074099997,-0.030069334855031153,0.17878797515656364,0.1374340406126401,9.68487024666152,0.7278545686457808,320.4030409378069,319.90389611659475,0.16086790428233114,1.0597966887032875,1.0,0.0,0.27,0.34629548650952463,1.2590349,30.0,22.5,0.2,1.5,2.5,5.0,1.0,5.0,5.0,5.0,masking_sources,2.0,5.0,11.0,1.0,3.0,10.0,-0.5,0.5,0.2,5.0,0.5,10.0,0.0,0.0,10.0,Face-on,1632.0,17.1,95.6,0.0,3.0,0.0378,0.004569999873638153,8.3,0.0,3.0,50.0,4.0,8.3,24.4,0.0,0.0,0.0,0.0,772
