GAL,ra,dec,radvel,z,mag,r20,r50,r80,flux_c,flux_e,rpetro_c,rpetro_e,rhalf_c,rhalf_e,Gini,M20,F(G_M20),S(G_M20),SN_per_pixel,C,A,S,M,I,D,Ao,As,Ser_A,Ser_R,Ser_n,Ser_xc,Ser_yc,Ser_ellip,Ser_theta,flag_morph,flag_sersic,ima_sc_pix2arc,ima_sc_arc2kpc,psf_arcsec,size_image_phy_kpc,zp_ima,eta,petro_extent_cas,snr,area_min,debleding,area_min_deblend,skybox_x,skybox_y,sky_method,nsigma,npixels,dilate_size,mask_stars,fwhm,threshold,roundlo,roundhi,sharplo,aper_stars,aper_fact,aper_center,aper_ellip,aper_pa,dr,View,area_segmap_pix,area_psf_pix,ratio_segmap_psf,flag_area,flag_area_th,SN_gal,bck,ratio_SN_gal,flag_SN,flag_SN_th,perc_SN_flag,perc_20_SN_gal,perc_50_SN_gal,perc_80_SN_gal,flag_image,flag_bck,flag_object,flag_statmorph,index
45r,199.03070013709078,5.202527321762349,5000.0,0.0205,nan,5.697479012732452,12.265801155916444,22.915342091710446,96.60524917218514,97.24735911964447,29.949115916851714,40.71537617242698,12.487717391820297,18.00479566114394,0.506891927833121,-1.816254333631453,-0.19222070401945412,-0.07763634381998219,0.1825777292251587,3.0222180545462023,-0.19381121148621674,-0.09793052972435627,0.025380710659898477,0.028576640705026822,0.01675783768241796,-0.2534209278133236,0.26747912919370037,0.08286597487613083,15.23105936647107,0.7441802697575776,320.564344299446,319.94969018371467,0.5896191944574807,0.015126936769453338,0.0,0.0,0.27,0.34629548650952463,1.0984489,30.0,22.5,0.2,1.5,2.5,5.0,1.0,5.0,5.0,5.0,masking_sources,2.0,5.0,11.0,1.0,3.0,10.0,-0.5,0.5,0.2,5.0,0.5,10.0,0.0,0.0,10.0,Edge-on,1689.0,13.0,129.9,0.0,3.0,0.03116,0.004910000134259462,6.3,0.0,3.0,50.0,3.8,6.3,14.4,0.0,0.0,0.0,0.0,45
