GAL,ra,dec,radvel,z,mag,r20,r50,r80,flux_c,flux_e,rpetro_c,rpetro_e,rhalf_c,rhalf_e,Gini,M20,F(G_M20),S(G_M20),SN_per_pixel,C,A,S,M,I,D,Ao,As,Ser_A,Ser_R,Ser_n,Ser_xc,Ser_yc,Ser_ellip,Ser_theta,flag_morph,flag_sersic,ima_sc_pix2arc,ima_sc_arc2kpc,psf_arcsec,size_image_phy_kpc,zp_ima,eta,petro_extent_cas,snr,area_min,debleding,area_min_deblend,skybox_x,skybox_y,sky_method,nsigma,npixels,dilate_size,mask_stars,fwhm,threshold,roundlo,roundhi,sharplo,aper_stars,aper_fact,aper_center,aper_ellip,aper_pa,dr,View,area_segmap_pix,area_psf_pix,ratio_segmap_psf,flag_area,flag_area_th,SN_gal,bck,ratio_SN_gal,flag_SN,flag_SN_th,perc_SN_flag,perc_20_SN_gal,perc_50_SN_gal,perc_80_SN_gal,flag_image,flag_bck,flag_object,flag_statmorph,index
823r,136.93088287942726,3.6178100308745225,5000.0,0.1355,nan,3.282953480869572,6.697029828923074,12.001395936018131,96.66134147211231,96.59322252727257,15.451454407371225,18.697133543664748,7.322635579402641,8.66829488028435,0.5096222413261582,-1.6353377636847601,-0.3040808352019777,-0.04978593023928507,0.3128255009651184,2.8148351742800157,0.22376791524273487,0.005410208507739862,0.0022371364653243847,0.0,0.11708481739733818,0.3312449102527969,0.2787148133239837,0.22246726116227836,7.167183378180441,1.0742930331330747,320.4763497862457,318.81030500298493,0.3578792532174807,1.5883965186611124,0.0,0.0,0.27,0.34629548650952463,1.4177263,30.0,22.5,0.2,1.5,2.5,5.0,1.0,5.0,5.0,5.0,masking_sources,2.0,5.0,11.0,1.0,3.0,10.0,-0.5,0.5,0.2,5.0,0.5,10.0,0.0,0.0,10.0,Face-on,1494.0,21.7,69.0,0.0,3.0,0.02121,0.001979999942705035,10.7,0.0,3.0,50.0,4.3,10.7,40.2,0.0,0.0,0.0,0.0,823
