GAL,ra,dec,radvel,z,mag,r20,r50,r80,flux_c,flux_e,rpetro_c,rpetro_e,rhalf_c,rhalf_e,Gini,M20,F(G_M20),S(G_M20),SN_per_pixel,C,A,S,M,I,D,Ao,As,Ser_A,Ser_R,Ser_n,Ser_xc,Ser_yc,Ser_ellip,Ser_theta,flag_morph,flag_sersic,ima_sc_pix2arc,ima_sc_arc2kpc,psf_arcsec,size_image_phy_kpc,zp_ima,eta,petro_extent_cas,snr,area_min,debleding,area_min_deblend,skybox_x,skybox_y,sky_method,nsigma,npixels,dilate_size,mask_stars,fwhm,threshold,roundlo,roundhi,sharplo,aper_stars,aper_fact,aper_center,aper_ellip,aper_pa,dr,View,area_segmap_pix,area_psf_pix,ratio_segmap_psf,flag_area,flag_area_th,SN_gal,bck,ratio_SN_gal,flag_SN,flag_SN_th,perc_SN_flag,perc_20_SN_gal,perc_50_SN_gal,perc_80_SN_gal,flag_image,flag_bck,flag_object,flag_statmorph,index
1083r,188.87871082303508,11.498209159949704,5000.0,0.0661,nan,3.9148996265366733,8.659025426450231,16.014415515041954,183.89440456686168,183.01549762930262,19.6784804157175,23.621154852335483,9.452938972965356,11.599609760769631,0.5068689779858981,-1.791755781006884,-0.20931180273203331,-0.07425376535391776,0.33155110478401184,3.058952304628181,0.15689352457517217,0.021054613490166605,0.001026694045174538,0.0,0.05845758852896948,0.3132705366082614,0.2759881440986267,0.21284704169506255,10.046382562243668,1.194071448316258,319.74330881494717,319.58611109393837,0.38314801181488456,1.0939434355686097,0.0,0.0,0.27,0.34629548650952463,1.3575459,30.0,22.5,0.2,1.5,2.5,5.0,1.0,5.0,5.0,5.0,masking_sources,2.0,5.0,11.0,1.0,3.0,10.0,-0.5,0.5,0.2,5.0,0.5,10.0,0.0,0.0,10.0,Face-on,2913.0,19.9,146.7,0.0,3.0,0.01837,0.0023300000466406345,7.9,0.0,3.0,50.0,4.1,7.9,31.3,0.0,0.0,0.0,0.0,1083
