GAL,ra,dec,radvel,z,mag,r20,r50,r80,flux_c,flux_e,rpetro_c,rpetro_e,rhalf_c,rhalf_e,Gini,M20,F(G_M20),S(G_M20),SN_per_pixel,C,A,S,M,I,D,Ao,As,Ser_A,Ser_R,Ser_n,Ser_xc,Ser_yc,Ser_ellip,Ser_theta,flag_morph,flag_sersic,ima_sc_pix2arc,ima_sc_arc2kpc,psf_arcsec,size_image_phy_kpc,zp_ima,eta,petro_extent_cas,snr,area_min,debleding,area_min_deblend,skybox_x,skybox_y,sky_method,nsigma,npixels,dilate_size,mask_stars,fwhm,threshold,roundlo,roundhi,sharplo,aper_stars,aper_fact,aper_center,aper_ellip,aper_pa,dr,View,area_segmap_pix,area_psf_pix,ratio_segmap_psf,flag_area,flag_area_th,SN_gal,bck,ratio_SN_gal,flag_SN,flag_SN_th,perc_SN_flag,perc_20_SN_gal,perc_50_SN_gal,perc_80_SN_gal,flag_image,flag_bck,flag_object,flag_statmorph,index
125r,218.53762581300788,3.4570638550927586,5000.0,0.0271,nan,3.767359288703278,7.331836763976946,13.463498425548966,105.54683947435527,111.178294732283,16.339022619130997,25.267401001544705,10.830521523777751,15.61012204628177,0.5668075068453297,-1.7756147211781386,0.07619816066083196,-0.012671014466884956,0.25099340081214905,2.765604417753673,0.08668259010362843,0.03574541793636042,0.0,0.0,0.02917031182486585,0.40535516627793233,1.1273439064819175,0.1702391271780704,8.000921632365003,1.1969372701802228,320.3807457758484,319.69064124275957,0.31075120907015047,2.6228695239222395,0.0,0.0,0.27,0.34629548650952463,1.377888,30.0,22.5,0.2,1.5,2.5,5.0,1.0,5.0,5.0,5.0,masking_sources,2.0,5.0,11.0,1.0,3.0,10.0,-0.5,0.5,0.2,5.0,0.5,10.0,0.0,0.0,10.0,Face-on,2987.0,20.5,146.0,0.0,3.0,0.01345,0.0020699999295175076,6.5,0.0,3.0,50.0,3.9,6.5,14.9,0.0,0.0,0.0,0.0,125
