GAL,ra,dec,radvel,z,mag,r20,r50,r80,flux_c,flux_e,rpetro_c,rpetro_e,rhalf_c,rhalf_e,Gini,M20,F(G_M20),S(G_M20),SN_per_pixel,C,A,S,M,I,D,Ao,As,Ser_A,Ser_R,Ser_n,Ser_xc,Ser_yc,Ser_ellip,Ser_theta,flag_morph,flag_sersic,ima_sc_pix2arc,ima_sc_arc2kpc,psf_arcsec,size_image_phy_kpc,zp_ima,eta,petro_extent_cas,snr,area_min,debleding,area_min_deblend,skybox_x,skybox_y,sky_method,nsigma,npixels,dilate_size,mask_stars,fwhm,threshold,roundlo,roundhi,sharplo,aper_stars,aper_fact,aper_center,aper_ellip,aper_pa,dr,View,area_segmap_pix,area_psf_pix,ratio_segmap_psf,flag_area,flag_area_th,SN_gal,bck,ratio_SN_gal,flag_SN,flag_SN_th,perc_SN_flag,perc_20_SN_gal,perc_50_SN_gal,perc_80_SN_gal,flag_image,flag_bck,flag_object,flag_statmorph,index
771r,343.6511080659919,-10.575590841456231,5000.0,0.1076,nan,5.124056541986354,10.954600766030241,18.536964769910433,123.69290006742256,123.57017571015558,23.33818111320742,24.82789699014475,11.018348355974734,12.189922799715525,0.4886201267346757,-1.684303373011328,-0.3741081351665052,-0.07738424338124567,0.2437274307012558,2.792123555867505,0.21067787340159647,0.023771094814839466,0.1407035175879397,0.0949623496039301,0.11045206678949475,0.2362039415478713,0.2779706854463599,0.11378511296926917,11.31794573469707,0.5360215650833016,322.04757817084254,319.1817800712014,0.22960228669620678,1.3818694882512343,1.0,0.0,0.27,0.34629548650952463,1.335227,30.0,22.5,0.2,1.5,2.5,5.0,1.0,5.0,5.0,5.0,masking_sources,2.0,5.0,11.0,1.0,3.0,10.0,-0.5,0.5,0.2,5.0,0.5,10.0,0.0,0.0,10.0,Face-on,1707.0,19.2,88.9,0.0,3.0,0.04047,0.004840000066906214,8.4,0.0,3.0,50.0,4.1,8.4,19.1,0.0,0.0,0.0,0.0,771
