GAL,ra,dec,radvel,z,mag,r20,r50,r80,flux_c,flux_e,rpetro_c,rpetro_e,rhalf_c,rhalf_e,Gini,M20,F(G_M20),S(G_M20),SN_per_pixel,C,A,S,M,I,D,Ao,As,Ser_A,Ser_R,Ser_n,Ser_xc,Ser_yc,Ser_ellip,Ser_theta,flag_morph,flag_sersic,ima_sc_pix2arc,ima_sc_arc2kpc,psf_arcsec,size_image_phy_kpc,zp_ima,eta,petro_extent_cas,snr,area_min,debleding,area_min_deblend,skybox_x,skybox_y,sky_method,nsigma,npixels,dilate_size,mask_stars,fwhm,threshold,roundlo,roundhi,sharplo,aper_stars,aper_fact,aper_center,aper_ellip,aper_pa,dr,View,area_segmap_pix,area_psf_pix,ratio_segmap_psf,flag_area,flag_area_th,SN_gal,bck,ratio_SN_gal,flag_SN,flag_SN_th,perc_SN_flag,perc_20_SN_gal,perc_50_SN_gal,perc_80_SN_gal,flag_image,flag_bck,flag_object,flag_statmorph,index
1092r,115.23176753987633,24.04043059645385,5000.0,0.0844,nan,2.651209030589549,5.318089269651857,9.58195408118688,107.16089984386178,107.0809520580761,12.099131406857232,13.454763642021359,5.6666773201295255,6.503814777855799,0.5017256864461065,-1.7897013773860417,-0.2361947975632459,-0.07906006187501444,0.4038392901420593,2.7900505745742397,0.010688917060349131,0.0025019943958684353,0.0,0.0,0.007405047442349866,0.08243509097841809,0.4155318224124167,0.5216963683801134,4.422063812801977,1.204000119353469,320.0950608488894,319.98424720468597,0.2504485620985651,2.345871557837451,0.0,0.0,0.27,0.34629548650952463,1.7793472,30.0,22.5,0.2,1.5,2.5,5.0,1.0,5.0,5.0,5.0,masking_sources,2.0,5.0,11.0,1.0,3.0,10.0,-0.5,0.5,0.2,5.0,0.5,10.0,0.0,0.0,10.0,Face-on,860.0,34.1,25.2,0.0,3.0,0.04687,0.004370000213384628,10.7,0.0,3.0,50.0,4.4,10.7,37.0,0.0,0.0,0.0,0.0,1092
