GAL,ra,dec,radvel,z,mag,r20,r50,r80,flux_c,flux_e,rpetro_c,rpetro_e,rhalf_c,rhalf_e,Gini,M20,F(G_M20),S(G_M20),SN_per_pixel,C,A,S,M,I,D,Ao,As,Ser_A,Ser_R,Ser_n,Ser_xc,Ser_yc,Ser_ellip,Ser_theta,flag_morph,flag_sersic,ima_sc_pix2arc,ima_sc_arc2kpc,psf_arcsec,size_image_phy_kpc,zp_ima,eta,petro_extent_cas,snr,area_min,debleding,area_min_deblend,skybox_x,skybox_y,sky_method,nsigma,npixels,dilate_size,mask_stars,fwhm,threshold,roundlo,roundhi,sharplo,aper_stars,aper_fact,aper_center,aper_ellip,aper_pa,dr,View,area_segmap_pix,area_psf_pix,ratio_segmap_psf,flag_area,flag_area_th,SN_gal,bck,ratio_SN_gal,flag_SN,flag_SN_th,perc_SN_flag,perc_20_SN_gal,perc_50_SN_gal,perc_80_SN_gal,flag_image,flag_bck,flag_object,flag_statmorph,index
162r,185.9444013810531,2.9205080358671482,5000.0,0.0254,nan,6.053685810676764,14.447596929845425,30.427814422626746,130.47022345552756,131.24967970676207,38.55422529555082,50.61180918932402,14.808546203475911,18.52959768038746,0.582630849161048,-2.037824369064645,0.336234991108987,-0.033453046630548156,0.13329701125621796,3.506254408755826,0.04376269257259828,-0.008128784996774024,0.03761969904240766,0.03330581632821941,0.035170740388972985,0.07860807049657868,0.2423393280558302,0.06057008809114931,15.404759605914869,1.2906884051173635,320.4127158862677,320.3065182342327,0.4317946980419004,0.871699970051814,1.0,0.0,0.27,0.34629548650952463,1.3723592,30.0,22.5,0.2,1.5,2.5,5.0,1.0,5.0,5.0,5.0,masking_sources,2.0,5.0,11.0,1.0,3.0,10.0,-0.5,0.5,0.2,5.0,0.5,10.0,0.0,0.0,10.0,Face-on,3466.0,20.3,170.8,0.0,3.0,0.01579,0.0025100000202655792,6.3,0.0,3.0,50.0,3.9,6.3,14.6,0.0,0.0,0.0,0.0,162
