GAL,ra,dec,radvel,z,mag,r20,r50,r80,flux_c,flux_e,rpetro_c,rpetro_e,rhalf_c,rhalf_e,Gini,M20,F(G_M20),S(G_M20),SN_per_pixel,C,A,S,M,I,D,Ao,As,Ser_A,Ser_R,Ser_n,Ser_xc,Ser_yc,Ser_ellip,Ser_theta,flag_morph,flag_sersic,ima_sc_pix2arc,ima_sc_arc2kpc,psf_arcsec,size_image_phy_kpc,zp_ima,eta,petro_extent_cas,snr,area_min,debleding,area_min_deblend,skybox_x,skybox_y,sky_method,nsigma,npixels,dilate_size,mask_stars,fwhm,threshold,roundlo,roundhi,sharplo,aper_stars,aper_fact,aper_center,aper_ellip,aper_pa,dr,View,area_segmap_pix,area_psf_pix,ratio_segmap_psf,flag_area,flag_area_th,SN_gal,bck,ratio_SN_gal,flag_SN,flag_SN_th,perc_SN_flag,perc_20_SN_gal,perc_50_SN_gal,perc_80_SN_gal,flag_image,flag_bck,flag_object,flag_statmorph,index
631r,144.8356001978745,5.9280397470214545,5000.0,0.0836,nan,2.888424616239354,5.535693328542976,8.996840744512491,81.02118721982609,80.80126754990468,11.38231399014505,13.042753651271758,5.656322670070582,6.671737655560599,0.4342449023578435,-1.6837823343615101,-0.6436265756161479,-0.13114329114198486,0.4050372242927551,2.467144977125946,0.06571650075923464,0.05867727972489162,0.0,0.0,0.015338360480106363,0.008665107006830758,0.18799120437688213,0.3509567261218763,5.757997499027038,0.7254648661411793,320.196982624149,319.9969736220563,0.36092584953234635,3.134452762854548,0.0,0.0,0.27,0.34629548650952463,1.3931375,30.0,22.5,0.2,1.5,2.5,5.0,1.0,5.0,5.0,5.0,masking_sources,2.0,5.0,11.0,1.0,3.0,10.0,-0.5,0.5,0.2,5.0,0.5,10.0,0.0,0.0,10.0,Face-on,773.0,20.9,37.0,0.0,3.0,0.03545,0.0026499999221414328,13.4,0.0,3.0,50.0,4.7,13.4,64.3,0.0,0.0,0.0,0.0,631
