GAL,ra,dec,radvel,z,mag,r20,r50,r80,flux_c,flux_e,rpetro_c,rpetro_e,rhalf_c,rhalf_e,Gini,M20,F(G_M20),S(G_M20),SN_per_pixel,C,A,S,M,I,D,Ao,As,Ser_A,Ser_R,Ser_n,Ser_xc,Ser_yc,Ser_ellip,Ser_theta,flag_morph,flag_sersic,ima_sc_pix2arc,ima_sc_arc2kpc,psf_arcsec,size_image_phy_kpc,zp_ima,eta,petro_extent_cas,snr,area_min,debleding,area_min_deblend,skybox_x,skybox_y,sky_method,nsigma,npixels,dilate_size,mask_stars,fwhm,threshold,roundlo,roundhi,sharplo,aper_stars,aper_fact,aper_center,aper_ellip,aper_pa,dr,View,area_segmap_pix,area_psf_pix,ratio_segmap_psf,flag_area,flag_area_th,SN_gal,bck,ratio_SN_gal,flag_SN,flag_SN_th,perc_SN_flag,perc_20_SN_gal,perc_50_SN_gal,perc_80_SN_gal,flag_image,flag_bck,flag_object,flag_statmorph,index
119r,25.6515523712013,-8.570101660475,5000.0,0.0185,nan,14.85757684402489,29.459691469416395,45.7776167808025,193.21612645694984,193.3400525403707,58.15228260854584,59.185442813408926,29.481861760754356,29.863158183808185,0.4508551852803519,-1.4884750016450563,-0.6967536567222341,-0.08755139180111449,0.11715763807296753,2.4435259704229684,0.10336532640060833,0.01019073264283822,0.14558472553699284,0.15754103492064622,0.0618221353156886,0.09799549533590891,0.34030152513896794,0.026990635220529944,25.750514946574366,0.4493168249310754,317.0699363524566,321.54851281989136,0.01020500487365185,0.2030846577998533,0.0,0.0,0.27,0.34629548650952463,1.184784,30.0,22.5,0.2,1.5,2.5,5.0,1.0,5.0,5.0,5.0,masking_sources,2.0,5.0,11.0,1.0,3.0,10.0,-0.5,0.5,0.2,5.0,0.5,10.0,0.0,0.0,10.0,Face-on,8541.0,15.1,564.8,0.0,3.0,0.01482,0.0020200000144541264,7.4,0.0,3.0,50.0,4.2,7.4,14.6,0.0,0.0,0.0,0.0,119
