GAL,ra,dec,radvel,z,mag,r20,r50,r80,flux_c,flux_e,rpetro_c,rpetro_e,rhalf_c,rhalf_e,Gini,M20,F(G_M20),S(G_M20),SN_per_pixel,C,A,S,M,I,D,Ao,As,Ser_A,Ser_R,Ser_n,Ser_xc,Ser_yc,Ser_ellip,Ser_theta,flag_morph,flag_sersic,ima_sc_pix2arc,ima_sc_arc2kpc,psf_arcsec,size_image_phy_kpc,zp_ima,eta,petro_extent_cas,snr,area_min,debleding,area_min_deblend,skybox_x,skybox_y,sky_method,nsigma,npixels,dilate_size,mask_stars,fwhm,threshold,roundlo,roundhi,sharplo,aper_stars,aper_fact,aper_center,aper_ellip,aper_pa,dr,View,area_segmap_pix,area_psf_pix,ratio_segmap_psf,flag_area,flag_area_th,SN_gal,bck,ratio_SN_gal,flag_SN,flag_SN_th,perc_SN_flag,perc_20_SN_gal,perc_50_SN_gal,perc_80_SN_gal,flag_image,flag_bck,flag_object,flag_statmorph,index
853r,188.94242219606673,10.807038032763177,5000.0,0.1423,nan,4.341377118230631,8.197111205326754,12.649742378261491,83.87016015509639,83.95659012347025,15.947785582076227,16.944206073249152,8.272445631773616,8.916206861166003,0.4133374083877462,-1.6745769569382634,-0.75349799732244,-0.15056216271054995,0.28960055112838745,2.3222708397108454,0.0313913358187148,-0.002957662985505281,0.010169491525423728,0.00991199534934114,0.037186145987348304,-0.010078121478455444,0.22091707359025387,0.15913157679460632,7.745388946196107,0.44448168846070557,320.1456885560532,319.7223435116853,0.0881925719744651,1.3991241749196655,2.0,0.0,0.27,0.34629548650952463,1.2538148,30.0,22.5,0.2,1.5,2.5,5.0,1.0,5.0,5.0,5.0,masking_sources,2.0,5.0,11.0,1.0,3.0,10.0,-0.5,0.5,0.2,5.0,0.5,10.0,0.0,0.0,10.0,Face-on,1025.0,16.9,60.5,0.0,3.0,0.04668,0.004600000102072954,10.1,0.0,3.0,50.0,4.3,10.1,29.2,0.0,0.0,0.0,0.0,853
