GAL,ra,dec,radvel,z,mag,r20,r50,r80,flux_c,flux_e,rpetro_c,rpetro_e,rhalf_c,rhalf_e,Gini,M20,F(G_M20),S(G_M20),SN_per_pixel,C,A,S,M,I,D,Ao,As,Ser_A,Ser_R,Ser_n,Ser_xc,Ser_yc,Ser_ellip,Ser_theta,flag_morph,flag_sersic,ima_sc_pix2arc,ima_sc_arc2kpc,psf_arcsec,size_image_phy_kpc,zp_ima,eta,petro_extent_cas,snr,area_min,debleding,area_min_deblend,skybox_x,skybox_y,sky_method,nsigma,npixels,dilate_size,mask_stars,fwhm,threshold,roundlo,roundhi,sharplo,aper_stars,aper_fact,aper_center,aper_ellip,aper_pa,dr,View,area_segmap_pix,area_psf_pix,ratio_segmap_psf,flag_area,flag_area_th,SN_gal,bck,ratio_SN_gal,flag_SN,flag_SN_th,perc_SN_flag,perc_20_SN_gal,perc_50_SN_gal,perc_80_SN_gal,flag_image,flag_bck,flag_object,flag_statmorph,index
667r,157.4807304143677,1.6308434396698432,5000.0,0.0515,nan,2.397977221266133,4.945091728511014,9.196568217918298,151.41004810635857,151.7404308872201,11.589766463644123,13.793787668208848,5.598542039820216,6.676488274448566,0.519306052352541,-1.8287640293459455,-0.12210156851818166,-0.06708520825007086,0.49504154920578003,2.9189037166509992,0.020292231961655475,0.06116252827208562,0.0,0.0,0.04250156227403023,0.11373824367349142,0.4716814287410646,0.6060883747897213,4.656398325415798,1.6577631042286434,320.6368970107214,319.7201156052656,0.2442778973861572,1.113247714619951,0.0,0.0,0.27,0.34629548650952463,1.4265153,30.0,22.5,0.2,1.5,2.5,5.0,1.0,5.0,5.0,5.0,masking_sources,2.0,5.0,11.0,1.0,3.0,10.0,-0.5,0.5,0.2,5.0,0.5,10.0,0.0,0.0,10.0,Face-on,1592.0,21.9,72.6,0.0,3.0,0.02092,0.00279999990016222,7.5,0.0,3.0,50.0,3.9,7.5,33.9,0.0,0.0,0.0,0.0,667
