GAL,ra,dec,radvel,z,mag,r20,r50,r80,flux_c,flux_e,rpetro_c,rpetro_e,rhalf_c,rhalf_e,Gini,M20,F(G_M20),S(G_M20),SN_per_pixel,C,A,S,M,I,D,Ao,As,Ser_A,Ser_R,Ser_n,Ser_xc,Ser_yc,Ser_ellip,Ser_theta,flag_morph,flag_sersic,ima_sc_pix2arc,ima_sc_arc2kpc,psf_arcsec,size_image_phy_kpc,zp_ima,eta,petro_extent_cas,snr,area_min,debleding,area_min_deblend,skybox_x,skybox_y,sky_method,nsigma,npixels,dilate_size,mask_stars,fwhm,threshold,roundlo,roundhi,sharplo,aper_stars,aper_fact,aper_center,aper_ellip,aper_pa,dr,View,area_segmap_pix,area_psf_pix,ratio_segmap_psf,flag_area,flag_area_th,SN_gal,bck,ratio_SN_gal,flag_SN,flag_SN_th,perc_SN_flag,perc_20_SN_gal,perc_50_SN_gal,perc_80_SN_gal,flag_image,flag_bck,flag_object,flag_statmorph,index
544r,319.21601948578734,10.020231160321481,5000.0,0.0684,nan,5.12268990412814,10.966183581814514,21.15456026127803,88.86465014083441,84.67360455775383,27.776301646915,35.391467748633296,11.426314866706296,18.39707625334134,0.5007923367839451,-1.5740647231251512,-0.3902510797937424,-0.05001058309829043,0.23574411869049072,3.0795296746343643,0.11870568360442778,0.023029006308698027,0.015873015873015872,0.0,0.22287450229861458,0.052849429588201574,0.3040416571540131,0.15241635010561863,16.631555884105225,0.504435589522302,316.96342573563027,317.65857868606844,0.8051708170573919,0.5391084093952837,0.0,0.0,0.27,0.34629548650952463,1.426676,30.0,22.5,0.2,1.5,2.5,5.0,1.0,5.0,5.0,5.0,masking_sources,2.0,5.0,11.0,1.0,3.0,10.0,-0.5,0.5,0.2,5.0,0.5,10.0,0.0,0.0,10.0,Edge-on,1341.0,21.9,61.2,0.0,3.0,0.03305,0.003229999914765358,10.2,0.0,3.0,50.0,4.4,10.2,30.0,0.0,0.0,0.0,0.0,544
