GAL,ra,dec,radvel,z,mag,r20,r50,r80,flux_c,flux_e,rpetro_c,rpetro_e,rhalf_c,rhalf_e,Gini,M20,F(G_M20),S(G_M20),SN_per_pixel,C,A,S,M,I,D,Ao,As,Ser_A,Ser_R,Ser_n,Ser_xc,Ser_yc,Ser_ellip,Ser_theta,flag_morph,flag_sersic,ima_sc_pix2arc,ima_sc_arc2kpc,psf_arcsec,size_image_phy_kpc,zp_ima,eta,petro_extent_cas,snr,area_min,debleding,area_min_deblend,skybox_x,skybox_y,sky_method,nsigma,npixels,dilate_size,mask_stars,fwhm,threshold,roundlo,roundhi,sharplo,aper_stars,aper_fact,aper_center,aper_ellip,aper_pa,dr,View,area_segmap_pix,area_psf_pix,ratio_segmap_psf,flag_area,flag_area_th,SN_gal,bck,ratio_SN_gal,flag_SN,flag_SN_th,perc_SN_flag,perc_20_SN_gal,perc_50_SN_gal,perc_80_SN_gal,flag_image,flag_bck,flag_object,flag_statmorph,index
682r,26.950104139558754,-8.718631137645861,5000.0,0.0378,nan,4.186654702603015,8.668633634290037,15.687350111562251,380.15065472237245,377.4205901768743,19.682421226775062,23.538086597377113,9.349636702370844,11.572922326253424,0.49528484750685225,-1.7819353714715467,-0.2734587924112999,-0.08435701760276132,0.5088844895362854,2.8684122283140705,0.07537337296889766,0.0318221622885184,0.0,0.0,0.06301787266626316,0.05872562655418747,0.20598675017105555,0.44829699678374624,11.047999506862169,1.158151447591801,320.30103333811593,319.9554847126958,0.46659663902788984,0.15958974581275137,0.0,0.0,0.27,0.34629548650952463,1.1408144,30.0,22.5,0.2,1.5,2.5,5.0,1.0,5.0,5.0,5.0,masking_sources,2.0,5.0,11.0,1.0,3.0,10.0,-0.5,0.5,0.2,5.0,0.5,10.0,0.0,0.0,10.0,Face-on,4131.0,14.0,294.6,0.0,3.0,0.01869,0.002050000010058284,9.1,0.0,3.0,50.0,4.3,9.1,43.2,0.0,0.0,0.0,0.0,682
