GAL,ra,dec,radvel,z,mag,r20,r50,r80,flux_c,flux_e,rpetro_c,rpetro_e,rhalf_c,rhalf_e,Gini,M20,F(G_M20),S(G_M20),SN_per_pixel,C,A,S,M,I,D,Ao,As,Ser_A,Ser_R,Ser_n,Ser_xc,Ser_yc,Ser_ellip,Ser_theta,flag_morph,flag_sersic,ima_sc_pix2arc,ima_sc_arc2kpc,psf_arcsec,size_image_phy_kpc,zp_ima,eta,petro_extent_cas,snr,area_min,debleding,area_min_deblend,skybox_x,skybox_y,sky_method,nsigma,npixels,dilate_size,mask_stars,fwhm,threshold,roundlo,roundhi,sharplo,aper_stars,aper_fact,aper_center,aper_ellip,aper_pa,dr,View,area_segmap_pix,area_psf_pix,ratio_segmap_psf,flag_area,flag_area_th,SN_gal,bck,ratio_SN_gal,flag_SN,flag_SN_th,perc_SN_flag,perc_20_SN_gal,perc_50_SN_gal,perc_80_SN_gal,flag_image,flag_bck,flag_object,flag_statmorph,index
1198r,139.7842976672303,3.6308328891644113,5000.0,0.0359,nan,5.424246303119337,10.671574798019156,16.944201812167453,86.19521985038105,84.67270886779912,21.417585378757988,24.619313637447615,13.567893646420037,16.285967730530967,0.4622761170324906,-1.6144651672710133,-0.5529088597703593,-0.09375730238850516,0.22279424965381622,2.4734085687393046,0.0428854756544671,0.023730382858896868,0.02631578947368421,0.06711971344282708,0.05809799408382656,0.15287800951712338,1.9980152166882998,0.10345512476347206,11.588913794567922,0.42484585906818134,319.7645488787113,319.624468297167,0.34597442228953246,1.557694604003865,1.0,0.0,0.27,0.34629548650952463,1.2010058,30.0,22.5,0.2,1.5,2.5,5.0,1.0,5.0,5.0,5.0,masking_sources,2.0,5.0,11.0,1.0,3.0,10.0,-0.5,0.5,0.2,5.0,0.5,10.0,0.0,0.0,10.0,Face-on,1337.0,15.5,86.0,0.0,3.0,0.03868,0.004000000189989805,9.7,0.0,3.0,50.0,4.2,9.7,23.3,0.0,0.0,0.0,0.0,1198
