GAL,ra,dec,radvel,z,mag,r20,r50,r80,flux_c,flux_e,rpetro_c,rpetro_e,rhalf_c,rhalf_e,Gini,M20,F(G_M20),S(G_M20),SN_per_pixel,C,A,S,M,I,D,Ao,As,Ser_A,Ser_R,Ser_n,Ser_xc,Ser_yc,Ser_ellip,Ser_theta,flag_morph,flag_sersic,ima_sc_pix2arc,ima_sc_arc2kpc,psf_arcsec,size_image_phy_kpc,zp_ima,eta,petro_extent_cas,snr,area_min,debleding,area_min_deblend,skybox_x,skybox_y,sky_method,nsigma,npixels,dilate_size,mask_stars,fwhm,threshold,roundlo,roundhi,sharplo,aper_stars,aper_fact,aper_center,aper_ellip,aper_pa,dr,View,area_segmap_pix,area_psf_pix,ratio_segmap_psf,flag_area,flag_area_th,SN_gal,bck,ratio_SN_gal,flag_SN,flag_SN_th,perc_SN_flag,perc_20_SN_gal,perc_50_SN_gal,perc_80_SN_gal,flag_image,flag_bck,flag_object,flag_statmorph,index
1151r,196.86453525074475,11.815213508257566,5000.0,0.1536,nan,5.555102140915501,10.582351339543383,17.199291568709196,106.70010271147645,106.64402229930661,22.501323062814432,26.519223370857134,10.590775513226028,13.353938587455954,0.41250494382974107,-1.7087101879756117,-0.7339643677756826,-0.1561308217371664,0.25185874104499817,2.454092551059264,0.10371827359585668,0.007649689624814111,0.0035714285714285713,0.0,0.03078956409753993,0.1604378141618275,0.13250627389963696,0.13036081603481303,12.298851006912589,0.39714902818913284,319.59979358377774,319.9260860734596,0.41018995013829274,2.8993808105774352,0.0,0.0,0.27,0.34629548650952463,1.6717546,30.0,22.5,0.2,1.5,2.5,5.0,1.0,5.0,5.0,5.0,masking_sources,2.0,5.0,11.0,1.0,3.0,10.0,-0.5,0.5,0.2,5.0,0.5,10.0,0.0,0.0,10.0,Face-on,1546.0,30.1,51.3,0.0,3.0,0.04738,0.003969999961555004,11.9,0.0,3.0,50.0,4.7,11.9,26.6,0.0,0.0,0.0,0.0,1151
