GAL,ra,dec,radvel,z,mag,r20,r50,r80,flux_c,flux_e,rpetro_c,rpetro_e,rhalf_c,rhalf_e,Gini,M20,F(G_M20),S(G_M20),SN_per_pixel,C,A,S,M,I,D,Ao,As,Ser_A,Ser_R,Ser_n,Ser_xc,Ser_yc,Ser_ellip,Ser_theta,flag_morph,flag_sersic,ima_sc_pix2arc,ima_sc_arc2kpc,psf_arcsec,size_image_phy_kpc,zp_ima,eta,petro_extent_cas,snr,area_min,debleding,area_min_deblend,skybox_x,skybox_y,sky_method,nsigma,npixels,dilate_size,mask_stars,fwhm,threshold,roundlo,roundhi,sharplo,aper_stars,aper_fact,aper_center,aper_ellip,aper_pa,dr,View,area_segmap_pix,area_psf_pix,ratio_segmap_psf,flag_area,flag_area_th,SN_gal,bck,ratio_SN_gal,flag_SN,flag_SN_th,perc_SN_flag,perc_20_SN_gal,perc_50_SN_gal,perc_80_SN_gal,flag_image,flag_bck,flag_object,flag_statmorph,index
970r,170.71335116853095,0.9778251032711441,5000.0,0.1522,nan,3.1454914963582743,6.438560123762879,11.831954150388155,83.8833639735899,83.9235358048125,14.913943596345925,20.133698973354743,6.563332075417,9.393311710552064,0.4852903802821565,-1.8103579692842695,-0.30323454488932633,-0.09820228125117858,0.33128517866134644,2.8768398131883033,0.04113885744202725,0.009664375776295175,0.0037735849056603774,0.0,0.04920078126442749,0.03231806501733041,0.14796356859262397,0.3397665296015928,8.03161216593215,0.7819304771443132,319.546192349497,319.6841636177191,0.6703355871725926,2.968043557190466,0.0,0.0,0.27,0.34629548650952463,1.6500255,30.0,22.5,0.2,1.5,2.5,5.0,1.0,5.0,5.0,5.0,masking_sources,2.0,5.0,11.0,1.0,3.0,10.0,-0.5,0.5,0.2,5.0,0.5,10.0,0.0,0.0,10.0,Edge-on,778.0,29.3,26.5,0.0,3.0,0.05326,0.004689999856054783,11.4,0.0,3.0,50.0,4.4,11.4,33.6,0.0,0.0,0.0,0.0,970
