GAL,ra,dec,radvel,z,mag,r20,r50,r80,flux_c,flux_e,rpetro_c,rpetro_e,rhalf_c,rhalf_e,Gini,M20,F(G_M20),S(G_M20),SN_per_pixel,C,A,S,M,I,D,Ao,As,Ser_A,Ser_R,Ser_n,Ser_xc,Ser_yc,Ser_ellip,Ser_theta,flag_morph,flag_sersic,ima_sc_pix2arc,ima_sc_arc2kpc,psf_arcsec,size_image_phy_kpc,zp_ima,eta,petro_extent_cas,snr,area_min,debleding,area_min_deblend,skybox_x,skybox_y,sky_method,nsigma,npixels,dilate_size,mask_stars,fwhm,threshold,roundlo,roundhi,sharplo,aper_stars,aper_fact,aper_center,aper_ellip,aper_pa,dr,View,area_segmap_pix,area_psf_pix,ratio_segmap_psf,flag_area,flag_area_th,SN_gal,bck,ratio_SN_gal,flag_SN,flag_SN_th,perc_SN_flag,perc_20_SN_gal,perc_50_SN_gal,perc_80_SN_gal,flag_image,flag_bck,flag_object,flag_statmorph,index
593r,3.8095183820517433,0.8227858353354557,5000.0,0.0631,nan,2.6160374650530107,5.218244175530895,8.881954523327025,149.8526613128455,151.8934180167622,11.058382384496838,15.738130937565938,5.899776160575224,7.862688763360958,0.514547693395,-1.7658577947197127,-0.1892494659539894,-0.06305201700499014,0.4907299876213074,2.6543229292293873,0.06905011302941984,0.05578556725719256,0.0,0.0,0.019595619506735464,0.1846913737762957,0.6768315074422973,0.5656341754106926,5.227262406888816,1.1275235925356155,319.8534810855198,320.0365511394643,0.2566494746095943,1.405375826350643,0.0,0.0,0.27,0.34629548650952463,1.235926,30.0,22.5,0.2,1.5,2.5,5.0,1.0,5.0,5.0,5.0,masking_sources,2.0,5.0,11.0,1.0,3.0,10.0,-0.5,0.5,0.2,5.0,0.5,10.0,0.0,0.0,10.0,Face-on,1584.0,16.5,96.3,0.0,3.0,0.02115,0.0026700000744313,7.9,0.0,3.0,50.0,3.9,7.9,32.7,0.0,0.0,0.0,0.0,593
