GAL,ra,dec,radvel,z,mag,r20,r50,r80,flux_c,flux_e,rpetro_c,rpetro_e,rhalf_c,rhalf_e,Gini,M20,F(G_M20),S(G_M20),SN_per_pixel,C,A,S,M,I,D,Ao,As,Ser_A,Ser_R,Ser_n,Ser_xc,Ser_yc,Ser_ellip,Ser_theta,flag_morph,flag_sersic,ima_sc_pix2arc,ima_sc_arc2kpc,psf_arcsec,size_image_phy_kpc,zp_ima,eta,petro_extent_cas,snr,area_min,debleding,area_min_deblend,skybox_x,skybox_y,sky_method,nsigma,npixels,dilate_size,mask_stars,fwhm,threshold,roundlo,roundhi,sharplo,aper_stars,aper_fact,aper_center,aper_ellip,aper_pa,dr,View,area_segmap_pix,area_psf_pix,ratio_segmap_psf,flag_area,flag_area_th,SN_gal,bck,ratio_SN_gal,flag_SN,flag_SN_th,perc_SN_flag,perc_20_SN_gal,perc_50_SN_gal,perc_80_SN_gal,flag_image,flag_bck,flag_object,flag_statmorph,index
463r,152.95739885209343,3.2111794209897573,5000.0,0.0465,nan,4.083916626467324,8.518212950490108,15.526693434280725,117.70751568798099,117.38904638658224,19.270240219401654,25.584135254943007,8.926168122285647,12.160421796409876,0.49803372681514535,-1.8061464012070478,-0.2430735962285464,-0.08500096022078579,0.29321715235710144,2.9000105542415904,-0.02029020846463056,0.013083826686513903,0.0032967032967032967,0.0,0.021739401518233448,-0.1499326774236068,0.22280389239798426,0.19336203765732068,10.86876927341368,0.886603631906825,319.79344358811096,319.815266531674,0.5823140524658387,2.1082674795708845,0.0,0.0,0.27,0.34629548650952463,1.3484386,30.0,22.5,0.2,1.5,2.5,5.0,1.0,5.0,5.0,5.0,masking_sources,2.0,5.0,11.0,1.0,3.0,10.0,-0.5,0.5,0.2,5.0,0.5,10.0,0.0,0.0,10.0,Edge-on,1386.0,19.6,70.8,0.0,3.0,0.03555,0.00443999981507659,8.0,0.0,3.0,50.0,4.0,8.0,25.5,0.0,0.0,0.0,0.0,463
