GAL,ra,dec,radvel,z,mag,r20,r50,r80,flux_c,flux_e,rpetro_c,rpetro_e,rhalf_c,rhalf_e,Gini,M20,F(G_M20),S(G_M20),SN_per_pixel,C,A,S,M,I,D,Ao,As,Ser_A,Ser_R,Ser_n,Ser_xc,Ser_yc,Ser_ellip,Ser_theta,flag_morph,flag_sersic,ima_sc_pix2arc,ima_sc_arc2kpc,psf_arcsec,size_image_phy_kpc,zp_ima,eta,petro_extent_cas,snr,area_min,debleding,area_min_deblend,skybox_x,skybox_y,sky_method,nsigma,npixels,dilate_size,mask_stars,fwhm,threshold,roundlo,roundhi,sharplo,aper_stars,aper_fact,aper_center,aper_ellip,aper_pa,dr,View,area_segmap_pix,area_psf_pix,ratio_segmap_psf,flag_area,flag_area_th,SN_gal,bck,ratio_SN_gal,flag_SN,flag_SN_th,perc_SN_flag,perc_20_SN_gal,perc_50_SN_gal,perc_80_SN_gal,flag_image,flag_bck,flag_object,flag_statmorph,index
408r,32.141701280150876,0.27670414494143997,5000.0,0.0723,nan,4.893765631365754,9.96119026195109,16.092900326744683,90.65923316595959,90.90742174807792,20.507177208609917,24.03861947522774,9.991104663578858,12.25039331629195,0.43223319892145134,-1.3797769958128088,-0.8642602072405396,-0.09087813548574361,0.24678829312324524,2.5849557741866356,0.3822479971536854,0.0005361180868612696,0.11610486891385768,0.18217149403414484,0.1545854498397088,0.5092636191826635,0.5182085456918702,0.107111660033785,12.07265774912617,0.3122151699316089,319.7385210376281,316.47183921925284,0.3681276886608711,0.9797243128316265,0.0,0.0,0.27,0.34629548650952463,1.160438,30.0,22.5,0.2,1.5,2.5,5.0,1.0,5.0,5.0,5.0,masking_sources,2.0,5.0,11.0,1.0,3.0,10.0,-0.5,0.5,0.2,5.0,0.5,10.0,0.0,0.0,10.0,Face-on,1429.0,14.5,98.5,0.0,3.0,0.04261,0.002240000059828162,19.0,0.0,3.0,50.0,5.6,19.0,42.6,0.0,0.0,0.0,0.0,408
