GAL,ra,dec,radvel,z,mag,r20,r50,r80,flux_c,flux_e,rpetro_c,rpetro_e,rhalf_c,rhalf_e,Gini,M20,F(G_M20),S(G_M20),SN_per_pixel,C,A,S,M,I,D,Ao,As,Ser_A,Ser_R,Ser_n,Ser_xc,Ser_yc,Ser_ellip,Ser_theta,flag_morph,flag_sersic,ima_sc_pix2arc,ima_sc_arc2kpc,psf_arcsec,size_image_phy_kpc,zp_ima,eta,petro_extent_cas,snr,area_min,debleding,area_min_deblend,skybox_x,skybox_y,sky_method,nsigma,npixels,dilate_size,mask_stars,fwhm,threshold,roundlo,roundhi,sharplo,aper_stars,aper_fact,aper_center,aper_ellip,aper_pa,dr,View,area_segmap_pix,area_psf_pix,ratio_segmap_psf,flag_area,flag_area_th,SN_gal,bck,ratio_SN_gal,flag_SN,flag_SN_th,perc_SN_flag,perc_20_SN_gal,perc_50_SN_gal,perc_80_SN_gal,flag_image,flag_bck,flag_object,flag_statmorph,index
507r,147.37505124578044,9.002453132094974,5000.0,0.097,nan,2.999075490297224,6.476731216513201,12.262954409675817,75.59548521969107,75.11705159820619,15.499784472523304,18.212466786575682,6.551149220961857,8.63615518829836,0.5341973668983604,-1.679501751465504,-0.1518283200875219,-0.0315953502243283,0.2955435514450073,3.0580385803569285,0.06546389371843088,0.014918991676422607,0.009900990099009901,0.0,0.06963028495580617,0.07177984182724732,0.29583205661156264,0.22750886175174212,6.959111986915676,0.9440001103701019,320.0081940645979,319.900027932941,0.5068822459131961,2.8952036467584037,1.0,0.0,0.27,0.34629548650952463,1.0569127,30.0,22.5,0.2,1.5,2.5,5.0,1.0,5.0,5.0,5.0,masking_sources,2.0,5.0,11.0,1.0,3.0,10.0,-0.5,0.5,0.2,5.0,0.5,10.0,0.0,0.0,10.0,Edge-on,729.0,12.0,60.6,0.0,3.0,0.04398,0.005770000163465738,7.6,0.0,3.0,50.0,3.8,7.6,23.4,0.0,0.0,0.0,0.0,507
