GAL,ra,dec,radvel,z,mag,r20,r50,r80,flux_c,flux_e,rpetro_c,rpetro_e,rhalf_c,rhalf_e,Gini,M20,F(G_M20),S(G_M20),SN_per_pixel,C,A,S,M,I,D,Ao,As,Ser_A,Ser_R,Ser_n,Ser_xc,Ser_yc,Ser_ellip,Ser_theta,flag_morph,flag_sersic,ima_sc_pix2arc,ima_sc_arc2kpc,psf_arcsec,size_image_phy_kpc,zp_ima,eta,petro_extent_cas,snr,area_min,debleding,area_min_deblend,skybox_x,skybox_y,sky_method,nsigma,npixels,dilate_size,mask_stars,fwhm,threshold,roundlo,roundhi,sharplo,aper_stars,aper_fact,aper_center,aper_ellip,aper_pa,dr,View,area_segmap_pix,area_psf_pix,ratio_segmap_psf,flag_area,flag_area_th,SN_gal,bck,ratio_SN_gal,flag_SN,flag_SN_th,perc_SN_flag,perc_20_SN_gal,perc_50_SN_gal,perc_80_SN_gal,flag_image,flag_bck,flag_object,flag_statmorph,index
538r,166.980089041609,11.13131716724547,5000.0,0.0639,nan,5.5630459773582395,10.975635879515512,19.84555319083449,130.15814481214576,128.98527983235374,25.247569189289518,31.522133805313256,11.31798062630303,14.8562010283994,0.4881291770039009,-1.7868681212949011,-0.3054609657733236,-0.09212678362612939,0.24163725972175598,2.7617527998967715,0.06275665663525289,0.06147873445031408,0.009259259259259259,0.03862447998761835,0.04211398861084163,0.09403309510791112,0.22881966725173092,0.12720387086033447,13.072650635265076,0.6706642724757333,319.1929981951887,320.3118033566683,0.4866412177753705,2.1065494231919892,0.0,0.0,0.27,0.34629548650952463,1.2812831,30.0,22.5,0.2,1.5,2.5,5.0,1.0,5.0,5.0,5.0,masking_sources,2.0,5.0,11.0,1.0,3.0,10.0,-0.5,0.5,0.2,5.0,0.5,10.0,0.0,0.0,10.0,Face-on,1586.0,17.7,89.7,0.0,3.0,0.04694,0.005619999952614307,8.3,0.0,3.0,50.0,4.1,8.3,19.6,0.0,0.0,0.0,0.0,538
