GAL,ra,dec,radvel,z,mag,r20,r50,r80,flux_c,flux_e,rpetro_c,rpetro_e,rhalf_c,rhalf_e,Gini,M20,F(G_M20),S(G_M20),SN_per_pixel,C,A,S,M,I,D,Ao,As,Ser_A,Ser_R,Ser_n,Ser_xc,Ser_yc,Ser_ellip,Ser_theta,flag_morph,flag_sersic,ima_sc_pix2arc,ima_sc_arc2kpc,psf_arcsec,size_image_phy_kpc,zp_ima,eta,petro_extent_cas,snr,area_min,debleding,area_min_deblend,skybox_x,skybox_y,sky_method,nsigma,npixels,dilate_size,mask_stars,fwhm,threshold,roundlo,roundhi,sharplo,aper_stars,aper_fact,aper_center,aper_ellip,aper_pa,dr,View,area_segmap_pix,area_psf_pix,ratio_segmap_psf,flag_area,flag_area_th,SN_gal,bck,ratio_SN_gal,flag_SN,flag_SN_th,perc_SN_flag,perc_20_SN_gal,perc_50_SN_gal,perc_80_SN_gal,flag_image,flag_bck,flag_object,flag_statmorph,index
907r,196.50998688038374,-2.1861490573791564,5000.0,0.0836,nan,3.6981207405731555,7.811335826209995,14.588561065720894,169.68055770719997,170.47889578664996,18.39169915392912,23.889747157143255,8.265991832681102,11.497429809804773,0.4946234360538194,-1.857035781123686,-0.22468819521487937,-0.09545077188291118,0.37616658210754395,2.98015685605957,0.026844664000356996,0.037668351538772,0.0,0.0,0.01771248874555568,0.009497250033210922,0.2637417299540366,0.3497477452985132,9.845187532030732,1.0576141979244273,319.8044040150248,319.87664827703423,0.6137578240091461,2.4909081849960106,0.0,0.0,0.27,0.34629548650952463,1.7754761,30.0,22.5,0.2,1.5,2.5,5.0,1.0,5.0,5.0,5.0,masking_sources,2.0,5.0,11.0,1.0,3.0,10.0,-0.5,0.5,0.2,5.0,0.5,10.0,0.0,0.0,10.0,Edge-on,1551.0,34.0,45.7,0.0,3.0,0.0415,0.004100000020116568,10.1,0.0,3.0,50.0,4.2,10.1,36.5,0.0,0.0,0.0,0.0,907
