GAL,ra,dec,radvel,z,mag,r20,r50,r80,flux_c,flux_e,rpetro_c,rpetro_e,rhalf_c,rhalf_e,Gini,M20,F(G_M20),S(G_M20),SN_per_pixel,C,A,S,M,I,D,Ao,As,Ser_A,Ser_R,Ser_n,Ser_xc,Ser_yc,Ser_ellip,Ser_theta,flag_morph,flag_sersic,ima_sc_pix2arc,ima_sc_arc2kpc,psf_arcsec,size_image_phy_kpc,zp_ima,eta,petro_extent_cas,snr,area_min,debleding,area_min_deblend,skybox_x,skybox_y,sky_method,nsigma,npixels,dilate_size,mask_stars,fwhm,threshold,roundlo,roundhi,sharplo,aper_stars,aper_fact,aper_center,aper_ellip,aper_pa,dr,View,area_segmap_pix,area_psf_pix,ratio_segmap_psf,flag_area,flag_area_th,SN_gal,bck,ratio_SN_gal,flag_SN,flag_SN_th,perc_SN_flag,perc_20_SN_gal,perc_50_SN_gal,perc_80_SN_gal,flag_image,flag_bck,flag_object,flag_statmorph,index
236r,189.83690225884123,1.1023997960504128,5000.0,0.0256,nan,8.11969167248975,17.7375560524562,30.58102113448091,176.80537520566966,176.93277035240158,39.21220194825689,41.66144567544689,17.928935191045188,18.945478763371465,0.5701243106092597,-1.7910352670498337,0.10330277758137019,-0.011530834616759855,0.16907933354377747,2.879562223621371,0.1890121415904371,0.046007915937238936,0.00969787392763894,0.1393695063768509,0.0782190810968605,0.2646950419035325,0.22803197476147324,0.0765497232734791,15.866070729600471,0.7284759597408197,321.0607390785833,320.44178735310635,0.1107737721232209,0.2254645525139952,0.0,0.0,0.27,0.34629548650952463,1.0534444,30.0,22.5,0.2,1.5,2.5,5.0,1.0,5.0,5.0,5.0,masking_sources,2.0,5.0,11.0,1.0,3.0,10.0,-0.5,0.5,0.2,5.0,0.5,10.0,0.0,0.0,10.0,Face-on,6084.0,12.0,508.9,0.0,3.0,0.01266,0.0009299999801442027,13.7,0.0,3.0,50.0,5.3,13.7,42.6,0.0,0.0,0.0,0.0,236
