GAL,ra,dec,radvel,z,mag,r20,r50,r80,flux_c,flux_e,rpetro_c,rpetro_e,rhalf_c,rhalf_e,Gini,M20,F(G_M20),S(G_M20),SN_per_pixel,C,A,S,M,I,D,Ao,As,Ser_A,Ser_R,Ser_n,Ser_xc,Ser_yc,Ser_ellip,Ser_theta,flag_morph,flag_sersic,ima_sc_pix2arc,ima_sc_arc2kpc,psf_arcsec,size_image_phy_kpc,zp_ima,eta,petro_extent_cas,snr,area_min,debleding,area_min_deblend,skybox_x,skybox_y,sky_method,nsigma,npixels,dilate_size,mask_stars,fwhm,threshold,roundlo,roundhi,sharplo,aper_stars,aper_fact,aper_center,aper_ellip,aper_pa,dr,View,area_segmap_pix,area_psf_pix,ratio_segmap_psf,flag_area,flag_area_th,SN_gal,bck,ratio_SN_gal,flag_SN,flag_SN_th,perc_SN_flag,perc_20_SN_gal,perc_50_SN_gal,perc_80_SN_gal,flag_image,flag_bck,flag_object,flag_statmorph,index
1110r,185.9453769319406,8.90800132200269,5000.0,0.1009,nan,5.7115298061621225,11.523212062059399,20.247409084334368,85.128495590715,84.36529841681343,26.14335822000387,34.560403225548406,11.533405634309135,15.697946977285483,0.4815802010354151,-1.7947479511533733,-0.3324176747254075,-0.09970556618525797,0.18522164225578308,2.7480850500682314,0.0831485043863822,0.034510864201840984,0.01639344262295082,0.06639709629481,0.05152723861582431,0.11881742706957905,0.17976753661591643,0.07755553234102248,14.036355935208869,0.5919056496808012,319.9110698610341,319.9914335490486,0.5079469012319685,2.7435318541838813,0.0,0.0,0.27,0.34629548650952463,1.027264,30.0,22.5,0.2,1.5,2.5,5.0,1.0,5.0,5.0,5.0,masking_sources,2.0,5.0,11.0,1.0,3.0,10.0,-0.5,0.5,0.2,5.0,0.5,10.0,0.0,0.0,10.0,Edge-on,1458.0,11.4,128.2,0.0,3.0,0.0363,0.00558000011369586,6.5,0.0,3.0,50.0,3.8,6.5,13.1,0.0,0.0,0.0,0.0,1110
