GAL,ra,dec,radvel,z,mag,r20,r50,r80,flux_c,flux_e,rpetro_c,rpetro_e,rhalf_c,rhalf_e,Gini,M20,F(G_M20),S(G_M20),SN_per_pixel,C,A,S,M,I,D,Ao,As,Ser_A,Ser_R,Ser_n,Ser_xc,Ser_yc,Ser_ellip,Ser_theta,flag_morph,flag_sersic,ima_sc_pix2arc,ima_sc_arc2kpc,psf_arcsec,size_image_phy_kpc,zp_ima,eta,petro_extent_cas,snr,area_min,debleding,area_min_deblend,skybox_x,skybox_y,sky_method,nsigma,npixels,dilate_size,mask_stars,fwhm,threshold,roundlo,roundhi,sharplo,aper_stars,aper_fact,aper_center,aper_ellip,aper_pa,dr,View,area_segmap_pix,area_psf_pix,ratio_segmap_psf,flag_area,flag_area_th,SN_gal,bck,ratio_SN_gal,flag_SN,flag_SN_th,perc_SN_flag,perc_20_SN_gal,perc_50_SN_gal,perc_80_SN_gal,flag_image,flag_bck,flag_object,flag_statmorph,index
809r,352.14988706204724,0.10069765823831463,5000.0,0.0679,nan,2.9296962572892387,6.027782986209427,11.80582807760225,135.10199232375192,134.72324817519046,14.746013084202149,16.855500127456462,6.788316251504508,8.14274547183383,0.5290892140102903,-1.8127348927144897,-0.08478310999792171,-0.05517182821712674,0.38125160336494446,3.0263692913277436,0.05210992384913258,0.0004659326785644771,0.031042128603104215,0.016553192828673322,0.031161312857300477,0.04480761171698397,0.257080420890004,0.28616043813622016,6.958926648324557,1.6357446262737019,319.71141314932424,319.76921651093096,0.3538255546867635,1.0060427024988772,0.0,0.0,0.27,0.34629548650952463,1.2105645,30.0,22.5,0.2,1.5,2.5,5.0,1.0,5.0,5.0,5.0,masking_sources,2.0,5.0,11.0,1.0,3.0,10.0,-0.5,0.5,0.2,5.0,0.5,10.0,0.0,0.0,10.0,Face-on,2084.0,15.8,132.0,0.0,3.0,0.0169,0.0021200000774115324,8.0,0.0,3.0,50.0,3.8,8.0,29.1,0.0,0.0,0.0,0.0,809
