GAL,ra,dec,radvel,z,mag,r20,r50,r80,flux_c,flux_e,rpetro_c,rpetro_e,rhalf_c,rhalf_e,Gini,M20,F(G_M20),S(G_M20),SN_per_pixel,C,A,S,M,I,D,Ao,As,Ser_A,Ser_R,Ser_n,Ser_xc,Ser_yc,Ser_ellip,Ser_theta,flag_morph,flag_sersic,ima_sc_pix2arc,ima_sc_arc2kpc,psf_arcsec,size_image_phy_kpc,zp_ima,eta,petro_extent_cas,snr,area_min,debleding,area_min_deblend,skybox_x,skybox_y,sky_method,nsigma,npixels,dilate_size,mask_stars,fwhm,threshold,roundlo,roundhi,sharplo,aper_stars,aper_fact,aper_center,aper_ellip,aper_pa,dr,View,area_segmap_pix,area_psf_pix,ratio_segmap_psf,flag_area,flag_area_th,SN_gal,bck,ratio_SN_gal,flag_SN,flag_SN_th,perc_SN_flag,perc_20_SN_gal,perc_50_SN_gal,perc_80_SN_gal,flag_image,flag_bck,flag_object,flag_statmorph,index
156r,182.59021328305775,13.476153598826123,5000.0,0.028,nan,7.679776448486538,17.63219466776154,34.17674126021675,80.9413447059501,78.69416655467627,39.63477152989071,66.94952418250534,18.3308430053252,29.307253571411746,0.5605216762512832,-1.7310324927584548,0.014187814925461506,-0.012697057004654788,0.1377459317445755,3.241910361261238,-0.17086863163798932,0.03020887884652413,0.03691275167785235,0.8249322119110244,0.024471939668935544,-0.125472689308064,0.1613791731288698,0.05554605438376455,24.80392072607388,0.5772876834685353,322.6494790978031,320.44366544937895,0.8087243214483624,3.0474418956524114,0.0,0.0,0.27,0.34629548650952463,1.2639633,30.0,22.5,0.2,1.5,2.5,5.0,1.0,5.0,5.0,5.0,masking_sources,2.0,5.0,11.0,1.0,3.0,10.0,-0.5,0.5,0.2,5.0,0.5,10.0,0.0,0.0,10.0,Edge-on,1617.0,17.2,93.9,0.0,3.0,0.03028,0.005080000031739473,6.0,0.0,3.0,50.0,3.6,6.0,10.8,0.0,0.0,0.0,0.0,156
