GAL,ra,dec,radvel,z,mag,r20,r50,r80,flux_c,flux_e,rpetro_c,rpetro_e,rhalf_c,rhalf_e,Gini,M20,F(G_M20),S(G_M20),SN_per_pixel,C,A,S,M,I,D,Ao,As,Ser_A,Ser_R,Ser_n,Ser_xc,Ser_yc,Ser_ellip,Ser_theta,flag_morph,flag_sersic,ima_sc_pix2arc,ima_sc_arc2kpc,psf_arcsec,size_image_phy_kpc,zp_ima,eta,petro_extent_cas,snr,area_min,debleding,area_min_deblend,skybox_x,skybox_y,sky_method,nsigma,npixels,dilate_size,mask_stars,fwhm,threshold,roundlo,roundhi,sharplo,aper_stars,aper_fact,aper_center,aper_ellip,aper_pa,dr,View,area_segmap_pix,area_psf_pix,ratio_segmap_psf,flag_area,flag_area_th,SN_gal,bck,ratio_SN_gal,flag_SN,flag_SN_th,perc_SN_flag,perc_20_SN_gal,perc_50_SN_gal,perc_80_SN_gal,flag_image,flag_bck,flag_object,flag_statmorph,index
79r,9.730491833409161,0.9921371330751675,5000.0,0.0261,nan,5.459084130771399,11.25176336503899,25.490537112888227,83.5987157597214,83.91982411515171,31.632059655703664,43.70131818151059,12.988941668605573,20.897342612273224,0.6316180104351222,-1.2471613361444833,0.03079195760198239,0.12494640460668782,0.1845310777425766,3.346295996397754,0.08934252796511266,0.08534013755610709,0.18876080691642652,0.4852851652224077,0.04251107373419971,0.29971656260451135,0.5294614200299175,0.11071916671435092,19.185832177528948,0.5691902695816203,320.87631648148374,318.23438767737906,0.7776351317944896,1.9825281084374626,0.0,0.0,0.27,0.34629548650952463,1.3392667,30.0,22.5,0.2,1.5,2.5,5.0,1.0,5.0,5.0,5.0,masking_sources,2.0,5.0,11.0,1.0,3.0,10.0,-0.5,0.5,0.2,5.0,0.5,10.0,0.0,0.0,10.0,Edge-on,2201.0,19.3,113.9,0.0,3.0,0.01478,0.0013299999991431832,11.1,0.0,3.0,50.0,4.5,11.1,37.0,0.0,0.0,0.0,0.0,79
