GAL,ra,dec,radvel,z,mag,r20,r50,r80,flux_c,flux_e,rpetro_c,rpetro_e,rhalf_c,rhalf_e,Gini,M20,F(G_M20),S(G_M20),SN_per_pixel,C,A,S,M,I,D,Ao,As,Ser_A,Ser_R,Ser_n,Ser_xc,Ser_yc,Ser_ellip,Ser_theta,flag_morph,flag_sersic,ima_sc_pix2arc,ima_sc_arc2kpc,psf_arcsec,size_image_phy_kpc,zp_ima,eta,petro_extent_cas,snr,area_min,debleding,area_min_deblend,skybox_x,skybox_y,sky_method,nsigma,npixels,dilate_size,mask_stars,fwhm,threshold,roundlo,roundhi,sharplo,aper_stars,aper_fact,aper_center,aper_ellip,aper_pa,dr,View,area_segmap_pix,area_psf_pix,ratio_segmap_psf,flag_area,flag_area_th,SN_gal,bck,ratio_SN_gal,flag_SN,flag_SN_th,perc_SN_flag,perc_20_SN_gal,perc_50_SN_gal,perc_80_SN_gal,flag_image,flag_bck,flag_object,flag_statmorph,index
742r,9.84710965762416,-0.9279615542264293,5000.0,0.0821,nan,5.554672230540595,14.946294088913696,26.261855408118752,113.68578462557463,109.38927867521907,32.945410119568756,37.120606805376724,16.30783355138091,21.07121311755393,0.5587404664965634,-1.7926483879951938,0.04807064203865874,-0.023025064099734205,0.21986407041549683,3.373334843206186,0.14952436907817512,0.08305686374520799,0.026022304832713755,0.2561294036439909,0.07261144543380724,0.08004858822757441,0.5299786970178988,0.1344939899543596,17.91324170909945,0.5979040014083777,320.90948571457636,319.70721030531826,0.7529343823277385,1.0855459005199668,0.0,0.0,0.27,0.34629548650952463,1.1590436,30.0,22.5,0.2,1.5,2.5,5.0,1.0,5.0,5.0,5.0,masking_sources,2.0,5.0,11.0,1.0,3.0,10.0,-0.5,0.5,0.2,5.0,0.5,10.0,0.0,0.0,10.0,Edge-on,2289.0,14.5,158.2,0.0,3.0,0.01683,0.0022899999748915434,7.3,0.0,3.0,50.0,3.8,7.3,28.9,0.0,0.0,0.0,0.0,742
