GAL,ra,dec,radvel,z,mag,r20,r50,r80,flux_c,flux_e,rpetro_c,rpetro_e,rhalf_c,rhalf_e,Gini,M20,F(G_M20),S(G_M20),SN_per_pixel,C,A,S,M,I,D,Ao,As,Ser_A,Ser_R,Ser_n,Ser_xc,Ser_yc,Ser_ellip,Ser_theta,flag_morph,flag_sersic,ima_sc_pix2arc,ima_sc_arc2kpc,psf_arcsec,size_image_phy_kpc,zp_ima,eta,petro_extent_cas,snr,area_min,debleding,area_min_deblend,skybox_x,skybox_y,sky_method,nsigma,npixels,dilate_size,mask_stars,fwhm,threshold,roundlo,roundhi,sharplo,aper_stars,aper_fact,aper_center,aper_ellip,aper_pa,dr,View,area_segmap_pix,area_psf_pix,ratio_segmap_psf,flag_area,flag_area_th,SN_gal,bck,ratio_SN_gal,flag_SN,flag_SN_th,perc_SN_flag,perc_20_SN_gal,perc_50_SN_gal,perc_80_SN_gal,flag_image,flag_bck,flag_object,flag_statmorph,index
232r,216.24272710049596,-0.607960003553197,5000.0,0.031,nan,3.8657865463150936,8.46195224950294,15.637411587572638,90.59278260985673,90.70278560314772,19.66652041101371,23.582486906388848,8.79476572188699,10.455658386120902,0.5097529367209155,-1.9130569898383931,-0.110974469273462,-0.08825951423383038,0.22930045425891876,3.034634984725964,0.05131157969752775,0.025041588249327302,0.01050420168067227,0.0,0.037312545560319814,0.07683912036123036,0.15006495498423308,0.12119169618040102,9.158947295169611,0.9634938986636418,319.5271666736745,320.3253526222388,0.3079185561066416,2.092427702546873,0.0,0.0,0.27,0.34629548650952463,1.3167483,30.0,22.5,0.2,1.5,2.5,5.0,1.0,5.0,5.0,5.0,masking_sources,2.0,5.0,11.0,1.0,3.0,10.0,-0.5,0.5,0.2,5.0,0.5,10.0,0.0,0.0,10.0,Face-on,1736.0,18.7,92.9,0.0,3.0,0.02307,0.002050000010058284,11.2,0.0,3.0,50.0,5.3,11.2,31.9,0.0,0.0,0.0,0.0,232
