GAL,ra,dec,radvel,z,mag,r20,r50,r80,flux_c,flux_e,rpetro_c,rpetro_e,rhalf_c,rhalf_e,Gini,M20,F(G_M20),S(G_M20),SN_per_pixel,C,A,S,M,I,D,Ao,As,Ser_A,Ser_R,Ser_n,Ser_xc,Ser_yc,Ser_ellip,Ser_theta,flag_morph,flag_sersic,ima_sc_pix2arc,ima_sc_arc2kpc,psf_arcsec,size_image_phy_kpc,zp_ima,eta,petro_extent_cas,snr,area_min,debleding,area_min_deblend,skybox_x,skybox_y,sky_method,nsigma,npixels,dilate_size,mask_stars,fwhm,threshold,roundlo,roundhi,sharplo,aper_stars,aper_fact,aper_center,aper_ellip,aper_pa,dr,View,area_segmap_pix,area_psf_pix,ratio_segmap_psf,flag_area,flag_area_th,SN_gal,bck,ratio_SN_gal,flag_SN,flag_SN_th,perc_SN_flag,perc_20_SN_gal,perc_50_SN_gal,perc_80_SN_gal,flag_image,flag_bck,flag_object,flag_statmorph,index
114r,18.353494801375913,0.22046780219550474,5000.0,0.0189,nan,3.959526896159629,7.720197504281856,12.440496942061571,158.44093897500278,158.58338309680985,15.662780244472724,16.574455083515897,8.104162635448947,8.546740286308586,0.4412647980122242,-1.702976298118731,-0.5955766752432097,-0.12686155540640173,0.39230862259864807,2.485972157218226,0.04510245441763162,-0.001857150043635919,0.0,0.0,0.03576685158805544,0.0763768514331261,0.2838246388890056,0.282414958654838,7.602928565973473,0.7786713573861149,319.7113304581966,320.3686559403758,0.12706486190645583,1.723553141673511,0.0,0.0,0.27,0.34629548650952463,1.3960432,30.0,22.5,0.2,1.5,2.5,5.0,1.0,5.0,5.0,5.0,masking_sources,2.0,5.0,11.0,1.0,3.0,10.0,-0.5,0.5,0.2,5.0,0.5,10.0,0.0,0.0,10.0,Face-on,1880.0,21.0,89.5,0.0,3.0,0.0238,0.0021200000774115324,11.2,0.0,3.0,50.0,4.3,11.2,61.7,0.0,0.0,0.0,0.0,114
