GAL,ra,dec,radvel,z,mag,r20,r50,r80,flux_c,flux_e,rpetro_c,rpetro_e,rhalf_c,rhalf_e,Gini,M20,F(G_M20),S(G_M20),SN_per_pixel,C,A,S,M,I,D,Ao,As,Ser_A,Ser_R,Ser_n,Ser_xc,Ser_yc,Ser_ellip,Ser_theta,flag_morph,flag_sersic,ima_sc_pix2arc,ima_sc_arc2kpc,psf_arcsec,size_image_phy_kpc,zp_ima,eta,petro_extent_cas,snr,area_min,debleding,area_min_deblend,skybox_x,skybox_y,sky_method,nsigma,npixels,dilate_size,mask_stars,fwhm,threshold,roundlo,roundhi,sharplo,aper_stars,aper_fact,aper_center,aper_ellip,aper_pa,dr,View,area_segmap_pix,area_psf_pix,ratio_segmap_psf,flag_area,flag_area_th,SN_gal,bck,ratio_SN_gal,flag_SN,flag_SN_th,perc_SN_flag,perc_20_SN_gal,perc_50_SN_gal,perc_80_SN_gal,flag_image,flag_bck,flag_object,flag_statmorph,index
1100r,199.91199877562116,11.290710395146169,5000.0,0.1373,nan,3.125094401939676,5.769158873834035,9.435034261917847,81.83531148175368,81.70907932669806,11.988082097341644,14.758194110878614,5.836145306703212,7.433673135025289,0.43120963656785194,-1.6419130491644616,-0.687666555918161,-0.12832837363168678,0.40020623803138733,2.3994017033007635,0.04673868750239775,0.047371993580908885,0.0,0.0,0.0179602998530841,0.030230655510008406,0.18758777686951422,0.3678645709314789,6.789200996880967,0.521971064848277,319.88518336598213,319.7335068998748,0.49812299885311895,1.1821815471907728,0.0,0.0,0.27,0.34629548650952463,1.3265601,30.0,22.5,0.2,1.5,2.5,5.0,1.0,5.0,5.0,5.0,masking_sources,2.0,5.0,11.0,1.0,3.0,10.0,-0.5,0.5,0.2,5.0,0.5,10.0,0.0,0.0,10.0,Face-on,629.0,19.0,33.2,0.0,3.0,0.05941,0.004430000204592943,13.4,0.0,3.0,50.0,4.6,13.4,50.0,0.0,0.0,0.0,0.0,1100
