GAL,ra,dec,radvel,z,mag,r20,r50,r80,flux_c,flux_e,rpetro_c,rpetro_e,rhalf_c,rhalf_e,Gini,M20,F(G_M20),S(G_M20),SN_per_pixel,C,A,S,M,I,D,Ao,As,Ser_A,Ser_R,Ser_n,Ser_xc,Ser_yc,Ser_ellip,Ser_theta,flag_morph,flag_sersic,ima_sc_pix2arc,ima_sc_arc2kpc,psf_arcsec,size_image_phy_kpc,zp_ima,eta,petro_extent_cas,snr,area_min,debleding,area_min_deblend,skybox_x,skybox_y,sky_method,nsigma,npixels,dilate_size,mask_stars,fwhm,threshold,roundlo,roundhi,sharplo,aper_stars,aper_fact,aper_center,aper_ellip,aper_pa,dr,View,area_segmap_pix,area_psf_pix,ratio_segmap_psf,flag_area,flag_area_th,SN_gal,bck,ratio_SN_gal,flag_SN,flag_SN_th,perc_SN_flag,perc_20_SN_gal,perc_50_SN_gal,perc_80_SN_gal,flag_image,flag_bck,flag_object,flag_statmorph,index
581r,115.65841032497588,23.30524284363012,5000.0,0.0698,nan,5.379815765766876,10.590121717443225,17.67403838788507,126.40545608438212,126.15259064406678,22.29078747510095,26.37559703424711,10.728092395839992,12.667832896666956,0.4632688576209585,-1.7202193026704222,-0.47470717802565243,-0.10747431402643981,0.24938057363033295,2.582841953168169,0.09247682838084413,0.008788750912303061,0.0016849199663016006,0.0,0.04258756331351875,0.1196286455440281,0.12543513145438814,0.12749201392037576,11.675223943069224,0.6504946765414154,320.560891762352,320.4529818233557,0.32790867580638605,2.130305899506999,0.0,0.0,0.27,0.34629548650952463,1.4786423,30.0,22.5,0.2,1.5,2.5,5.0,1.0,5.0,5.0,5.0,masking_sources,2.0,5.0,11.0,1.0,3.0,10.0,-0.5,0.5,0.2,5.0,0.5,10.0,0.0,0.0,10.0,Face-on,2068.0,23.6,87.8,0.0,3.0,0.03002,0.0032599999103695154,9.2,0.0,3.0,50.0,4.1,9.2,28.1,0.0,0.0,0.0,0.0,581
