GAL,ra,dec,radvel,z,mag,r20,r50,r80,flux_c,flux_e,rpetro_c,rpetro_e,rhalf_c,rhalf_e,Gini,M20,F(G_M20),S(G_M20),SN_per_pixel,C,A,S,M,I,D,Ao,As,Ser_A,Ser_R,Ser_n,Ser_xc,Ser_yc,Ser_ellip,Ser_theta,flag_morph,flag_sersic,ima_sc_pix2arc,ima_sc_arc2kpc,psf_arcsec,size_image_phy_kpc,zp_ima,eta,petro_extent_cas,snr,area_min,debleding,area_min_deblend,skybox_x,skybox_y,sky_method,nsigma,npixels,dilate_size,mask_stars,fwhm,threshold,roundlo,roundhi,sharplo,aper_stars,aper_fact,aper_center,aper_ellip,aper_pa,dr,View,area_segmap_pix,area_psf_pix,ratio_segmap_psf,flag_area,flag_area_th,SN_gal,bck,ratio_SN_gal,flag_SN,flag_SN_th,perc_SN_flag,perc_20_SN_gal,perc_50_SN_gal,perc_80_SN_gal,flag_image,flag_bck,flag_object,flag_statmorph,index
201r,173.2232865571941,0.5680674726266727,5000.0,0.0195,nan,9.09661723166579,20.12908023980273,37.724437417366666,281.5912436070726,267.40101497011244,47.26072981937066,66.18631973382098,21.117141786359003,32.27365032973014,0.5407742031493031,-1.5776962404568344,-0.18982419977436304,-0.01093331630569,0.22725701332092285,3.0887142553696196,0.10895760539472689,0.05248475706752468,0.056962025316455694,0.7949790527218663,0.31683419597062007,0.166621884953258,0.2527252809897853,0.1394431353204207,29.214085420747413,0.5010734038905916,311.2336149649687,320.9183821876586,0.7821046608530342,3.0321929437919155,0.0,0.0,0.27,0.34629548650952463,1.5221789,30.0,22.5,0.2,1.5,2.5,5.0,1.0,5.0,5.0,5.0,masking_sources,2.0,5.0,11.0,1.0,3.0,10.0,-0.5,0.5,0.2,5.0,0.5,10.0,0.0,0.0,10.0,Edge-on,4059.0,25.0,162.6,0.0,3.0,0.03332,0.002850000048056245,11.7,0.0,3.0,50.0,4.6,11.7,35.6,0.0,0.0,0.0,0.0,201
