GAL,ra,dec,radvel,z,mag,r20,r50,r80,flux_c,flux_e,rpetro_c,rpetro_e,rhalf_c,rhalf_e,Gini,M20,F(G_M20),S(G_M20),SN_per_pixel,C,A,S,M,I,D,Ao,As,Ser_A,Ser_R,Ser_n,Ser_xc,Ser_yc,Ser_ellip,Ser_theta,flag_morph,flag_sersic,ima_sc_pix2arc,ima_sc_arc2kpc,psf_arcsec,size_image_phy_kpc,zp_ima,eta,petro_extent_cas,snr,area_min,debleding,area_min_deblend,skybox_x,skybox_y,sky_method,nsigma,npixels,dilate_size,mask_stars,fwhm,threshold,roundlo,roundhi,sharplo,aper_stars,aper_fact,aper_center,aper_ellip,aper_pa,dr,View,area_segmap_pix,area_psf_pix,ratio_segmap_psf,flag_area,flag_area_th,SN_gal,bck,ratio_SN_gal,flag_SN,flag_SN_th,perc_SN_flag,perc_20_SN_gal,perc_50_SN_gal,perc_80_SN_gal,flag_image,flag_bck,flag_object,flag_statmorph,index
775r,21.60798319139279,-8.56424369704481,5000.0,0.0178,nan,7.449624929506943,22.544368666944184,51.67150026249317,2186.309709895292,2184.913948692439,63.03568762817989,66.96559718056922,25.260309993101437,27.026191159453973,0.5952710930373752,-2.411316192263037,0.6576340317732923,-0.07285456861756068,0.318418025970459,4.205583318384692,-0.004242327698802123,-0.014106870887970078,0.014612452350698857,0.024825277584273758,0.002330522840620969,-0.007751765187792552,0.1721674858508526,0.269851371409257,22.682867885518128,2.110937925000707,319.9851093399851,320.00463940231,0.134923828371601,1.9624030336825293,0.0,0.0,0.27,0.34629548650952463,1.1437325,30.0,22.5,0.2,1.5,2.5,5.0,1.0,5.0,5.0,5.0,masking_sources,2.0,5.0,11.0,1.0,3.0,10.0,-0.5,0.5,0.2,5.0,0.5,10.0,0.0,0.0,10.0,Face-on,22087.0,14.1,1567.2,0.0,3.0,0.03337,0.004970000125467777,6.7,0.0,3.0,50.0,3.9,6.7,17.7,0.0,0.0,0.0,0.0,775
