GAL,ra,dec,radvel,z,mag,r20,r50,r80,flux_c,flux_e,rpetro_c,rpetro_e,rhalf_c,rhalf_e,Gini,M20,F(G_M20),S(G_M20),SN_per_pixel,C,A,S,M,I,D,Ao,As,Ser_A,Ser_R,Ser_n,Ser_xc,Ser_yc,Ser_ellip,Ser_theta,flag_morph,flag_sersic,ima_sc_pix2arc,ima_sc_arc2kpc,psf_arcsec,size_image_phy_kpc,zp_ima,eta,petro_extent_cas,snr,area_min,debleding,area_min_deblend,skybox_x,skybox_y,sky_method,nsigma,npixels,dilate_size,mask_stars,fwhm,threshold,roundlo,roundhi,sharplo,aper_stars,aper_fact,aper_center,aper_ellip,aper_pa,dr,View,area_segmap_pix,area_psf_pix,ratio_segmap_psf,flag_area,flag_area_th,SN_gal,bck,ratio_SN_gal,flag_SN,flag_SN_th,perc_SN_flag,perc_20_SN_gal,perc_50_SN_gal,perc_80_SN_gal,flag_image,flag_bck,flag_object,flag_statmorph,index
1018r,346.6773814467144,0.36140537070483314,5000.0,0.1063,nan,2.1323194108948127,4.447931713905503,8.870584851449832,96.74626582130216,103.7378519554859,10.9303812193199,16.488152050211852,5.521854378456648,8.200737347220798,0.5549513623044722,-1.8585007353444092,0.0749502530008126,-0.035929753531445396,0.41848224401474,3.095499970472625,0.034327864391366175,0.06553577991232994,0.0,0.0,0.014037174617240914,0.2984727992965747,0.37588671883127156,0.48609502645939884,5.5713511516665255,1.515580273705666,319.99843050616187,319.9984360643192,0.6055270128579254,0.1826069501725392,1.0,0.0,0.27,0.34629548650952463,1.1902504,30.0,22.5,0.2,1.5,2.5,5.0,1.0,5.0,5.0,5.0,masking_sources,2.0,5.0,11.0,1.0,3.0,10.0,-0.5,0.5,0.2,5.0,0.5,10.0,0.0,0.0,10.0,Edge-on,1234.0,15.3,80.8,0.0,3.0,0.02173,0.002139999996870756,10.2,0.0,3.0,50.0,4.6,10.2,43.1,0.0,0.0,0.0,0.0,1018
