GAL,ra,dec,radvel,z,mag,r20,r50,r80,flux_c,flux_e,rpetro_c,rpetro_e,rhalf_c,rhalf_e,Gini,M20,F(G_M20),S(G_M20),SN_per_pixel,C,A,S,M,I,D,Ao,As,Ser_A,Ser_R,Ser_n,Ser_xc,Ser_yc,Ser_ellip,Ser_theta,flag_morph,flag_sersic,ima_sc_pix2arc,ima_sc_arc2kpc,psf_arcsec,size_image_phy_kpc,zp_ima,eta,petro_extent_cas,snr,area_min,debleding,area_min_deblend,skybox_x,skybox_y,sky_method,nsigma,npixels,dilate_size,mask_stars,fwhm,threshold,roundlo,roundhi,sharplo,aper_stars,aper_fact,aper_center,aper_ellip,aper_pa,dr,View,area_segmap_pix,area_psf_pix,ratio_segmap_psf,flag_area,flag_area_th,SN_gal,bck,ratio_SN_gal,flag_SN,flag_SN_th,perc_SN_flag,perc_20_SN_gal,perc_50_SN_gal,perc_80_SN_gal,flag_image,flag_bck,flag_object,flag_statmorph,index
195r,147.6269112324286,10.288868788288298,5000.0,0.0342,nan,4.341798799384301,8.918220408091726,16.1593258781862,108.68142168646361,109.81103344694262,20.230592399295546,31.156826942355103,9.593308960897836,14.42954991277036,0.511465925826126,-1.7656617788544327,-0.20464005441455413,-0.06607572069290141,0.2646651864051819,2.853767725273495,0.08610942561468059,0.007348429259308152,0.009615384615384616,0.051726655071122306,0.0668865520313202,0.1331847461947521,0.22090187770316733,0.17115468327275069,12.700346510544762,0.7674856064877055,319.9586435095596,320.40087051083776,0.660701865410892,1.7557488818024343,0.0,0.0,0.27,0.34629548650952463,1.2476157,30.0,22.5,0.2,1.5,2.5,5.0,1.0,5.0,5.0,5.0,masking_sources,2.0,5.0,11.0,1.0,3.0,10.0,-0.5,0.5,0.2,5.0,0.5,10.0,0.0,0.0,10.0,Edge-on,1393.0,16.8,83.1,0.0,3.0,0.0391,0.003860000055283308,10.1,0.0,3.0,50.0,4.3,10.1,28.8,0.0,0.0,0.0,0.0,195
