GAL,ra,dec,radvel,z,mag,r20,r50,r80,flux_c,flux_e,rpetro_c,rpetro_e,rhalf_c,rhalf_e,Gini,M20,F(G_M20),S(G_M20),SN_per_pixel,C,A,S,M,I,D,Ao,As,Ser_A,Ser_R,Ser_n,Ser_xc,Ser_yc,Ser_ellip,Ser_theta,flag_morph,flag_sersic,ima_sc_pix2arc,ima_sc_arc2kpc,psf_arcsec,size_image_phy_kpc,zp_ima,eta,petro_extent_cas,snr,area_min,debleding,area_min_deblend,skybox_x,skybox_y,sky_method,nsigma,npixels,dilate_size,mask_stars,fwhm,threshold,roundlo,roundhi,sharplo,aper_stars,aper_fact,aper_center,aper_ellip,aper_pa,dr,View,area_segmap_pix,area_psf_pix,ratio_segmap_psf,flag_area,flag_area_th,SN_gal,bck,ratio_SN_gal,flag_SN,flag_SN_th,perc_SN_flag,perc_20_SN_gal,perc_50_SN_gal,perc_80_SN_gal,flag_image,flag_bck,flag_object,flag_statmorph,index
732r,198.20921707277662,-1.8995841945563476,5000.0,0.0838,nan,5.7427698090684505,10.834768852847752,17.56217529507617,158.7286218060873,158.7342645466836,22.40653021428724,22.4402737525154,10.925194255513464,10.944277707481376,0.4530708863106706,-1.6844915153425637,-0.5499464926297835,-0.11260414318505246,0.27630534768104553,2.4272844958252833,0.015250501469042664,-0.00033974925624393593,0.013728323699421965,0.005569737131467475,0.012560809849531611,-0.044658221872413625,0.17873807952616458,0.15769142771261987,10.074973193755165,0.5785380559783094,320.15700998020543,319.95984591478395,0.04660414412100556,1.5814091582762941,0.0,0.0,0.27,0.34629548650952463,1.5371907,30.0,22.5,0.2,1.5,2.5,5.0,1.0,5.0,5.0,5.0,masking_sources,2.0,5.0,11.0,1.0,3.0,10.0,-0.5,0.5,0.2,5.0,0.5,10.0,0.0,0.0,10.0,Face-on,1957.0,25.5,76.9,0.0,3.0,0.04292,0.004480000119656324,9.6,0.0,3.0,50.0,4.3,9.6,27.9,0.0,0.0,0.0,0.0,732
