GAL,ra,dec,radvel,z,mag,r20,r50,r80,flux_c,flux_e,rpetro_c,rpetro_e,rhalf_c,rhalf_e,Gini,M20,F(G_M20),S(G_M20),SN_per_pixel,C,A,S,M,I,D,Ao,As,Ser_A,Ser_R,Ser_n,Ser_xc,Ser_yc,Ser_ellip,Ser_theta,flag_morph,flag_sersic,ima_sc_pix2arc,ima_sc_arc2kpc,psf_arcsec,size_image_phy_kpc,zp_ima,eta,petro_extent_cas,snr,area_min,debleding,area_min_deblend,skybox_x,skybox_y,sky_method,nsigma,npixels,dilate_size,mask_stars,fwhm,threshold,roundlo,roundhi,sharplo,aper_stars,aper_fact,aper_center,aper_ellip,aper_pa,dr,View,area_segmap_pix,area_psf_pix,ratio_segmap_psf,flag_area,flag_area_th,SN_gal,bck,ratio_SN_gal,flag_SN,flag_SN_th,perc_SN_flag,perc_20_SN_gal,perc_50_SN_gal,perc_80_SN_gal,flag_image,flag_bck,flag_object,flag_statmorph,index
1009r,188.25797247563474,0.35172558866015385,5000.0,0.0911,nan,2.073177147058522,4.214354884602035,8.108146596196985,157.36354668865442,177.9695504435735,9.870836241829986,22.313374259087233,5.473242976921085,8.42200792483857,0.6391819847815023,-1.6934336329292534,0.3775003322884096,0.07040288995652105,0.4189286231994629,2.9614258964191698,0.05228858731730722,0.08851918694047668,0.0,0.0,0.15878176975478497,0.05925267016609378,0.21160112590430877,0.4347402041220935,7.510075458224768,1.776672744309979,319.9947383025262,319.99198213552955,0.51791199417357,1.9142451397266,0.0,0.0,0.27,0.34629548650952463,1.089743,30.0,22.5,0.2,1.5,2.5,5.0,1.0,5.0,5.0,5.0,masking_sources,2.0,5.0,11.0,1.0,3.0,10.0,-0.5,0.5,0.2,5.0,0.5,10.0,0.0,0.0,10.0,Edge-on,2589.0,12.8,202.4,0.0,3.0,0.01224,0.0009599999757483602,12.7,0.0,3.0,50.0,4.7,12.7,60.1,0.0,0.0,0.0,0.0,1009
