GAL,ra,dec,radvel,z,mag,r20,r50,r80,flux_c,flux_e,rpetro_c,rpetro_e,rhalf_c,rhalf_e,Gini,M20,F(G_M20),S(G_M20),SN_per_pixel,C,A,S,M,I,D,Ao,As,Ser_A,Ser_R,Ser_n,Ser_xc,Ser_yc,Ser_ellip,Ser_theta,flag_morph,flag_sersic,ima_sc_pix2arc,ima_sc_arc2kpc,psf_arcsec,size_image_phy_kpc,zp_ima,eta,petro_extent_cas,snr,area_min,debleding,area_min_deblend,skybox_x,skybox_y,sky_method,nsigma,npixels,dilate_size,mask_stars,fwhm,threshold,roundlo,roundhi,sharplo,aper_stars,aper_fact,aper_center,aper_ellip,aper_pa,dr,View,area_segmap_pix,area_psf_pix,ratio_segmap_psf,flag_area,flag_area_th,SN_gal,bck,ratio_SN_gal,flag_SN,flag_SN_th,perc_SN_flag,perc_20_SN_gal,perc_50_SN_gal,perc_80_SN_gal,flag_image,flag_bck,flag_object,flag_statmorph,index
246r,344.29003879136116,-10.19484982627834,5000.0,0.0321,nan,6.751994823457344,12.616698637024342,20.876342476957404,83.14538329985606,77.1699702413804,28.06811965371118,31.680170184135786,12.565006305554055,14.85712908128413,0.4564140649599814,-1.673933261097956,-0.5407146285072084,-0.10782679898223435,0.16623640060424805,2.4511115609835032,-0.09936780974717781,-0.014537480782955555,0.03571428571428571,0.15317245015634243,0.03984599108778591,-0.13057432296020155,0.1860428035800383,0.06282563771299915,13.532944692201665,0.46396208433669167,318.68175547155914,320.18086275084937,0.34766848246741155,0.16301475047100972,1.0,0.0,0.27,0.34629548650952463,1.3652247,30.0,22.5,0.2,1.5,2.5,5.0,1.0,5.0,5.0,5.0,masking_sources,2.0,5.0,11.0,1.0,3.0,10.0,-0.5,0.5,0.2,5.0,0.5,10.0,0.0,0.0,10.0,Face-on,1654.0,20.1,82.4,0.0,3.0,0.02926,0.004569999873638153,6.4,0.0,3.0,50.0,3.8,6.4,14.2,0.0,0.0,0.0,0.0,246
