GAL,ra,dec,radvel,z,mag,r20,r50,r80,flux_c,flux_e,rpetro_c,rpetro_e,rhalf_c,rhalf_e,Gini,M20,F(G_M20),S(G_M20),SN_per_pixel,C,A,S,M,I,D,Ao,As,Ser_A,Ser_R,Ser_n,Ser_xc,Ser_yc,Ser_ellip,Ser_theta,flag_morph,flag_sersic,ima_sc_pix2arc,ima_sc_arc2kpc,psf_arcsec,size_image_phy_kpc,zp_ima,eta,petro_extent_cas,snr,area_min,debleding,area_min_deblend,skybox_x,skybox_y,sky_method,nsigma,npixels,dilate_size,mask_stars,fwhm,threshold,roundlo,roundhi,sharplo,aper_stars,aper_fact,aper_center,aper_ellip,aper_pa,dr,View,area_segmap_pix,area_psf_pix,ratio_segmap_psf,flag_area,flag_area_th,SN_gal,bck,ratio_SN_gal,flag_SN,flag_SN_th,perc_SN_flag,perc_20_SN_gal,perc_50_SN_gal,perc_80_SN_gal,flag_image,flag_bck,flag_object,flag_statmorph,index
568r,185.13615079791762,12.391793554145863,5000.0,0.0264,nan,5.549707495037131,11.197584961697938,20.53480560422131,460.80412091359193,464.6041217141239,25.802472546740315,34.23710599464242,11.979448519869397,15.329340937761149,0.5190758780935776,-1.803807038581018,-0.1405361257001454,-0.06384405905011975,0.3845471143722534,2.8411025112895927,0.07131504868968318,0.007912620404604177,0.003080082135523614,0.0,0.054700724607948024,0.03979024600460158,0.25186007914837677,0.33056975023411295,13.145148573010667,0.9565058993667561,320.2164384630975,319.432388618321,0.3577071107420206,0.8038356699517385,0.0,0.0,0.27,0.34629548650952463,1.5031242,30.0,22.5,0.2,1.5,2.5,5.0,1.0,5.0,5.0,5.0,masking_sources,2.0,5.0,11.0,1.0,3.0,10.0,-0.5,0.5,0.2,5.0,0.5,10.0,0.0,0.0,10.0,Face-on,4775.0,24.3,196.2,0.0,3.0,0.03422,0.002950000111013651,11.6,0.0,3.0,50.0,4.8,11.6,37.9,0.0,0.0,0.0,0.0,568
