GAL,ra,dec,radvel,z,mag,r20,r50,r80,flux_c,flux_e,rpetro_c,rpetro_e,rhalf_c,rhalf_e,Gini,M20,F(G_M20),S(G_M20),SN_per_pixel,C,A,S,M,I,D,Ao,As,Ser_A,Ser_R,Ser_n,Ser_xc,Ser_yc,Ser_ellip,Ser_theta,flag_morph,flag_sersic,ima_sc_pix2arc,ima_sc_arc2kpc,psf_arcsec,size_image_phy_kpc,zp_ima,eta,petro_extent_cas,snr,area_min,debleding,area_min_deblend,skybox_x,skybox_y,sky_method,nsigma,npixels,dilate_size,mask_stars,fwhm,threshold,roundlo,roundhi,sharplo,aper_stars,aper_fact,aper_center,aper_ellip,aper_pa,dr,View,area_segmap_pix,area_psf_pix,ratio_segmap_psf,flag_area,flag_area_th,SN_gal,bck,ratio_SN_gal,flag_SN,flag_SN_th,perc_SN_flag,perc_20_SN_gal,perc_50_SN_gal,perc_80_SN_gal,flag_image,flag_bck,flag_object,flag_statmorph,index
227r,8.957114569951168,-9.577496391333849,5000.0,0.0366,nan,2.7865143290087313,5.806279686733667,11.624568678726954,79.81479507782376,79.64186356359866,14.398815475401594,16.68373290989581,6.10856670596597,7.204622913188896,0.5487066622162884,-1.8582415298507489,0.04385935815719666,-0.042075977055128666,0.28721335530281067,3.101577835093303,-0.036840086828654584,-0.014884746445599976,0.00784313725490196,0.0,0.020422610390095155,-0.19389354374808224,0.21738429653299665,0.23030230613701808,5.686620117618781,1.3645261550228212,320.1431373237686,320.0912222131566,0.30048513783475694,0.5531780524306141,1.0,0.0,0.27,0.34629548650952463,1.2334499,30.0,22.5,0.2,1.5,2.5,5.0,1.0,5.0,5.0,5.0,masking_sources,2.0,5.0,11.0,1.0,3.0,10.0,-0.5,0.5,0.2,5.0,0.5,10.0,0.0,0.0,10.0,Face-on,926.0,16.4,56.5,0.0,3.0,0.03253,0.00471000000834465,6.9,0.0,3.0,50.0,3.7,6.9,19.4,0.0,0.0,0.0,0.0,227
