GAL,ra,dec,radvel,z,mag,r20,r50,r80,flux_c,flux_e,rpetro_c,rpetro_e,rhalf_c,rhalf_e,Gini,M20,F(G_M20),S(G_M20),SN_per_pixel,C,A,S,M,I,D,Ao,As,Ser_A,Ser_R,Ser_n,Ser_xc,Ser_yc,Ser_ellip,Ser_theta,flag_morph,flag_sersic,ima_sc_pix2arc,ima_sc_arc2kpc,psf_arcsec,size_image_phy_kpc,zp_ima,eta,petro_extent_cas,snr,area_min,debleding,area_min_deblend,skybox_x,skybox_y,sky_method,nsigma,npixels,dilate_size,mask_stars,fwhm,threshold,roundlo,roundhi,sharplo,aper_stars,aper_fact,aper_center,aper_ellip,aper_pa,dr,View,area_segmap_pix,area_psf_pix,ratio_segmap_psf,flag_area,flag_area_th,SN_gal,bck,ratio_SN_gal,flag_SN,flag_SN_th,perc_SN_flag,perc_20_SN_gal,perc_50_SN_gal,perc_80_SN_gal,flag_image,flag_bck,flag_object,flag_statmorph,index
788r,186.0822788803276,12.834531205230606,5000.0,0.0969,nan,2.5958551824194025,5.050551390200335,8.922161071360902,86.49152367729823,86.50316918654505,11.314529663378444,12.127733769209916,5.249764587625949,5.6431689287512246,0.49039612628621765,-1.7410143662510198,-0.3260162190712661,-0.08350883188553632,0.3945937752723694,2.6809479944646397,0.039385144303677545,0.0655618182321837,0.0,0.0,0.014973943293656077,0.06412821285328725,0.19296030129083352,0.3751266149472528,4.638423262157038,1.1004693442647953,320.10411441255525,320.01964307644124,0.1729085078774205,2.6271576945117774,0.0,0.0,0.27,0.34629548650952463,1.3811047,30.0,22.5,0.2,1.5,2.5,5.0,1.0,5.0,5.0,5.0,masking_sources,2.0,5.0,11.0,1.0,3.0,10.0,-0.5,0.5,0.2,5.0,0.5,10.0,0.0,0.0,10.0,Face-on,1058.0,20.6,51.5,0.0,3.0,0.02178,0.002050000010058284,10.6,0.0,3.0,50.0,4.3,10.6,47.6,0.0,0.0,0.0,0.0,788
