GAL,ra,dec,radvel,z,mag,r20,r50,r80,flux_c,flux_e,rpetro_c,rpetro_e,rhalf_c,rhalf_e,Gini,M20,F(G_M20),S(G_M20),SN_per_pixel,C,A,S,M,I,D,Ao,As,Ser_A,Ser_R,Ser_n,Ser_xc,Ser_yc,Ser_ellip,Ser_theta,flag_morph,flag_sersic,ima_sc_pix2arc,ima_sc_arc2kpc,psf_arcsec,size_image_phy_kpc,zp_ima,eta,petro_extent_cas,snr,area_min,debleding,area_min_deblend,skybox_x,skybox_y,sky_method,nsigma,npixels,dilate_size,mask_stars,fwhm,threshold,roundlo,roundhi,sharplo,aper_stars,aper_fact,aper_center,aper_ellip,aper_pa,dr,View,area_segmap_pix,area_psf_pix,ratio_segmap_psf,flag_area,flag_area_th,SN_gal,bck,ratio_SN_gal,flag_SN,flag_SN_th,perc_SN_flag,perc_20_SN_gal,perc_50_SN_gal,perc_80_SN_gal,flag_image,flag_bck,flag_object,flag_statmorph,index
213r,213.845550307997,3.5120171851268633,5000.0,0.0265,nan,6.033203050464811,12.074046680465703,24.60866022976646,135.80099908737492,137.70864202187934,29.959203507618625,53.27354194610796,13.138820579875702,22.56991124498331,0.619909379930361,-1.2952543361158493,0.006162685583571026,0.10666993341095427,0.1993955671787262,3.0527001403749487,0.06439440791872639,0.04928901712897835,0.02168256721595837,0.014743934816653604,0.16190417640662835,0.061991252200867604,0.3134883666156272,0.12104099080723892,22.303584364657077,0.6024152932100055,321.9642242312557,319.8082551798193,0.7534200747712071,0.051760251282389626,0.0,0.0,0.27,0.34629548650952463,1.5897591,30.0,22.5,0.2,1.5,2.5,5.0,1.0,5.0,5.0,5.0,masking_sources,2.0,5.0,11.0,1.0,3.0,10.0,-0.5,0.5,0.2,5.0,0.5,10.0,0.0,0.0,10.0,Edge-on,2019.0,27.2,74.2,0.0,3.0,0.0328,0.004449999891221523,7.4,0.0,3.0,50.0,4.0,7.4,22.3,0.0,0.0,0.0,0.0,213
