GAL,ra,dec,radvel,z,mag,r20,r50,r80,flux_c,flux_e,rpetro_c,rpetro_e,rhalf_c,rhalf_e,Gini,M20,F(G_M20),S(G_M20),SN_per_pixel,C,A,S,M,I,D,Ao,As,Ser_A,Ser_R,Ser_n,Ser_xc,Ser_yc,Ser_ellip,Ser_theta,flag_morph,flag_sersic,ima_sc_pix2arc,ima_sc_arc2kpc,psf_arcsec,size_image_phy_kpc,zp_ima,eta,petro_extent_cas,snr,area_min,debleding,area_min_deblend,skybox_x,skybox_y,sky_method,nsigma,npixels,dilate_size,mask_stars,fwhm,threshold,roundlo,roundhi,sharplo,aper_stars,aper_fact,aper_center,aper_ellip,aper_pa,dr,View,area_segmap_pix,area_psf_pix,ratio_segmap_psf,flag_area,flag_area_th,SN_gal,bck,ratio_SN_gal,flag_SN,flag_SN_th,perc_SN_flag,perc_20_SN_gal,perc_50_SN_gal,perc_80_SN_gal,flag_image,flag_bck,flag_object,flag_statmorph,index
1170r,152.92960769078232,5.053624853522975,5000.0,0.0138,nan,6.92950256298777,13.743804918600839,23.809462904880096,109.06880588318307,108.81696976246963,30.512926833187883,39.29292006257703,13.74501585232793,17.210642791594715,0.5222757350551616,-1.6746909349756214,-0.21417429353884465,-0.042729062257001516,0.15804672241210938,2.68023769471787,0.051096305728020715,-0.02234186510747429,0.028744326777609682,0.046573521827029625,0.10880028570286586,-0.0056152027578521045,0.22028413707813707,0.066819981854776,15.030461979741935,0.6010726780407033,320.59026408854857,319.0145000725033,0.384464118451933,2.626115779210029,0.0,0.0,0.27,0.34629548650952463,1.416455,30.0,22.5,0.2,1.5,2.5,5.0,1.0,5.0,5.0,5.0,masking_sources,2.0,5.0,11.0,1.0,3.0,10.0,-0.5,0.5,0.2,5.0,0.5,10.0,0.0,0.0,10.0,Face-on,2030.0,21.6,93.9,0.0,3.0,0.03329,0.004269999917596579,7.8,0.0,3.0,50.0,3.9,7.8,15.3,0.0,0.0,0.0,0.0,1170
