GAL,ra,dec,radvel,z,mag,r20,r50,r80,flux_c,flux_e,rpetro_c,rpetro_e,rhalf_c,rhalf_e,Gini,M20,F(G_M20),S(G_M20),SN_per_pixel,C,A,S,M,I,D,Ao,As,Ser_A,Ser_R,Ser_n,Ser_xc,Ser_yc,Ser_ellip,Ser_theta,flag_morph,flag_sersic,ima_sc_pix2arc,ima_sc_arc2kpc,psf_arcsec,size_image_phy_kpc,zp_ima,eta,petro_extent_cas,snr,area_min,debleding,area_min_deblend,skybox_x,skybox_y,sky_method,nsigma,npixels,dilate_size,mask_stars,fwhm,threshold,roundlo,roundhi,sharplo,aper_stars,aper_fact,aper_center,aper_ellip,aper_pa,dr,View,area_segmap_pix,area_psf_pix,ratio_segmap_psf,flag_area,flag_area_th,SN_gal,bck,ratio_SN_gal,flag_SN,flag_SN_th,perc_SN_flag,perc_20_SN_gal,perc_50_SN_gal,perc_80_SN_gal,flag_image,flag_bck,flag_object,flag_statmorph,index
343r,179.63293901622623,1.131838368836417,5000.0,0.0393,nan,7.844422907952803,16.129667311616874,27.05815954831302,191.99601953839925,192.01225264559272,34.019291690314745,36.69224088804367,16.166871535262725,17.59532366537736,0.48623774298663586,-1.6667819530422485,-0.39804327875787404,-0.07730732591610306,0.19657902419567108,2.688686269938963,0.1753410812600178,0.015026631605849437,0.02145922746781116,0.10776899949369577,0.06941598689246511,0.2500470816045297,0.1745421708906563,0.07855741136340014,14.72744844880584,0.6373085344714098,319.0519553258519,318.8721844972032,0.0779460387286875,2.0387444101576393,0.0,0.0,0.27,0.34629548650952463,1.2280009,30.0,22.5,0.2,1.5,2.5,5.0,1.0,5.0,5.0,5.0,masking_sources,2.0,5.0,11.0,1.0,3.0,10.0,-0.5,0.5,0.2,5.0,0.5,10.0,0.0,0.0,10.0,Face-on,3589.0,16.2,220.9,0.0,3.0,0.03021,0.0038499999791383743,7.8,0.0,3.0,50.0,3.9,7.8,18.2,0.0,0.0,0.0,0.0,343
