GAL,ra,dec,radvel,z,mag,r20,r50,r80,flux_c,flux_e,rpetro_c,rpetro_e,rhalf_c,rhalf_e,Gini,M20,F(G_M20),S(G_M20),SN_per_pixel,C,A,S,M,I,D,Ao,As,Ser_A,Ser_R,Ser_n,Ser_xc,Ser_yc,Ser_ellip,Ser_theta,flag_morph,flag_sersic,ima_sc_pix2arc,ima_sc_arc2kpc,psf_arcsec,size_image_phy_kpc,zp_ima,eta,petro_extent_cas,snr,area_min,debleding,area_min_deblend,skybox_x,skybox_y,sky_method,nsigma,npixels,dilate_size,mask_stars,fwhm,threshold,roundlo,roundhi,sharplo,aper_stars,aper_fact,aper_center,aper_ellip,aper_pa,dr,View,area_segmap_pix,area_psf_pix,ratio_segmap_psf,flag_area,flag_area_th,SN_gal,bck,ratio_SN_gal,flag_SN,flag_SN_th,perc_SN_flag,perc_20_SN_gal,perc_50_SN_gal,perc_80_SN_gal,flag_image,flag_bck,flag_object,flag_statmorph,index
53r,121.67877719011086,26.161514026046216,5000.0,0.014,nan,4.604848874910122,10.262567180408245,19.892540757843527,149.41297540253018,149.19504416696586,26.7186147825433,33.21610238198673,10.298229531667097,12.749890649279017,0.5623791365518548,-1.9656706228048382,0.18598646753543413,-0.04347287138353634,0.22065582871437073,3.1773743738395077,-0.07806659059909489,-0.004402942377204158,0.05574912891986063,0.021254715105137812,0.04588306450084916,-0.13310813638825447,0.1706024022598563,0.15512313769820016,11.285128899372793,1.0307873487844352,320.4652192406989,319.91098735221055,0.43466669940897296,0.23287644796358783,0.0,0.0,0.27,0.34629548650952463,1.4729161,30.0,22.5,0.2,1.5,2.5,5.0,1.0,5.0,5.0,5.0,masking_sources,2.0,5.0,11.0,1.0,3.0,10.0,-0.5,0.5,0.2,5.0,0.5,10.0,0.0,0.0,10.0,Face-on,2076.0,23.4,88.8,0.0,3.0,0.03328,0.0044999998062849045,7.4,0.0,3.0,50.0,4.0,7.4,19.0,0.0,0.0,0.0,0.0,53
