GAL,ra,dec,radvel,z,mag,r20,r50,r80,flux_c,flux_e,rpetro_c,rpetro_e,rhalf_c,rhalf_e,Gini,M20,F(G_M20),S(G_M20),SN_per_pixel,C,A,S,M,I,D,Ao,As,Ser_A,Ser_R,Ser_n,Ser_xc,Ser_yc,Ser_ellip,Ser_theta,flag_morph,flag_sersic,ima_sc_pix2arc,ima_sc_arc2kpc,psf_arcsec,size_image_phy_kpc,zp_ima,eta,petro_extent_cas,snr,area_min,debleding,area_min_deblend,skybox_x,skybox_y,sky_method,nsigma,npixels,dilate_size,mask_stars,fwhm,threshold,roundlo,roundhi,sharplo,aper_stars,aper_fact,aper_center,aper_ellip,aper_pa,dr,View,area_segmap_pix,area_psf_pix,ratio_segmap_psf,flag_area,flag_area_th,SN_gal,bck,ratio_SN_gal,flag_SN,flag_SN_th,perc_SN_flag,perc_20_SN_gal,perc_50_SN_gal,perc_80_SN_gal,flag_image,flag_bck,flag_object,flag_statmorph,index
909r,16.937128003784206,0.7053543842537479,5000.0,0.0938,nan,3.723871748862542,9.094643570372586,17.86729376608905,130.38115620720095,131.02854246612407,21.473401414709382,23.384967925509848,9.871846440030378,10.353501042799904,0.5428394049968785,-2.0164455021374463,0.1244517877157989,-0.06987491385019529,0.23041391372680664,3.4053203129639726,0.0415273823253951,-0.0051239131840629054,0.05628373168851195,0.02443566045602976,0.033115459918331994,0.050528817780807096,0.25089014147547656,0.12562236841385577,8.31103642617913,1.4046695302970256,320.23090537879096,320.0825633838009,0.019181099355894418,0.8273342039699441,1.0,0.0,0.27,0.34629548650952463,1.3542123,30.0,22.5,0.2,1.5,2.5,5.0,1.0,5.0,5.0,5.0,masking_sources,2.0,5.0,11.0,1.0,3.0,10.0,-0.5,0.5,0.2,5.0,0.5,10.0,0.0,0.0,10.0,Face-on,2980.0,19.8,150.8,0.0,3.0,0.01603,0.001829999964684248,8.7,0.0,3.0,50.0,4.3,8.7,26.4,0.0,0.0,0.0,0.0,909
