GAL,ra,dec,radvel,z,mag,r20,r50,r80,flux_c,flux_e,rpetro_c,rpetro_e,rhalf_c,rhalf_e,Gini,M20,F(G_M20),S(G_M20),SN_per_pixel,C,A,S,M,I,D,Ao,As,Ser_A,Ser_R,Ser_n,Ser_xc,Ser_yc,Ser_ellip,Ser_theta,flag_morph,flag_sersic,ima_sc_pix2arc,ima_sc_arc2kpc,psf_arcsec,size_image_phy_kpc,zp_ima,eta,petro_extent_cas,snr,area_min,debleding,area_min_deblend,skybox_x,skybox_y,sky_method,nsigma,npixels,dilate_size,mask_stars,fwhm,threshold,roundlo,roundhi,sharplo,aper_stars,aper_fact,aper_center,aper_ellip,aper_pa,dr,View,area_segmap_pix,area_psf_pix,ratio_segmap_psf,flag_area,flag_area_th,SN_gal,bck,ratio_SN_gal,flag_SN,flag_SN_th,perc_SN_flag,perc_20_SN_gal,perc_50_SN_gal,perc_80_SN_gal,flag_image,flag_bck,flag_object,flag_statmorph,index
996r,185.4318382803426,12.905985661678095,5000.0,0.1314,nan,3.7390301278129043,9.925271193040576,20.931966644981625,122.53208073365579,121.85182200079345,26.758354320380295,30.27069196352376,9.972327563261342,14.194845645024051,0.5617766491985301,-1.3842435065523557,-0.2199248364264932,0.036749035295767285,0.23741869628429413,3.7402553472909164,0.31623377764295035,0.016118346092090438,0.40711462450592883,0.30182950037739176,0.25424915360325967,0.4812429848879813,0.3310913256878289,0.15453868515814623,8.020315336294292,1.5175675035137188,319.9119962130144,319.423355709056,0.33888072160388144,1.4365276279729988,2.0,0.0,0.27,0.34629548650952463,1.4415778,30.0,22.5,0.2,1.5,2.5,5.0,1.0,5.0,5.0,5.0,masking_sources,2.0,5.0,11.0,1.0,3.0,10.0,-0.5,0.5,0.2,5.0,0.5,10.0,0.0,0.0,10.0,Face-on,1836.0,22.4,82.0,0.0,3.0,0.02642,0.002899999963119626,9.1,0.0,3.0,50.0,4.2,9.1,27.9,0.0,0.0,0.0,0.0,996
