GAL,ra,dec,radvel,z,mag,r20,r50,r80,flux_c,flux_e,rpetro_c,rpetro_e,rhalf_c,rhalf_e,Gini,M20,F(G_M20),S(G_M20),SN_per_pixel,C,A,S,M,I,D,Ao,As,Ser_A,Ser_R,Ser_n,Ser_xc,Ser_yc,Ser_ellip,Ser_theta,flag_morph,flag_sersic,ima_sc_pix2arc,ima_sc_arc2kpc,psf_arcsec,size_image_phy_kpc,zp_ima,eta,petro_extent_cas,snr,area_min,debleding,area_min_deblend,skybox_x,skybox_y,sky_method,nsigma,npixels,dilate_size,mask_stars,fwhm,threshold,roundlo,roundhi,sharplo,aper_stars,aper_fact,aper_center,aper_ellip,aper_pa,dr,View,area_segmap_pix,area_psf_pix,ratio_segmap_psf,flag_area,flag_area_th,SN_gal,bck,ratio_SN_gal,flag_SN,flag_SN_th,perc_SN_flag,perc_20_SN_gal,perc_50_SN_gal,perc_80_SN_gal,flag_image,flag_bck,flag_object,flag_statmorph,index
32r,191.71883749526793,-1.961004421444063,5000.0,0.016,nan,20.437707732368814,46.42381377486156,85.30148414974806,211.40775104121394,211.39080759904317,115.77502060183737,117.662014457682,45.51724821163985,49.961143083050594,0.5494691333420109,-0.5931775347107451,-0.8290557584024998,0.1345227646837972,0.08130768686532974,3.1026220159882594,0.0944413488542463,0.09342444426254148,0.07300025886616619,0.2065256141093699,0.020811684458784688,0.18775734348719766,2.0071433415003965,0.015396046867167402,26.77543552027005,0.8375023170274143,320.65390657486455,322.78814073629394,0.21498022916617113,0.5162104957482463,0.0,0.0,0.27,0.34629548650952463,1.7401444,30.0,22.5,0.2,1.5,2.5,5.0,1.0,5.0,5.0,5.0,masking_sources,2.0,5.0,11.0,1.0,3.0,10.0,-0.5,0.5,0.2,5.0,0.5,10.0,0.0,0.0,10.0,Face-on,4549.0,32.6,139.4,0.0,3.0,0.01683,0.0037299999967217445,4.5,0.0,3.0,50.0,3.3,4.5,7.3,0.0,0.0,0.0,0.0,32
