GAL,ra,dec,radvel,z,mag,r20,r50,r80,flux_c,flux_e,rpetro_c,rpetro_e,rhalf_c,rhalf_e,Gini,M20,F(G_M20),S(G_M20),SN_per_pixel,C,A,S,M,I,D,Ao,As,Ser_A,Ser_R,Ser_n,Ser_xc,Ser_yc,Ser_ellip,Ser_theta,flag_morph,flag_sersic,ima_sc_pix2arc,ima_sc_arc2kpc,psf_arcsec,size_image_phy_kpc,zp_ima,eta,petro_extent_cas,snr,area_min,debleding,area_min_deblend,skybox_x,skybox_y,sky_method,nsigma,npixels,dilate_size,mask_stars,fwhm,threshold,roundlo,roundhi,sharplo,aper_stars,aper_fact,aper_center,aper_ellip,aper_pa,dr,View,area_segmap_pix,area_psf_pix,ratio_segmap_psf,flag_area,flag_area_th,SN_gal,bck,ratio_SN_gal,flag_SN,flag_SN_th,perc_SN_flag,perc_20_SN_gal,perc_50_SN_gal,perc_80_SN_gal,flag_image,flag_bck,flag_object,flag_statmorph,index
373r,141.9669214823426,10.696068125780364,5000.0,0.0487,nan,9.829517130490208,19.167012233096653,29.701553578726422,108.54978468414075,108.84339977087986,40.42593203965042,41.67496661253646,19.197669874235864,19.7697436553392,0.4820646323594215,-1.5919092969770194,-0.4705869270157894,-0.07103140624397847,0.13676650822162628,2.401234911852035,-0.234173266675787,-0.14019615030148672,0.053208137715179966,0.11163450044141887,0.0599846930245917,-0.3415250150423803,0.17572020983159095,0.0353343570932571,18.046546340098505,0.48548702656978454,320.61109688285273,320.01534378427414,0.10470529585053989,2.4240649183901026,0.0,0.0,0.27,0.34629548650952463,1.2475518,30.0,22.5,0.2,1.5,2.5,5.0,1.0,5.0,5.0,5.0,masking_sources,2.0,5.0,11.0,1.0,3.0,10.0,-0.5,0.5,0.2,5.0,0.5,10.0,0.0,0.0,10.0,Face-on,2982.0,16.8,177.8,0.0,3.0,0.02598,0.004339999984949827,6.0,0.0,3.0,50.0,3.8,6.0,9.9,0.0,0.0,0.0,0.0,373
