GAL,ra,dec,radvel,z,mag,r20,r50,r80,flux_c,flux_e,rpetro_c,rpetro_e,rhalf_c,rhalf_e,Gini,M20,F(G_M20),S(G_M20),SN_per_pixel,C,A,S,M,I,D,Ao,As,Ser_A,Ser_R,Ser_n,Ser_xc,Ser_yc,Ser_ellip,Ser_theta,flag_morph,flag_sersic,ima_sc_pix2arc,ima_sc_arc2kpc,psf_arcsec,size_image_phy_kpc,zp_ima,eta,petro_extent_cas,snr,area_min,debleding,area_min_deblend,skybox_x,skybox_y,sky_method,nsigma,npixels,dilate_size,mask_stars,fwhm,threshold,roundlo,roundhi,sharplo,aper_stars,aper_fact,aper_center,aper_ellip,aper_pa,dr,View,area_segmap_pix,area_psf_pix,ratio_segmap_psf,flag_area,flag_area_th,SN_gal,bck,ratio_SN_gal,flag_SN,flag_SN_th,perc_SN_flag,perc_20_SN_gal,perc_50_SN_gal,perc_80_SN_gal,flag_image,flag_bck,flag_object,flag_statmorph,index
759r,195.87067512608476,-0.9431705051961109,5000.0,0.0827,nan,4.093134652448571,7.813806471370563,14.559095273330414,139.89562003896452,140.00447499568924,17.12476151900224,17.77166096619907,8.496484733783008,8.854654195149116,0.5058382805430778,-1.7234997853660168,-0.26171516005311535,-0.06578657242822938,0.3151839077472687,2.7553917804830688,0.06908315331706968,0.020891874012317502,0.07894736842105263,0.03291523030792016,0.055662620657960696,0.07400070560244039,0.3942899516136875,0.21657230859405535,7.493655534088997,1.0649359115048989,319.36049885847217,320.04535738066085,0.1716486041689371,2.91032505959404,1.0,0.0,0.27,0.34629548650952463,1.4846845,30.0,22.5,0.2,1.5,2.5,5.0,1.0,5.0,5.0,5.0,masking_sources,2.0,5.0,11.0,1.0,3.0,10.0,-0.5,0.5,0.2,5.0,0.5,10.0,0.0,0.0,10.0,Face-on,1703.0,23.7,71.7,0.0,3.0,0.03191,0.004490000195801258,7.1,0.0,3.0,50.0,3.9,7.1,21.0,0.0,0.0,0.0,0.0,759
