GAL,ra,dec,radvel,z,mag,r20,r50,r80,flux_c,flux_e,rpetro_c,rpetro_e,rhalf_c,rhalf_e,Gini,M20,F(G_M20),S(G_M20),SN_per_pixel,C,A,S,M,I,D,Ao,As,Ser_A,Ser_R,Ser_n,Ser_xc,Ser_yc,Ser_ellip,Ser_theta,flag_morph,flag_sersic,ima_sc_pix2arc,ima_sc_arc2kpc,psf_arcsec,size_image_phy_kpc,zp_ima,eta,petro_extent_cas,snr,area_min,debleding,area_min_deblend,skybox_x,skybox_y,sky_method,nsigma,npixels,dilate_size,mask_stars,fwhm,threshold,roundlo,roundhi,sharplo,aper_stars,aper_fact,aper_center,aper_ellip,aper_pa,dr,View,area_segmap_pix,area_psf_pix,ratio_segmap_psf,flag_area,flag_area_th,SN_gal,bck,ratio_SN_gal,flag_SN,flag_SN_th,perc_SN_flag,perc_20_SN_gal,perc_50_SN_gal,perc_80_SN_gal,flag_image,flag_bck,flag_object,flag_statmorph,index
259r,149.26180319458743,8.065494634175039,5000.0,0.0425,nan,6.903709542507496,17.117410508458498,28.725398301415716,135.71115872202714,129.50334170526475,36.05315531913973,44.451853376663486,17.025377850036435,24.978135416048524,0.5118862454568205,-1.3911929227082291,-0.4620663895519357,-0.013608433254191532,0.23027589917182922,3.0959177404563083,0.085698796086802,0.006472233540644263,0.32372881355932204,0.5490121932066355,0.5374559546259788,-0.09626068612413702,0.38634593945408924,0.11335003086872149,20.73822876197455,0.34452185058842055,323.85927611137953,320.3403237152508,0.7269338594070454,0.9837028696081657,0.0,0.0,0.27,0.34629548650952463,1.345703,30.0,22.5,0.2,1.5,2.5,5.0,1.0,5.0,5.0,5.0,masking_sources,2.0,5.0,11.0,1.0,3.0,10.0,-0.5,0.5,0.2,5.0,0.5,10.0,0.0,0.0,10.0,Edge-on,1755.0,19.5,90.0,0.0,3.0,0.04658,0.004470000043511391,10.4,0.0,3.0,50.0,4.7,10.4,24.1,0.0,0.0,0.0,0.0,259
