GAL,ra,dec,radvel,z,mag,r20,r50,r80,flux_c,flux_e,rpetro_c,rpetro_e,rhalf_c,rhalf_e,Gini,M20,F(G_M20),S(G_M20),SN_per_pixel,C,A,S,M,I,D,Ao,As,Ser_A,Ser_R,Ser_n,Ser_xc,Ser_yc,Ser_ellip,Ser_theta,flag_morph,flag_sersic,ima_sc_pix2arc,ima_sc_arc2kpc,psf_arcsec,size_image_phy_kpc,zp_ima,eta,petro_extent_cas,snr,area_min,debleding,area_min_deblend,skybox_x,skybox_y,sky_method,nsigma,npixels,dilate_size,mask_stars,fwhm,threshold,roundlo,roundhi,sharplo,aper_stars,aper_fact,aper_center,aper_ellip,aper_pa,dr,View,area_segmap_pix,area_psf_pix,ratio_segmap_psf,flag_area,flag_area_th,SN_gal,bck,ratio_SN_gal,flag_SN,flag_SN_th,perc_SN_flag,perc_20_SN_gal,perc_50_SN_gal,perc_80_SN_gal,flag_image,flag_bck,flag_object,flag_statmorph,index
620r,137.81084716147848,9.655600189029968,5000.0,0.0463,nan,5.1411236210929,9.879429537634813,15.968591517573373,212.384796282437,210.67680642525838,19.818732292027782,23.808903570144697,10.556246218010479,13.062498512174967,0.43728014134212434,-1.6916035840376324,-0.6231820166184052,-0.12922555825252782,0.36906400322914124,2.461042823922734,0.12745842364383758,0.04158158710323225,0.0011467889908256881,0.0,0.027947486001512395,0.20143502883628067,0.44030939335197805,0.2439625874600544,11.077492394963233,0.6309052299122828,320.439346947147,320.22386708790515,0.3570922789443962,2.6853229810633206,0.0,0.0,0.27,0.34629548650952463,1.2008868,30.0,22.5,0.2,1.5,2.5,5.0,1.0,5.0,5.0,5.0,masking_sources,2.0,5.0,11.0,1.0,3.0,10.0,-0.5,0.5,0.2,5.0,0.5,10.0,0.0,0.0,10.0,Face-on,2073.0,15.5,133.4,0.0,3.0,0.0371,0.00419999985024333,8.8,0.0,3.0,50.0,4.0,8.8,40.5,0.0,0.0,0.0,0.0,620
