GAL,ra,dec,radvel,z,mag,r20,r50,r80,flux_c,flux_e,rpetro_c,rpetro_e,rhalf_c,rhalf_e,Gini,M20,F(G_M20),S(G_M20),SN_per_pixel,C,A,S,M,I,D,Ao,As,Ser_A,Ser_R,Ser_n,Ser_xc,Ser_yc,Ser_ellip,Ser_theta,flag_morph,flag_sersic,ima_sc_pix2arc,ima_sc_arc2kpc,psf_arcsec,size_image_phy_kpc,zp_ima,eta,petro_extent_cas,snr,area_min,debleding,area_min_deblend,skybox_x,skybox_y,sky_method,nsigma,npixels,dilate_size,mask_stars,fwhm,threshold,roundlo,roundhi,sharplo,aper_stars,aper_fact,aper_center,aper_ellip,aper_pa,dr,View,area_segmap_pix,area_psf_pix,ratio_segmap_psf,flag_area,flag_area_th,SN_gal,bck,ratio_SN_gal,flag_SN,flag_SN_th,perc_SN_flag,perc_20_SN_gal,perc_50_SN_gal,perc_80_SN_gal,flag_image,flag_bck,flag_object,flag_statmorph,index
267r,186.980365145008,-2.2002773212297924,5000.0,0.0249,nan,8.296205240161305,17.580428729010357,31.983569187468287,198.33665074949096,200.74315089785475,40.22027230717363,60.165709018639426,20.001213958846797,24.90273285591008,0.5514683672629077,-1.6917809002443276,-0.05782741817928727,-0.016203861543682974,0.16635346412658691,2.9302371970367402,-0.060302280711056415,0.0042332671975683625,0.017597551644988524,0.02248132072636317,0.026143045411019198,-0.13608940019038365,0.29672740079429616,0.07935872246375728,21.869468444247907,0.8775791928205409,318.03189198976156,319.63319683868815,0.6062396489608384,0.5572607779028541,1.0,0.0,0.27,0.34629548650952463,1.6414808,30.0,22.5,0.2,1.5,2.5,5.0,1.0,5.0,5.0,5.0,masking_sources,2.0,5.0,11.0,1.0,3.0,10.0,-0.5,0.5,0.2,5.0,0.5,10.0,0.0,0.0,10.0,Edge-on,3716.0,29.0,128.0,0.0,3.0,0.02477,0.0037499999161809683,6.6,0.0,3.0,50.0,3.9,6.6,17.1,0.0,0.0,0.0,0.0,267
