GAL,ra,dec,radvel,z,mag,r20,r50,r80,flux_c,flux_e,rpetro_c,rpetro_e,rhalf_c,rhalf_e,Gini,M20,F(G_M20),S(G_M20),SN_per_pixel,C,A,S,M,I,D,Ao,As,Ser_A,Ser_R,Ser_n,Ser_xc,Ser_yc,Ser_ellip,Ser_theta,flag_morph,flag_sersic,ima_sc_pix2arc,ima_sc_arc2kpc,psf_arcsec,size_image_phy_kpc,zp_ima,eta,petro_extent_cas,snr,area_min,debleding,area_min_deblend,skybox_x,skybox_y,sky_method,nsigma,npixels,dilate_size,mask_stars,fwhm,threshold,roundlo,roundhi,sharplo,aper_stars,aper_fact,aper_center,aper_ellip,aper_pa,dr,View,area_segmap_pix,area_psf_pix,ratio_segmap_psf,flag_area,flag_area_th,SN_gal,bck,ratio_SN_gal,flag_SN,flag_SN_th,perc_SN_flag,perc_20_SN_gal,perc_50_SN_gal,perc_80_SN_gal,flag_image,flag_bck,flag_object,flag_statmorph,index
718r,5.740763642975329,0.12011790546080149,5000.0,0.0702,nan,2.3866709898331053,5.135965757712152,10.122633758096535,149.0352935823433,149.58484184832076,12.723761202632751,17.15652152487687,5.496605176151689,7.82979089049761,0.5232543859733257,-1.8361749899380404,-0.0974215214049754,-0.06420648148779518,0.4847121834754944,3.1375048494117133,0.0604581311565186,0.0013298714751232993,0.0,0.0,0.04084860307870939,0.10941808925021897,0.23289042981344474,0.5831635546146068,6.506377992257821,1.335396103610532,320.2989730051377,319.93521947744415,0.5725859351825717,2.633156492306919,0.0,0.0,0.27,0.34629548650952463,1.2472719,30.0,22.5,0.2,1.5,2.5,5.0,1.0,5.0,5.0,5.0,masking_sources,2.0,5.0,11.0,1.0,3.0,10.0,-0.5,0.5,0.2,5.0,0.5,10.0,0.0,0.0,10.0,Edge-on,1346.0,16.8,80.3,0.0,3.0,0.02678,0.0021899999119341373,12.2,0.0,3.0,50.0,4.5,12.2,55.8,0.0,0.0,0.0,0.0,718
