GAL,ra,dec,radvel,z,mag,r20,r50,r80,flux_c,flux_e,rpetro_c,rpetro_e,rhalf_c,rhalf_e,Gini,M20,F(G_M20),S(G_M20),SN_per_pixel,C,A,S,M,I,D,Ao,As,Ser_A,Ser_R,Ser_n,Ser_xc,Ser_yc,Ser_ellip,Ser_theta,flag_morph,flag_sersic,ima_sc_pix2arc,ima_sc_arc2kpc,psf_arcsec,size_image_phy_kpc,zp_ima,eta,petro_extent_cas,snr,area_min,debleding,area_min_deblend,skybox_x,skybox_y,sky_method,nsigma,npixels,dilate_size,mask_stars,fwhm,threshold,roundlo,roundhi,sharplo,aper_stars,aper_fact,aper_center,aper_ellip,aper_pa,dr,View,area_segmap_pix,area_psf_pix,ratio_segmap_psf,flag_area,flag_area_th,SN_gal,bck,ratio_SN_gal,flag_SN,flag_SN_th,perc_SN_flag,perc_20_SN_gal,perc_50_SN_gal,perc_80_SN_gal,flag_image,flag_bck,flag_object,flag_statmorph,index
67r,37.41364055593132,0.1232962088459005,5000.0,0.0202,nan,2.940224786597092,6.0810505133405215,11.541528456023194,124.6290388320833,126.06273566985968,14.342057827728526,18.412275804403794,6.726970344238353,8.360278428271096,0.523982464608251,-1.8215350019742558,-0.10396304382099819,-0.061450725312253096,0.3568565547466278,2.969413961171216,0.08703771732529637,0.0017734330985375898,0.0,0.0,0.0551341269607044,0.15239935493691315,0.09432675723701775,0.22100822905606257,7.6313910312601845,1.6314850055988477,319.7928280619848,320.33665127873985,0.31161222907580044,1.9784823197344144,0.0,0.0,0.27,0.34629548650952463,1.0962757,30.0,22.5,0.2,1.5,2.5,5.0,1.0,5.0,5.0,5.0,masking_sources,2.0,5.0,11.0,1.0,3.0,10.0,-0.5,0.5,0.2,5.0,0.5,10.0,0.0,0.0,10.0,Face-on,2551.0,12.9,197.0,0.0,3.0,0.01115,0.0008900000248104334,12.5,0.0,3.0,50.0,4.7,12.5,57.3,0.0,0.0,0.0,0.0,67
