GAL,ra,dec,radvel,z,mag,r20,r50,r80,flux_c,flux_e,rpetro_c,rpetro_e,rhalf_c,rhalf_e,Gini,M20,F(G_M20),S(G_M20),SN_per_pixel,C,A,S,M,I,D,Ao,As,Ser_A,Ser_R,Ser_n,Ser_xc,Ser_yc,Ser_ellip,Ser_theta,flag_morph,flag_sersic,ima_sc_pix2arc,ima_sc_arc2kpc,psf_arcsec,size_image_phy_kpc,zp_ima,eta,petro_extent_cas,snr,area_min,debleding,area_min_deblend,skybox_x,skybox_y,sky_method,nsigma,npixels,dilate_size,mask_stars,fwhm,threshold,roundlo,roundhi,sharplo,aper_stars,aper_fact,aper_center,aper_ellip,aper_pa,dr,View,area_segmap_pix,area_psf_pix,ratio_segmap_psf,flag_area,flag_area_th,SN_gal,bck,ratio_SN_gal,flag_SN,flag_SN_th,perc_SN_flag,perc_20_SN_gal,perc_50_SN_gal,perc_80_SN_gal,flag_image,flag_bck,flag_object,flag_statmorph,index
435r,161.95341287541066,3.2327712765968837,5000.0,0.0429,nan,4.41821722424825,9.653197955074306,17.86371298616887,90.32723542886868,88.96415119614859,22.988410473424768,30.649318654472562,9.825912666486499,15.183619428382361,0.5076153759022993,-1.6522383519896562,-0.3023027113547867,-0.05412190878328599,0.2705450654029846,3.03362333982748,0.04371266785427175,0.02523762448838304,0.001692047377326565,0.0,0.042779027368388456,0.03698568669646185,0.21387245916723574,0.1936604312327162,14.367689873448466,0.5792731821870987,319.5186284314458,319.564314633395,0.783935833981663,0.366616438359264,0.0,0.0,0.27,0.34629548650952463,1.2470893,30.0,22.5,0.2,1.5,2.5,5.0,1.0,5.0,5.0,5.0,masking_sources,2.0,5.0,11.0,1.0,3.0,10.0,-0.5,0.5,0.2,5.0,0.5,10.0,0.0,0.0,10.0,Edge-on,1141.0,16.8,68.1,0.0,3.0,0.03639,0.0035000001080334187,10.4,0.0,3.0,50.0,4.3,10.4,34.9,0.0,0.0,0.0,0.0,435
