GAL,ra,dec,radvel,z,mag,r20,r50,r80,flux_c,flux_e,rpetro_c,rpetro_e,rhalf_c,rhalf_e,Gini,M20,F(G_M20),S(G_M20),SN_per_pixel,C,A,S,M,I,D,Ao,As,Ser_A,Ser_R,Ser_n,Ser_xc,Ser_yc,Ser_ellip,Ser_theta,flag_morph,flag_sersic,ima_sc_pix2arc,ima_sc_arc2kpc,psf_arcsec,size_image_phy_kpc,zp_ima,eta,petro_extent_cas,snr,area_min,debleding,area_min_deblend,skybox_x,skybox_y,sky_method,nsigma,npixels,dilate_size,mask_stars,fwhm,threshold,roundlo,roundhi,sharplo,aper_stars,aper_fact,aper_center,aper_ellip,aper_pa,dr,View,area_segmap_pix,area_psf_pix,ratio_segmap_psf,flag_area,flag_area_th,SN_gal,bck,ratio_SN_gal,flag_SN,flag_SN_th,perc_SN_flag,perc_20_SN_gal,perc_50_SN_gal,perc_80_SN_gal,flag_image,flag_bck,flag_object,flag_statmorph,index
505r,115.98605965192269,21.1587772075219,5000.0,0.0755,nan,4.3002045240715905,8.514458057942381,15.21729339680879,101.09410560579192,101.1326544866878,19.13396296701219,22.24457845640212,9.056787172369008,10.707260158070326,0.5027772466450752,-1.6974763689907024,-0.29490150539632154,-0.06519974111108323,0.2500929534435272,2.744241511744445,0.21193495319874642,0.0013271941190062797,0.08760484622553588,0.030724311470496844,0.04028621786850416,0.3625776063947696,0.5409021144512153,0.15244820168640474,8.364319764516242,0.8041568330587957,319.4512065171929,320.5383003681107,0.2801732164271411,0.17617518770140697,0.0,0.0,0.27,0.34629548650952463,1.3763663,30.0,22.5,0.2,1.5,2.5,5.0,1.0,5.0,5.0,5.0,masking_sources,2.0,5.0,11.0,1.0,3.0,10.0,-0.5,0.5,0.2,5.0,0.5,10.0,0.0,0.0,10.0,Face-on,1356.0,20.4,66.4,0.0,3.0,0.03371,0.004970000125467777,6.8,0.0,3.0,50.0,3.7,6.8,19.6,0.0,0.0,0.0,0.0,505
