GAL,ra,dec,radvel,z,mag,r20,r50,r80,flux_c,flux_e,rpetro_c,rpetro_e,rhalf_c,rhalf_e,Gini,M20,F(G_M20),S(G_M20),SN_per_pixel,C,A,S,M,I,D,Ao,As,Ser_A,Ser_R,Ser_n,Ser_xc,Ser_yc,Ser_ellip,Ser_theta,flag_morph,flag_sersic,ima_sc_pix2arc,ima_sc_arc2kpc,psf_arcsec,size_image_phy_kpc,zp_ima,eta,petro_extent_cas,snr,area_min,debleding,area_min_deblend,skybox_x,skybox_y,sky_method,nsigma,npixels,dilate_size,mask_stars,fwhm,threshold,roundlo,roundhi,sharplo,aper_stars,aper_fact,aper_center,aper_ellip,aper_pa,dr,View,area_segmap_pix,area_psf_pix,ratio_segmap_psf,flag_area,flag_area_th,SN_gal,bck,ratio_SN_gal,flag_SN,flag_SN_th,perc_SN_flag,perc_20_SN_gal,perc_50_SN_gal,perc_80_SN_gal,flag_image,flag_bck,flag_object,flag_statmorph,index
237r,43.29871700262438,-0.8564684321464251,5000.0,0.0229,nan,3.135999106743379,7.544594416421492,16.554266606782697,74.46719388139144,74.68914513690638,19.8436565702203,23.075093441781707,8.118948622218007,8.959470802146676,0.594446497852399,-2.0913517815335103,0.43181694897209777,-0.02919586475928293,0.18034453690052032,3.6126700746599205,-0.0056579755075405495,0.012046710098938627,0.03863432165318958,0.01593870025986442,0.033846822798505434,-0.05923959858899495,0.25442095519359725,0.1139368181147041,6.812732764532405,1.6733889463220724,320.27330780362513,319.88709138019067,0.1943765215308327,1.1915372221223905,0.0,0.0,0.27,0.34629548650952463,1.276449,30.0,22.5,0.2,1.5,2.5,5.0,1.0,5.0,5.0,5.0,masking_sources,2.0,5.0,11.0,1.0,3.0,10.0,-0.5,0.5,0.2,5.0,0.5,10.0,0.0,0.0,10.0,Face-on,1733.0,17.6,98.7,0.0,3.0,0.01594,0.0025100000202655792,6.4,0.0,3.0,50.0,3.9,6.4,15.7,0.0,0.0,0.0,0.0,237
