GAL,ra,dec,radvel,z,mag,r20,r50,r80,flux_c,flux_e,rpetro_c,rpetro_e,rhalf_c,rhalf_e,Gini,M20,F(G_M20),S(G_M20),SN_per_pixel,C,A,S,M,I,D,Ao,As,Ser_A,Ser_R,Ser_n,Ser_xc,Ser_yc,Ser_ellip,Ser_theta,flag_morph,flag_sersic,ima_sc_pix2arc,ima_sc_arc2kpc,psf_arcsec,size_image_phy_kpc,zp_ima,eta,petro_extent_cas,snr,area_min,debleding,area_min_deblend,skybox_x,skybox_y,sky_method,nsigma,npixels,dilate_size,mask_stars,fwhm,threshold,roundlo,roundhi,sharplo,aper_stars,aper_fact,aper_center,aper_ellip,aper_pa,dr,View,area_segmap_pix,area_psf_pix,ratio_segmap_psf,flag_area,flag_area_th,SN_gal,bck,ratio_SN_gal,flag_SN,flag_SN_th,perc_SN_flag,perc_20_SN_gal,perc_50_SN_gal,perc_80_SN_gal,flag_image,flag_bck,flag_object,flag_statmorph,index
730r,240.7520590003501,26.598244416003826,5000.0,0.0751,nan,2.428970220180868,4.765738624623147,8.42695176129849,107.52744728822714,107.5350195486898,10.821497258755874,10.994540991779871,4.848044721439702,4.922229726735756,0.5018869325930456,-1.73290504986127,-0.2747564841105641,-0.07100573866360144,0.4577741324901581,2.7012415880433887,0.028897080418406145,0.063218937923696,0.0,0.0,0.05537564610348041,0.029746347319595266,0.13571743403065242,0.6306479566039693,3.6677277028531643,1.1696917473839024,319.4374926478801,319.9371068212402,0.05287493436676655,3.105773265818801,0.0,0.0,0.27,0.34629548650952463,1.5572885,30.0,22.5,0.2,1.5,2.5,5.0,1.0,5.0,5.0,5.0,masking_sources,2.0,5.0,11.0,1.0,3.0,10.0,-0.5,0.5,0.2,5.0,0.5,10.0,0.0,0.0,10.0,Face-on,756.0,26.1,28.9,0.0,3.0,0.04926,0.004100000020116568,12.0,0.0,3.0,50.0,4.6,12.0,43.2,0.0,0.0,0.0,0.0,730
