GAL,ra,dec,radvel,z,mag,r20,r50,r80,flux_c,flux_e,rpetro_c,rpetro_e,rhalf_c,rhalf_e,Gini,M20,F(G_M20),S(G_M20),SN_per_pixel,C,A,S,M,I,D,Ao,As,Ser_A,Ser_R,Ser_n,Ser_xc,Ser_yc,Ser_ellip,Ser_theta,flag_morph,flag_sersic,ima_sc_pix2arc,ima_sc_arc2kpc,psf_arcsec,size_image_phy_kpc,zp_ima,eta,petro_extent_cas,snr,area_min,debleding,area_min_deblend,skybox_x,skybox_y,sky_method,nsigma,npixels,dilate_size,mask_stars,fwhm,threshold,roundlo,roundhi,sharplo,aper_stars,aper_fact,aper_center,aper_ellip,aper_pa,dr,View,area_segmap_pix,area_psf_pix,ratio_segmap_psf,flag_area,flag_area_th,SN_gal,bck,ratio_SN_gal,flag_SN,flag_SN_th,perc_SN_flag,perc_20_SN_gal,perc_50_SN_gal,perc_80_SN_gal,flag_image,flag_bck,flag_object,flag_statmorph,index
296r,219.2327715464883,0.8504820614992381,5000.0,0.0305,nan,4.823384201753097,11.689454542591465,22.970960894080022,98.64012979810795,97.32112520520943,29.617442234405225,36.749394933426565,11.882124203578236,18.49777927156198,0.5754531136153399,-1.8221105995592195,0.15121555789047214,-0.010574790859545047,0.21688571572303772,3.3891365294214086,0.08323439893353345,0.05031604662474511,0.16927899686520376,0.7064813088654617,0.0859364624231205,0.07314412918085016,0.3138159762185643,0.14209255549005775,15.517981592562954,0.7233455336783997,321.23477744409774,321.337193337807,0.7064275153901868,0.7201057601661457,0.0,0.0,0.27,0.34629548650952463,1.3400187,30.0,22.5,0.2,1.5,2.5,5.0,1.0,5.0,5.0,5.0,masking_sources,2.0,5.0,11.0,1.0,3.0,10.0,-0.5,0.5,0.2,5.0,0.5,10.0,0.0,0.0,10.0,Edge-on,2141.0,19.3,110.7,0.0,3.0,0.01871,0.0018500000005587935,10.1,0.0,3.0,50.0,4.5,10.1,31.9,0.0,0.0,0.0,0.0,296
