GAL,ra,dec,radvel,z,mag,r20,r50,r80,flux_c,flux_e,rpetro_c,rpetro_e,rhalf_c,rhalf_e,Gini,M20,F(G_M20),S(G_M20),SN_per_pixel,C,A,S,M,I,D,Ao,As,Ser_A,Ser_R,Ser_n,Ser_xc,Ser_yc,Ser_ellip,Ser_theta,flag_morph,flag_sersic,ima_sc_pix2arc,ima_sc_arc2kpc,psf_arcsec,size_image_phy_kpc,zp_ima,eta,petro_extent_cas,snr,area_min,debleding,area_min_deblend,skybox_x,skybox_y,sky_method,nsigma,npixels,dilate_size,mask_stars,fwhm,threshold,roundlo,roundhi,sharplo,aper_stars,aper_fact,aper_center,aper_ellip,aper_pa,dr,View,area_segmap_pix,area_psf_pix,ratio_segmap_psf,flag_area,flag_area_th,SN_gal,bck,ratio_SN_gal,flag_SN,flag_SN_th,perc_SN_flag,perc_20_SN_gal,perc_50_SN_gal,perc_80_SN_gal,flag_image,flag_bck,flag_object,flag_statmorph,index
370r,220.75728451379265,-1.8844628422643104,5000.0,0.0411,nan,7.401933448536677,17.292433147989886,31.8771923907995,103.02780385369536,99.7699314399957,42.892000331675746,53.207227956257775,17.413396507612376,26.872184056896604,0.5447908792359004,-1.5981413082546685,-0.15577322116180792,-0.00979867140385754,0.18070021271705627,3.170674437898697,0.03693363935682577,0.10382497618317618,0.011214953271028037,0.37612408964648936,0.028245363771817224,0.026188805837181174,0.1499416013510428,0.09567255534373159,25.788484235999537,0.3990871944349896,319.7466598529902,319.9883031411015,0.8298596193961608,0.3545662191001464,0.0,0.0,0.27,0.34629548650952463,1.2376839,30.0,22.5,0.2,1.5,2.5,5.0,1.0,5.0,5.0,5.0,masking_sources,2.0,5.0,11.0,1.0,3.0,10.0,-0.5,0.5,0.2,5.0,0.5,10.0,0.0,0.0,10.0,Edge-on,2242.0,16.5,135.8,0.0,3.0,0.02445,0.0019600000232458115,12.5,0.0,3.0,50.0,5.0,12.5,36.1,0.0,0.0,0.0,0.0,370
