GAL,ra,dec,radvel,z,mag,r20,r50,r80,flux_c,flux_e,rpetro_c,rpetro_e,rhalf_c,rhalf_e,Gini,M20,F(G_M20),S(G_M20),SN_per_pixel,C,A,S,M,I,D,Ao,As,Ser_A,Ser_R,Ser_n,Ser_xc,Ser_yc,Ser_ellip,Ser_theta,flag_morph,flag_sersic,ima_sc_pix2arc,ima_sc_arc2kpc,psf_arcsec,size_image_phy_kpc,zp_ima,eta,petro_extent_cas,snr,area_min,debleding,area_min_deblend,skybox_x,skybox_y,sky_method,nsigma,npixels,dilate_size,mask_stars,fwhm,threshold,roundlo,roundhi,sharplo,aper_stars,aper_fact,aper_center,aper_ellip,aper_pa,dr,View,area_segmap_pix,area_psf_pix,ratio_segmap_psf,flag_area,flag_area_th,SN_gal,bck,ratio_SN_gal,flag_SN,flag_SN_th,perc_SN_flag,perc_20_SN_gal,perc_50_SN_gal,perc_80_SN_gal,flag_image,flag_bck,flag_object,flag_statmorph,index
1070r,209.6917585527048,0.02286096105278879,5000.0,0.0328,nan,5.895309485656859,12.91324857736224,24.46627655819156,167.02862986524582,167.26179151953116,30.355379638682862,47.11743683314175,13.35715869005016,21.49723099510101,0.5322680978219901,-1.6906856385493192,-0.15362776826647062,-0.035059886914585114,0.23793627321720123,3.090306356904375,0.04432080287048873,-0.006182138310929298,0.0030637254901960784,0.0,0.08384788697140105,0.05990143475437101,0.24637872170992864,0.14749684147076036,19.16960794652689,0.7096222012543508,320.4224145554208,321.2393069785165,0.727820126214556,1.2589018788348896,0.0,0.0,0.27,0.34629548650952463,1.4434601,30.0,22.5,0.2,1.5,2.5,5.0,1.0,5.0,5.0,5.0,masking_sources,2.0,5.0,11.0,1.0,3.0,10.0,-0.5,0.5,0.2,5.0,0.5,10.0,0.0,0.0,10.0,Edge-on,2227.0,22.4,99.2,0.0,3.0,0.03949,0.004459999967366457,8.8,0.0,3.0,50.0,4.2,8.8,23.4,0.0,0.0,0.0,0.0,1070
