GAL,ra,dec,radvel,z,mag,r20,r50,r80,flux_c,flux_e,rpetro_c,rpetro_e,rhalf_c,rhalf_e,Gini,M20,F(G_M20),S(G_M20),SN_per_pixel,C,A,S,M,I,D,Ao,As,Ser_A,Ser_R,Ser_n,Ser_xc,Ser_yc,Ser_ellip,Ser_theta,flag_morph,flag_sersic,ima_sc_pix2arc,ima_sc_arc2kpc,psf_arcsec,size_image_phy_kpc,zp_ima,eta,petro_extent_cas,snr,area_min,debleding,area_min_deblend,skybox_x,skybox_y,sky_method,nsigma,npixels,dilate_size,mask_stars,fwhm,threshold,roundlo,roundhi,sharplo,aper_stars,aper_fact,aper_center,aper_ellip,aper_pa,dr,View,area_segmap_pix,area_psf_pix,ratio_segmap_psf,flag_area,flag_area_th,SN_gal,bck,ratio_SN_gal,flag_SN,flag_SN_th,perc_SN_flag,perc_20_SN_gal,perc_50_SN_gal,perc_80_SN_gal,flag_image,flag_bck,flag_object,flag_statmorph,index
1176r,163.37982356545598,7.461766603709867,5000.0,0.0113,nan,6.37773020016177,12.602142492119569,21.3644287997328,182.88978788875207,181.3200484929917,26.4577923596343,33.25555744752708,12.931590914647186,16.067078020277542,0.4961921058630591,-1.2692118003950728,-0.6242852983040716,-0.012190255450486631,0.2561323046684265,2.6251257142094215,0.13324624333565988,-0.009042821594338774,0.45454545454545453,0.3226415321852887,0.10773899438529246,-0.0528746200704279,0.2596640137384143,0.1398950360341135,14.387774808207263,0.6979465560039294,319.83461324631224,319.89107122855864,0.47561641930051085,3.1056645511851473,0.0,0.0,0.27,0.34629548650952463,1.5953387,30.0,22.5,0.2,1.5,2.5,5.0,1.0,5.0,5.0,5.0,masking_sources,2.0,5.0,11.0,1.0,3.0,10.0,-0.5,0.5,0.2,5.0,0.5,10.0,0.0,0.0,10.0,Face-on,2399.0,27.4,87.5,0.0,3.0,0.03314,0.004189999774098396,7.9,0.0,3.0,50.0,4.0,7.9,26.0,0.0,0.0,0.0,0.0,1176
