GAL,ra,dec,radvel,z,mag,r20,r50,r80,flux_c,flux_e,rpetro_c,rpetro_e,rhalf_c,rhalf_e,Gini,M20,F(G_M20),S(G_M20),SN_per_pixel,C,A,S,M,I,D,Ao,As,Ser_A,Ser_R,Ser_n,Ser_xc,Ser_yc,Ser_ellip,Ser_theta,flag_morph,flag_sersic,ima_sc_pix2arc,ima_sc_arc2kpc,psf_arcsec,size_image_phy_kpc,zp_ima,eta,petro_extent_cas,snr,area_min,debleding,area_min_deblend,skybox_x,skybox_y,sky_method,nsigma,npixels,dilate_size,mask_stars,fwhm,threshold,roundlo,roundhi,sharplo,aper_stars,aper_fact,aper_center,aper_ellip,aper_pa,dr,View,area_segmap_pix,area_psf_pix,ratio_segmap_psf,flag_area,flag_area_th,SN_gal,bck,ratio_SN_gal,flag_SN,flag_SN_th,perc_SN_flag,perc_20_SN_gal,perc_50_SN_gal,perc_80_SN_gal,flag_image,flag_bck,flag_object,flag_statmorph,index
905r,167.51948914728206,3.003211316062715,5000.0,0.136,nan,4.929876472344461,9.406460317207701,15.020070805251319,84.82866204806639,84.89058373068735,19.295630064378084,23.20489308015575,9.408326105697249,11.196982380045801,0.44234445226313723,-1.6455075297374497,-0.6300582431894179,-0.11780453889299969,0.24243566393852234,2.419179713180148,-0.06502400518784207,0.008247854644875869,0.0027063599458728013,0.0,0.04349068546467008,-0.12246926886296668,0.13172224114356632,0.12686363688176636,10.435563286396778,0.49614567705628226,320.373562482592,320.3001875076834,0.36922815063882214,2.70604341047427,0.0,0.0,0.27,0.34629548650952463,1.5358989,30.0,22.5,0.2,1.5,2.5,5.0,1.0,5.0,5.0,5.0,masking_sources,2.0,5.0,11.0,1.0,3.0,10.0,-0.5,0.5,0.2,5.0,0.5,10.0,0.0,0.0,10.0,Face-on,1228.0,25.4,48.3,0.0,3.0,0.0416,0.004519999958574772,9.2,0.0,3.0,50.0,4.3,9.2,23.2,0.0,0.0,0.0,0.0,905
