GAL,ra,dec,radvel,z,mag,r20,r50,r80,flux_c,flux_e,rpetro_c,rpetro_e,rhalf_c,rhalf_e,Gini,M20,F(G_M20),S(G_M20),SN_per_pixel,C,A,S,M,I,D,Ao,As,Ser_A,Ser_R,Ser_n,Ser_xc,Ser_yc,Ser_ellip,Ser_theta,flag_morph,flag_sersic,ima_sc_pix2arc,ima_sc_arc2kpc,psf_arcsec,size_image_phy_kpc,zp_ima,eta,petro_extent_cas,snr,area_min,debleding,area_min_deblend,skybox_x,skybox_y,sky_method,nsigma,npixels,dilate_size,mask_stars,fwhm,threshold,roundlo,roundhi,sharplo,aper_stars,aper_fact,aper_center,aper_ellip,aper_pa,dr,View,area_segmap_pix,area_psf_pix,ratio_segmap_psf,flag_area,flag_area_th,SN_gal,bck,ratio_SN_gal,flag_SN,flag_SN_th,perc_SN_flag,perc_20_SN_gal,perc_50_SN_gal,perc_80_SN_gal,flag_image,flag_bck,flag_object,flag_statmorph,index
1067r,174.51733218789101,13.20003943489321,5000.0,0.011,nan,6.96027539383393,15.516601262683647,28.824945648362988,193.2323959554887,194.57240807959977,37.60178801697308,45.51223799758101,15.522001098211234,18.337220892123643,0.5432983654598434,-1.8116096838366633,-0.015227580074967051,-0.040948364248051206,0.1737501174211502,3.085710368014319,0.07540758632659758,0.0034628379182983938,0.009130752373995616,0.008098895195083161,0.06246177389100149,0.10485493000894672,0.28383583619479513,0.08609511068797795,15.395243006985996,0.9005024627212476,321.27916376024336,320.5183142806039,0.3055157783250133,0.3569887769937063,0.0,0.0,0.27,0.34629548650952463,1.1520327,30.0,22.5,0.2,1.5,2.5,5.0,1.0,5.0,5.0,5.0,masking_sources,2.0,5.0,11.0,1.0,3.0,10.0,-0.5,0.5,0.2,5.0,0.5,10.0,0.0,0.0,10.0,Face-on,2928.0,14.3,204.8,0.0,3.0,0.03356,0.005350000225007534,6.3,0.0,3.0,50.0,3.8,6.3,13.5,0.0,0.0,0.0,0.0,1067
