GAL,ra,dec,radvel,z,mag,r20,r50,r80,flux_c,flux_e,rpetro_c,rpetro_e,rhalf_c,rhalf_e,Gini,M20,F(G_M20),S(G_M20),SN_per_pixel,C,A,S,M,I,D,Ao,As,Ser_A,Ser_R,Ser_n,Ser_xc,Ser_yc,Ser_ellip,Ser_theta,flag_morph,flag_sersic,ima_sc_pix2arc,ima_sc_arc2kpc,psf_arcsec,size_image_phy_kpc,zp_ima,eta,petro_extent_cas,snr,area_min,debleding,area_min_deblend,skybox_x,skybox_y,sky_method,nsigma,npixels,dilate_size,mask_stars,fwhm,threshold,roundlo,roundhi,sharplo,aper_stars,aper_fact,aper_center,aper_ellip,aper_pa,dr,View,area_segmap_pix,area_psf_pix,ratio_segmap_psf,flag_area,flag_area_th,SN_gal,bck,ratio_SN_gal,flag_SN,flag_SN_th,perc_SN_flag,perc_20_SN_gal,perc_50_SN_gal,perc_80_SN_gal,flag_image,flag_bck,flag_object,flag_statmorph,index
47r,173.78723801238428,10.561082473965872,5000.0,0.0197,nan,4.123475607930242,8.339667327588929,14.404006066840285,77.41168318454766,77.52643414763892,18.32128123681125,22.258433073855368,8.531213355819892,10.528657599836537,0.4762292246675004,-1.729471128867153,-0.404141845590936,-0.09592955449170892,0.24124491214752197,2.7160993287283315,0.1232479376744728,0.03277567167249374,0.04772234273318872,0.016895466305628912,0.0413448271756018,0.2656579180398347,0.3387377383734656,0.13519811120839004,9.231514704151381,0.6362306719420537,320.12389985437875,319.9090795467976,0.4007702765072808,1.5051396218292998,0.0,0.0,0.27,0.34629548650952463,1.1594921,30.0,22.5,0.2,1.5,2.5,5.0,1.0,5.0,5.0,5.0,masking_sources,2.0,5.0,11.0,1.0,3.0,10.0,-0.5,0.5,0.2,5.0,0.5,10.0,0.0,0.0,10.0,Face-on,1084.0,14.5,74.8,0.0,3.0,0.03824,0.004889999981969595,7.8,0.0,3.0,50.0,4.0,7.8,19.9,0.0,0.0,0.0,0.0,47
