GAL,ra,dec,radvel,z,mag,r20,r50,r80,flux_c,flux_e,rpetro_c,rpetro_e,rhalf_c,rhalf_e,Gini,M20,F(G_M20),S(G_M20),SN_per_pixel,C,A,S,M,I,D,Ao,As,Ser_A,Ser_R,Ser_n,Ser_xc,Ser_yc,Ser_ellip,Ser_theta,flag_morph,flag_sersic,ima_sc_pix2arc,ima_sc_arc2kpc,psf_arcsec,size_image_phy_kpc,zp_ima,eta,petro_extent_cas,snr,area_min,debleding,area_min_deblend,skybox_x,skybox_y,sky_method,nsigma,npixels,dilate_size,mask_stars,fwhm,threshold,roundlo,roundhi,sharplo,aper_stars,aper_fact,aper_center,aper_ellip,aper_pa,dr,View,area_segmap_pix,area_psf_pix,ratio_segmap_psf,flag_area,flag_area_th,SN_gal,bck,ratio_SN_gal,flag_SN,flag_SN_th,perc_SN_flag,perc_20_SN_gal,perc_50_SN_gal,perc_80_SN_gal,flag_image,flag_bck,flag_object,flag_statmorph,index
318r,133.38561084413672,1.0141018910471782,5000.0,0.0518,nan,6.8982436162545335,16.318537029494767,32.233972812553475,90.03900934791544,82.28554499951785,43.36444845847566,51.94837361146866,16.387564745781564,26.95734931184401,0.47945605853667816,-1.9697859005970826,-0.22163088112966456,-0.1261387422316831,0.15366406738758087,3.3478765378091033,-0.007580614821523406,-0.01733773846287581,0.05823293172690763,0.15265394168322013,0.00393858579367558,-0.08865093896313253,0.29239817947391855,0.04934037978303462,24.049922855783603,0.504084189962271,319.3006677312465,320.21032063445205,0.7224249816817311,2.903793989029265,0.0,0.0,0.27,0.34629548650952463,1.5374252,30.0,22.5,0.2,1.5,2.5,5.0,1.0,5.0,5.0,5.0,masking_sources,2.0,5.0,11.0,1.0,3.0,10.0,-0.5,0.5,0.2,5.0,0.5,10.0,0.0,0.0,10.0,Edge-on,2629.0,25.5,103.2,0.0,3.0,0.02056,0.0017300000181421638,11.9,0.0,3.0,50.0,5.3,11.9,24.4,0.0,0.0,0.0,0.0,318
