GAL,ra,dec,radvel,z,mag,r20,r50,r80,flux_c,flux_e,rpetro_c,rpetro_e,rhalf_c,rhalf_e,Gini,M20,F(G_M20),S(G_M20),SN_per_pixel,C,A,S,M,I,D,Ao,As,Ser_A,Ser_R,Ser_n,Ser_xc,Ser_yc,Ser_ellip,Ser_theta,flag_morph,flag_sersic,ima_sc_pix2arc,ima_sc_arc2kpc,psf_arcsec,size_image_phy_kpc,zp_ima,eta,petro_extent_cas,snr,area_min,debleding,area_min_deblend,skybox_x,skybox_y,sky_method,nsigma,npixels,dilate_size,mask_stars,fwhm,threshold,roundlo,roundhi,sharplo,aper_stars,aper_fact,aper_center,aper_ellip,aper_pa,dr,View,area_segmap_pix,area_psf_pix,ratio_segmap_psf,flag_area,flag_area_th,SN_gal,bck,ratio_SN_gal,flag_SN,flag_SN_th,perc_SN_flag,perc_20_SN_gal,perc_50_SN_gal,perc_80_SN_gal,flag_image,flag_bck,flag_object,flag_statmorph,index
1174r,2.460158800139991,-0.9178093887249322,5000.0,0.0134,nan,3.317433068877099,6.639272261762314,12.532410899393936,97.77030662077051,99.59694301143415,15.510185598901169,20.464528882906205,7.355880525514444,9.714851893263454,0.5223766782818675,-1.791411719043974,-0.13278712120728198,-0.0588533174480636,0.2928153872489929,2.8861622807315817,0.022238225501333312,0.0015233944007367447,0.016282225237449117,0.005740980456833125,0.05439444899671851,-0.07014979128497381,0.18462454081352245,0.17875776140902047,7.873824805179964,1.3109410270628028,320.3477698144213,319.7010650666559,0.3830576161271165,2.9395290786051915,2.0,0.0,0.27,0.34629548650952463,1.228869,30.0,22.5,0.2,1.5,2.5,5.0,1.0,5.0,5.0,5.0,masking_sources,2.0,5.0,11.0,1.0,3.0,10.0,-0.5,0.5,0.2,5.0,0.5,10.0,0.0,0.0,10.0,Face-on,1843.0,16.3,113.3,0.0,3.0,0.01773,0.002369999885559082,7.5,0.0,3.0,50.0,3.9,7.5,25.1,0.0,0.0,0.0,0.0,1174
