GAL,ra,dec,radvel,z,mag,r20,r50,r80,flux_c,flux_e,rpetro_c,rpetro_e,rhalf_c,rhalf_e,Gini,M20,F(G_M20),S(G_M20),SN_per_pixel,C,A,S,M,I,D,Ao,As,Ser_A,Ser_R,Ser_n,Ser_xc,Ser_yc,Ser_ellip,Ser_theta,flag_morph,flag_sersic,ima_sc_pix2arc,ima_sc_arc2kpc,psf_arcsec,size_image_phy_kpc,zp_ima,eta,petro_extent_cas,snr,area_min,debleding,area_min_deblend,skybox_x,skybox_y,sky_method,nsigma,npixels,dilate_size,mask_stars,fwhm,threshold,roundlo,roundhi,sharplo,aper_stars,aper_fact,aper_center,aper_ellip,aper_pa,dr,View,area_segmap_pix,area_psf_pix,ratio_segmap_psf,flag_area,flag_area_th,SN_gal,bck,ratio_SN_gal,flag_SN,flag_SN_th,perc_SN_flag,perc_20_SN_gal,perc_50_SN_gal,perc_80_SN_gal,flag_image,flag_bck,flag_object,flag_statmorph,index
438r,15.168471229766059,-8.894053753264911,5000.0,0.0553,nan,6.362191794603337,12.644003059907115,22.98573870899578,170.19050096024387,170.96340639367529,29.30690857260933,38.86585023131044,12.655362062958904,17.410035273425432,0.4900370362135418,-1.6798843068843337,-0.37015684607212496,-0.0753672528055161,0.22675061225891113,2.789258541662485,0.13623949222886725,0.020994686390460402,0.04145936981757877,0.08174641692297226,0.06746395985405931,0.18772269954912915,0.2159831800080977,0.12113901295557193,15.204169425991756,0.6264817135572657,320.6380379286518,320.56743642616993,0.4565424239493038,1.340723331330881,0.0,0.0,0.27,0.34629548650952463,1.4972363,30.0,22.5,0.2,1.5,2.5,5.0,1.0,5.0,5.0,5.0,masking_sources,2.0,5.0,11.0,1.0,3.0,10.0,-0.5,0.5,0.2,5.0,0.5,10.0,0.0,0.0,10.0,Face-on,2529.0,24.2,104.7,0.0,3.0,0.03969,0.004310000222176313,9.2,0.0,3.0,50.0,4.5,9.2,20.8,0.0,0.0,0.0,0.0,438
