GAL,ra,dec,radvel,z,mag,r20,r50,r80,flux_c,flux_e,rpetro_c,rpetro_e,rhalf_c,rhalf_e,Gini,M20,F(G_M20),S(G_M20),SN_per_pixel,C,A,S,M,I,D,Ao,As,Ser_A,Ser_R,Ser_n,Ser_xc,Ser_yc,Ser_ellip,Ser_theta,flag_morph,flag_sersic,ima_sc_pix2arc,ima_sc_arc2kpc,psf_arcsec,size_image_phy_kpc,zp_ima,eta,petro_extent_cas,snr,area_min,debleding,area_min_deblend,skybox_x,skybox_y,sky_method,nsigma,npixels,dilate_size,mask_stars,fwhm,threshold,roundlo,roundhi,sharplo,aper_stars,aper_fact,aper_center,aper_ellip,aper_pa,dr,View,area_segmap_pix,area_psf_pix,ratio_segmap_psf,flag_area,flag_area_th,SN_gal,bck,ratio_SN_gal,flag_SN,flag_SN_th,perc_SN_flag,perc_20_SN_gal,perc_50_SN_gal,perc_80_SN_gal,flag_image,flag_bck,flag_object,flag_statmorph,index
268r,117.68002608233027,29.76569426645916,5000.0,0.0268,nan,3.461572108964463,7.380714895204859,14.312841381836817,95.46347526710376,95.06348165343839,18.262371929817583,24.7642749296052,7.624919313547277,11.685589559715673,0.5042593837690478,-1.8518429649551835,-0.1805888756292715,-0.08518938219741323,0.31183087825775146,3.082262377025404,0.02770614190372179,0.04874637929987297,0.0018083182640144665,0.0,0.020938174263414145,0.03052383725608512,0.1373434705128766,0.250125677958055,10.625181868129436,0.9540045376827953,320.2523246894385,320.01092614598156,0.7243914700765287,2.0739439446513384,0.0,0.0,0.27,0.34629548650952463,1.4205998,30.0,22.5,0.2,1.5,2.5,5.0,1.0,5.0,5.0,5.0,masking_sources,2.0,5.0,11.0,1.0,3.0,10.0,-0.5,0.5,0.2,5.0,0.5,10.0,0.0,0.0,10.0,Edge-on,1158.0,21.7,53.3,0.0,3.0,0.03304,0.003019999945536256,10.9,0.0,3.0,50.0,4.4,10.9,39.0,0.0,0.0,0.0,0.0,268
