GAL,ra,dec,radvel,z,mag,r20,r50,r80,flux_c,flux_e,rpetro_c,rpetro_e,rhalf_c,rhalf_e,Gini,M20,F(G_M20),S(G_M20),SN_per_pixel,C,A,S,M,I,D,Ao,As,Ser_A,Ser_R,Ser_n,Ser_xc,Ser_yc,Ser_ellip,Ser_theta,flag_morph,flag_sersic,ima_sc_pix2arc,ima_sc_arc2kpc,psf_arcsec,size_image_phy_kpc,zp_ima,eta,petro_extent_cas,snr,area_min,debleding,area_min_deblend,skybox_x,skybox_y,sky_method,nsigma,npixels,dilate_size,mask_stars,fwhm,threshold,roundlo,roundhi,sharplo,aper_stars,aper_fact,aper_center,aper_ellip,aper_pa,dr,View,area_segmap_pix,area_psf_pix,ratio_segmap_psf,flag_area,flag_area_th,SN_gal,bck,ratio_SN_gal,flag_SN,flag_SN_th,perc_SN_flag,perc_20_SN_gal,perc_50_SN_gal,perc_80_SN_gal,flag_image,flag_bck,flag_object,flag_statmorph,index
992r,225.53073430634612,3.355062432011487,5000.0,0.1347,nan,2.343743127243954,5.245171366275338,10.97748089405882,74.35181838265741,73.70392148296436,13.888800630580505,17.816132279958822,5.523474490860734,8.003542092979437,0.5285002677899067,-1.942157445885913,0.0019914355589758514,-0.0737446198661344,0.33255672454833984,3.352963391733508,0.05128219376914657,0.0032249645921566187,0.0,0.0,0.06663416050718163,0.1048587786124554,0.2413436324346195,0.30231981052839385,6.326539570934583,1.3552850544359927,320.63041967934663,320.1115068350043,0.5903833426604618,0.717406972675771,0.0,0.0,0.27,0.34629548650952463,1.2533275,30.0,22.5,0.2,1.5,2.5,5.0,1.0,5.0,5.0,5.0,masking_sources,2.0,5.0,11.0,1.0,3.0,10.0,-0.5,0.5,0.2,5.0,0.5,10.0,0.0,0.0,10.0,Edge-on,928.0,16.9,54.8,0.0,3.0,0.02739,0.0027600000612437725,9.9,0.0,3.0,50.0,4.2,9.9,35.0,0.0,0.0,0.0,0.0,992
