GAL,ra,dec,radvel,z,mag,r20,r50,r80,flux_c,flux_e,rpetro_c,rpetro_e,rhalf_c,rhalf_e,Gini,M20,F(G_M20),S(G_M20),SN_per_pixel,C,A,S,M,I,D,Ao,As,Ser_A,Ser_R,Ser_n,Ser_xc,Ser_yc,Ser_ellip,Ser_theta,flag_morph,flag_sersic,ima_sc_pix2arc,ima_sc_arc2kpc,psf_arcsec,size_image_phy_kpc,zp_ima,eta,petro_extent_cas,snr,area_min,debleding,area_min_deblend,skybox_x,skybox_y,sky_method,nsigma,npixels,dilate_size,mask_stars,fwhm,threshold,roundlo,roundhi,sharplo,aper_stars,aper_fact,aper_center,aper_ellip,aper_pa,dr,View,area_segmap_pix,area_psf_pix,ratio_segmap_psf,flag_area,flag_area_th,SN_gal,bck,ratio_SN_gal,flag_SN,flag_SN_th,perc_SN_flag,perc_20_SN_gal,perc_50_SN_gal,perc_80_SN_gal,flag_image,flag_bck,flag_object,flag_statmorph,index
645r,238.6671335151865,5.486074383999752,5000.0,0.0878,nan,4.356628315448736,9.706193393848986,19.292578233415366,77.92782955240034,76.86863514674148,24.313509848437047,27.074585003015297,10.248949340684254,12.490286709436297,0.5530057712685911,-1.8129348769076483,0.03374243747652583,-0.03152223433425799,0.1828615367412567,3.2311988011675323,0.10775318242356977,0.01983608772737178,0.0026954177897574125,0.0,0.07662412761346253,0.16591996835926143,0.31698563526712,0.08815788264520441,10.572695762401978,1.1160586778483355,319.13826953087545,319.3124667101401,0.45613570506461654,0.7257235030097182,0.0,0.0,0.27,0.34629548650952463,1.5510938,30.0,22.5,0.2,1.5,2.5,5.0,1.0,5.0,5.0,5.0,masking_sources,2.0,5.0,11.0,1.0,3.0,10.0,-0.5,0.5,0.2,5.0,0.5,10.0,0.0,0.0,10.0,Face-on,3056.0,25.9,117.9,0.0,3.0,0.00836,0.0009800000116229057,8.5,0.0,3.0,50.0,4.6,8.5,27.5,0.0,0.0,0.0,0.0,645
