GAL,ra,dec,radvel,z,mag,r20,r50,r80,flux_c,flux_e,rpetro_c,rpetro_e,rhalf_c,rhalf_e,Gini,M20,F(G_M20),S(G_M20),SN_per_pixel,C,A,S,M,I,D,Ao,As,Ser_A,Ser_R,Ser_n,Ser_xc,Ser_yc,Ser_ellip,Ser_theta,flag_morph,flag_sersic,ima_sc_pix2arc,ima_sc_arc2kpc,psf_arcsec,size_image_phy_kpc,zp_ima,eta,petro_extent_cas,snr,area_min,debleding,area_min_deblend,skybox_x,skybox_y,sky_method,nsigma,npixels,dilate_size,mask_stars,fwhm,threshold,roundlo,roundhi,sharplo,aper_stars,aper_fact,aper_center,aper_ellip,aper_pa,dr,View,area_segmap_pix,area_psf_pix,ratio_segmap_psf,flag_area,flag_area_th,SN_gal,bck,ratio_SN_gal,flag_SN,flag_SN_th,perc_SN_flag,perc_20_SN_gal,perc_50_SN_gal,perc_80_SN_gal,flag_image,flag_bck,flag_object,flag_statmorph,index
850r,224.5242258292281,3.632198887645503,5000.0,0.1319,nan,3.7164830253788463,6.804792582411497,11.601683336273668,74.3429529187834,76.91301710989961,14.30236313146084,19.090061160438214,9.138993169417564,11.603670137618524,0.4997585978572037,-1.3977131523013635,-0.5175797260619968,-0.026521116291257862,0.2698526084423065,2.4719442691574685,0.24900424404781948,-0.0015130726442128715,0.009389671361502348,0.390281989968382,0.23241450902653452,0.2280050136640297,0.6906875316233825,0.1559809518090674,6.806785240000215,0.859278383842855,319.4843415214369,322.4304486177382,0.22307715451762994,1.4323118180426715,1.0,0.0,0.27,0.34629548650952463,1.3432846,30.0,22.5,0.2,1.5,2.5,5.0,1.0,5.0,5.0,5.0,masking_sources,2.0,5.0,11.0,1.0,3.0,10.0,-0.5,0.5,0.2,5.0,0.5,10.0,0.0,0.0,10.0,Face-on,1743.0,19.4,89.7,0.0,3.0,0.01407,0.0023300000466406345,6.1,0.0,3.0,50.0,3.7,6.1,21.6,0.0,0.0,0.0,0.0,850
