GAL,ra,dec,radvel,z,mag,r20,r50,r80,flux_c,flux_e,rpetro_c,rpetro_e,rhalf_c,rhalf_e,Gini,M20,F(G_M20),S(G_M20),SN_per_pixel,C,A,S,M,I,D,Ao,As,Ser_A,Ser_R,Ser_n,Ser_xc,Ser_yc,Ser_ellip,Ser_theta,flag_morph,flag_sersic,ima_sc_pix2arc,ima_sc_arc2kpc,psf_arcsec,size_image_phy_kpc,zp_ima,eta,petro_extent_cas,snr,area_min,debleding,area_min_deblend,skybox_x,skybox_y,sky_method,nsigma,npixels,dilate_size,mask_stars,fwhm,threshold,roundlo,roundhi,sharplo,aper_stars,aper_fact,aper_center,aper_ellip,aper_pa,dr,View,area_segmap_pix,area_psf_pix,ratio_segmap_psf,flag_area,flag_area_th,SN_gal,bck,ratio_SN_gal,flag_SN,flag_SN_th,perc_SN_flag,perc_20_SN_gal,perc_50_SN_gal,perc_80_SN_gal,flag_image,flag_bck,flag_object,flag_statmorph,index
664r,9.063622496791687,-9.81188634782546,5000.0,0.036,nan,4.095821614667601,9.144550266603698,19.28129581672457,291.99174845524306,291.06442320593794,23.872099584121266,34.68723411519939,9.861260637441703,15.153090475544408,0.5788446780991902,-1.9195686887702716,0.23554225790878913,-0.020763816420869496,0.40568751096725464,3.363975920729687,9.056510477010094e-05,0.014395524346654687,0.0019455252918287938,0.0,0.017326085534185437,-0.03533507484263506,0.15909362054774726,0.39137839110547873,13.92284410396138,1.0640298180307406,320.00745215353487,319.99009566048517,0.6935451703992297,2.6748394513482006,0.0,0.0,0.27,0.34629548650952463,1.2362944,30.0,22.5,0.2,1.5,2.5,5.0,1.0,5.0,5.0,5.0,masking_sources,2.0,5.0,11.0,1.0,3.0,10.0,-0.5,0.5,0.2,5.0,0.5,10.0,0.0,0.0,10.0,Edge-on,2386.0,16.5,144.9,0.0,3.0,0.04035,0.004360000137239695,9.2,0.0,3.0,50.0,4.2,9.2,32.0,0.0,0.0,0.0,0.0,664
