GAL,ra,dec,radvel,z,mag,r20,r50,r80,flux_c,flux_e,rpetro_c,rpetro_e,rhalf_c,rhalf_e,Gini,M20,F(G_M20),S(G_M20),SN_per_pixel,C,A,S,M,I,D,Ao,As,Ser_A,Ser_R,Ser_n,Ser_xc,Ser_yc,Ser_ellip,Ser_theta,flag_morph,flag_sersic,ima_sc_pix2arc,ima_sc_arc2kpc,psf_arcsec,size_image_phy_kpc,zp_ima,eta,petro_extent_cas,snr,area_min,debleding,area_min_deblend,skybox_x,skybox_y,sky_method,nsigma,npixels,dilate_size,mask_stars,fwhm,threshold,roundlo,roundhi,sharplo,aper_stars,aper_fact,aper_center,aper_ellip,aper_pa,dr,View,area_segmap_pix,area_psf_pix,ratio_segmap_psf,flag_area,flag_area_th,SN_gal,bck,ratio_SN_gal,flag_SN,flag_SN_th,perc_SN_flag,perc_20_SN_gal,perc_50_SN_gal,perc_80_SN_gal,flag_image,flag_bck,flag_object,flag_statmorph,index
628r,192.9466286920161,0.40082655155843494,5000.0,0.0976,nan,4.343680250252571,8.818827817292041,16.97916464529759,109.20673919357901,109.42223948711728,20.398599018574334,27.956067782730045,9.290604707367969,11.05827154745191,0.5653698963909934,-1.8821484146408898,0.1429098384815548,-0.02890243220800026,0.20448273420333862,2.9602923573263595,-0.35246938686897206,-0.04977146745419169,0.050308008213552365,0.027087629411318946,0.042660796572207324,-1.127868120723171,0.25390059991918135,0.12718140896833333,8.794541126338233,1.1752073725890206,319.6270622447955,319.70902077983914,0.221421358165111,3.131444006976591,2.0,0.0,0.27,0.34629548650952463,1.4823253,30.0,22.5,0.2,1.5,2.5,5.0,1.0,5.0,5.0,5.0,masking_sources,2.0,5.0,11.0,1.0,3.0,10.0,-0.5,0.5,0.2,5.0,0.5,10.0,0.0,0.0,10.0,Face-on,1859.0,23.7,78.5,0.0,3.0,0.02455,0.0037700000684708357,6.5,0.0,3.0,50.0,3.7,6.5,17.3,0.0,0.0,0.0,0.0,628
