GAL,ra,dec,radvel,z,mag,r20,r50,r80,flux_c,flux_e,rpetro_c,rpetro_e,rhalf_c,rhalf_e,Gini,M20,F(G_M20),S(G_M20),SN_per_pixel,C,A,S,M,I,D,Ao,As,Ser_A,Ser_R,Ser_n,Ser_xc,Ser_yc,Ser_ellip,Ser_theta,flag_morph,flag_sersic,ima_sc_pix2arc,ima_sc_arc2kpc,psf_arcsec,size_image_phy_kpc,zp_ima,eta,petro_extent_cas,snr,area_min,debleding,area_min_deblend,skybox_x,skybox_y,sky_method,nsigma,npixels,dilate_size,mask_stars,fwhm,threshold,roundlo,roundhi,sharplo,aper_stars,aper_fact,aper_center,aper_ellip,aper_pa,dr,View,area_segmap_pix,area_psf_pix,ratio_segmap_psf,flag_area,flag_area_th,SN_gal,bck,ratio_SN_gal,flag_SN,flag_SN_th,perc_SN_flag,perc_20_SN_gal,perc_50_SN_gal,perc_80_SN_gal,flag_image,flag_bck,flag_object,flag_statmorph,index
527r,329.74143102484027,-7.167116593611863,5000.0,0.0576,nan,5.164902957707372,11.353637398929498,18.7613679527614,111.74504750454449,119.91892661058765,23.123779698470617,40.01349814219063,15.103410262060269,23.352911820070407,0.6589284204805853,-1.9459467650304227,0.6502367895449801,0.05485253593655065,0.18489983677864075,2.801011674834517,0.18116913978683444,0.02705258329091238,0.0,0.0,0.05454309307940956,0.24851670140773086,1.223394488549461,0.16904453231681177,10.93849830964825,0.834579753906755,319.90349544256355,318.7819385076247,0.4070474567527397,1.9444315139239134,2.0,0.0,0.27,0.34629548650952463,1.2792789,30.0,22.5,0.2,1.5,2.5,5.0,1.0,5.0,5.0,5.0,masking_sources,2.0,5.0,11.0,1.0,3.0,10.0,-0.5,0.5,0.2,5.0,0.5,10.0,0.0,0.0,10.0,Face-on,5447.0,17.6,308.9,0.0,3.0,0.0059,0.0006799999973736703,8.6,0.0,3.0,50.0,4.5,8.6,27.6,0.0,0.0,0.0,0.0,527
