GAL,ra,dec,radvel,z,mag,r20,r50,r80,flux_c,flux_e,rpetro_c,rpetro_e,rhalf_c,rhalf_e,Gini,M20,F(G_M20),S(G_M20),SN_per_pixel,C,A,S,M,I,D,Ao,As,Ser_A,Ser_R,Ser_n,Ser_xc,Ser_yc,Ser_ellip,Ser_theta,flag_morph,flag_sersic,ima_sc_pix2arc,ima_sc_arc2kpc,psf_arcsec,size_image_phy_kpc,zp_ima,eta,petro_extent_cas,snr,area_min,debleding,area_min_deblend,skybox_x,skybox_y,sky_method,nsigma,npixels,dilate_size,mask_stars,fwhm,threshold,roundlo,roundhi,sharplo,aper_stars,aper_fact,aper_center,aper_ellip,aper_pa,dr,View,area_segmap_pix,area_psf_pix,ratio_segmap_psf,flag_area,flag_area_th,SN_gal,bck,ratio_SN_gal,flag_SN,flag_SN_th,perc_SN_flag,perc_20_SN_gal,perc_50_SN_gal,perc_80_SN_gal,flag_image,flag_bck,flag_object,flag_statmorph,index
722r,15.902450897014711,-0.8467507523188433,5000.0,0.0671,nan,2.526017740261192,5.671291104538526,11.562634211725033,138.55004520308188,138.45518896539915,14.200792260873197,14.736545217063432,6.719865929947866,6.969138297123913,0.5560470256604954,-1.947796890911324,0.142256022420999,-0.04725721243278369,0.3691432476043701,3.3031019525223067,0.005841146977630691,-0.0018673213240539758,0.0,0.0,0.030491715663524023,0.002897435710630935,0.23992219478569116,0.27203786888406384,5.696258319181514,2.053242654902544,319.6129887373143,319.94742241382994,0.04861045715801066,0.724506059361804,0.0,0.0,0.27,0.34629548650952463,1.1881196,30.0,22.5,0.2,1.5,2.5,5.0,1.0,5.0,5.0,5.0,masking_sources,2.0,5.0,11.0,1.0,3.0,10.0,-0.5,0.5,0.2,5.0,0.5,10.0,0.0,0.0,10.0,Face-on,2225.0,15.2,146.3,0.0,3.0,0.01719,0.002360000042244792,7.3,0.0,3.0,50.0,3.9,7.3,23.9,0.0,0.0,0.0,0.0,722
