GAL,ra,dec,radvel,z,mag,r20,r50,r80,flux_c,flux_e,rpetro_c,rpetro_e,rhalf_c,rhalf_e,Gini,M20,F(G_M20),S(G_M20),SN_per_pixel,C,A,S,M,I,D,Ao,As,Ser_A,Ser_R,Ser_n,Ser_xc,Ser_yc,Ser_ellip,Ser_theta,flag_morph,flag_sersic,ima_sc_pix2arc,ima_sc_arc2kpc,psf_arcsec,size_image_phy_kpc,zp_ima,eta,petro_extent_cas,snr,area_min,debleding,area_min_deblend,skybox_x,skybox_y,sky_method,nsigma,npixels,dilate_size,mask_stars,fwhm,threshold,roundlo,roundhi,sharplo,aper_stars,aper_fact,aper_center,aper_ellip,aper_pa,dr,View,area_segmap_pix,area_psf_pix,ratio_segmap_psf,flag_area,flag_area_th,SN_gal,bck,ratio_SN_gal,flag_SN,flag_SN_th,perc_SN_flag,perc_20_SN_gal,perc_50_SN_gal,perc_80_SN_gal,flag_image,flag_bck,flag_object,flag_statmorph,index
908r,44.55629969024567,0.7771481994820072,5000.0,0.0901,nan,6.597668738208669,13.05948262073088,21.2273833279655,222.8730791133266,222.8630454516213,27.566980943685323,28.49878617219495,13.110384670316728,13.593666351772924,0.4579472351043687,-1.6954357919454548,-0.5182241824151745,-0.10929781232709324,0.2679769694805145,2.5375297812274935,0.1181820156783076,0.0273441459751077,0.024154589371980676,0.0,0.011151541419984926,0.18316829006767016,0.19035739621648737,0.14187879319842212,12.780849482783024,0.5286636903203132,319.6386433008699,320.2676197612246,0.05100806154365871,0.41241721240857654,0.0,0.0,0.27,0.34629548650952463,1.2574914,30.0,22.5,0.2,1.5,2.5,5.0,1.0,5.0,5.0,5.0,masking_sources,2.0,5.0,11.0,1.0,3.0,10.0,-0.5,0.5,0.2,5.0,0.5,10.0,0.0,0.0,10.0,Face-on,3374.0,17.0,198.0,0.0,3.0,0.03293,0.0023300000466406345,14.2,0.0,3.0,50.0,5.3,14.2,45.5,0.0,0.0,0.0,0.0,908
