GAL,ra,dec,radvel,z,mag,r20,r50,r80,flux_c,flux_e,rpetro_c,rpetro_e,rhalf_c,rhalf_e,Gini,M20,F(G_M20),S(G_M20),SN_per_pixel,C,A,S,M,I,D,Ao,As,Ser_A,Ser_R,Ser_n,Ser_xc,Ser_yc,Ser_ellip,Ser_theta,flag_morph,flag_sersic,ima_sc_pix2arc,ima_sc_arc2kpc,psf_arcsec,size_image_phy_kpc,zp_ima,eta,petro_extent_cas,snr,area_min,debleding,area_min_deblend,skybox_x,skybox_y,sky_method,nsigma,npixels,dilate_size,mask_stars,fwhm,threshold,roundlo,roundhi,sharplo,aper_stars,aper_fact,aper_center,aper_ellip,aper_pa,dr,View,area_segmap_pix,area_psf_pix,ratio_segmap_psf,flag_area,flag_area_th,SN_gal,bck,ratio_SN_gal,flag_SN,flag_SN_th,perc_SN_flag,perc_20_SN_gal,perc_50_SN_gal,perc_80_SN_gal,flag_image,flag_bck,flag_object,flag_statmorph,index
92r,163.42527583338915,5.290848321377014,5000.0,0.0238,nan,10.587954563971516,23.280476633476642,42.71863635479171,142.66835993478688,143.30167619193634,51.870921352872955,55.79339533938234,21.7106219684659,23.59712296889592,0.530108302242327,-1.0148205619745256,-0.6326932544521355,0.05674716110544459,0.11021286249160767,3.029026559698039,0.08047590954993869,0.027896660303750858,0.039410828025477705,0.16416809895674675,0.051486361057292505,0.054490841557267126,0.25720886535909043,0.032148696492865746,18.488302647019356,0.9328105301170226,321.1882704511487,320.1897251123257,0.24842863655109426,1.0092839904973918,0.0,0.0,0.27,0.34629548650952463,1.3805946,30.0,22.5,0.2,1.5,2.5,5.0,1.0,5.0,5.0,5.0,masking_sources,2.0,5.0,11.0,1.0,3.0,10.0,-0.5,0.5,0.2,5.0,0.5,10.0,0.0,0.0,10.0,Face-on,3463.0,20.5,168.6,0.0,3.0,0.01856,0.0038900000508874655,4.8,0.0,3.0,50.0,3.3,4.8,9.6,0.0,0.0,0.0,0.0,92
