GAL,ra,dec,radvel,z,mag,r20,r50,r80,flux_c,flux_e,rpetro_c,rpetro_e,rhalf_c,rhalf_e,Gini,M20,F(G_M20),S(G_M20),SN_per_pixel,C,A,S,M,I,D,Ao,As,Ser_A,Ser_R,Ser_n,Ser_xc,Ser_yc,Ser_ellip,Ser_theta,flag_morph,flag_sersic,ima_sc_pix2arc,ima_sc_arc2kpc,psf_arcsec,size_image_phy_kpc,zp_ima,eta,petro_extent_cas,snr,area_min,debleding,area_min_deblend,skybox_x,skybox_y,sky_method,nsigma,npixels,dilate_size,mask_stars,fwhm,threshold,roundlo,roundhi,sharplo,aper_stars,aper_fact,aper_center,aper_ellip,aper_pa,dr,View,area_segmap_pix,area_psf_pix,ratio_segmap_psf,flag_area,flag_area_th,SN_gal,bck,ratio_SN_gal,flag_SN,flag_SN_th,perc_SN_flag,perc_20_SN_gal,perc_50_SN_gal,perc_80_SN_gal,flag_image,flag_bck,flag_object,flag_statmorph,index
127r,236.75406869281628,8.267448427232807,5000.0,0.0337,nan,6.24895262627902,10.527816203938364,16.2121779103259,128.6162688246301,128.6360845851387,20.300028728983857,26.661230455884546,10.634088112204743,14.051216905504832,0.4198471867045763,-1.0571707439280325,-1.1491371002702206,-0.05829801856846595,0.3049468398094177,2.0701706436097917,0.23720989363636194,0.01890920382022293,0.17613636363636365,0.31265506653647834,0.3893302606516899,0.0573055193363226,0.23036934126045489,0.16824141591079586,13.7066742839022,0.3372688609366594,316.51291537592203,313.1995642601976,0.5456770770745343,0.9510866345581126,0.0,0.0,0.27,0.34629548650952463,1.3816555,30.0,22.5,0.2,1.5,2.5,5.0,1.0,5.0,5.0,5.0,masking_sources,2.0,5.0,11.0,1.0,3.0,10.0,-0.5,0.5,0.2,5.0,0.5,10.0,0.0,0.0,10.0,Edge-on,1415.0,20.6,68.8,0.0,3.0,0.05206,0.004189999774098396,12.4,0.0,3.0,50.0,4.9,12.4,37.5,0.0,0.0,0.0,0.0,127
