GAL,ra,dec,radvel,z,mag,r20,r50,r80,flux_c,flux_e,rpetro_c,rpetro_e,rhalf_c,rhalf_e,Gini,M20,F(G_M20),S(G_M20),SN_per_pixel,C,A,S,M,I,D,Ao,As,Ser_A,Ser_R,Ser_n,Ser_xc,Ser_yc,Ser_ellip,Ser_theta,flag_morph,flag_sersic,ima_sc_pix2arc,ima_sc_arc2kpc,psf_arcsec,size_image_phy_kpc,zp_ima,eta,petro_extent_cas,snr,area_min,debleding,area_min_deblend,skybox_x,skybox_y,sky_method,nsigma,npixels,dilate_size,mask_stars,fwhm,threshold,roundlo,roundhi,sharplo,aper_stars,aper_fact,aper_center,aper_ellip,aper_pa,dr,View,area_segmap_pix,area_psf_pix,ratio_segmap_psf,flag_area,flag_area_th,SN_gal,bck,ratio_SN_gal,flag_SN,flag_SN_th,perc_SN_flag,perc_20_SN_gal,perc_50_SN_gal,perc_80_SN_gal,flag_image,flag_bck,flag_object,flag_statmorph,index
325r,45.04854268767218,0.7789313821408258,5000.0,0.0406,nan,5.511319954428636,12.019891808256292,22.515780251840837,157.31157666936036,158.77090491994733,28.401482697039786,40.67324204183273,12.818262154457997,19.112088759649225,0.5088760052131097,-1.9036481237086926,-0.12183562446498275,-0.08781984403452969,0.23084139823913574,3.056156885489874,0.04680217748674176,-0.007141238550369998,0.003465003465003465,0.0,0.0007031092176070181,0.05384249187656828,0.2743602581942175,0.11717749948905506,16.734449105511427,0.8701095818181831,320.0108833651221,319.96810854434074,0.6124399499629126,0.7770891219023724,0.0,0.0,0.27,0.34629548650952463,1.2963177,30.0,22.5,0.2,1.5,2.5,5.0,1.0,5.0,5.0,5.0,masking_sources,2.0,5.0,11.0,1.0,3.0,10.0,-0.5,0.5,0.2,5.0,0.5,10.0,0.0,0.0,10.0,Edge-on,2836.0,18.1,156.6,0.0,3.0,0.0244,0.0028899998869746923,8.4,0.0,3.0,50.0,4.0,8.4,26.8,0.0,0.0,0.0,0.0,325
