GAL,ra,dec,radvel,z,mag,r20,r50,r80,flux_c,flux_e,rpetro_c,rpetro_e,rhalf_c,rhalf_e,Gini,M20,F(G_M20),S(G_M20),SN_per_pixel,C,A,S,M,I,D,Ao,As,Ser_A,Ser_R,Ser_n,Ser_xc,Ser_yc,Ser_ellip,Ser_theta,flag_morph,flag_sersic,ima_sc_pix2arc,ima_sc_arc2kpc,psf_arcsec,size_image_phy_kpc,zp_ima,eta,petro_extent_cas,snr,area_min,debleding,area_min_deblend,skybox_x,skybox_y,sky_method,nsigma,npixels,dilate_size,mask_stars,fwhm,threshold,roundlo,roundhi,sharplo,aper_stars,aper_fact,aper_center,aper_ellip,aper_pa,dr,View,area_segmap_pix,area_psf_pix,ratio_segmap_psf,flag_area,flag_area_th,SN_gal,bck,ratio_SN_gal,flag_SN,flag_SN_th,perc_SN_flag,perc_20_SN_gal,perc_50_SN_gal,perc_80_SN_gal,flag_image,flag_bck,flag_object,flag_statmorph,index
1068r,3.3198850738637344,-0.5228522133795432,5000.0,0.065,nan,2.967292247056897,5.828146222713344,10.107698599640393,73.78589722342994,74.07067215002733,12.777320630119673,15.148732935471866,6.084371494952587,7.4312839245579605,0.4760747735423602,-1.764382682558362,-0.3807126719523719,-0.10093516706867575,0.33441320061683655,2.6614598070110795,0.05204121768673013,-0.0012948898756802941,0.0,0.0,0.00521986482846912,0.07638451275511544,0.26636558994101284,0.23093025927721783,6.491968599752226,0.9279860010312486,320.0421255635616,320.106099197753,0.3738110220699941,0.1193359805751554,0.0,0.0,0.27,0.34629548650952463,1.1992236,30.0,22.5,0.2,1.5,2.5,5.0,1.0,5.0,5.0,5.0,masking_sources,2.0,5.0,11.0,1.0,3.0,10.0,-0.5,0.5,0.2,5.0,0.5,10.0,0.0,0.0,10.0,Face-on,1068.0,15.5,68.9,0.0,3.0,0.02227,0.002360000042244792,9.5,0.0,3.0,50.0,4.1,9.5,40.1,0.0,0.0,0.0,0.0,1068
