GAL,ra,dec,radvel,z,mag,r20,r50,r80,flux_c,flux_e,rpetro_c,rpetro_e,rhalf_c,rhalf_e,Gini,M20,F(G_M20),S(G_M20),SN_per_pixel,C,A,S,M,I,D,Ao,As,Ser_A,Ser_R,Ser_n,Ser_xc,Ser_yc,Ser_ellip,Ser_theta,flag_morph,flag_sersic,ima_sc_pix2arc,ima_sc_arc2kpc,psf_arcsec,size_image_phy_kpc,zp_ima,eta,petro_extent_cas,snr,area_min,debleding,area_min_deblend,skybox_x,skybox_y,sky_method,nsigma,npixels,dilate_size,mask_stars,fwhm,threshold,roundlo,roundhi,sharplo,aper_stars,aper_fact,aper_center,aper_ellip,aper_pa,dr,View,area_segmap_pix,area_psf_pix,ratio_segmap_psf,flag_area,flag_area_th,SN_gal,bck,ratio_SN_gal,flag_SN,flag_SN_th,perc_SN_flag,perc_20_SN_gal,perc_50_SN_gal,perc_80_SN_gal,flag_image,flag_bck,flag_object,flag_statmorph,index
595r,142.73781642277518,1.8309761124769515,5000.0,0.0931,nan,3.352697230776098,6.6798303200213995,12.311542253356528,81.24352937370543,81.31591444639727,15.67203293385907,19.015926638131795,6.88593669698958,8.28424499020014,0.5155144378240203,-1.5788989600275694,-0.31402655347199415,-0.03610766199805204,0.2780902087688446,2.8245906210002554,0.3349327733810465,0.0029194057654925777,0.007751937984496124,0.0,0.14724998255164282,0.5637363495911712,0.42408765893031053,0.20389564282649603,7.009263124543326,0.8564813029873469,320.9086588289808,320.8386197098294,0.3779488384478846,0.21765235909288191,0.0,0.0,0.27,0.34629548650952463,1.2262503,30.0,22.5,0.2,1.5,2.5,5.0,1.0,5.0,5.0,5.0,masking_sources,2.0,5.0,11.0,1.0,3.0,10.0,-0.5,0.5,0.2,5.0,0.5,10.0,0.0,0.0,10.0,Face-on,1191.0,16.2,73.5,0.0,3.0,0.02746,0.0021100000012665987,13.0,0.0,3.0,50.0,4.8,13.0,39.1,0.0,0.0,0.0,0.0,595
