GAL,ra,dec,radvel,z,mag,r20,r50,r80,flux_c,flux_e,rpetro_c,rpetro_e,rhalf_c,rhalf_e,Gini,M20,F(G_M20),S(G_M20),SN_per_pixel,C,A,S,M,I,D,Ao,As,Ser_A,Ser_R,Ser_n,Ser_xc,Ser_yc,Ser_ellip,Ser_theta,flag_morph,flag_sersic,ima_sc_pix2arc,ima_sc_arc2kpc,psf_arcsec,size_image_phy_kpc,zp_ima,eta,petro_extent_cas,snr,area_min,debleding,area_min_deblend,skybox_x,skybox_y,sky_method,nsigma,npixels,dilate_size,mask_stars,fwhm,threshold,roundlo,roundhi,sharplo,aper_stars,aper_fact,aper_center,aper_ellip,aper_pa,dr,View,area_segmap_pix,area_psf_pix,ratio_segmap_psf,flag_area,flag_area_th,SN_gal,bck,ratio_SN_gal,flag_SN,flag_SN_th,perc_SN_flag,perc_20_SN_gal,perc_50_SN_gal,perc_80_SN_gal,flag_image,flag_bck,flag_object,flag_statmorph,index
202r,181.7993941379559,8.574330151367123,5000.0,0.0409,nan,5.651453550255631,13.543751845281264,26.278744063921398,84.65705516804897,83.6942108243871,34.130788487694076,46.48437140095155,19.82931573311343,26.515330641700295,0.5508321805376188,-1.9976737978831818,0.15100723559425866,-0.059352799173519655,0.1405593901872635,3.3372222138089827,-0.008945565792959307,0.00015141578246139213,0.04426559356136821,0.09905235779497036,0.012161684802765232,0.19105085983110198,1.9991937503474748,0.06120969422675139,13.65759675926074,1.0988663986541776,319.82136636063586,320.6022715646901,0.5456298854912515,2.887238126123508,1.0,0.0,0.27,0.34629548650952463,1.3114578,30.0,22.5,0.2,1.5,2.5,5.0,1.0,5.0,5.0,5.0,masking_sources,2.0,5.0,11.0,1.0,3.0,10.0,-0.5,0.5,0.2,5.0,0.5,10.0,0.0,0.0,10.0,Edge-on,1509.0,18.5,81.4,0.0,3.0,0.02864,0.005260000005364418,5.4,0.0,3.0,50.0,3.4,5.4,10.0,0.0,0.0,0.0,0.0,202
