GAL,ra,dec,radvel,z,mag,r20,r50,r80,flux_c,flux_e,rpetro_c,rpetro_e,rhalf_c,rhalf_e,Gini,M20,F(G_M20),S(G_M20),SN_per_pixel,C,A,S,M,I,D,Ao,As,Ser_A,Ser_R,Ser_n,Ser_xc,Ser_yc,Ser_ellip,Ser_theta,flag_morph,flag_sersic,ima_sc_pix2arc,ima_sc_arc2kpc,psf_arcsec,size_image_phy_kpc,zp_ima,eta,petro_extent_cas,snr,area_min,debleding,area_min_deblend,skybox_x,skybox_y,sky_method,nsigma,npixels,dilate_size,mask_stars,fwhm,threshold,roundlo,roundhi,sharplo,aper_stars,aper_fact,aper_center,aper_ellip,aper_pa,dr,View,area_segmap_pix,area_psf_pix,ratio_segmap_psf,flag_area,flag_area_th,SN_gal,bck,ratio_SN_gal,flag_SN,flag_SN_th,perc_SN_flag,perc_20_SN_gal,perc_50_SN_gal,perc_80_SN_gal,flag_image,flag_bck,flag_object,flag_statmorph,index
31r,213.94830599471157,4.160057613167015,5000.0,0.0192,nan,7.421931794875001,15.409910360428299,28.01769794387216,103.46765589403527,105.66675485812758,34.75802624705743,50.19357631623002,16.91345884989686,26.62913925028426,0.4903741221914592,-1.44690304647153,-0.5299442839475068,-0.042649142489998126,0.1846735030412674,2.8845774494100396,0.10250527257654213,0.046328819333568416,0.038461538461538464,0.10646826328359969,0.01045054616243958,0.12449195838864834,0.290440531938911,0.07394405941678471,23.690602371984554,0.5667144019796064,321.12536433921167,320.4241756206181,0.7765797685010483,0.4977889300493615,0.0,0.0,0.27,0.34629548650952463,1.2443564,30.0,22.5,0.2,1.5,2.5,5.0,1.0,5.0,5.0,5.0,masking_sources,2.0,5.0,11.0,1.0,3.0,10.0,-0.5,0.5,0.2,5.0,0.5,10.0,0.0,0.0,10.0,Edge-on,1800.0,16.7,107.9,0.0,3.0,0.03648,0.0047599999234080315,7.7,0.0,3.0,50.0,4.0,7.7,16.3,0.0,0.0,0.0,0.0,31
