GAL,ra,dec,radvel,z,mag,r20,r50,r80,flux_c,flux_e,rpetro_c,rpetro_e,rhalf_c,rhalf_e,Gini,M20,F(G_M20),S(G_M20),SN_per_pixel,C,A,S,M,I,D,Ao,As,Ser_A,Ser_R,Ser_n,Ser_xc,Ser_yc,Ser_ellip,Ser_theta,flag_morph,flag_sersic,ima_sc_pix2arc,ima_sc_arc2kpc,psf_arcsec,size_image_phy_kpc,zp_ima,eta,petro_extent_cas,snr,area_min,debleding,area_min_deblend,skybox_x,skybox_y,sky_method,nsigma,npixels,dilate_size,mask_stars,fwhm,threshold,roundlo,roundhi,sharplo,aper_stars,aper_fact,aper_center,aper_ellip,aper_pa,dr,View,area_segmap_pix,area_psf_pix,ratio_segmap_psf,flag_area,flag_area_th,SN_gal,bck,ratio_SN_gal,flag_SN,flag_SN_th,perc_SN_flag,perc_20_SN_gal,perc_50_SN_gal,perc_80_SN_gal,flag_image,flag_bck,flag_object,flag_statmorph,index
720r,29.228504613082805,-0.6402759359044811,5000.0,0.0192,nan,4.735877766882653,12.487807153267177,27.570791273773484,1649.996751313319,1649.140756833974,33.1470168455711,36.32372191410194,16.405747487852015,17.6442821529266,0.5836589839323982,-2.192050938639766,0.44820327094272905,-0.05387268637785325,0.5247316956520081,3.8252437285130387,0.006894790864703091,0.00783843317834699,0.00033783783783783786,0.0,0.002579092316778872,0.00275801363708722,0.1137841735023814,0.42172545699189173,17.38145154626914,2.485893544377565,319.98765300029004,319.9991879403528,0.24098787631799362,2.534938785200196,0.0,0.0,0.27,0.34629548650952463,1.2613443,30.0,22.5,0.2,1.5,2.5,5.0,1.0,5.0,5.0,5.0,masking_sources,2.0,5.0,11.0,1.0,3.0,10.0,-0.5,0.5,0.2,5.0,0.5,10.0,0.0,0.0,10.0,Face-on,24524.0,17.1,1430.7,0.0,3.0,0.01938,0.0022899999748915434,8.5,0.0,3.0,50.0,4.4,8.5,22.5,0.0,0.0,0.0,0.0,720
