GAL,ra,dec,radvel,z,mag,r20,r50,r80,flux_c,flux_e,rpetro_c,rpetro_e,rhalf_c,rhalf_e,Gini,M20,F(G_M20),S(G_M20),SN_per_pixel,C,A,S,M,I,D,Ao,As,Ser_A,Ser_R,Ser_n,Ser_xc,Ser_yc,Ser_ellip,Ser_theta,flag_morph,flag_sersic,ima_sc_pix2arc,ima_sc_arc2kpc,psf_arcsec,size_image_phy_kpc,zp_ima,eta,petro_extent_cas,snr,area_min,debleding,area_min_deblend,skybox_x,skybox_y,sky_method,nsigma,npixels,dilate_size,mask_stars,fwhm,threshold,roundlo,roundhi,sharplo,aper_stars,aper_fact,aper_center,aper_ellip,aper_pa,dr,View,area_segmap_pix,area_psf_pix,ratio_segmap_psf,flag_area,flag_area_th,SN_gal,bck,ratio_SN_gal,flag_SN,flag_SN_th,perc_SN_flag,perc_20_SN_gal,perc_50_SN_gal,perc_80_SN_gal,flag_image,flag_bck,flag_object,flag_statmorph,index
830r,53.35358341140673,-7.754205880116416,5000.0,0.1106,nan,6.503650845291815,12.58205295529795,20.069132797227077,81.14077149218359,81.15642563646004,25.705789514448966,26.100832722238263,12.584235675873417,12.826924755220976,0.4445483005451197,-1.7374262119144614,-0.5554495474449359,-0.1283994259164417,0.17479684948921204,2.4468569449712216,0.007903847907170672,0.002809371028342608,0.004043905257076834,0.0009014422056013063,0.015720381533270607,-0.010145253792012282,0.23047106486672034,0.06408305704951446,11.460350337762424,0.49001568307118293,319.64353748507364,319.97994510316664,0.04385032393703404,2.007473608429528,0.0,0.0,0.27,0.34629548650952463,1.5200202,30.0,22.5,0.2,1.5,2.5,5.0,1.0,5.0,5.0,5.0,masking_sources,2.0,5.0,11.0,1.0,3.0,10.0,-0.5,0.5,0.2,5.0,0.5,10.0,0.0,0.0,10.0,Face-on,1840.0,24.9,73.9,0.0,3.0,0.02925,0.0036100000143051147,8.1,0.0,3.0,50.0,4.2,8.1,16.9,0.0,0.0,0.0,0.0,830
