GAL,ra,dec,radvel,z,mag,r20,r50,r80,flux_c,flux_e,rpetro_c,rpetro_e,rhalf_c,rhalf_e,Gini,M20,F(G_M20),S(G_M20),SN_per_pixel,C,A,S,M,I,D,Ao,As,Ser_A,Ser_R,Ser_n,Ser_xc,Ser_yc,Ser_ellip,Ser_theta,flag_morph,flag_sersic,ima_sc_pix2arc,ima_sc_arc2kpc,psf_arcsec,size_image_phy_kpc,zp_ima,eta,petro_extent_cas,snr,area_min,debleding,area_min_deblend,skybox_x,skybox_y,sky_method,nsigma,npixels,dilate_size,mask_stars,fwhm,threshold,roundlo,roundhi,sharplo,aper_stars,aper_fact,aper_center,aper_ellip,aper_pa,dr,View,area_segmap_pix,area_psf_pix,ratio_segmap_psf,flag_area,flag_area_th,SN_gal,bck,ratio_SN_gal,flag_SN,flag_SN_th,perc_SN_flag,perc_20_SN_gal,perc_50_SN_gal,perc_80_SN_gal,flag_image,flag_bck,flag_object,flag_statmorph,index
1134r,18.200519153011193,-10.392876856212595,5000.0,0.1142,nan,2.497365640832034,6.029712894013721,12.684284240729177,91.08833565831995,91.06527898532856,17.275972216772022,20.55605163056823,6.085980014230141,8.09254477799078,0.5306379823202573,-2.0692541816245718,0.10065116035110133,-0.08929472874876082,0.2904367744922638,3.528919165969156,0.03631795989537923,0.038307180762207856,0.0106951871657754,0.010873960203297162,0.01545803023437348,0.05188497408092762,0.09796188150667982,0.24991727120492074,6.168984154411031,1.4420724078216027,319.998408639495,319.9977838465903,0.41054480519868486,2.5749638235020074,0.0,0.0,0.27,0.34629548650952463,1.1602936,30.0,22.5,0.2,1.5,2.5,5.0,1.0,5.0,5.0,5.0,masking_sources,2.0,5.0,11.0,1.0,3.0,10.0,-0.5,0.5,0.2,5.0,0.5,10.0,0.0,0.0,10.0,Face-on,970.0,14.5,66.9,0.0,3.0,0.05054,0.004480000119656324,11.3,0.0,3.0,50.0,5.0,11.3,21.8,0.0,0.0,0.0,0.0,1134
