GAL,ra,dec,radvel,z,mag,r20,r50,r80,flux_c,flux_e,rpetro_c,rpetro_e,rhalf_c,rhalf_e,Gini,M20,F(G_M20),S(G_M20),SN_per_pixel,C,A,S,M,I,D,Ao,As,Ser_A,Ser_R,Ser_n,Ser_xc,Ser_yc,Ser_ellip,Ser_theta,flag_morph,flag_sersic,ima_sc_pix2arc,ima_sc_arc2kpc,psf_arcsec,size_image_phy_kpc,zp_ima,eta,petro_extent_cas,snr,area_min,debleding,area_min_deblend,skybox_x,skybox_y,sky_method,nsigma,npixels,dilate_size,mask_stars,fwhm,threshold,roundlo,roundhi,sharplo,aper_stars,aper_fact,aper_center,aper_ellip,aper_pa,dr,View,area_segmap_pix,area_psf_pix,ratio_segmap_psf,flag_area,flag_area_th,SN_gal,bck,ratio_SN_gal,flag_SN,flag_SN_th,perc_SN_flag,perc_20_SN_gal,perc_50_SN_gal,perc_80_SN_gal,flag_image,flag_bck,flag_object,flag_statmorph,index
686r,127.32972239831376,8.152914276011808,5000.0,0.0726,nan,6.163797938744796,14.171557919103018,24.749598297784246,162.75689914508342,161.4064216250029,30.15099570615145,31.998750785241395,14.953371417238909,16.163581035595644,0.493860368859849,-1.9063792330490754,-0.19427036564073807,-0.103064948222571,0.20994125306606293,3.018598805892212,0.1834324447948687,0.03498528243342769,0.11799013010318528,0.18596960956463587,0.054050606565752994,0.2320557363540549,0.42492132610245353,0.09016848370890689,17.958368380626546,0.3959472789410839,318.53959995528635,319.71526702412496,0.4941885667810483,0.06664402694740759,1.0,0.0,0.27,0.34629548650952463,1.3050565,30.0,22.5,0.2,1.5,2.5,5.0,1.0,5.0,5.0,5.0,masking_sources,2.0,5.0,11.0,1.0,3.0,10.0,-0.5,0.5,0.2,5.0,0.5,10.0,0.0,0.0,10.0,Face-on,2728.0,18.3,148.7,0.0,3.0,0.03761,0.004019999876618385,9.3,0.0,3.0,50.0,4.5,9.3,19.1,0.0,0.0,0.0,0.0,686
