GAL,ra,dec,radvel,z,mag,r20,r50,r80,flux_c,flux_e,rpetro_c,rpetro_e,rhalf_c,rhalf_e,Gini,M20,F(G_M20),S(G_M20),SN_per_pixel,C,A,S,M,I,D,Ao,As,Ser_A,Ser_R,Ser_n,Ser_xc,Ser_yc,Ser_ellip,Ser_theta,flag_morph,flag_sersic,ima_sc_pix2arc,ima_sc_arc2kpc,psf_arcsec,size_image_phy_kpc,zp_ima,eta,petro_extent_cas,snr,area_min,debleding,area_min_deblend,skybox_x,skybox_y,sky_method,nsigma,npixels,dilate_size,mask_stars,fwhm,threshold,roundlo,roundhi,sharplo,aper_stars,aper_fact,aper_center,aper_ellip,aper_pa,dr,View,area_segmap_pix,area_psf_pix,ratio_segmap_psf,flag_area,flag_area_th,SN_gal,bck,ratio_SN_gal,flag_SN,flag_SN_th,perc_SN_flag,perc_20_SN_gal,perc_50_SN_gal,perc_80_SN_gal,flag_image,flag_bck,flag_object,flag_statmorph,index
1161r,188.65126817930832,-2.122810179103659,5000.0,0.0207,nan,2.645006036821098,4.8229234115587,8.640629763156365,77.9702873612211,78.4446257965136,10.708681392925353,12.568235458193186,5.320186118320402,6.272211679377394,0.5058067928619717,-1.4019893998590398,-0.48467772123092523,-0.021127801647054578,0.38319650292396545,2.5705936457160536,0.2191623695239239,0.05660202266822725,0.0035971223021582736,0.0,0.1836936134626447,0.13182029866085973,0.3898993374393613,0.29546585375796347,5.018550722794684,1.1768906438693207,318.7072221908523,317.6166503167811,0.25009748870008514,1.9028596292728974,0.0,0.0,0.27,0.34629548650952463,1.1204144,30.0,22.5,0.2,1.5,2.5,5.0,1.0,5.0,5.0,5.0,masking_sources,2.0,5.0,11.0,1.0,3.0,10.0,-0.5,0.5,0.2,5.0,0.5,10.0,0.0,0.0,10.0,Face-on,768.0,13.5,56.8,0.0,3.0,0.03283,0.0048500001430511475,6.8,0.0,3.0,50.0,3.6,6.8,24.4,0.0,0.0,0.0,0.0,1161
