GAL,ra,dec,radvel,z,mag,r20,r50,r80,flux_c,flux_e,rpetro_c,rpetro_e,rhalf_c,rhalf_e,Gini,M20,F(G_M20),S(G_M20),SN_per_pixel,C,A,S,M,I,D,Ao,As,Ser_A,Ser_R,Ser_n,Ser_xc,Ser_yc,Ser_ellip,Ser_theta,flag_morph,flag_sersic,ima_sc_pix2arc,ima_sc_arc2kpc,psf_arcsec,size_image_phy_kpc,zp_ima,eta,petro_extent_cas,snr,area_min,debleding,area_min_deblend,skybox_x,skybox_y,sky_method,nsigma,npixels,dilate_size,mask_stars,fwhm,threshold,roundlo,roundhi,sharplo,aper_stars,aper_fact,aper_center,aper_ellip,aper_pa,dr,View,area_segmap_pix,area_psf_pix,ratio_segmap_psf,flag_area,flag_area_th,SN_gal,bck,ratio_SN_gal,flag_SN,flag_SN_th,perc_SN_flag,perc_20_SN_gal,perc_50_SN_gal,perc_80_SN_gal,flag_image,flag_bck,flag_object,flag_statmorph,index
1197r,164.5354419887545,8.775227431537951,5000.0,0.0341,nan,4.899124431674935,10.935809449606692,19.887871578578288,378.896656585492,378.6652738316669,25.66279524221138,30.11633843121631,11.09321664026235,13.923883553107167,0.5232911708435082,-1.6102112337406302,-0.2538323193423775,-0.03276110235487456,0.4163488447666168,3.042349184058457,0.11741373341531328,0.05163225314589129,0.010810810810810811,0.008421472984981315,0.09666449976811865,0.15141601360716556,0.2440369954011161,0.3441574843541231,13.225291112244943,0.7371741643365337,319.70969748978837,320.9929838577558,0.4571609578941788,1.7556502945025476,0.0,0.0,0.27,0.34629548650952463,1.1571976,30.0,22.5,0.2,1.5,2.5,5.0,1.0,5.0,5.0,5.0,masking_sources,2.0,5.0,11.0,1.0,3.0,10.0,-0.5,0.5,0.2,5.0,0.5,10.0,0.0,0.0,10.0,Face-on,2482.0,14.4,172.0,0.0,3.0,0.06262,0.0061900001019239426,10.1,0.0,3.0,50.0,4.3,10.1,32.9,0.0,0.0,0.0,0.0,1197
