GAL,ra,dec,radvel,z,mag,r20,r50,r80,flux_c,flux_e,rpetro_c,rpetro_e,rhalf_c,rhalf_e,Gini,M20,F(G_M20),S(G_M20),SN_per_pixel,C,A,S,M,I,D,Ao,As,Ser_A,Ser_R,Ser_n,Ser_xc,Ser_yc,Ser_ellip,Ser_theta,flag_morph,flag_sersic,ima_sc_pix2arc,ima_sc_arc2kpc,psf_arcsec,size_image_phy_kpc,zp_ima,eta,petro_extent_cas,snr,area_min,debleding,area_min_deblend,skybox_x,skybox_y,sky_method,nsigma,npixels,dilate_size,mask_stars,fwhm,threshold,roundlo,roundhi,sharplo,aper_stars,aper_fact,aper_center,aper_ellip,aper_pa,dr,View,area_segmap_pix,area_psf_pix,ratio_segmap_psf,flag_area,flag_area_th,SN_gal,bck,ratio_SN_gal,flag_SN,flag_SN_th,perc_SN_flag,perc_20_SN_gal,perc_50_SN_gal,perc_80_SN_gal,flag_image,flag_bck,flag_object,flag_statmorph,index
745r,181.65565149563548,2.6520496391690314,5000.0,0.0837,nan,4.346252375262657,8.701392982313411,15.998371480208807,130.51774300381214,129.74445181502102,20.82910707568588,26.56259828606858,9.189975034709725,13.431913157238306,0.46509647804760956,-1.792964270583,-0.41524819415031367,-0.1157765203439036,0.3211730420589447,2.8298041789843795,0.1856866152975428,0.016160068441048073,0.0,0.0,0.05556153926202589,0.25103803298506433,0.4707878093119101,0.21307518393207722,12.074545822358907,0.534267849019207,319.56316656655747,319.39398892614685,0.5920477092187819,1.7250517512642156,0.0,0.0,0.27,0.34629548650952463,1.1569222,30.0,22.5,0.2,1.5,2.5,5.0,1.0,5.0,5.0,5.0,masking_sources,2.0,5.0,11.0,1.0,3.0,10.0,-0.5,0.5,0.2,5.0,0.5,10.0,0.0,0.0,10.0,Edge-on,1538.0,14.4,106.7,0.0,3.0,0.0377,0.002420000033453107,15.6,0.0,3.0,50.0,5.1,15.6,55.4,0.0,0.0,0.0,0.0,745
