GAL,ra,dec,radvel,z,mag,r20,r50,r80,flux_c,flux_e,rpetro_c,rpetro_e,rhalf_c,rhalf_e,Gini,M20,F(G_M20),S(G_M20),SN_per_pixel,C,A,S,M,I,D,Ao,As,Ser_A,Ser_R,Ser_n,Ser_xc,Ser_yc,Ser_ellip,Ser_theta,flag_morph,flag_sersic,ima_sc_pix2arc,ima_sc_arc2kpc,psf_arcsec,size_image_phy_kpc,zp_ima,eta,petro_extent_cas,snr,area_min,debleding,area_min_deblend,skybox_x,skybox_y,sky_method,nsigma,npixels,dilate_size,mask_stars,fwhm,threshold,roundlo,roundhi,sharplo,aper_stars,aper_fact,aper_center,aper_ellip,aper_pa,dr,View,area_segmap_pix,area_psf_pix,ratio_segmap_psf,flag_area,flag_area_th,SN_gal,bck,ratio_SN_gal,flag_SN,flag_SN_th,perc_SN_flag,perc_20_SN_gal,perc_50_SN_gal,perc_80_SN_gal,flag_image,flag_bck,flag_object,flag_statmorph,index
627r,140.02190438268605,10.640707277632236,5000.0,0.0727,nan,4.624987860988824,9.722324594349212,18.175703635933704,115.79128655031259,115.4077054341947,22.45231255088065,31.568981062793693,10.041530026300261,12.668496316970161,0.5526692356604216,-1.8817313713911155,0.07975255689312988,-0.0414181173195477,0.21134299039840698,2.971903177473897,-0.03693523060813645,-0.0008125429237854925,0.033967391304347824,0.022797624362155926,0.010163985868829292,-0.15212482508951625,0.22693440097897055,0.14445616621004592,10.91839355651353,0.907341322933615,320.00008273860755,319.96943509662844,0.4965318151122726,1.7799152286864144,0.0,0.0,0.27,0.34629548650952463,1.4194332,30.0,22.5,0.2,1.5,2.5,5.0,1.0,5.0,5.0,5.0,masking_sources,2.0,5.0,11.0,1.0,3.0,10.0,-0.5,0.5,0.2,5.0,0.5,10.0,0.0,0.0,10.0,Face-on,1410.0,21.7,65.0,0.0,3.0,0.03894,0.006020000204443932,6.5,0.0,3.0,50.0,3.7,6.5,16.5,0.0,0.0,0.0,0.0,627
