GAL,ra,dec,radvel,z,mag,r20,r50,r80,flux_c,flux_e,rpetro_c,rpetro_e,rhalf_c,rhalf_e,Gini,M20,F(G_M20),S(G_M20),SN_per_pixel,C,A,S,M,I,D,Ao,As,Ser_A,Ser_R,Ser_n,Ser_xc,Ser_yc,Ser_ellip,Ser_theta,flag_morph,flag_sersic,ima_sc_pix2arc,ima_sc_arc2kpc,psf_arcsec,size_image_phy_kpc,zp_ima,eta,petro_extent_cas,snr,area_min,debleding,area_min_deblend,skybox_x,skybox_y,sky_method,nsigma,npixels,dilate_size,mask_stars,fwhm,threshold,roundlo,roundhi,sharplo,aper_stars,aper_fact,aper_center,aper_ellip,aper_pa,dr,View,area_segmap_pix,area_psf_pix,ratio_segmap_psf,flag_area,flag_area_th,SN_gal,bck,ratio_SN_gal,flag_SN,flag_SN_th,perc_SN_flag,perc_20_SN_gal,perc_50_SN_gal,perc_80_SN_gal,flag_image,flag_bck,flag_object,flag_statmorph,index
255r,134.5397264252358,30.419562201527288,5000.0,0.0262,nan,2.5506547750049515,5.452856347606839,11.352927271428202,153.39574462003466,151.56130292993544,14.118767339705286,15.51582907771627,6.357003785532153,7.554746182449137,0.5438203762616358,-1.8534880658850177,0.01637809215341468,-0.046252668658998075,0.429117888212204,3.2422808691703646,0.06910482800432213,-0.00936447379796976,0.014367816091954023,0.018838280409009468,0.02799549145772244,0.10642093695627593,0.3877011579228595,0.4267562569923727,6.234902481151433,1.920024496191634,319.9965019337264,319.9914470305334,0.47697842846765387,1.739625358289324,0.0,0.0,0.27,0.34629548650952463,1.4763962,30.0,22.5,0.2,1.5,2.5,5.0,1.0,5.0,5.0,5.0,masking_sources,2.0,5.0,11.0,1.0,3.0,10.0,-0.5,0.5,0.2,5.0,0.5,10.0,0.0,0.0,10.0,Face-on,1609.0,23.5,68.5,0.0,3.0,0.03014,0.0037899999879300594,7.9,0.0,3.0,50.0,4.0,7.9,23.5,0.0,0.0,0.0,0.0,255
