GAL,ra,dec,radvel,z,mag,r20,r50,r80,flux_c,flux_e,rpetro_c,rpetro_e,rhalf_c,rhalf_e,Gini,M20,F(G_M20),S(G_M20),SN_per_pixel,C,A,S,M,I,D,Ao,As,Ser_A,Ser_R,Ser_n,Ser_xc,Ser_yc,Ser_ellip,Ser_theta,flag_morph,flag_sersic,ima_sc_pix2arc,ima_sc_arc2kpc,psf_arcsec,size_image_phy_kpc,zp_ima,eta,petro_extent_cas,snr,area_min,debleding,area_min_deblend,skybox_x,skybox_y,sky_method,nsigma,npixels,dilate_size,mask_stars,fwhm,threshold,roundlo,roundhi,sharplo,aper_stars,aper_fact,aper_center,aper_ellip,aper_pa,dr,View,area_segmap_pix,area_psf_pix,ratio_segmap_psf,flag_area,flag_area_th,SN_gal,bck,ratio_SN_gal,flag_SN,flag_SN_th,perc_SN_flag,perc_20_SN_gal,perc_50_SN_gal,perc_80_SN_gal,flag_image,flag_bck,flag_object,flag_statmorph,index
495r,208.424481807243,-3.255316864660474,5000.0,0.074,nan,7.485482629455862,15.841102684828511,27.821009585744886,88.39830841043079,88.39438601955578,36.99620442051275,37.934626160914036,15.743518550441436,16.487563052118766,0.48888988639318054,-1.842195311602048,-0.2633537114135369,-0.09906416078343594,0.1265615075826645,2.850765394971356,-0.21908868615453983,-0.03562726196693282,0.013917525773195877,0.056778459596713036,0.00951727996139886,-0.3006268938221514,0.1811907740823396,0.03926861008976323,13.461336561898175,0.7662905422414402,319.7526631729526,319.83313785821156,0.08553312560607503,1.8083929457983696,1.0,0.0,0.27,0.34629548650952463,1.4241393,30.0,22.5,0.2,1.5,2.5,5.0,1.0,5.0,5.0,5.0,masking_sources,2.0,5.0,11.0,1.0,3.0,10.0,-0.5,0.5,0.2,5.0,0.5,10.0,0.0,0.0,10.0,Face-on,2287.0,21.9,104.7,0.0,3.0,0.0204,0.0038999998942017555,5.2,0.0,3.0,50.0,3.4,5.2,10.1,0.0,0.0,0.0,0.0,495
