GAL,ra,dec,radvel,z,mag,r20,r50,r80,flux_c,flux_e,rpetro_c,rpetro_e,rhalf_c,rhalf_e,Gini,M20,F(G_M20),S(G_M20),SN_per_pixel,C,A,S,M,I,D,Ao,As,Ser_A,Ser_R,Ser_n,Ser_xc,Ser_yc,Ser_ellip,Ser_theta,flag_morph,flag_sersic,ima_sc_pix2arc,ima_sc_arc2kpc,psf_arcsec,size_image_phy_kpc,zp_ima,eta,petro_extent_cas,snr,area_min,debleding,area_min_deblend,skybox_x,skybox_y,sky_method,nsigma,npixels,dilate_size,mask_stars,fwhm,threshold,roundlo,roundhi,sharplo,aper_stars,aper_fact,aper_center,aper_ellip,aper_pa,dr,View,area_segmap_pix,area_psf_pix,ratio_segmap_psf,flag_area,flag_area_th,SN_gal,bck,ratio_SN_gal,flag_SN,flag_SN_th,perc_SN_flag,perc_20_SN_gal,perc_50_SN_gal,perc_80_SN_gal,flag_image,flag_bck,flag_object,flag_statmorph,index
76r,195.46071278543042,11.7667635023345,5000.0,0.0286,nan,4.610794487474119,8.793199372184747,14.533062834533592,87.2706042066126,87.25911381933545,18.318333031046112,22.531791565032297,8.968845348625628,10.692972067762694,0.48625687839122045,-1.3996038816989755,-0.5831029619460688,-0.04015062994884938,0.2507638931274414,2.4929069299722544,0.12191409790826384,0.05937874611207397,0.003134796238244514,0.0,0.17191348883728674,0.13053439009129145,0.22358665872150096,0.13087232165751997,9.98957225311094,0.6883777752048118,319.0060235222037,321.17116459479007,0.4250709300470333,2.6658943409091402,0.0,0.0,0.27,0.34629548650952463,1.3069316,30.0,22.5,0.2,1.5,2.5,5.0,1.0,5.0,5.0,5.0,masking_sources,2.0,5.0,11.0,1.0,3.0,10.0,-0.5,0.5,0.2,5.0,0.5,10.0,0.0,0.0,10.0,Face-on,1215.0,18.4,66.0,0.0,3.0,0.03449,0.004240000154823065,8.1,0.0,3.0,50.0,3.9,8.1,23.0,0.0,0.0,0.0,0.0,76
