GAL,ra,dec,radvel,z,mag,r20,r50,r80,flux_c,flux_e,rpetro_c,rpetro_e,rhalf_c,rhalf_e,Gini,M20,F(G_M20),S(G_M20),SN_per_pixel,C,A,S,M,I,D,Ao,As,Ser_A,Ser_R,Ser_n,Ser_xc,Ser_yc,Ser_ellip,Ser_theta,flag_morph,flag_sersic,ima_sc_pix2arc,ima_sc_arc2kpc,psf_arcsec,size_image_phy_kpc,zp_ima,eta,petro_extent_cas,snr,area_min,debleding,area_min_deblend,skybox_x,skybox_y,sky_method,nsigma,npixels,dilate_size,mask_stars,fwhm,threshold,roundlo,roundhi,sharplo,aper_stars,aper_fact,aper_center,aper_ellip,aper_pa,dr,View,area_segmap_pix,area_psf_pix,ratio_segmap_psf,flag_area,flag_area_th,SN_gal,bck,ratio_SN_gal,flag_SN,flag_SN_th,perc_SN_flag,perc_20_SN_gal,perc_50_SN_gal,perc_80_SN_gal,flag_image,flag_bck,flag_object,flag_statmorph,index
1113r,232.75977991005226,-1.6057634563608378,5000.0,0.1265,nan,4.810644030661355,10.064355653166924,17.35588001270815,97.22904598530852,93.96979688574221,22.270156786597315,27.340710482532423,10.108681312229606,14.73524104271864,0.4445996808795387,-1.6677746462889091,-0.6034637497680695,-0.11866699176341505,0.30171993374824524,2.786217085418251,-0.014526737190322164,-0.001651819267470853,0.012048192771084338,0.0,0.024361869187540533,-0.2146422039946493,0.3809138911734119,0.17995972801648463,13.78868037542679,0.3588401810023494,319.5036534807757,320.34494763200325,0.6743478738906601,2.3502172066836957,0.0,0.0,0.27,0.34629548650952463,1.3610464,30.0,22.5,0.2,1.5,2.5,5.0,1.0,5.0,5.0,5.0,masking_sources,2.0,5.0,11.0,1.0,3.0,10.0,-0.5,0.5,0.2,5.0,0.5,10.0,0.0,0.0,10.0,Edge-on,1071.0,20.0,53.7,0.0,3.0,0.05448,0.004100000020116568,13.3,0.0,3.0,50.0,4.5,13.3,34.6,0.0,0.0,0.0,0.0,1113
