GAL,ra,dec,radvel,z,mag,r20,r50,r80,flux_c,flux_e,rpetro_c,rpetro_e,rhalf_c,rhalf_e,Gini,M20,F(G_M20),S(G_M20),SN_per_pixel,C,A,S,M,I,D,Ao,As,Ser_A,Ser_R,Ser_n,Ser_xc,Ser_yc,Ser_ellip,Ser_theta,flag_morph,flag_sersic,ima_sc_pix2arc,ima_sc_arc2kpc,psf_arcsec,size_image_phy_kpc,zp_ima,eta,petro_extent_cas,snr,area_min,debleding,area_min_deblend,skybox_x,skybox_y,sky_method,nsigma,npixels,dilate_size,mask_stars,fwhm,threshold,roundlo,roundhi,sharplo,aper_stars,aper_fact,aper_center,aper_ellip,aper_pa,dr,View,area_segmap_pix,area_psf_pix,ratio_segmap_psf,flag_area,flag_area_th,SN_gal,bck,ratio_SN_gal,flag_SN,flag_SN_th,perc_SN_flag,perc_20_SN_gal,perc_50_SN_gal,perc_80_SN_gal,flag_image,flag_bck,flag_object,flag_statmorph,index
517r,220.6634987893954,-1.7655998743423367,5000.0,0.0774,nan,5.709542722805252,11.417336200624325,19.538922337033473,99.33090783745514,102.62245284179573,23.961210959349106,49.0406308903356,13.003857419403623,20.164229237430227,0.6106244516242569,-1.4598727734270958,0.07428286752504931,0.07459589160164809,0.1408601552248001,2.6714963983562514,0.45882989261109786,0.0007752289108260941,0.25565081839438814,0.3776034274813228,0.2785871119238674,0.6501635531790362,0.6259095031908882,0.07797842528491532,11.283958288509055,0.6165656669427725,319.149478714062,319.58114208747736,0.2053639144585643,1.7981710166005822,0.0,0.0,0.27,0.34629548650952463,1.2586188,30.0,22.5,0.2,1.5,2.5,5.0,1.0,5.0,5.0,5.0,masking_sources,2.0,5.0,11.0,1.0,3.0,10.0,-0.5,0.5,0.2,5.0,0.5,10.0,0.0,0.0,10.0,Face-on,2446.0,17.1,143.3,0.0,3.0,0.02322,0.002199999988079071,10.6,0.0,3.0,50.0,5.3,10.6,27.3,0.0,0.0,0.0,0.0,517
