GAL,ra,dec,radvel,z,mag,r20,r50,r80,flux_c,flux_e,rpetro_c,rpetro_e,rhalf_c,rhalf_e,Gini,M20,F(G_M20),S(G_M20),SN_per_pixel,C,A,S,M,I,D,Ao,As,Ser_A,Ser_R,Ser_n,Ser_xc,Ser_yc,Ser_ellip,Ser_theta,flag_morph,flag_sersic,ima_sc_pix2arc,ima_sc_arc2kpc,psf_arcsec,size_image_phy_kpc,zp_ima,eta,petro_extent_cas,snr,area_min,debleding,area_min_deblend,skybox_x,skybox_y,sky_method,nsigma,npixels,dilate_size,mask_stars,fwhm,threshold,roundlo,roundhi,sharplo,aper_stars,aper_fact,aper_center,aper_ellip,aper_pa,dr,View,area_segmap_pix,area_psf_pix,ratio_segmap_psf,flag_area,flag_area_th,SN_gal,bck,ratio_SN_gal,flag_SN,flag_SN_th,perc_SN_flag,perc_20_SN_gal,perc_50_SN_gal,perc_80_SN_gal,flag_image,flag_bck,flag_object,flag_statmorph,index
548r,118.96668496207431,28.99164074007788,5000.0,0.0897,nan,6.660281658447487,14.551089656318828,24.638826053234244,115.37593106358995,115.13793106872683,32.5396203094254,32.621918732256134,14.562069425989108,14.668367343500824,0.5121278364391812,-1.9107884527216539,-0.10079081188994632,-0.08559303685352049,0.15882331132888794,2.8406370797129976,0.2445388705809642,0.009083320929069008,0.037438958220293,0.17663423949935925,0.045816517006125435,0.33100464225508297,0.36161580892801887,0.06367754349301182,11.84070792009448,0.7743826370617505,319.7844287611115,318.4568410552556,0.032841682236232045,0.47024038850970085,1.0,0.0,0.27,0.34629548650952463,1.56345,30.0,22.5,0.2,1.5,2.5,5.0,1.0,5.0,5.0,5.0,masking_sources,2.0,5.0,11.0,1.0,3.0,10.0,-0.5,0.5,0.2,5.0,0.5,10.0,0.0,0.0,10.0,Face-on,2428.0,26.3,92.2,0.0,3.0,0.02716,0.004269999917596579,6.4,0.0,3.0,50.0,3.7,6.4,13.4,0.0,0.0,0.0,0.0,548
