GAL,ra,dec,radvel,z,mag,r20,r50,r80,flux_c,flux_e,rpetro_c,rpetro_e,rhalf_c,rhalf_e,Gini,M20,F(G_M20),S(G_M20),SN_per_pixel,C,A,S,M,I,D,Ao,As,Ser_A,Ser_R,Ser_n,Ser_xc,Ser_yc,Ser_ellip,Ser_theta,flag_morph,flag_sersic,ima_sc_pix2arc,ima_sc_arc2kpc,psf_arcsec,size_image_phy_kpc,zp_ima,eta,petro_extent_cas,snr,area_min,debleding,area_min_deblend,skybox_x,skybox_y,sky_method,nsigma,npixels,dilate_size,mask_stars,fwhm,threshold,roundlo,roundhi,sharplo,aper_stars,aper_fact,aper_center,aper_ellip,aper_pa,dr,View,area_segmap_pix,area_psf_pix,ratio_segmap_psf,flag_area,flag_area_th,SN_gal,bck,ratio_SN_gal,flag_SN,flag_SN_th,perc_SN_flag,perc_20_SN_gal,perc_50_SN_gal,perc_80_SN_gal,flag_image,flag_bck,flag_object,flag_statmorph,index
55r,55.21394120962905,0.4343368520839394,5000.0,0.0205,nan,7.096406177313059,13.761498723688307,22.05595170124161,92.18280634734381,92.66119179237165,28.83552745959662,32.87831905488262,13.731732098232614,16.251193270270498,0.4376600321834664,-1.6732580875494822,-0.6340149860200501,-0.12629944230774637,0.1770370900630951,2.46243668400353,-0.21009152426609837,-0.06661629503496813,0.006570302233902759,0.019762744107212467,0.058893366675925124,-0.28110045914799736,0.20510056316098393,0.06397673244968366,14.586999144653717,0.454796632580476,319.6183092466967,321.1944544532206,0.3490803153153815,2.455012330733486,0.0,0.0,0.27,0.34629548650952463,1.1853768,30.0,22.5,0.2,1.5,2.5,5.0,1.0,5.0,5.0,5.0,masking_sources,2.0,5.0,11.0,1.0,3.0,10.0,-0.5,0.5,0.2,5.0,0.5,10.0,0.0,0.0,10.0,Face-on,1909.0,15.1,126.1,0.0,3.0,0.03245,0.00430000014603138,7.5,0.0,3.0,50.0,4.0,7.5,14.8,0.0,0.0,0.0,0.0,55
