GAL,ra,dec,radvel,z,mag,r20,r50,r80,flux_c,flux_e,rpetro_c,rpetro_e,rhalf_c,rhalf_e,Gini,M20,F(G_M20),S(G_M20),SN_per_pixel,C,A,S,M,I,D,Ao,As,Ser_A,Ser_R,Ser_n,Ser_xc,Ser_yc,Ser_ellip,Ser_theta,flag_morph,flag_sersic,ima_sc_pix2arc,ima_sc_arc2kpc,psf_arcsec,size_image_phy_kpc,zp_ima,eta,petro_extent_cas,snr,area_min,debleding,area_min_deblend,skybox_x,skybox_y,sky_method,nsigma,npixels,dilate_size,mask_stars,fwhm,threshold,roundlo,roundhi,sharplo,aper_stars,aper_fact,aper_center,aper_ellip,aper_pa,dr,View,area_segmap_pix,area_psf_pix,ratio_segmap_psf,flag_area,flag_area_th,SN_gal,bck,ratio_SN_gal,flag_SN,flag_SN_th,perc_SN_flag,perc_20_SN_gal,perc_50_SN_gal,perc_80_SN_gal,flag_image,flag_bck,flag_object,flag_statmorph,index
389r,15.444286735361269,-0.644698057479863,5000.0,0.0441,nan,2.389985152734647,4.597195021981923,7.611435672310218,121.40763719621613,121.40413014586419,9.668635362656557,9.828278973452358,4.748818615978009,4.828277186545712,0.45989054651752537,-1.6642221184560928,-0.5302358666481775,-0.10303523341304685,0.5546713471412659,2.51535689157659,0.10593144117979855,0.07318271814253115,0.0,0.0,0.03065749959829786,0.1273192046120841,0.16065509844722933,0.615877338034188,4.147659340388307,1.0133117143990404,319.9454519697566,319.74756693487444,0.058943989586296805,1.7405420069053068,0.0,0.0,0.27,0.34629548650952463,1.1140265,30.0,22.5,0.2,1.5,2.5,5.0,1.0,5.0,5.0,5.0,masking_sources,2.0,5.0,11.0,1.0,3.0,10.0,-0.5,0.5,0.2,5.0,0.5,10.0,0.0,0.0,10.0,Face-on,906.0,13.4,67.8,0.0,3.0,0.02733,0.0022899999748915434,11.9,0.0,3.0,50.0,4.0,11.9,74.8,0.0,0.0,0.0,0.0,389
