GAL,ra,dec,radvel,z,mag,r20,r50,r80,flux_c,flux_e,rpetro_c,rpetro_e,rhalf_c,rhalf_e,Gini,M20,F(G_M20),S(G_M20),SN_per_pixel,C,A,S,M,I,D,Ao,As,Ser_A,Ser_R,Ser_n,Ser_xc,Ser_yc,Ser_ellip,Ser_theta,flag_morph,flag_sersic,ima_sc_pix2arc,ima_sc_arc2kpc,psf_arcsec,size_image_phy_kpc,zp_ima,eta,petro_extent_cas,snr,area_min,debleding,area_min_deblend,skybox_x,skybox_y,sky_method,nsigma,npixels,dilate_size,mask_stars,fwhm,threshold,roundlo,roundhi,sharplo,aper_stars,aper_fact,aper_center,aper_ellip,aper_pa,dr,View,area_segmap_pix,area_psf_pix,ratio_segmap_psf,flag_area,flag_area_th,SN_gal,bck,ratio_SN_gal,flag_SN,flag_SN_th,perc_SN_flag,perc_20_SN_gal,perc_50_SN_gal,perc_80_SN_gal,flag_image,flag_bck,flag_object,flag_statmorph,index
885r,168.01963588104942,10.415109041185351,5000.0,0.0824,nan,3.5566997509668443,8.309116333437961,16.39415005946178,169.68437289375345,170.84232845561988,20.670238862667578,26.809427791811174,8.94792823768882,11.275385183846717,0.533035608515183,-2.0133541825759615,0.07378071067529657,-0.07915097894802764,0.3009834885597229,3.318208507254574,0.0438697075217884,0.005079514859596654,0.003993610223642172,0.0,0.0056187964951338355,0.09290320099121123,0.21948420582962103,0.2415878253871145,9.289908047114716,1.180482864607968,320.0336883217034,320.0215091381931,0.42815292145828565,1.1694120224841489,0.0,0.0,0.27,0.34629548650952463,1.4576001,30.0,22.5,0.2,1.5,2.5,5.0,1.0,5.0,5.0,5.0,masking_sources,2.0,5.0,11.0,1.0,3.0,10.0,-0.5,0.5,0.2,5.0,0.5,10.0,0.0,0.0,10.0,Face-on,1724.0,22.9,75.3,0.0,3.0,0.04415,0.005289999768137932,8.3,0.0,3.0,50.0,4.2,8.3,20.4,0.0,0.0,0.0,0.0,885
