GAL,ra,dec,radvel,z,mag,r20,r50,r80,flux_c,flux_e,rpetro_c,rpetro_e,rhalf_c,rhalf_e,Gini,M20,F(G_M20),S(G_M20),SN_per_pixel,C,A,S,M,I,D,Ao,As,Ser_A,Ser_R,Ser_n,Ser_xc,Ser_yc,Ser_ellip,Ser_theta,flag_morph,flag_sersic,ima_sc_pix2arc,ima_sc_arc2kpc,psf_arcsec,size_image_phy_kpc,zp_ima,eta,petro_extent_cas,snr,area_min,debleding,area_min_deblend,skybox_x,skybox_y,sky_method,nsigma,npixels,dilate_size,mask_stars,fwhm,threshold,roundlo,roundhi,sharplo,aper_stars,aper_fact,aper_center,aper_ellip,aper_pa,dr,View,area_segmap_pix,area_psf_pix,ratio_segmap_psf,flag_area,flag_area_th,SN_gal,bck,ratio_SN_gal,flag_SN,flag_SN_th,perc_SN_flag,perc_20_SN_gal,perc_50_SN_gal,perc_80_SN_gal,flag_image,flag_bck,flag_object,flag_statmorph,index
726r,163.0116673811326,5.110962385387009,5000.0,0.0717,nan,2.801710157585472,6.0479516616179225,11.114807665475942,118.17513908784215,118.1655563700395,14.018928194905769,14.093833570848993,6.287367044388116,6.333690332100407,0.5186221742475964,-1.896338225216375,-0.07865784739944992,-0.07715506079995571,0.3610287010669708,2.992393736295874,0.0161628010845646,0.001373676980551185,0.0,0.0,0.01325349212465398,0.021360158283525058,0.20642376317777045,0.30817354955403115,5.357535056725696,1.1716604131038917,320.160623715786,320.0711518282814,0.01903801576885889,1.2014457595177068,0.0,0.0,0.27,0.34629548650952463,1.3207092,30.0,22.5,0.2,1.5,2.5,5.0,1.0,5.0,5.0,5.0,masking_sources,2.0,5.0,11.0,1.0,3.0,10.0,-0.5,0.5,0.2,5.0,0.5,10.0,0.0,0.0,10.0,Face-on,1198.0,18.8,63.7,0.0,3.0,0.03438,0.004050000105053186,8.5,0.0,3.0,50.0,4.0,8.5,29.7,0.0,0.0,0.0,0.0,726
