GAL,ra,dec,radvel,z,mag,r20,r50,r80,flux_c,flux_e,rpetro_c,rpetro_e,rhalf_c,rhalf_e,Gini,M20,F(G_M20),S(G_M20),SN_per_pixel,C,A,S,M,I,D,Ao,As,Ser_A,Ser_R,Ser_n,Ser_xc,Ser_yc,Ser_ellip,Ser_theta,flag_morph,flag_sersic,ima_sc_pix2arc,ima_sc_arc2kpc,psf_arcsec,size_image_phy_kpc,zp_ima,eta,petro_extent_cas,snr,area_min,debleding,area_min_deblend,skybox_x,skybox_y,sky_method,nsigma,npixels,dilate_size,mask_stars,fwhm,threshold,roundlo,roundhi,sharplo,aper_stars,aper_fact,aper_center,aper_ellip,aper_pa,dr,View,area_segmap_pix,area_psf_pix,ratio_segmap_psf,flag_area,flag_area_th,SN_gal,bck,ratio_SN_gal,flag_SN,flag_SN_th,perc_SN_flag,perc_20_SN_gal,perc_50_SN_gal,perc_80_SN_gal,flag_image,flag_bck,flag_object,flag_statmorph,index
837r,150.54582659822918,9.063198785752233,5000.0,0.1131,nan,3.3604492608141108,6.3054502788568625,10.443899573821048,100.46842431210527,100.42555081761023,13.162859533192396,13.574815570650916,6.471379223938261,6.730623318344056,0.45811189415517806,-1.6700783456286197,-0.534981830411235,-0.10561011482875188,0.3687368333339691,2.4623267234437156,0.02718823343797916,0.0024142392694538953,0.004415011037527594,0.0,0.02916473936263834,0.0009500679334921492,0.242643277910894,0.33643362273879873,5.495952858362905,0.7163128807607198,320.4197962724593,320.1118100482269,0.11975866142085526,1.195469576285194,0.0,0.0,0.27,0.34629548650952463,1.6696897,30.0,22.5,0.2,1.5,2.5,5.0,1.0,5.0,5.0,5.0,masking_sources,2.0,5.0,11.0,1.0,3.0,10.0,-0.5,0.5,0.2,5.0,0.5,10.0,0.0,0.0,10.0,Face-on,833.0,30.0,27.7,0.0,3.0,0.05307,0.005270000081509352,10.1,0.0,3.0,50.0,4.1,10.1,34.1,0.0,0.0,0.0,0.0,837
