GAL,ra,dec,radvel,z,mag,r20,r50,r80,flux_c,flux_e,rpetro_c,rpetro_e,rhalf_c,rhalf_e,Gini,M20,F(G_M20),S(G_M20),SN_per_pixel,C,A,S,M,I,D,Ao,As,Ser_A,Ser_R,Ser_n,Ser_xc,Ser_yc,Ser_ellip,Ser_theta,flag_morph,flag_sersic,ima_sc_pix2arc,ima_sc_arc2kpc,psf_arcsec,size_image_phy_kpc,zp_ima,eta,petro_extent_cas,snr,area_min,debleding,area_min_deblend,skybox_x,skybox_y,sky_method,nsigma,npixels,dilate_size,mask_stars,fwhm,threshold,roundlo,roundhi,sharplo,aper_stars,aper_fact,aper_center,aper_ellip,aper_pa,dr,View,area_segmap_pix,area_psf_pix,ratio_segmap_psf,flag_area,flag_area_th,SN_gal,bck,ratio_SN_gal,flag_SN,flag_SN_th,perc_SN_flag,perc_20_SN_gal,perc_50_SN_gal,perc_80_SN_gal,flag_image,flag_bck,flag_object,flag_statmorph,index
1095r,52.435176837664635,-6.615873492554744,5000.0,0.1115,nan,16.802302103277746,22.62928595521173,29.383045861670773,138.36937694060322,137.3282555084885,37.0092656214533,54.20602619573033,22.626856355643763,29.65640136893611,0.6188162514207767,-0.9294466707189152,-0.252753012658947,0.1564350016766397,0.19149014353752136,1.2136401198723832,0.7275359038544018,0.10154472677864149,0.0014326647564469914,0.0,0.013128596094649456,0.8542787290993918,0.4951196373140133,0.03274796876354835,27.581896830211605,0.01,337.899278239512,331.2068914691098,0.7874342951552012,0.35347076791221044,0.0,1.0,0.27,0.34629548650952463,1.4667556,30.0,22.5,0.2,1.5,2.5,5.0,1.0,5.0,5.0,5.0,masking_sources,2.0,5.0,11.0,1.0,3.0,10.0,-0.5,0.5,0.2,5.0,0.5,10.0,0.0,0.0,10.0,Edge-on,1678.0,23.2,72.4,0.0,3.0,0.04068,0.0050200000405311584,8.1,0.0,3.0,50.0,4.1,8.1,23.6,0.0,0.0,0.0,0.0,1095
