GAL,ra,dec,radvel,z,mag,r20,r50,r80,flux_c,flux_e,rpetro_c,rpetro_e,rhalf_c,rhalf_e,Gini,M20,F(G_M20),S(G_M20),SN_per_pixel,C,A,S,M,I,D,Ao,As,Ser_A,Ser_R,Ser_n,Ser_xc,Ser_yc,Ser_ellip,Ser_theta,flag_morph,flag_sersic,ima_sc_pix2arc,ima_sc_arc2kpc,psf_arcsec,size_image_phy_kpc,zp_ima,eta,petro_extent_cas,snr,area_min,debleding,area_min_deblend,skybox_x,skybox_y,sky_method,nsigma,npixels,dilate_size,mask_stars,fwhm,threshold,roundlo,roundhi,sharplo,aper_stars,aper_fact,aper_center,aper_ellip,aper_pa,dr,View,area_segmap_pix,area_psf_pix,ratio_segmap_psf,flag_area,flag_area_th,SN_gal,bck,ratio_SN_gal,flag_SN,flag_SN_th,perc_SN_flag,perc_20_SN_gal,perc_50_SN_gal,perc_80_SN_gal,flag_image,flag_bck,flag_object,flag_statmorph,index
879r,27.950899446992842,-1.132968650717004,5000.0,0.1225,nan,2.415348421123134,5.358390079558409,10.93202441860054,83.23519986577278,83.2344387521442,13.236171188418332,13.46359251824437,6.299865916920147,6.379271364299034,0.5567380309776027,-1.9152877506544723,0.12314766454268256,-0.042054346673145004,0.3021976053714752,3.2786040261512883,0.015521605677726064,-0.001763898197924385,0.0,0.0,0.029687115856084068,0.025363003450925018,0.2259862845023112,0.19179538076814184,5.1772624182631555,2.0015233817077958,319.94869012844555,319.7223237732163,0.034855296677412,0.10959587753543798,0.0,0.0,0.27,0.34629548650952463,1.2105103,30.0,22.5,0.2,1.5,2.5,5.0,1.0,5.0,5.0,5.0,masking_sources,2.0,5.0,11.0,1.0,3.0,10.0,-0.5,0.5,0.2,5.0,0.5,10.0,0.0,0.0,10.0,Face-on,1845.0,15.8,116.9,0.0,3.0,0.0136,0.00215000007301569,6.3,0.0,3.0,50.0,3.7,6.3,18.4,0.0,0.0,0.0,0.0,879
