GAL,ra,dec,radvel,z,mag,r20,r50,r80,flux_c,flux_e,rpetro_c,rpetro_e,rhalf_c,rhalf_e,Gini,M20,F(G_M20),S(G_M20),SN_per_pixel,C,A,S,M,I,D,Ao,As,Ser_A,Ser_R,Ser_n,Ser_xc,Ser_yc,Ser_ellip,Ser_theta,flag_morph,flag_sersic,ima_sc_pix2arc,ima_sc_arc2kpc,psf_arcsec,size_image_phy_kpc,zp_ima,eta,petro_extent_cas,snr,area_min,debleding,area_min_deblend,skybox_x,skybox_y,sky_method,nsigma,npixels,dilate_size,mask_stars,fwhm,threshold,roundlo,roundhi,sharplo,aper_stars,aper_fact,aper_center,aper_ellip,aper_pa,dr,View,area_segmap_pix,area_psf_pix,ratio_segmap_psf,flag_area,flag_area_th,SN_gal,bck,ratio_SN_gal,flag_SN,flag_SN_th,perc_SN_flag,perc_20_SN_gal,perc_50_SN_gal,perc_80_SN_gal,flag_image,flag_bck,flag_object,flag_statmorph,index
817r,162.00407398174002,0.17237909521300102,5000.0,0.0725,nan,3.3688428235170824,7.021848425683268,13.793124042501821,89.27469266710222,88.07790418331273,17.715537119304607,22.924606213653075,7.397141275912524,10.899476362093399,0.5073698091936981,-1.793817334584504,-0.20540403162413323,-0.07404449840548505,0.3065267503261566,3.0609094641156824,0.06248886295319542,0.022636928707966946,0.0,0.0,0.06602365028688939,0.052643216545690596,0.3268261298264769,0.2329225960842492,9.532073048228188,0.9474425156075696,319.32421985811425,319.62290950759143,0.6634835850483477,1.048744207471374,0.0,0.0,0.27,0.34629548650952463,1.3567562,30.0,22.5,0.2,1.5,2.5,5.0,1.0,5.0,5.0,5.0,masking_sources,2.0,5.0,11.0,1.0,3.0,10.0,-0.5,0.5,0.2,5.0,0.5,10.0,0.0,0.0,10.0,Edge-on,1322.0,19.8,66.7,0.0,3.0,0.0228,0.0020200000144541264,11.3,0.0,3.0,50.0,4.4,11.3,43.9,0.0,0.0,0.0,0.0,817
