GAL,ra,dec,radvel,z,mag,r20,r50,r80,flux_c,flux_e,rpetro_c,rpetro_e,rhalf_c,rhalf_e,Gini,M20,F(G_M20),S(G_M20),SN_per_pixel,C,A,S,M,I,D,Ao,As,Ser_A,Ser_R,Ser_n,Ser_xc,Ser_yc,Ser_ellip,Ser_theta,flag_morph,flag_sersic,ima_sc_pix2arc,ima_sc_arc2kpc,psf_arcsec,size_image_phy_kpc,zp_ima,eta,petro_extent_cas,snr,area_min,debleding,area_min_deblend,skybox_x,skybox_y,sky_method,nsigma,npixels,dilate_size,mask_stars,fwhm,threshold,roundlo,roundhi,sharplo,aper_stars,aper_fact,aper_center,aper_ellip,aper_pa,dr,View,area_segmap_pix,area_psf_pix,ratio_segmap_psf,flag_area,flag_area_th,SN_gal,bck,ratio_SN_gal,flag_SN,flag_SN_th,perc_SN_flag,perc_20_SN_gal,perc_50_SN_gal,perc_80_SN_gal,flag_image,flag_bck,flag_object,flag_statmorph,index
535r,173.56785086844772,12.659997100588624,5000.0,0.065,nan,6.421817271809966,14.758560594492469,28.742299072840357,145.56435438504667,136.1784304003548,39.09632284549024,47.064563431189264,23.393736987042143,29.709012426658138,0.5538637703866114,-1.5600875129780587,-0.13723369009247843,0.004472968378795128,0.2459632009267807,3.2543178008821756,0.0955556287701787,0.1211521507522458,0.5833333333333334,0.6860940984069254,0.36010217450573406,0.3025498983249201,1.997750242630115,0.18535858593349847,23.432362454585,0.3504692419956971,321.5025403764833,314.7749815135485,0.8529443332306736,1.8256186641541103,1.0,0.0,0.27,0.34629548650952463,1.0868325,30.0,22.5,0.2,1.5,2.5,5.0,1.0,5.0,5.0,5.0,masking_sources,2.0,5.0,11.0,1.0,3.0,10.0,-0.5,0.5,0.2,5.0,0.5,10.0,0.0,0.0,10.0,Edge-on,1704.0,12.7,133.9,0.0,3.0,0.04508,0.003710000077262521,12.1,0.0,3.0,50.0,4.7,12.1,35.2,0.0,0.0,0.0,0.0,535
