GAL,ra,dec,radvel,z,mag,r20,r50,r80,flux_c,flux_e,rpetro_c,rpetro_e,rhalf_c,rhalf_e,Gini,M20,F(G_M20),S(G_M20),SN_per_pixel,C,A,S,M,I,D,Ao,As,Ser_A,Ser_R,Ser_n,Ser_xc,Ser_yc,Ser_ellip,Ser_theta,flag_morph,flag_sersic,ima_sc_pix2arc,ima_sc_arc2kpc,psf_arcsec,size_image_phy_kpc,zp_ima,eta,petro_extent_cas,snr,area_min,debleding,area_min_deblend,skybox_x,skybox_y,sky_method,nsigma,npixels,dilate_size,mask_stars,fwhm,threshold,roundlo,roundhi,sharplo,aper_stars,aper_fact,aper_center,aper_ellip,aper_pa,dr,View,area_segmap_pix,area_psf_pix,ratio_segmap_psf,flag_area,flag_area_th,SN_gal,bck,ratio_SN_gal,flag_SN,flag_SN_th,perc_SN_flag,perc_20_SN_gal,perc_50_SN_gal,perc_80_SN_gal,flag_image,flag_bck,flag_object,flag_statmorph,index
719r,320.90348892604806,-8.373601216586582,5000.0,0.0981,nan,3.6785501737284942,7.227498065074108,12.493889908931266,79.25365857077564,77.17889071542353,15.805144888924229,20.15656611800442,7.707244291248315,9.998611345368486,0.4609985806936762,-1.7449210413271101,-0.4688267439266154,-0.11315542985772889,0.2960294783115387,2.6551049540267924,0.06161819359500917,0.005309722544464195,0.001694915254237288,0.0,0.02394814073911078,0.09523805919530033,0.23153414556648694,0.19780352850152771,8.955506678459246,0.7362343297354469,319.702880916677,320.11187217041714,0.5609125274378728,0.9631309032273068,0.0,0.0,0.27,0.34629548650952463,1.5192024,30.0,22.5,0.2,1.5,2.5,5.0,1.0,5.0,5.0,5.0,masking_sources,2.0,5.0,11.0,1.0,3.0,10.0,-0.5,0.5,0.2,5.0,0.5,10.0,0.0,0.0,10.0,Edge-on,1001.0,24.9,40.3,0.0,3.0,0.03422,0.003379999892786145,10.1,0.0,3.0,50.0,4.3,10.1,34.9,0.0,0.0,0.0,0.0,719
