GAL,ra,dec,radvel,z,mag,r20,r50,r80,flux_c,flux_e,rpetro_c,rpetro_e,rhalf_c,rhalf_e,Gini,M20,F(G_M20),S(G_M20),SN_per_pixel,C,A,S,M,I,D,Ao,As,Ser_A,Ser_R,Ser_n,Ser_xc,Ser_yc,Ser_ellip,Ser_theta,flag_morph,flag_sersic,ima_sc_pix2arc,ima_sc_arc2kpc,psf_arcsec,size_image_phy_kpc,zp_ima,eta,petro_extent_cas,snr,area_min,debleding,area_min_deblend,skybox_x,skybox_y,sky_method,nsigma,npixels,dilate_size,mask_stars,fwhm,threshold,roundlo,roundhi,sharplo,aper_stars,aper_fact,aper_center,aper_ellip,aper_pa,dr,View,area_segmap_pix,area_psf_pix,ratio_segmap_psf,flag_area,flag_area_th,SN_gal,bck,ratio_SN_gal,flag_SN,flag_SN_th,perc_SN_flag,perc_20_SN_gal,perc_50_SN_gal,perc_80_SN_gal,flag_image,flag_bck,flag_object,flag_statmorph,index
359r,44.9278468223235,0.028010857644900692,5000.0,0.043,nan,6.36184373747312,13.165518373298294,22.97024525423497,108.65356537550115,108.60970385730818,29.05330316793888,35.214614517222664,13.228125873193394,14.979733823288544,0.5493013133231254,-1.8147181464914905,0.016641176468073837,-0.035437522172423075,0.17233143746852875,2.787913173187984,0.12461371681658066,0.017408016295975475,0.014814814814814815,0.1423584567572786,0.037695562318026794,0.18567172884592917,0.2138573229936932,0.07178081401594283,13.818678002514336,0.6160036240763982,320.189195664047,318.8802352657019,0.21854392747428908,1.4417138764410098,0.0,0.0,0.27,0.34629548650952463,1.1474581,30.0,22.5,0.2,1.5,2.5,5.0,1.0,5.0,5.0,5.0,masking_sources,2.0,5.0,11.0,1.0,3.0,10.0,-0.5,0.5,0.2,5.0,0.5,10.0,0.0,0.0,10.0,Face-on,2511.0,14.2,177.0,0.0,3.0,0.02204,0.002749999985098839,8.0,0.0,3.0,50.0,4.1,8.0,23.0,0.0,0.0,0.0,0.0,359
