GAL,ra,dec,radvel,z,mag,r20,r50,r80,flux_c,flux_e,rpetro_c,rpetro_e,rhalf_c,rhalf_e,Gini,M20,F(G_M20),S(G_M20),SN_per_pixel,C,A,S,M,I,D,Ao,As,Ser_A,Ser_R,Ser_n,Ser_xc,Ser_yc,Ser_ellip,Ser_theta,flag_morph,flag_sersic,ima_sc_pix2arc,ima_sc_arc2kpc,psf_arcsec,size_image_phy_kpc,zp_ima,eta,petro_extent_cas,snr,area_min,debleding,area_min_deblend,skybox_x,skybox_y,sky_method,nsigma,npixels,dilate_size,mask_stars,fwhm,threshold,roundlo,roundhi,sharplo,aper_stars,aper_fact,aper_center,aper_ellip,aper_pa,dr,View,area_segmap_pix,area_psf_pix,ratio_segmap_psf,flag_area,flag_area_th,SN_gal,bck,ratio_SN_gal,flag_SN,flag_SN_th,perc_SN_flag,perc_20_SN_gal,perc_50_SN_gal,perc_80_SN_gal,flag_image,flag_bck,flag_object,flag_statmorph,index
1027r,150.3668192852079,-0.30146934557374533,5000.0,0.1409,nan,4.402803316794896,12.963844611287389,22.2786282063459,212.34050253464997,211.3556901980673,28.041628255516056,32.413379318420866,13.297820017899092,16.621347901725482,0.45017995258598054,-2.172161263195617,-0.22630147930483346,-0.18325226252407006,0.27003058791160583,3.520795804597202,0.027003821427302295,0.005344991458142536,0.17338709677419356,0.1713652892517821,0.017336788949301126,-0.023309910454720358,0.28791199879714074,0.10687248967314125,15.955888248391128,0.602464401326209,319.75854723694107,320.3682190168847,0.3611891278482625,1.74540098505657,0.0,0.0,0.27,0.34629548650952463,1.4212949,30.0,22.5,0.2,1.5,2.5,5.0,1.0,5.0,5.0,5.0,masking_sources,2.0,5.0,11.0,1.0,3.0,10.0,-0.5,0.5,0.2,5.0,0.5,10.0,0.0,0.0,10.0,Face-on,3475.0,21.8,159.7,0.0,3.0,0.02998,0.0017099999822676182,17.5,0.0,3.0,50.0,5.2,17.5,48.4,0.0,0.0,0.0,0.0,1027
