GAL,ra,dec,radvel,z,mag,r20,r50,r80,flux_c,flux_e,rpetro_c,rpetro_e,rhalf_c,rhalf_e,Gini,M20,F(G_M20),S(G_M20),SN_per_pixel,C,A,S,M,I,D,Ao,As,Ser_A,Ser_R,Ser_n,Ser_xc,Ser_yc,Ser_ellip,Ser_theta,flag_morph,flag_sersic,ima_sc_pix2arc,ima_sc_arc2kpc,psf_arcsec,size_image_phy_kpc,zp_ima,eta,petro_extent_cas,snr,area_min,debleding,area_min_deblend,skybox_x,skybox_y,sky_method,nsigma,npixels,dilate_size,mask_stars,fwhm,threshold,roundlo,roundhi,sharplo,aper_stars,aper_fact,aper_center,aper_ellip,aper_pa,dr,View,area_segmap_pix,area_psf_pix,ratio_segmap_psf,flag_area,flag_area_th,SN_gal,bck,ratio_SN_gal,flag_SN,flag_SN_th,perc_SN_flag,perc_20_SN_gal,perc_50_SN_gal,perc_80_SN_gal,flag_image,flag_bck,flag_object,flag_statmorph,index
206r,156.66465437742048,1.0394480286806107,5000.0,0.0325,nan,4.606216806378393,8.805206164372166,14.586450165317245,111.90776819298338,111.95098207967811,18.799591019910203,23.255942920502655,8.856073452029015,11.897396111922918,0.4257627425689881,-1.693158710576061,-0.6791154378542985,-0.14084394562677427,0.3205549120903015,2.503026185031162,0.10162039223971461,0.04058096513861894,0.007017543859649123,0.0,0.1069487205635501,0.06794969051759,0.1483582923325533,0.21344076321899116,11.508999232861377,0.4321269782398263,321.7516394335972,320.6609024445163,0.569758148917062,1.6304415636549032,0.0,0.0,0.27,0.34629548650952463,1.4332627,30.0,22.5,0.2,1.5,2.5,5.0,1.0,5.0,5.0,5.0,masking_sources,2.0,5.0,11.0,1.0,3.0,10.0,-0.5,0.5,0.2,5.0,0.5,10.0,0.0,0.0,10.0,Edge-on,1233.0,22.1,55.7,0.0,3.0,0.04616,0.003169999923557043,14.5,0.0,3.0,50.0,5.1,14.5,50.3,0.0,0.0,0.0,0.0,206
