GAL,ra,dec,radvel,z,mag,r20,r50,r80,flux_c,flux_e,rpetro_c,rpetro_e,rhalf_c,rhalf_e,Gini,M20,F(G_M20),S(G_M20),SN_per_pixel,C,A,S,M,I,D,Ao,As,Ser_A,Ser_R,Ser_n,Ser_xc,Ser_yc,Ser_ellip,Ser_theta,flag_morph,flag_sersic,ima_sc_pix2arc,ima_sc_arc2kpc,psf_arcsec,size_image_phy_kpc,zp_ima,eta,petro_extent_cas,snr,area_min,debleding,area_min_deblend,skybox_x,skybox_y,sky_method,nsigma,npixels,dilate_size,mask_stars,fwhm,threshold,roundlo,roundhi,sharplo,aper_stars,aper_fact,aper_center,aper_ellip,aper_pa,dr,View,area_segmap_pix,area_psf_pix,ratio_segmap_psf,flag_area,flag_area_th,SN_gal,bck,ratio_SN_gal,flag_SN,flag_SN_th,perc_SN_flag,perc_20_SN_gal,perc_50_SN_gal,perc_80_SN_gal,flag_image,flag_bck,flag_object,flag_statmorph,index
891r,167.63939249800458,10.875077855894006,5000.0,0.0842,nan,7.22531928465957,16.40119003783636,30.88667760575713,383.6162442459548,383.2296500789067,39.97487727406976,47.0231871853116,16.387400418065198,19.063648887522778,0.5271254665162409,-2.0185100525320028,0.04809852566007056,-0.08571868545086991,0.23141059279441833,3.1545707588369365,0.1533996112456908,0.024772454024925412,0.015425131677953348,0.07209713183383001,0.014766124494618562,0.23798082104290347,0.11743403617258394,0.1381002088132965,16.15150283962374,0.9086198705029911,320.19149790994584,320.205611924576,0.2150637535446408,1.436842166733822,0.0,0.0,0.27,0.34629548650952463,1.3496271,30.0,22.5,0.2,1.5,2.5,5.0,1.0,5.0,5.0,5.0,masking_sources,2.0,5.0,11.0,1.0,3.0,10.0,-0.5,0.5,0.2,5.0,0.5,10.0,0.0,0.0,10.0,Face-on,5425.0,19.6,276.4,0.0,3.0,0.03722,0.004189999774098396,8.9,0.0,3.0,50.0,4.6,8.9,19.1,0.0,0.0,0.0,0.0,891
