GAL,ra,dec,radvel,z,mag,r20,r50,r80,flux_c,flux_e,rpetro_c,rpetro_e,rhalf_c,rhalf_e,Gini,M20,F(G_M20),S(G_M20),SN_per_pixel,C,A,S,M,I,D,Ao,As,Ser_A,Ser_R,Ser_n,Ser_xc,Ser_yc,Ser_ellip,Ser_theta,flag_morph,flag_sersic,ima_sc_pix2arc,ima_sc_arc2kpc,psf_arcsec,size_image_phy_kpc,zp_ima,eta,petro_extent_cas,snr,area_min,debleding,area_min_deblend,skybox_x,skybox_y,sky_method,nsigma,npixels,dilate_size,mask_stars,fwhm,threshold,roundlo,roundhi,sharplo,aper_stars,aper_fact,aper_center,aper_ellip,aper_pa,dr,View,area_segmap_pix,area_psf_pix,ratio_segmap_psf,flag_area,flag_area_th,SN_gal,bck,ratio_SN_gal,flag_SN,flag_SN_th,perc_SN_flag,perc_20_SN_gal,perc_50_SN_gal,perc_80_SN_gal,flag_image,flag_bck,flag_object,flag_statmorph,index
835r,216.77112351654063,2.2585604100956505,5000.0,0.1144,nan,3.884326783591757,7.289710751706053,11.943044749697858,84.48081720624447,84.4894996692201,15.341243351122147,15.408960425839322,7.356971629102786,7.385618181610403,0.4601281015025172,-1.6960057356471745,-0.5070339227590477,-0.10721797676746525,0.29267212748527527,2.4389965007355086,0.027271726213336345,0.008567979579018113,0.00196078431372549,0.0,0.02247995823751987,0.03473203152890206,0.17093238150492251,0.20102028479936354,6.389788674372306,0.5913126932598749,320.0591068394075,319.626934608749,0.013288376872771618,2.9467645453716043,0.0,0.0,0.27,0.34629548650952463,1.5167615,30.0,22.5,0.2,1.5,2.5,5.0,1.0,5.0,5.0,5.0,masking_sources,2.0,5.0,11.0,1.0,3.0,10.0,-0.5,0.5,0.2,5.0,0.5,10.0,0.0,0.0,10.0,Face-on,1146.0,24.8,46.2,0.0,3.0,0.03335,0.002529999939724803,13.2,0.0,3.0,50.0,5.4,13.2,44.5,0.0,0.0,0.0,0.0,835
