GAL,ra,dec,radvel,z,mag,r20,r50,r80,flux_c,flux_e,rpetro_c,rpetro_e,rhalf_c,rhalf_e,Gini,M20,F(G_M20),S(G_M20),SN_per_pixel,C,A,S,M,I,D,Ao,As,Ser_A,Ser_R,Ser_n,Ser_xc,Ser_yc,Ser_ellip,Ser_theta,flag_morph,flag_sersic,ima_sc_pix2arc,ima_sc_arc2kpc,psf_arcsec,size_image_phy_kpc,zp_ima,eta,petro_extent_cas,snr,area_min,debleding,area_min_deblend,skybox_x,skybox_y,sky_method,nsigma,npixels,dilate_size,mask_stars,fwhm,threshold,roundlo,roundhi,sharplo,aper_stars,aper_fact,aper_center,aper_ellip,aper_pa,dr,View,area_segmap_pix,area_psf_pix,ratio_segmap_psf,flag_area,flag_area_th,SN_gal,bck,ratio_SN_gal,flag_SN,flag_SN_th,perc_SN_flag,perc_20_SN_gal,perc_50_SN_gal,perc_80_SN_gal,flag_image,flag_bck,flag_object,flag_statmorph,index
793r,19.38241910479188,0.06926913497340895,5000.0,0.0906,nan,3.180904384415476,6.1147576269734705,10.255733259773178,121.26096689697562,121.25033282815909,13.069494658543944,13.834985412399,6.402288865383134,6.840110520610416,0.4622562634480707,-1.7157199336596953,-0.48283758190588166,-0.10785136996510769,0.413492888212204,2.542080510327093,0.027888784612526814,-0.0015452250206938502,0.0,0.0,0.007411932881006072,-0.07680361555293544,0.40156071259322806,0.3381428043040324,6.00467210700997,0.8368448963025786,320.085496045786,319.8935463119958,0.13107672880608556,0.9748573727517724,0.0,0.0,0.27,0.34629548650952463,1.2150414,30.0,22.5,0.2,1.5,2.5,5.0,1.0,5.0,5.0,5.0,masking_sources,2.0,5.0,11.0,1.0,3.0,10.0,-0.5,0.5,0.2,5.0,0.5,10.0,0.0,0.0,10.0,Face-on,1172.0,15.9,73.7,0.0,3.0,0.03288,0.0023499999660998583,14.0,0.0,3.0,50.0,4.5,14.0,62.3,0.0,0.0,0.0,0.0,793
