GAL,ra,dec,radvel,z,mag,r20,r50,r80,flux_c,flux_e,rpetro_c,rpetro_e,rhalf_c,rhalf_e,Gini,M20,F(G_M20),S(G_M20),SN_per_pixel,C,A,S,M,I,D,Ao,As,Ser_A,Ser_R,Ser_n,Ser_xc,Ser_yc,Ser_ellip,Ser_theta,flag_morph,flag_sersic,ima_sc_pix2arc,ima_sc_arc2kpc,psf_arcsec,size_image_phy_kpc,zp_ima,eta,petro_extent_cas,snr,area_min,debleding,area_min_deblend,skybox_x,skybox_y,sky_method,nsigma,npixels,dilate_size,mask_stars,fwhm,threshold,roundlo,roundhi,sharplo,aper_stars,aper_fact,aper_center,aper_ellip,aper_pa,dr,View,area_segmap_pix,area_psf_pix,ratio_segmap_psf,flag_area,flag_area_th,SN_gal,bck,ratio_SN_gal,flag_SN,flag_SN_th,perc_SN_flag,perc_20_SN_gal,perc_50_SN_gal,perc_80_SN_gal,flag_image,flag_bck,flag_object,flag_statmorph,index
54r,212.54690416740144,0.8657890221623836,5000.0,0.0255,nan,3.6420597236531336,6.981744073798304,11.866857050809285,76.17635953198267,86.1266763230382,15.108313261101058,29.612457469450014,8.327636904612566,13.304452626874403,0.5876276331029846,-1.7647625498246549,0.17173723088825987,0.009449362346327705,0.21717074513435364,2.5649432381563524,0.13381635154128216,0.004638950161121013,0.0,0.0,0.055704093008464024,0.6209630980834228,0.7856965377751391,0.1674762938777091,7.666650427774407,0.7684395748926185,320.5410262064273,319.36456216797916,0.3311292219270477,1.7031739518889286,0.0,0.0,0.27,0.34629548650952463,1.3371403,30.0,22.5,0.2,1.5,2.5,5.0,1.0,5.0,5.0,5.0,masking_sources,2.0,5.0,11.0,1.0,3.0,10.0,-0.5,0.5,0.2,5.0,0.5,10.0,0.0,0.0,10.0,Face-on,2072.0,19.3,107.6,0.0,3.0,0.01568,0.001339999958872795,11.7,0.0,3.0,50.0,4.6,11.7,35.1,0.0,0.0,0.0,0.0,54
