GAL,ra,dec,radvel,z,mag,r20,r50,r80,flux_c,flux_e,rpetro_c,rpetro_e,rhalf_c,rhalf_e,Gini,M20,F(G_M20),S(G_M20),SN_per_pixel,C,A,S,M,I,D,Ao,As,Ser_A,Ser_R,Ser_n,Ser_xc,Ser_yc,Ser_ellip,Ser_theta,flag_morph,flag_sersic,ima_sc_pix2arc,ima_sc_arc2kpc,psf_arcsec,size_image_phy_kpc,zp_ima,eta,petro_extent_cas,snr,area_min,debleding,area_min_deblend,skybox_x,skybox_y,sky_method,nsigma,npixels,dilate_size,mask_stars,fwhm,threshold,roundlo,roundhi,sharplo,aper_stars,aper_fact,aper_center,aper_ellip,aper_pa,dr,View,area_segmap_pix,area_psf_pix,ratio_segmap_psf,flag_area,flag_area_th,SN_gal,bck,ratio_SN_gal,flag_SN,flag_SN_th,perc_SN_flag,perc_20_SN_gal,perc_50_SN_gal,perc_80_SN_gal,flag_image,flag_bck,flag_object,flag_statmorph,index
174r,218.5908340382079,-1.0078796400690415,5000.0,0.0254,nan,10.004604158286206,23.8291235587627,42.40551326046472,234.63266001426652,230.88596703504916,55.088861875741685,78.18561463627208,24.168257229228775,35.75785529540131,0.5602732800788631,-1.6620372531150502,-0.034855447200897505,-0.0033526309049174974,0.1668519675731659,3.1361120703925174,0.1892554304514537,0.042827076773374564,0.03934740882917467,0.3009774998766529,0.06895732685446375,0.31187887383938995,0.2379033185794527,0.07369291557311806,30.886748258991567,0.6297804214468145,318.25848004175197,319.7207857111368,0.7205728268006893,0.9852539098138783,0.0,0.0,0.27,0.34629548650952463,1.2351462,30.0,22.5,0.2,1.5,2.5,5.0,1.0,5.0,5.0,5.0,masking_sources,2.0,5.0,11.0,1.0,3.0,10.0,-0.5,0.5,0.2,5.0,0.5,10.0,0.0,0.0,10.0,Edge-on,5844.0,16.4,355.6,0.0,3.0,0.01964,0.0019000000320374966,10.3,0.0,3.0,50.0,5.1,10.3,29.3,0.0,0.0,0.0,0.0,174
