GAL,ra,dec,radvel,z,mag,r20,r50,r80,flux_c,flux_e,rpetro_c,rpetro_e,rhalf_c,rhalf_e,Gini,M20,F(G_M20),S(G_M20),SN_per_pixel,C,A,S,M,I,D,Ao,As,Ser_A,Ser_R,Ser_n,Ser_xc,Ser_yc,Ser_ellip,Ser_theta,flag_morph,flag_sersic,ima_sc_pix2arc,ima_sc_arc2kpc,psf_arcsec,size_image_phy_kpc,zp_ima,eta,petro_extent_cas,snr,area_min,debleding,area_min_deblend,skybox_x,skybox_y,sky_method,nsigma,npixels,dilate_size,mask_stars,fwhm,threshold,roundlo,roundhi,sharplo,aper_stars,aper_fact,aper_center,aper_ellip,aper_pa,dr,View,area_segmap_pix,area_psf_pix,ratio_segmap_psf,flag_area,flag_area_th,SN_gal,bck,ratio_SN_gal,flag_SN,flag_SN_th,perc_SN_flag,perc_20_SN_gal,perc_50_SN_gal,perc_80_SN_gal,flag_image,flag_bck,flag_object,flag_statmorph,index
1140r,330.52013357397425,-0.38230801833541844,5000.0,0.0737,nan,3.934979355677591,10.390793439833326,24.153658227599532,275.3698047817856,269.2724029799823,31.0510852613313,39.09030209401935,11.381482297894378,18.206590441240216,0.5740663525197305,-2.1699718776219203,0.3854189561646564,-0.06030040199491382,0.34373921155929565,3.940202292695578,0.11672922517408303,0.032461649820847156,0.0,0.0,0.02458703971674,0.117597817216436,0.2238521504433725,0.2767018054909427,15.063143424486872,1.4283501723422898,319.9998588934073,319.9928696084542,0.7220739275887855,2.431464674752034,0.0,0.0,0.27,0.34629548650952463,1.2439698,30.0,22.5,0.2,1.5,2.5,5.0,1.0,5.0,5.0,5.0,masking_sources,2.0,5.0,11.0,1.0,3.0,10.0,-0.5,0.5,0.2,5.0,0.5,10.0,0.0,0.0,10.0,Edge-on,3329.0,16.7,199.7,0.0,3.0,0.02302,0.0024399999529123306,9.4,0.0,3.0,50.0,4.1,9.4,40.6,0.0,0.0,0.0,0.0,1140
