GAL,ra,dec,radvel,z,mag,r20,r50,r80,flux_c,flux_e,rpetro_c,rpetro_e,rhalf_c,rhalf_e,Gini,M20,F(G_M20),S(G_M20),SN_per_pixel,C,A,S,M,I,D,Ao,As,Ser_A,Ser_R,Ser_n,Ser_xc,Ser_yc,Ser_ellip,Ser_theta,flag_morph,flag_sersic,ima_sc_pix2arc,ima_sc_arc2kpc,psf_arcsec,size_image_phy_kpc,zp_ima,eta,petro_extent_cas,snr,area_min,debleding,area_min_deblend,skybox_x,skybox_y,sky_method,nsigma,npixels,dilate_size,mask_stars,fwhm,threshold,roundlo,roundhi,sharplo,aper_stars,aper_fact,aper_center,aper_ellip,aper_pa,dr,View,area_segmap_pix,area_psf_pix,ratio_segmap_psf,flag_area,flag_area_th,SN_gal,bck,ratio_SN_gal,flag_SN,flag_SN_th,perc_SN_flag,perc_20_SN_gal,perc_50_SN_gal,perc_80_SN_gal,flag_image,flag_bck,flag_object,flag_statmorph,index
1165r,157.90454902048162,1.9787707017455975,5000.0,0.0306,nan,5.041093628926335,11.15872787007611,25.966072567173033,124.0046585956147,119.13794978003513,32.125306655134445,46.00045176862081,12.078081921638402,21.77486027326907,0.6130766627451015,-1.747511555341387,0.2857549884398338,0.03704178992519763,0.21992439031600952,3.5594075137778236,0.11261245383928835,0.09808154570885423,0.13636363636363635,0.12133215633035586,0.1352593343793042,0.33532464091451314,0.4220386806681057,0.15693817441327787,17.363569899309212,0.7278918136669926,319.8716613803459,320.55169413507735,0.7748625621479924,2.080386682349757,0.0,0.0,0.27,0.34629548650952463,1.3722532,30.0,22.5,0.2,1.5,2.5,5.0,1.0,5.0,5.0,5.0,masking_sources,2.0,5.0,11.0,1.0,3.0,10.0,-0.5,0.5,0.2,5.0,0.5,10.0,0.0,0.0,10.0,Edge-on,1734.0,20.3,85.5,0.0,3.0,0.03388,0.003289999905973673,10.3,0.0,3.0,50.0,4.4,10.3,28.6,0.0,0.0,0.0,0.0,1165
