GAL,ra,dec,radvel,z,mag,r20,r50,r80,flux_c,flux_e,rpetro_c,rpetro_e,rhalf_c,rhalf_e,Gini,M20,F(G_M20),S(G_M20),SN_per_pixel,C,A,S,M,I,D,Ao,As,Ser_A,Ser_R,Ser_n,Ser_xc,Ser_yc,Ser_ellip,Ser_theta,flag_morph,flag_sersic,ima_sc_pix2arc,ima_sc_arc2kpc,psf_arcsec,size_image_phy_kpc,zp_ima,eta,petro_extent_cas,snr,area_min,debleding,area_min_deblend,skybox_x,skybox_y,sky_method,nsigma,npixels,dilate_size,mask_stars,fwhm,threshold,roundlo,roundhi,sharplo,aper_stars,aper_fact,aper_center,aper_ellip,aper_pa,dr,View,area_segmap_pix,area_psf_pix,ratio_segmap_psf,flag_area,flag_area_th,SN_gal,bck,ratio_SN_gal,flag_SN,flag_SN_th,perc_SN_flag,perc_20_SN_gal,perc_50_SN_gal,perc_80_SN_gal,flag_image,flag_bck,flag_object,flag_statmorph,index
778r,50.468854818441145,-7.3893706882960695,5000.0,0.0767,nan,4.551372694740751,9.856616251030603,18.221411186398804,96.31462093657,90.53850372054842,22.28380825415248,26.450123234766316,10.105174159083067,13.96812201497493,0.45392615935165476,-1.7112683684470846,-0.5271565318754794,-0.11547940545600657,0.27666643261909485,3.012198044362404,-0.1425587983893868,-0.05643790178638858,0.07865168539325842,0.17689904507707474,0.05166341816906679,-0.3665026873361328,0.33944446624482566,0.17583987250255245,11.746761539345602,0.547684445910609,319.25382959715307,319.7336226719047,0.6659166611078812,0.08058941274127063,0.0,0.0,0.27,0.34629548650952463,1.4744358,30.0,22.5,0.2,1.5,2.5,5.0,1.0,5.0,5.0,5.0,masking_sources,2.0,5.0,11.0,1.0,3.0,10.0,-0.5,0.5,0.2,5.0,0.5,10.0,0.0,0.0,10.0,Edge-on,1037.0,23.4,44.3,0.0,3.0,0.04751,0.00482999999076128,9.8,0.0,3.0,50.0,4.2,9.8,26.2,0.0,0.0,0.0,0.0,778
