GAL,ra,dec,radvel,z,mag,r20,r50,r80,flux_c,flux_e,rpetro_c,rpetro_e,rhalf_c,rhalf_e,Gini,M20,F(G_M20),S(G_M20),SN_per_pixel,C,A,S,M,I,D,Ao,As,Ser_A,Ser_R,Ser_n,Ser_xc,Ser_yc,Ser_ellip,Ser_theta,flag_morph,flag_sersic,ima_sc_pix2arc,ima_sc_arc2kpc,psf_arcsec,size_image_phy_kpc,zp_ima,eta,petro_extent_cas,snr,area_min,debleding,area_min_deblend,skybox_x,skybox_y,sky_method,nsigma,npixels,dilate_size,mask_stars,fwhm,threshold,roundlo,roundhi,sharplo,aper_stars,aper_fact,aper_center,aper_ellip,aper_pa,dr,View,area_segmap_pix,area_psf_pix,ratio_segmap_psf,flag_area,flag_area_th,SN_gal,bck,ratio_SN_gal,flag_SN,flag_SN_th,perc_SN_flag,perc_20_SN_gal,perc_50_SN_gal,perc_80_SN_gal,flag_image,flag_bck,flag_object,flag_statmorph,index
888r,153.8194198500907,5.386921378712022,5000.0,0.0312,nan,7.113419790844786,15.81537197628589,31.49817597287627,1342.2338149032141,1338.1127389955516,38.88772905918527,50.97854446555388,17.208099285858488,24.317500301169304,0.5532299318240188,-1.921023332336111,0.10975733183781866,-0.04632461068894084,0.5004615783691406,3.2310348304571797,0.15156252796139408,0.04059138493070415,0.000887705281846427,0.0,0.020107070159629384,0.21486802451716008,0.2668651784530784,0.5081628865680718,22.57088311511521,1.0982609123087659,320.4445998026788,319.6166495056093,0.5904962933338597,2.0218711444713495,0.0,0.0,0.27,0.34629548650952463,1.4742657,30.0,22.5,0.2,1.5,2.5,5.0,1.0,5.0,5.0,5.0,masking_sources,2.0,5.0,11.0,1.0,3.0,10.0,-0.5,0.5,0.2,5.0,0.5,10.0,0.0,0.0,10.0,Edge-on,10013.0,23.4,427.6,0.0,3.0,0.03583,0.003980000037699938,9.0,0.0,3.0,50.0,4.2,9.0,33.0,0.0,0.0,0.0,0.0,888
