GAL,ra,dec,radvel,z,mag,r20,r50,r80,flux_c,flux_e,rpetro_c,rpetro_e,rhalf_c,rhalf_e,Gini,M20,F(G_M20),S(G_M20),SN_per_pixel,C,A,S,M,I,D,Ao,As,Ser_A,Ser_R,Ser_n,Ser_xc,Ser_yc,Ser_ellip,Ser_theta,flag_morph,flag_sersic,ima_sc_pix2arc,ima_sc_arc2kpc,psf_arcsec,size_image_phy_kpc,zp_ima,eta,petro_extent_cas,snr,area_min,debleding,area_min_deblend,skybox_x,skybox_y,sky_method,nsigma,npixels,dilate_size,mask_stars,fwhm,threshold,roundlo,roundhi,sharplo,aper_stars,aper_fact,aper_center,aper_ellip,aper_pa,dr,View,area_segmap_pix,area_psf_pix,ratio_segmap_psf,flag_area,flag_area_th,SN_gal,bck,ratio_SN_gal,flag_SN,flag_SN_th,perc_SN_flag,perc_20_SN_gal,perc_50_SN_gal,perc_80_SN_gal,flag_image,flag_bck,flag_object,flag_statmorph,index
310r,174.58845374174152,5.152895170844937,5000.0,0.038,nan,6.145315579142721,12.123733824235227,21.453847511587913,127.99165785700355,127.43970144564398,27.487942902546497,35.90689986580415,12.284806557205929,18.008874592878556,0.4524037963567236,-1.6607563139347734,-0.5696970824774201,-0.10996536924377717,0.24025896191596985,2.7148049970639936,0.07274398958051918,0.023219132142525127,0.0026109660574412533,0.0,0.04489141738365264,0.11536287093645539,0.31580448680761647,0.12450080811030526,16.059299486842058,0.5100183799861576,318.99574520346516,319.4909979921332,0.6047605340241632,0.638363449107979,0.0,0.0,0.27,0.34629548650952463,1.5454773,30.0,22.5,0.2,1.5,2.5,5.0,1.0,5.0,5.0,5.0,masking_sources,2.0,5.0,11.0,1.0,3.0,10.0,-0.5,0.5,0.2,5.0,0.5,10.0,0.0,0.0,10.0,Edge-on,1926.0,25.7,74.8,0.0,3.0,0.03882,0.003969999961555004,9.8,0.0,3.0,50.0,4.3,9.8,25.1,0.0,0.0,0.0,0.0,310
