GAL,ra,dec,radvel,z,mag,r20,r50,r80,flux_c,flux_e,rpetro_c,rpetro_e,rhalf_c,rhalf_e,Gini,M20,F(G_M20),S(G_M20),SN_per_pixel,C,A,S,M,I,D,Ao,As,Ser_A,Ser_R,Ser_n,Ser_xc,Ser_yc,Ser_ellip,Ser_theta,flag_morph,flag_sersic,ima_sc_pix2arc,ima_sc_arc2kpc,psf_arcsec,size_image_phy_kpc,zp_ima,eta,petro_extent_cas,snr,area_min,debleding,area_min_deblend,skybox_x,skybox_y,sky_method,nsigma,npixels,dilate_size,mask_stars,fwhm,threshold,roundlo,roundhi,sharplo,aper_stars,aper_fact,aper_center,aper_ellip,aper_pa,dr,View,area_segmap_pix,area_psf_pix,ratio_segmap_psf,flag_area,flag_area_th,SN_gal,bck,ratio_SN_gal,flag_SN,flag_SN_th,perc_SN_flag,perc_20_SN_gal,perc_50_SN_gal,perc_80_SN_gal,flag_image,flag_bck,flag_object,flag_statmorph,index
75r,141.87890441659846,3.711459210356314,5000.0,0.0178,nan,12.577065519255827,22.92926204283006,35.68837684719333,274.57664313703776,274.486320705348,46.74740163401581,52.2232295346739,22.90769932141111,25.372865149983266,0.4610498372195959,-1.4774212813744234,-0.6539503577705248,-0.0759222192636449,0.1765240728855133,2.264737363963313,-0.011816622485584065,-0.012607977877389171,0.2114695340501792,0.3697840865727972,0.006107081919940501,-0.060470373252906946,0.19666073208058552,0.06400653113971415,22.629842193071653,0.413511521363333,319.63722114539314,320.99927142328306,0.18148453592843655,3.025304082171752,1.0,0.0,0.27,0.34629548650952463,1.4841505,30.0,22.5,0.2,1.5,2.5,5.0,1.0,5.0,5.0,5.0,masking_sources,2.0,5.0,11.0,1.0,3.0,10.0,-0.5,0.5,0.2,5.0,0.5,10.0,0.0,0.0,10.0,Face-on,5449.0,23.7,229.6,0.0,3.0,0.03313,0.004430000204592943,7.5,0.0,3.0,50.0,4.1,7.5,16.0,0.0,0.0,0.0,0.0,75
