GAL,ra,dec,radvel,z,mag,r20,r50,r80,flux_c,flux_e,rpetro_c,rpetro_e,rhalf_c,rhalf_e,Gini,M20,F(G_M20),S(G_M20),SN_per_pixel,C,A,S,M,I,D,Ao,As,Ser_A,Ser_R,Ser_n,Ser_xc,Ser_yc,Ser_ellip,Ser_theta,flag_morph,flag_sersic,ima_sc_pix2arc,ima_sc_arc2kpc,psf_arcsec,size_image_phy_kpc,zp_ima,eta,petro_extent_cas,snr,area_min,debleding,area_min_deblend,skybox_x,skybox_y,sky_method,nsigma,npixels,dilate_size,mask_stars,fwhm,threshold,roundlo,roundhi,sharplo,aper_stars,aper_fact,aper_center,aper_ellip,aper_pa,dr,View,area_segmap_pix,area_psf_pix,ratio_segmap_psf,flag_area,flag_area_th,SN_gal,bck,ratio_SN_gal,flag_SN,flag_SN_th,perc_SN_flag,perc_20_SN_gal,perc_50_SN_gal,perc_80_SN_gal,flag_image,flag_bck,flag_object,flag_statmorph,index
1082r,343.4627120085747,0.9332794959551639,5000.0,0.0753,nan,4.883786292477973,10.567558866134556,18.911788845015078,86.15017922653931,85.10150999960624,24.307924678918262,32.713127675476244,10.699091001850674,16.733980474430478,0.5084920392609873,-1.6039067370707978,-0.3314570368680503,-0.046535917584463515,0.24928902089595795,2.9398797931855425,0.03419889951716615,0.037267071912863395,0.0018083182640144665,0.0,0.042532069718741634,-0.05467264084417624,0.3918321955332255,0.16616731470125184,15.541360883658516,0.48580077839233893,319.7104182244278,320.7152946588311,0.7833858526767042,1.828606885665317,0.0,0.0,0.27,0.34629548650952463,1.1583415,30.0,22.5,0.2,1.5,2.5,5.0,1.0,5.0,5.0,5.0,masking_sources,2.0,5.0,11.0,1.0,3.0,10.0,-0.5,0.5,0.2,5.0,0.5,10.0,0.0,0.0,10.0,Edge-on,1383.0,14.5,95.7,0.0,3.0,0.02776,0.00215999991632998,12.8,0.0,3.0,50.0,4.9,12.8,46.1,0.0,0.0,0.0,0.0,1082
