GAL,ra,dec,radvel,z,mag,r20,r50,r80,flux_c,flux_e,rpetro_c,rpetro_e,rhalf_c,rhalf_e,Gini,M20,F(G_M20),S(G_M20),SN_per_pixel,C,A,S,M,I,D,Ao,As,Ser_A,Ser_R,Ser_n,Ser_xc,Ser_yc,Ser_ellip,Ser_theta,flag_morph,flag_sersic,ima_sc_pix2arc,ima_sc_arc2kpc,psf_arcsec,size_image_phy_kpc,zp_ima,eta,petro_extent_cas,snr,area_min,debleding,area_min_deblend,skybox_x,skybox_y,sky_method,nsigma,npixels,dilate_size,mask_stars,fwhm,threshold,roundlo,roundhi,sharplo,aper_stars,aper_fact,aper_center,aper_ellip,aper_pa,dr,View,area_segmap_pix,area_psf_pix,ratio_segmap_psf,flag_area,flag_area_th,SN_gal,bck,ratio_SN_gal,flag_SN,flag_SN_th,perc_SN_flag,perc_20_SN_gal,perc_50_SN_gal,perc_80_SN_gal,flag_image,flag_bck,flag_object,flag_statmorph,index
584r,32.066166722113266,-1.1303489493279248,5000.0,0.1256,nan,3.3401518933710963,6.045671853250644,10.213745737551562,68.80354876270785,68.8807020984338,13.081298875365327,13.905534247708356,6.119117314289889,6.473171476490705,0.4900224657171835,-1.2444223743454212,-0.6720040892785648,-0.014852468974001887,0.30501362681388855,2.4270941273380293,0.5069149990192439,0.008694153235636064,0.0,0.0,0.27770406850875645,0.565517408105992,0.3082465892130149,0.18628238432989389,5.98760647532991,0.5715217674932402,317.5810026438462,320.20392888539766,0.0859962047366186,1.2320590428526816,0.0,0.0,0.27,0.34629548650952463,1.1415035,30.0,22.5,0.2,1.5,2.5,5.0,1.0,5.0,5.0,5.0,masking_sources,2.0,5.0,11.0,1.0,3.0,10.0,-0.5,0.5,0.2,5.0,0.5,10.0,0.0,0.0,10.0,Face-on,857.0,14.0,61.0,0.0,3.0,0.03403,0.002420000033453107,14.1,0.0,3.0,50.0,4.9,14.1,50.6,0.0,0.0,0.0,0.0,584
