GAL,ra,dec,radvel,z,mag,r20,r50,r80,flux_c,flux_e,rpetro_c,rpetro_e,rhalf_c,rhalf_e,Gini,M20,F(G_M20),S(G_M20),SN_per_pixel,C,A,S,M,I,D,Ao,As,Ser_A,Ser_R,Ser_n,Ser_xc,Ser_yc,Ser_ellip,Ser_theta,flag_morph,flag_sersic,ima_sc_pix2arc,ima_sc_arc2kpc,psf_arcsec,size_image_phy_kpc,zp_ima,eta,petro_extent_cas,snr,area_min,debleding,area_min_deblend,skybox_x,skybox_y,sky_method,nsigma,npixels,dilate_size,mask_stars,fwhm,threshold,roundlo,roundhi,sharplo,aper_stars,aper_fact,aper_center,aper_ellip,aper_pa,dr,View,area_segmap_pix,area_psf_pix,ratio_segmap_psf,flag_area,flag_area_th,SN_gal,bck,ratio_SN_gal,flag_SN,flag_SN_th,perc_SN_flag,perc_20_SN_gal,perc_50_SN_gal,perc_80_SN_gal,flag_image,flag_bck,flag_object,flag_statmorph,index
93r,149.36379907907602,1.8725031593772967,5000.0,0.0328,nan,5.6177254554237175,12.408796483687407,22.540668373026048,83.7218318227029,83.41251724199678,28.555578717662506,29.415291896498793,12.947749935885398,13.729845603002127,0.5165476456339291,-1.9152005997326411,-0.07585513849733072,-0.08183071418524734,0.15714198350906372,3.0170313931120747,0.11140682904691944,0.020788465923159895,0.007032348804500703,0.012123747908938247,0.01060382811904428,0.22965609274175464,0.2887028161189074,0.049565444130093644,12.403000333236939,0.9495287704626743,320.06880222694343,320.0753516974239,0.1314496942767755,2.474669154984137,0.0,0.0,0.27,0.34629548650952463,1.2373843,30.0,22.5,0.2,1.5,2.5,5.0,1.0,5.0,5.0,5.0,masking_sources,2.0,5.0,11.0,1.0,3.0,10.0,-0.5,0.5,0.2,5.0,0.5,10.0,0.0,0.0,10.0,Face-on,3926.0,16.5,238.0,0.0,3.0,0.00848,0.0007699999841861427,11.0,0.0,3.0,50.0,5.0,11.0,37.1,0.0,0.0,0.0,0.0,93
