GAL,ra,dec,radvel,z,mag,r20,r50,r80,flux_c,flux_e,rpetro_c,rpetro_e,rhalf_c,rhalf_e,Gini,M20,F(G_M20),S(G_M20),SN_per_pixel,C,A,S,M,I,D,Ao,As,Ser_A,Ser_R,Ser_n,Ser_xc,Ser_yc,Ser_ellip,Ser_theta,flag_morph,flag_sersic,ima_sc_pix2arc,ima_sc_arc2kpc,psf_arcsec,size_image_phy_kpc,zp_ima,eta,petro_extent_cas,snr,area_min,debleding,area_min_deblend,skybox_x,skybox_y,sky_method,nsigma,npixels,dilate_size,mask_stars,fwhm,threshold,roundlo,roundhi,sharplo,aper_stars,aper_fact,aper_center,aper_ellip,aper_pa,dr,View,area_segmap_pix,area_psf_pix,ratio_segmap_psf,flag_area,flag_area_th,SN_gal,bck,ratio_SN_gal,flag_SN,flag_SN_th,perc_SN_flag,perc_20_SN_gal,perc_50_SN_gal,perc_80_SN_gal,flag_image,flag_bck,flag_object,flag_statmorph,index
430r,192.07927376760395,-1.6972708671183916,5000.0,0.0483,nan,5.2919015105855545,10.253550068938189,17.368894378840476,105.0999787946148,104.0294061768436,22.58240948425673,28.974661737301897,10.316412888727932,14.628333554929258,0.4323815876992983,-1.686486285674812,-0.6509761449158287,-0.1333638218864936,0.265032023191452,2.580802107107674,0.02150199316141563,4.5006511770541976e-05,0.0022026431718061676,0.0,0.02539049498997706,-0.0074180009237381295,0.1656717069681776,0.16118366940191245,13.820337124509608,0.41592537008495545,319.7071604806998,320.4030384197673,0.6254617560325634,0.8815450869257262,0.0,0.0,0.27,0.34629548650952463,1.7563224,30.0,22.5,0.2,1.5,2.5,5.0,1.0,5.0,5.0,5.0,masking_sources,2.0,5.0,11.0,1.0,3.0,10.0,-0.5,0.5,0.2,5.0,0.5,10.0,0.0,0.0,10.0,Edge-on,1385.0,33.2,41.7,0.0,3.0,0.04709,0.0038799999747425318,12.1,0.0,3.0,50.0,4.7,12.1,31.4,0.0,0.0,0.0,0.0,430
