GAL,ra,dec,radvel,z,mag,r20,r50,r80,flux_c,flux_e,rpetro_c,rpetro_e,rhalf_c,rhalf_e,Gini,M20,F(G_M20),S(G_M20),SN_per_pixel,C,A,S,M,I,D,Ao,As,Ser_A,Ser_R,Ser_n,Ser_xc,Ser_yc,Ser_ellip,Ser_theta,flag_morph,flag_sersic,ima_sc_pix2arc,ima_sc_arc2kpc,psf_arcsec,size_image_phy_kpc,zp_ima,eta,petro_extent_cas,snr,area_min,debleding,area_min_deblend,skybox_x,skybox_y,sky_method,nsigma,npixels,dilate_size,mask_stars,fwhm,threshold,roundlo,roundhi,sharplo,aper_stars,aper_fact,aper_center,aper_ellip,aper_pa,dr,View,area_segmap_pix,area_psf_pix,ratio_segmap_psf,flag_area,flag_area_th,SN_gal,bck,ratio_SN_gal,flag_SN,flag_SN_th,perc_SN_flag,perc_20_SN_gal,perc_50_SN_gal,perc_80_SN_gal,flag_image,flag_bck,flag_object,flag_statmorph,index
825r,195.08555607636924,5.1954991352979665,5000.0,0.0995,nan,3.167675212732154,6.452661910750697,11.668832870614635,91.08566253457178,91.10908033244587,14.592618893872642,15.192780680924717,6.79904895528558,7.043068538116989,0.5112789472822806,-1.8165849544435113,-0.1702758375233575,-0.07333915085819026,0.30274152755737305,2.8314338669055354,0.037344241185064096,-0.0021017346333453177,0.001953125,0.0,0.026933593628153674,0.0624411648544493,0.24202812265938384,0.2065502549463754,5.8541006138533005,1.162068238940257,320.17316071360557,320.27917730789704,0.04891180383189963,1.7112983997907814,0.0,0.0,0.27,0.34629548650952463,1.3782505,30.0,22.5,0.2,1.5,2.5,5.0,1.0,5.0,5.0,5.0,masking_sources,2.0,5.0,11.0,1.0,3.0,10.0,-0.5,0.5,0.2,5.0,0.5,10.0,0.0,0.0,10.0,Face-on,1239.0,20.5,60.5,0.0,3.0,0.02539,0.003379999892786145,7.5,0.0,3.0,50.0,3.9,7.5,26.4,0.0,0.0,0.0,0.0,825
