GAL,ra,dec,radvel,z,mag,r20,r50,r80,flux_c,flux_e,rpetro_c,rpetro_e,rhalf_c,rhalf_e,Gini,M20,F(G_M20),S(G_M20),SN_per_pixel,C,A,S,M,I,D,Ao,As,Ser_A,Ser_R,Ser_n,Ser_xc,Ser_yc,Ser_ellip,Ser_theta,flag_morph,flag_sersic,ima_sc_pix2arc,ima_sc_arc2kpc,psf_arcsec,size_image_phy_kpc,zp_ima,eta,petro_extent_cas,snr,area_min,debleding,area_min_deblend,skybox_x,skybox_y,sky_method,nsigma,npixels,dilate_size,mask_stars,fwhm,threshold,roundlo,roundhi,sharplo,aper_stars,aper_fact,aper_center,aper_ellip,aper_pa,dr,View,area_segmap_pix,area_psf_pix,ratio_segmap_psf,flag_area,flag_area_th,SN_gal,bck,ratio_SN_gal,flag_SN,flag_SN_th,perc_SN_flag,perc_20_SN_gal,perc_50_SN_gal,perc_80_SN_gal,flag_image,flag_bck,flag_object,flag_statmorph,index
564r,165.81233248916809,5.972661966260943,5000.0,0.0735,nan,4.062873326165603,7.427368390974721,12.428931479734631,136.78477516584053,157.2535304146324,15.051465288507169,38.98878888466285,10.149878722165647,21.0967214600339,0.5834777589224818,-1.716844549425879,0.11798817941841921,0.01200158896305975,0.26827338337898254,2.4280025591895265,0.13868171405589977,0.0016475091827597714,0.04936014625228519,0.04823224078947848,0.0944865642323388,0.35212420219784524,0.6398538793896396,0.2652730878075764,7.707014552046591,0.6057208566487746,318.98264379286866,319.4518568832699,0.25725480881659524,2.190984871891534,0.0,0.0,0.27,0.34629548650952463,1.3157431,30.0,22.5,0.2,1.5,2.5,5.0,1.0,5.0,5.0,5.0,masking_sources,2.0,5.0,11.0,1.0,3.0,10.0,-0.5,0.5,0.2,5.0,0.5,10.0,0.0,0.0,10.0,Face-on,2042.0,18.7,109.5,0.0,3.0,0.03327,0.00418000016361475,8.0,0.0,3.0,50.0,3.9,8.0,20.9,0.0,0.0,0.0,0.0,564
