GAL,ra,dec,radvel,z,mag,r20,r50,r80,flux_c,flux_e,rpetro_c,rpetro_e,rhalf_c,rhalf_e,Gini,M20,F(G_M20),S(G_M20),SN_per_pixel,C,A,S,M,I,D,Ao,As,Ser_A,Ser_R,Ser_n,Ser_xc,Ser_yc,Ser_ellip,Ser_theta,flag_morph,flag_sersic,ima_sc_pix2arc,ima_sc_arc2kpc,psf_arcsec,size_image_phy_kpc,zp_ima,eta,petro_extent_cas,snr,area_min,debleding,area_min_deblend,skybox_x,skybox_y,sky_method,nsigma,npixels,dilate_size,mask_stars,fwhm,threshold,roundlo,roundhi,sharplo,aper_stars,aper_fact,aper_center,aper_ellip,aper_pa,dr,View,area_segmap_pix,area_psf_pix,ratio_segmap_psf,flag_area,flag_area_th,SN_gal,bck,ratio_SN_gal,flag_SN,flag_SN_th,perc_SN_flag,perc_20_SN_gal,perc_50_SN_gal,perc_80_SN_gal,flag_image,flag_bck,flag_object,flag_statmorph,index
97r,358.05608603466845,0.08531579272238138,5000.0,0.0218,nan,11.234143373931454,27.284390541060887,50.15643757245311,176.03018075317578,176.69480775432007,62.67019420435355,69.34891586334489,26.981378798946896,29.22681885337779,0.5347948817817125,-1.8897495247112315,-0.0031689145556397236,-0.06022825097096579,0.09908001869916916,3.2489336019387567,-0.07507133159979501,-0.027007546721985274,0.05186902347145755,0.20219365838669917,0.043004731593588634,-0.11451194919992183,0.24474114969942384,0.02653091328848003,19.843549639826353,1.0297952218218942,319.43756504413864,320.08296963204236,0.06854322825644563,1.427721258574174,0.0,0.0,0.27,0.34629548650952463,1.1747158,30.0,22.5,0.2,1.5,2.5,5.0,1.0,5.0,5.0,5.0,masking_sources,2.0,5.0,11.0,1.0,3.0,10.0,-0.5,0.5,0.2,5.0,0.5,10.0,0.0,0.0,10.0,Face-on,6252.0,14.9,420.5,0.0,3.0,0.01357,0.002520000096410513,5.4,0.0,3.0,50.0,3.8,5.4,9.6,0.0,0.0,0.0,0.0,97
