GAL,ra,dec,radvel,z,mag,r20,r50,r80,flux_c,flux_e,rpetro_c,rpetro_e,rhalf_c,rhalf_e,Gini,M20,F(G_M20),S(G_M20),SN_per_pixel,C,A,S,M,I,D,Ao,As,Ser_A,Ser_R,Ser_n,Ser_xc,Ser_yc,Ser_ellip,Ser_theta,flag_morph,flag_sersic,ima_sc_pix2arc,ima_sc_arc2kpc,psf_arcsec,size_image_phy_kpc,zp_ima,eta,petro_extent_cas,snr,area_min,debleding,area_min_deblend,skybox_x,skybox_y,sky_method,nsigma,npixels,dilate_size,mask_stars,fwhm,threshold,roundlo,roundhi,sharplo,aper_stars,aper_fact,aper_center,aper_ellip,aper_pa,dr,View,area_segmap_pix,area_psf_pix,ratio_segmap_psf,flag_area,flag_area_th,SN_gal,bck,ratio_SN_gal,flag_SN,flag_SN_th,perc_SN_flag,perc_20_SN_gal,perc_50_SN_gal,perc_80_SN_gal,flag_image,flag_bck,flag_object,flag_statmorph,index
760r,129.96795974168282,7.531136861895341,5000.0,0.1152,nan,4.44843213972333,9.725408100346847,18.641040283834226,88.171460882687,105.73928810107493,23.366917167392728,71.75627437502766,14.446067649959879,25.394102513537977,0.6647169020716501,-1.416456636114761,0.31195311408219784,0.13418226063098182,0.1345760077238083,3.111315875652865,0.15364036638262443,0.016554700748454883,0.31895687061183553,0.12941936540279259,0.23686523841912058,0.2877073047727159,0.7581048777032472,0.10128318554184182,12.075767106041669,0.9203247571998131,319.2681720668294,320.12806531759657,0.5832621601637804,0.8579778902349037,0.0,0.0,0.27,0.34629548650952463,1.1466883,30.0,22.5,0.2,1.5,2.5,5.0,1.0,5.0,5.0,5.0,masking_sources,2.0,5.0,11.0,1.0,3.0,10.0,-0.5,0.5,0.2,5.0,0.5,10.0,0.0,0.0,10.0,Edge-on,1904.0,14.2,134.4,0.0,3.0,0.02709,0.004639999940991402,5.8,0.0,3.0,50.0,3.7,5.8,13.7,0.0,0.0,0.0,0.0,760
