GAL,ra,dec,radvel,z,mag,r20,r50,r80,flux_c,flux_e,rpetro_c,rpetro_e,rhalf_c,rhalf_e,Gini,M20,F(G_M20),S(G_M20),SN_per_pixel,C,A,S,M,I,D,Ao,As,Ser_A,Ser_R,Ser_n,Ser_xc,Ser_yc,Ser_ellip,Ser_theta,flag_morph,flag_sersic,ima_sc_pix2arc,ima_sc_arc2kpc,psf_arcsec,size_image_phy_kpc,zp_ima,eta,petro_extent_cas,snr,area_min,debleding,area_min_deblend,skybox_x,skybox_y,sky_method,nsigma,npixels,dilate_size,mask_stars,fwhm,threshold,roundlo,roundhi,sharplo,aper_stars,aper_fact,aper_center,aper_ellip,aper_pa,dr,View,area_segmap_pix,area_psf_pix,ratio_segmap_psf,flag_area,flag_area_th,SN_gal,bck,ratio_SN_gal,flag_SN,flag_SN_th,perc_SN_flag,perc_20_SN_gal,perc_50_SN_gal,perc_80_SN_gal,flag_image,flag_bck,flag_object,flag_statmorph,index
1172r,336.0880353827345,-8.29518962764884,5000.0,0.0604,nan,5.305567235132532,10.976673602681664,19.547037295221063,156.75885146349046,155.66111692287194,25.69360042580329,31.85137550461416,11.16395277817047,15.955958261013397,0.47709250731984376,-1.56618695334982,-0.5130245300953478,-0.07237840426897968,0.3179529309272766,2.8317455952860837,0.05485937987056618,0.046912375686003586,0.021739130434782608,0.0,0.05835376396255505,0.05882555054649972,0.27044582000453354,0.21657787041053853,15.896510141072502,0.588007200687568,320.24767275450444,319.91146666044614,0.7200567178274504,3.040779423762201,0.0,0.0,0.27,0.34629548650952463,1.2541136,30.0,22.5,0.2,1.5,2.5,5.0,1.0,5.0,5.0,5.0,masking_sources,2.0,5.0,11.0,1.0,3.0,10.0,-0.5,0.5,0.2,5.0,0.5,10.0,0.0,0.0,10.0,Edge-on,2411.0,16.9,142.3,0.0,3.0,0.01986,0.0014600000577047467,13.6,0.0,3.0,50.0,4.8,13.6,69.4,0.0,0.0,0.0,0.0,1172
