GAL,ra,dec,radvel,z,mag,r20,r50,r80,flux_c,flux_e,rpetro_c,rpetro_e,rhalf_c,rhalf_e,Gini,M20,F(G_M20),S(G_M20),SN_per_pixel,C,A,S,M,I,D,Ao,As,Ser_A,Ser_R,Ser_n,Ser_xc,Ser_yc,Ser_ellip,Ser_theta,flag_morph,flag_sersic,ima_sc_pix2arc,ima_sc_arc2kpc,psf_arcsec,size_image_phy_kpc,zp_ima,eta,petro_extent_cas,snr,area_min,debleding,area_min_deblend,skybox_x,skybox_y,sky_method,nsigma,npixels,dilate_size,mask_stars,fwhm,threshold,roundlo,roundhi,sharplo,aper_stars,aper_fact,aper_center,aper_ellip,aper_pa,dr,View,area_segmap_pix,area_psf_pix,ratio_segmap_psf,flag_area,flag_area_th,SN_gal,bck,ratio_SN_gal,flag_SN,flag_SN_th,perc_SN_flag,perc_20_SN_gal,perc_50_SN_gal,perc_80_SN_gal,flag_image,flag_bck,flag_object,flag_statmorph,index
963r,328.63382423635835,-7.438578556693788,5000.0,0.1276,nan,2.97066788732124,7.267657321534356,14.808680264070672,112.37423762795089,114.9435759731713,18.15464594228625,22.954742530833595,11.340449717563416,13.27775916746049,0.5762205257606325,-1.997118313348867,0.27629459366589604,-0.0341411250524663,0.24377088248729706,3.488311273796589,0.13643767848403882,0.023514099971270064,0.006097560975609756,0.0,0.04736489871893978,0.29784545655063344,0.579271591128216,0.11858606654565092,7.515821253959643,2.4791132788158587,319.67950202251683,320.0431507406569,0.09299018664355825,2.6347350598217263,1.0,0.0,0.27,0.34629548650952463,1.270827,30.0,22.5,0.2,1.5,2.5,5.0,1.0,5.0,5.0,5.0,masking_sources,2.0,5.0,11.0,1.0,3.0,10.0,-0.5,0.5,0.2,5.0,0.5,10.0,0.0,0.0,10.0,Face-on,6524.0,17.4,375.0,0.0,3.0,0.00493,0.0006699999794363976,7.4,0.0,3.0,50.0,4.5,7.4,18.7,0.0,0.0,0.0,0.0,963
