GAL,ra,dec,radvel,z,mag,r20,r50,r80,flux_c,flux_e,rpetro_c,rpetro_e,rhalf_c,rhalf_e,Gini,M20,F(G_M20),S(G_M20),SN_per_pixel,C,A,S,M,I,D,Ao,As,Ser_A,Ser_R,Ser_n,Ser_xc,Ser_yc,Ser_ellip,Ser_theta,flag_morph,flag_sersic,ima_sc_pix2arc,ima_sc_arc2kpc,psf_arcsec,size_image_phy_kpc,zp_ima,eta,petro_extent_cas,snr,area_min,debleding,area_min_deblend,skybox_x,skybox_y,sky_method,nsigma,npixels,dilate_size,mask_stars,fwhm,threshold,roundlo,roundhi,sharplo,aper_stars,aper_fact,aper_center,aper_ellip,aper_pa,dr,View,area_segmap_pix,area_psf_pix,ratio_segmap_psf,flag_area,flag_area_th,SN_gal,bck,ratio_SN_gal,flag_SN,flag_SN_th,perc_SN_flag,perc_20_SN_gal,perc_50_SN_gal,perc_80_SN_gal,flag_image,flag_bck,flag_object,flag_statmorph,index
804r,15.187595802972087,-9.94159651402355,5000.0,0.1199,nan,6.2932727676977285,11.576785420660359,17.630479234004536,97.71435847637233,97.8792312442323,23.4715367135848,26.28540646251999,11.576414381785485,12.32828224690335,0.4841509553887839,-1.4485958887486907,-0.559575819922677,-0.049045382701172036,0.2026647925376892,2.236937809201886,0.2728724852707957,0.03772068262732461,0.06572295247724974,0.19584271590257166,0.12804132967790877,0.3985493915321998,0.36446543633929507,0.09815615126635142,11.001605163357443,0.3237338105667918,320.900827559216,318.49363959272563,0.1409213278165474,0.7439808053244135,0.0,0.0,0.27,0.34629548650952463,1.2224718,30.0,22.5,0.2,1.5,2.5,5.0,1.0,5.0,5.0,5.0,masking_sources,2.0,5.0,11.0,1.0,3.0,10.0,-0.5,0.5,0.2,5.0,0.5,10.0,0.0,0.0,10.0,Face-on,1401.0,16.1,87.0,0.0,3.0,0.0499,0.00558000011369586,8.9,0.0,3.0,50.0,4.4,8.9,18.6,0.0,0.0,0.0,0.0,804
