GAL,ra,dec,radvel,z,mag,r20,r50,r80,flux_c,flux_e,rpetro_c,rpetro_e,rhalf_c,rhalf_e,Gini,M20,F(G_M20),S(G_M20),SN_per_pixel,C,A,S,M,I,D,Ao,As,Ser_A,Ser_R,Ser_n,Ser_xc,Ser_yc,Ser_ellip,Ser_theta,flag_morph,flag_sersic,ima_sc_pix2arc,ima_sc_arc2kpc,psf_arcsec,size_image_phy_kpc,zp_ima,eta,petro_extent_cas,snr,area_min,debleding,area_min_deblend,skybox_x,skybox_y,sky_method,nsigma,npixels,dilate_size,mask_stars,fwhm,threshold,roundlo,roundhi,sharplo,aper_stars,aper_fact,aper_center,aper_ellip,aper_pa,dr,View,area_segmap_pix,area_psf_pix,ratio_segmap_psf,flag_area,flag_area_th,SN_gal,bck,ratio_SN_gal,flag_SN,flag_SN_th,perc_SN_flag,perc_20_SN_gal,perc_50_SN_gal,perc_80_SN_gal,flag_image,flag_bck,flag_object,flag_statmorph,index
24r,176.44436923162203,9.776056585280065,5000.0,0.0202,nan,9.252918707160184,21.022441827028768,36.14752224455031,102.29085325638638,100.21528863199168,46.2057213130269,53.17357006386608,20.0970715941999,27.387863782365695,0.5052343091207065,-1.1272787582866912,-0.6778859903598256,0.016490218627649378,0.13026867806911469,2.95899893512369,0.4178485438537033,0.16073628862701642,0.13261372397841173,0.2169474267957392,0.15189783416745864,0.5319910385406876,0.4701982910095959,0.03827573209090427,16.060367332119174,0.8173099156100634,320.37296275667336,318.60156374996865,0.4405808023451538,0.13651844146376244,0.0,0.0,0.27,0.34629548650952463,1.3180556,30.0,22.5,0.2,1.5,2.5,5.0,1.0,5.0,5.0,5.0,masking_sources,2.0,5.0,11.0,1.0,3.0,10.0,-0.5,0.5,0.2,5.0,0.5,10.0,0.0,0.0,10.0,Face-on,1864.0,18.7,99.6,0.0,3.0,0.02868,0.005289999768137932,5.4,0.0,3.0,50.0,3.5,5.4,9.8,0.0,0.0,0.0,0.0,24
