GAL,ra,dec,radvel,z,mag,r20,r50,r80,flux_c,flux_e,rpetro_c,rpetro_e,rhalf_c,rhalf_e,Gini,M20,F(G_M20),S(G_M20),SN_per_pixel,C,A,S,M,I,D,Ao,As,Ser_A,Ser_R,Ser_n,Ser_xc,Ser_yc,Ser_ellip,Ser_theta,flag_morph,flag_sersic,ima_sc_pix2arc,ima_sc_arc2kpc,psf_arcsec,size_image_phy_kpc,zp_ima,eta,petro_extent_cas,snr,area_min,debleding,area_min_deblend,skybox_x,skybox_y,sky_method,nsigma,npixels,dilate_size,mask_stars,fwhm,threshold,roundlo,roundhi,sharplo,aper_stars,aper_fact,aper_center,aper_ellip,aper_pa,dr,View,area_segmap_pix,area_psf_pix,ratio_segmap_psf,flag_area,flag_area_th,SN_gal,bck,ratio_SN_gal,flag_SN,flag_SN_th,perc_SN_flag,perc_20_SN_gal,perc_50_SN_gal,perc_80_SN_gal,flag_image,flag_bck,flag_object,flag_statmorph,index
10r,202.33863825862588,-0.9443711550495527,5000.0,0.0136,nan,4.066338698581344,8.513462499622054,16.14032770239676,130.95509717611293,130.71690600414257,19.335669271961134,23.99810054982779,9.164725045425218,10.927611643393005,0.545213271242135,-1.6445467215949223,-0.12152342928615045,-0.015830855771980568,0.27754339575767517,2.993543992452686,0.2555426009659538,0.049067106987631115,0.02510460251046025,0.05534990285993488,0.151962661433196,0.36627993122387653,0.30370444829544446,0.14335712846926313,10.087740950082578,1.1334899050557192,320.79683007225185,318.1093326658735,0.3235001959438611,2.370865034672716,0.0,0.0,0.27,0.34629548650952463,1.1909513,30.0,22.5,0.2,1.5,2.5,5.0,1.0,5.0,5.0,5.0,masking_sources,2.0,5.0,11.0,1.0,3.0,10.0,-0.5,0.5,0.2,5.0,0.5,10.0,0.0,0.0,10.0,Face-on,2789.0,15.3,182.5,0.0,3.0,0.01319,0.0013899999903514981,9.5,0.0,3.0,50.0,4.5,9.5,41.0,0.0,0.0,0.0,0.0,10
