GAL,ra,dec,radvel,z,mag,r20,r50,r80,flux_c,flux_e,rpetro_c,rpetro_e,rhalf_c,rhalf_e,Gini,M20,F(G_M20),S(G_M20),SN_per_pixel,C,A,S,M,I,D,Ao,As,Ser_A,Ser_R,Ser_n,Ser_xc,Ser_yc,Ser_ellip,Ser_theta,flag_morph,flag_sersic,ima_sc_pix2arc,ima_sc_arc2kpc,psf_arcsec,size_image_phy_kpc,zp_ima,eta,petro_extent_cas,snr,area_min,debleding,area_min_deblend,skybox_x,skybox_y,sky_method,nsigma,npixels,dilate_size,mask_stars,fwhm,threshold,roundlo,roundhi,sharplo,aper_stars,aper_fact,aper_center,aper_ellip,aper_pa,dr,View,area_segmap_pix,area_psf_pix,ratio_segmap_psf,flag_area,flag_area_th,SN_gal,bck,ratio_SN_gal,flag_SN,flag_SN_th,perc_SN_flag,perc_20_SN_gal,perc_50_SN_gal,perc_80_SN_gal,flag_image,flag_bck,flag_object,flag_statmorph,index
884r,326.0402401587962,0.29215863541769366,5000.0,0.0951,nan,2.128790893759461,4.575341279958352,9.423810270050657,101.36180507172335,101.38783719063537,11.382950254524305,11.46032335253645,5.557403559082731,5.587612349527736,0.5633771762277074,-1.8958084055101672,0.14251224734569767,-0.03277396390048293,0.3865315914154053,3.230467650395247,-0.0014391575739878678,0.05250360976627196,0.0,0.0,0.031711285977183874,-0.0986682465054157,0.24139221173944767,0.2947307071540606,4.546156860891449,2.1718908806846153,319.8026986155105,320.08451223603566,0.02929107459839358,0.35508080451108126,0.0,0.0,0.27,0.34629548650952463,1.0876259,30.0,22.5,0.2,1.5,2.5,5.0,1.0,5.0,5.0,5.0,masking_sources,2.0,5.0,11.0,1.0,3.0,10.0,-0.5,0.5,0.2,5.0,0.5,10.0,0.0,0.0,10.0,Face-on,1566.0,12.7,122.9,0.0,3.0,0.01949,0.002850000048056245,6.8,0.0,3.0,50.0,3.8,6.8,18.8,0.0,0.0,0.0,0.0,884
