GAL,ra,dec,radvel,z,mag,r20,r50,r80,flux_c,flux_e,rpetro_c,rpetro_e,rhalf_c,rhalf_e,Gini,M20,F(G_M20),S(G_M20),SN_per_pixel,C,A,S,M,I,D,Ao,As,Ser_A,Ser_R,Ser_n,Ser_xc,Ser_yc,Ser_ellip,Ser_theta,flag_morph,flag_sersic,ima_sc_pix2arc,ima_sc_arc2kpc,psf_arcsec,size_image_phy_kpc,zp_ima,eta,petro_extent_cas,snr,area_min,debleding,area_min_deblend,skybox_x,skybox_y,sky_method,nsigma,npixels,dilate_size,mask_stars,fwhm,threshold,roundlo,roundhi,sharplo,aper_stars,aper_fact,aper_center,aper_ellip,aper_pa,dr,View,area_segmap_pix,area_psf_pix,ratio_segmap_psf,flag_area,flag_area_th,SN_gal,bck,ratio_SN_gal,flag_SN,flag_SN_th,perc_SN_flag,perc_20_SN_gal,perc_50_SN_gal,perc_80_SN_gal,flag_image,flag_bck,flag_object,flag_statmorph,index
1077r,159.69801085877103,4.61951283489809,5000.0,0.0687,nan,2.096845007468576,4.098654281580068,7.33366106888788,97.67890527346972,98.52880731193278,9.197028320764828,11.977134111194928,4.391889872102136,5.847418901875678,0.4886745366910658,-1.7528600471089393,-0.32632903073272956,-0.08685975522398742,0.530384361743927,2.718772524585906,0.01132022414755642,0.09469894069473733,0.0,0.0,0.0055647634328072435,-0.006901312295872663,0.16292775293287656,0.711074584771528,4.530483136863635,1.4221528325697181,320.0025305123995,319.99364637961946,0.5436033406385382,2.4053496949725814,0.0,0.0,0.27,0.34629548650952463,1.3129154,30.0,22.5,0.2,1.5,2.5,5.0,1.0,5.0,5.0,5.0,masking_sources,2.0,5.0,11.0,1.0,3.0,10.0,-0.5,0.5,0.2,5.0,0.5,10.0,0.0,0.0,10.0,Edge-on,739.0,18.6,39.8,0.0,3.0,0.03232,0.0034799999557435513,9.3,0.0,3.0,50.0,4.0,9.3,44.7,0.0,0.0,0.0,0.0,1077
