GAL,ra,dec,radvel,z,mag,r20,r50,r80,flux_c,flux_e,rpetro_c,rpetro_e,rhalf_c,rhalf_e,Gini,M20,F(G_M20),S(G_M20),SN_per_pixel,C,A,S,M,I,D,Ao,As,Ser_A,Ser_R,Ser_n,Ser_xc,Ser_yc,Ser_ellip,Ser_theta,flag_morph,flag_sersic,ima_sc_pix2arc,ima_sc_arc2kpc,psf_arcsec,size_image_phy_kpc,zp_ima,eta,petro_extent_cas,snr,area_min,debleding,area_min_deblend,skybox_x,skybox_y,sky_method,nsigma,npixels,dilate_size,mask_stars,fwhm,threshold,roundlo,roundhi,sharplo,aper_stars,aper_fact,aper_center,aper_ellip,aper_pa,dr,View,area_segmap_pix,area_psf_pix,ratio_segmap_psf,flag_area,flag_area_th,SN_gal,bck,ratio_SN_gal,flag_SN,flag_SN_th,perc_SN_flag,perc_20_SN_gal,perc_50_SN_gal,perc_80_SN_gal,flag_image,flag_bck,flag_object,flag_statmorph,index
488r,120.60935963130711,21.193572645832795,5000.0,0.0415,nan,3.2377281698511644,6.879016530226769,13.059191406977504,132.96518397372344,132.97280739145654,16.805070538647964,19.678600005968462,6.9967266923702,7.940517186915851,0.6275779762772984,-1.4062681692161116,0.12105482383939226,0.0988309209934859,0.3599666953086853,3.028379517332136,0.0316515624092092,0.04918286902501038,0.0,0.0,0.1972538660084415,0.06580458839255185,0.09051869010878459,0.38358191048367557,7.367032290831368,0.8561273059113835,319.54732706869356,319.45523782258385,0.1702594981820367,2.6486164229126348,0.0,0.0,0.27,0.34629548650952463,1.5032232,30.0,22.5,0.2,1.5,2.5,5.0,1.0,5.0,5.0,5.0,masking_sources,2.0,5.0,11.0,1.0,3.0,10.0,-0.5,0.5,0.2,5.0,0.5,10.0,0.0,0.0,10.0,Face-on,1049.0,24.3,43.1,0.0,3.0,0.05099,0.0035200000274926424,14.5,0.0,3.0,50.0,4.8,14.5,44.1,0.0,0.0,0.0,0.0,488
