GAL,ra,dec,radvel,z,mag,r20,r50,r80,flux_c,flux_e,rpetro_c,rpetro_e,rhalf_c,rhalf_e,Gini,M20,F(G_M20),S(G_M20),SN_per_pixel,C,A,S,M,I,D,Ao,As,Ser_A,Ser_R,Ser_n,Ser_xc,Ser_yc,Ser_ellip,Ser_theta,flag_morph,flag_sersic,ima_sc_pix2arc,ima_sc_arc2kpc,psf_arcsec,size_image_phy_kpc,zp_ima,eta,petro_extent_cas,snr,area_min,debleding,area_min_deblend,skybox_x,skybox_y,sky_method,nsigma,npixels,dilate_size,mask_stars,fwhm,threshold,roundlo,roundhi,sharplo,aper_stars,aper_fact,aper_center,aper_ellip,aper_pa,dr,View,area_segmap_pix,area_psf_pix,ratio_segmap_psf,flag_area,flag_area_th,SN_gal,bck,ratio_SN_gal,flag_SN,flag_SN_th,perc_SN_flag,perc_20_SN_gal,perc_50_SN_gal,perc_80_SN_gal,flag_image,flag_bck,flag_object,flag_statmorph,index
78r,143.6542107285891,0.04606246152975663,5000.0,0.0164,nan,5.823542754623347,16.294438353342702,33.20891925064257,240.56513175463903,243.34139922600502,41.553305899977,61.78882961508814,17.08064412239563,27.74974760961945,0.6145686418984273,-1.8853544471242514,0.3886654092543216,0.019358687329172064,0.20432503521442413,3.780337369491766,0.11991637335184342,0.03833809561798342,0.08717948717948718,0.21874488269181225,0.15383958846646087,0.19769022892496893,0.27334907802364966,0.15173404703993462,20.052573837507964,0.9971939486193643,319.5359522954137,319.93623373021387,0.65505858037409,2.686569183412381,0.0,0.0,0.27,0.34629548650952463,1.3125491,30.0,22.5,0.2,1.5,2.5,5.0,1.0,5.0,5.0,5.0,masking_sources,2.0,5.0,11.0,1.0,3.0,10.0,-0.5,0.5,0.2,5.0,0.5,10.0,0.0,0.0,10.0,Edge-on,4437.0,18.6,239.1,0.0,3.0,0.02317,0.002859999891370535,8.1,0.0,3.0,50.0,4.2,8.1,22.0,0.0,0.0,0.0,0.0,78
