GAL,ra,dec,radvel,z,mag,r20,r50,r80,flux_c,flux_e,rpetro_c,rpetro_e,rhalf_c,rhalf_e,Gini,M20,F(G_M20),S(G_M20),SN_per_pixel,C,A,S,M,I,D,Ao,As,Ser_A,Ser_R,Ser_n,Ser_xc,Ser_yc,Ser_ellip,Ser_theta,flag_morph,flag_sersic,ima_sc_pix2arc,ima_sc_arc2kpc,psf_arcsec,size_image_phy_kpc,zp_ima,eta,petro_extent_cas,snr,area_min,debleding,area_min_deblend,skybox_x,skybox_y,sky_method,nsigma,npixels,dilate_size,mask_stars,fwhm,threshold,roundlo,roundhi,sharplo,aper_stars,aper_fact,aper_center,aper_ellip,aper_pa,dr,View,area_segmap_pix,area_psf_pix,ratio_segmap_psf,flag_area,flag_area_th,SN_gal,bck,ratio_SN_gal,flag_SN,flag_SN_th,perc_SN_flag,perc_20_SN_gal,perc_50_SN_gal,perc_80_SN_gal,flag_image,flag_bck,flag_object,flag_statmorph,index
175r,315.2306625302028,-7.066086234303639,5000.0,0.0401,nan,7.223483541140556,17.53137072611753,28.607051519037885,144.20098351892943,144.31955351678528,35.718283796629095,40.20461975835199,17.665536152966865,19.73753174343764,0.4744327700469916,-1.9890671141986493,-0.2331342781277277,-0.13379188652709062,0.169636070728302,2.988632052653029,0.17950530097635328,0.03758240613442412,0.08519269776876268,0.09700428347643957,0.010205869155989715,0.3107229944679922,0.30594024717148316,0.05068837333282032,17.34008445197788,0.6934035971038275,320.0792044613988,319.88347595099503,0.22828651543180384,1.810803751221201,0.0,0.0,0.27,0.34629548650952463,1.231787,30.0,22.5,0.2,1.5,2.5,5.0,1.0,5.0,5.0,5.0,masking_sources,2.0,5.0,11.0,1.0,3.0,10.0,-0.5,0.5,0.2,5.0,0.5,10.0,0.0,0.0,10.0,Face-on,4179.0,16.3,255.6,0.0,3.0,0.02187,0.0018899999558925629,11.5,0.0,3.0,50.0,5.4,11.5,23.1,0.0,0.0,0.0,0.0,175
