GAL,ra,dec,radvel,z,mag,r20,r50,r80,flux_c,flux_e,rpetro_c,rpetro_e,rhalf_c,rhalf_e,Gini,M20,F(G_M20),S(G_M20),SN_per_pixel,C,A,S,M,I,D,Ao,As,Ser_A,Ser_R,Ser_n,Ser_xc,Ser_yc,Ser_ellip,Ser_theta,flag_morph,flag_sersic,ima_sc_pix2arc,ima_sc_arc2kpc,psf_arcsec,size_image_phy_kpc,zp_ima,eta,petro_extent_cas,snr,area_min,debleding,area_min_deblend,skybox_x,skybox_y,sky_method,nsigma,npixels,dilate_size,mask_stars,fwhm,threshold,roundlo,roundhi,sharplo,aper_stars,aper_fact,aper_center,aper_ellip,aper_pa,dr,View,area_segmap_pix,area_psf_pix,ratio_segmap_psf,flag_area,flag_area_th,SN_gal,bck,ratio_SN_gal,flag_SN,flag_SN_th,perc_SN_flag,perc_20_SN_gal,perc_50_SN_gal,perc_80_SN_gal,flag_image,flag_bck,flag_object,flag_statmorph,index
818r,132.81726057592192,3.3185834066868396,5000.0,0.0595,nan,6.112027019030788,13.664416090003238,25.326599291154157,207.65264884873966,202.25474096430406,31.882170454577096,37.40181706504328,13.86901888441027,19.156530451703688,0.4950280337478173,-1.7231245892344442,-0.31548589260883464,-0.0764365644932487,0.29050400853157043,3.0869580686639653,0.1196719762714631,0.03333080714505906,0.039805036555645816,0.09360768436172547,0.07744102641756577,0.14369355265481903,0.24472616237828487,0.18123375626640623,17.785720333808264,0.6978178528352029,318.589277330845,320.22124923310423,0.6944528312925207,0.13297248097290512,0.0,0.0,0.27,0.34629548650952463,1.3575166,30.0,22.5,0.2,1.5,2.5,5.0,1.0,5.0,5.0,5.0,masking_sources,2.0,5.0,11.0,1.0,3.0,10.0,-0.5,0.5,0.2,5.0,0.5,10.0,0.0,0.0,10.0,Edge-on,3357.0,19.9,169.1,0.0,3.0,0.02125,0.0020000000949949026,10.6,0.0,3.0,50.0,4.5,10.6,44.0,0.0,0.0,0.0,0.0,818
