GAL,ra,dec,radvel,z,mag,r20,r50,r80,flux_c,flux_e,rpetro_c,rpetro_e,rhalf_c,rhalf_e,Gini,M20,F(G_M20),S(G_M20),SN_per_pixel,C,A,S,M,I,D,Ao,As,Ser_A,Ser_R,Ser_n,Ser_xc,Ser_yc,Ser_ellip,Ser_theta,flag_morph,flag_sersic,ima_sc_pix2arc,ima_sc_arc2kpc,psf_arcsec,size_image_phy_kpc,zp_ima,eta,petro_extent_cas,snr,area_min,debleding,area_min_deblend,skybox_x,skybox_y,sky_method,nsigma,npixels,dilate_size,mask_stars,fwhm,threshold,roundlo,roundhi,sharplo,aper_stars,aper_fact,aper_center,aper_ellip,aper_pa,dr,View,area_segmap_pix,area_psf_pix,ratio_segmap_psf,flag_area,flag_area_th,SN_gal,bck,ratio_SN_gal,flag_SN,flag_SN_th,perc_SN_flag,perc_20_SN_gal,perc_50_SN_gal,perc_80_SN_gal,flag_image,flag_bck,flag_object,flag_statmorph,index
476r,134.47876093499391,7.554743820174514,5000.0,0.0763,nan,5.597398444508496,11.199936128548348,17.918399911056884,78.8085453022945,78.98267991584389,22.751851397076887,24.101783844946056,11.158408522641468,11.585615780459047,0.4539846088670691,-1.689982067887579,-0.5416186130619156,-0.11246274465797512,0.19140639901161194,2.526565011875724,0.17185091637295602,0.0027865769727660234,0.02697841726618705,0.03873564188499152,0.06322897754212034,0.2476969419258726,0.2851531052052709,0.07745394745214092,10.31358293036396,0.471450232672072,320.7735598836178,320.98982904539963,0.10556086577061642,3.1036139604997826,0.0,0.0,0.27,0.34629548650952463,1.1224526,30.0,22.5,0.2,1.5,2.5,5.0,1.0,5.0,5.0,5.0,masking_sources,2.0,5.0,11.0,1.0,3.0,10.0,-0.5,0.5,0.2,5.0,0.5,10.0,0.0,0.0,10.0,Face-on,1444.0,13.6,106.4,0.0,3.0,0.03632,0.004559999797493219,8.0,0.0,3.0,50.0,4.2,8.0,16.2,0.0,0.0,0.0,0.0,476
