GAL,ra,dec,radvel,z,mag,r20,r50,r80,flux_c,flux_e,rpetro_c,rpetro_e,rhalf_c,rhalf_e,Gini,M20,F(G_M20),S(G_M20),SN_per_pixel,C,A,S,M,I,D,Ao,As,Ser_A,Ser_R,Ser_n,Ser_xc,Ser_yc,Ser_ellip,Ser_theta,flag_morph,flag_sersic,ima_sc_pix2arc,ima_sc_arc2kpc,psf_arcsec,size_image_phy_kpc,zp_ima,eta,petro_extent_cas,snr,area_min,debleding,area_min_deblend,skybox_x,skybox_y,sky_method,nsigma,npixels,dilate_size,mask_stars,fwhm,threshold,roundlo,roundhi,sharplo,aper_stars,aper_fact,aper_center,aper_ellip,aper_pa,dr,View,area_segmap_pix,area_psf_pix,ratio_segmap_psf,flag_area,flag_area_th,SN_gal,bck,ratio_SN_gal,flag_SN,flag_SN_th,perc_SN_flag,perc_20_SN_gal,perc_50_SN_gal,perc_80_SN_gal,flag_image,flag_bck,flag_object,flag_statmorph,index
989r,192.73495346103323,5.714342087263005,5000.0,0.1529,nan,2.749236224812174,6.616793326535003,12.355842619062166,100.35517732259731,100.51392175426514,14.884626222722845,15.661138079477546,7.453362021795808,7.769962147114268,0.5364311439582423,-1.9585877255160127,0.052635456375896617,-0.06817686132806589,0.29959043860435486,3.2633015510901813,0.0645936923858052,0.009754823689305138,0.011730205278592375,0.0,0.03215168477955174,0.16016721440019532,0.23747966234652407,0.2140339177645706,5.7573726876691085,1.4273550111189255,319.93245687706894,319.6131768402952,0.15540034155460197,0.23345649463754953,1.0,0.0,0.27,0.34629548650952463,1.1632882,30.0,22.5,0.2,1.5,2.5,5.0,1.0,5.0,5.0,5.0,masking_sources,2.0,5.0,11.0,1.0,3.0,10.0,-0.5,0.5,0.2,5.0,0.5,10.0,0.0,0.0,10.0,Face-on,1158.0,14.6,79.4,0.0,3.0,0.03117,0.0055599999614059925,5.6,0.0,3.0,50.0,3.4,5.6,17.9,0.0,0.0,0.0,0.0,989
