GAL,ra,dec,radvel,z,mag,r20,r50,r80,flux_c,flux_e,rpetro_c,rpetro_e,rhalf_c,rhalf_e,Gini,M20,F(G_M20),S(G_M20),SN_per_pixel,C,A,S,M,I,D,Ao,As,Ser_A,Ser_R,Ser_n,Ser_xc,Ser_yc,Ser_ellip,Ser_theta,flag_morph,flag_sersic,ima_sc_pix2arc,ima_sc_arc2kpc,psf_arcsec,size_image_phy_kpc,zp_ima,eta,petro_extent_cas,snr,area_min,debleding,area_min_deblend,skybox_x,skybox_y,sky_method,nsigma,npixels,dilate_size,mask_stars,fwhm,threshold,roundlo,roundhi,sharplo,aper_stars,aper_fact,aper_center,aper_ellip,aper_pa,dr,View,area_segmap_pix,area_psf_pix,ratio_segmap_psf,flag_area,flag_area_th,SN_gal,bck,ratio_SN_gal,flag_SN,flag_SN_th,perc_SN_flag,perc_20_SN_gal,perc_50_SN_gal,perc_80_SN_gal,flag_image,flag_bck,flag_object,flag_statmorph,index
542r,46.12466146950447,-0.7473356429090127,5000.0,0.0579,nan,5.207597022171995,11.15597159479012,20.47159659853185,100.8783049206696,99.60441187694596,25.994471912046507,36.8246520935902,11.52865445288578,18.109138200828987,0.4934136846365628,-1.7302805363218943,-0.31851784937794125,-0.07902944675854615,0.24018149077892303,2.972571725093762,0.12790846963974134,0.061435760707525745,0.005961251862891207,0.0,0.03209529519992425,0.1951112548848861,0.2897796514972033,0.14376809356319953,16.56098764525692,0.44108650579929765,319.0572734735395,319.92968120565763,0.7376267121316161,2.774471443760561,0.0,0.0,0.27,0.34629548650952463,1.3035768,30.0,22.5,0.2,1.5,2.5,5.0,1.0,5.0,5.0,5.0,masking_sources,2.0,5.0,11.0,1.0,3.0,10.0,-0.5,0.5,0.2,5.0,0.5,10.0,0.0,0.0,10.0,Edge-on,1494.0,18.3,81.6,0.0,3.0,0.03801,0.003289999905973673,11.5,0.0,3.0,50.0,4.5,11.5,32.2,0.0,0.0,0.0,0.0,542
