GAL,ra,dec,radvel,z,mag,r20,r50,r80,flux_c,flux_e,rpetro_c,rpetro_e,rhalf_c,rhalf_e,Gini,M20,F(G_M20),S(G_M20),SN_per_pixel,C,A,S,M,I,D,Ao,As,Ser_A,Ser_R,Ser_n,Ser_xc,Ser_yc,Ser_ellip,Ser_theta,flag_morph,flag_sersic,ima_sc_pix2arc,ima_sc_arc2kpc,psf_arcsec,size_image_phy_kpc,zp_ima,eta,petro_extent_cas,snr,area_min,debleding,area_min_deblend,skybox_x,skybox_y,sky_method,nsigma,npixels,dilate_size,mask_stars,fwhm,threshold,roundlo,roundhi,sharplo,aper_stars,aper_fact,aper_center,aper_ellip,aper_pa,dr,View,area_segmap_pix,area_psf_pix,ratio_segmap_psf,flag_area,flag_area_th,SN_gal,bck,ratio_SN_gal,flag_SN,flag_SN_th,perc_SN_flag,perc_20_SN_gal,perc_50_SN_gal,perc_80_SN_gal,flag_image,flag_bck,flag_object,flag_statmorph,index
149r,1.3347668284584002,-1.067955202849756,5000.0,0.0444,nan,7.586971293509453,16.893859937647697,30.633680690275522,82.6569403074608,82.68727572129487,38.61019273521712,52.06431286865187,16.888815232620946,22.788341362184237,0.5228960088775161,-1.9131174584247628,-0.04587435736793477,-0.07525627793230116,0.11746750771999359,3.030653701682566,0.10927254329377913,0.0008292850249856967,0.02387562465297057,0.10504448649731069,0.014343549144607313,0.13338452363846806,0.2201254398405596,0.03486964635144816,17.228887951693732,0.7435114551315932,322.31552492769237,321.46536193777365,0.44110894768722836,1.2040238336136841,0.0,0.0,0.27,0.34629548650952463,1.2976717,30.0,22.5,0.2,1.5,2.5,5.0,1.0,5.0,5.0,5.0,masking_sources,2.0,5.0,11.0,1.0,3.0,10.0,-0.5,0.5,0.2,5.0,0.5,10.0,0.0,0.0,10.0,Face-on,2864.0,18.1,157.9,0.0,3.0,0.01667,0.002730000065639615,6.1,0.0,3.0,50.0,3.8,6.1,11.6,0.0,0.0,0.0,0.0,149
