GAL,ra,dec,radvel,z,mag,r20,r50,r80,flux_c,flux_e,rpetro_c,rpetro_e,rhalf_c,rhalf_e,Gini,M20,F(G_M20),S(G_M20),SN_per_pixel,C,A,S,M,I,D,Ao,As,Ser_A,Ser_R,Ser_n,Ser_xc,Ser_yc,Ser_ellip,Ser_theta,flag_morph,flag_sersic,ima_sc_pix2arc,ima_sc_arc2kpc,psf_arcsec,size_image_phy_kpc,zp_ima,eta,petro_extent_cas,snr,area_min,debleding,area_min_deblend,skybox_x,skybox_y,sky_method,nsigma,npixels,dilate_size,mask_stars,fwhm,threshold,roundlo,roundhi,sharplo,aper_stars,aper_fact,aper_center,aper_ellip,aper_pa,dr,View,area_segmap_pix,area_psf_pix,ratio_segmap_psf,flag_area,flag_area_th,SN_gal,bck,ratio_SN_gal,flag_SN,flag_SN_th,perc_SN_flag,perc_20_SN_gal,perc_50_SN_gal,perc_80_SN_gal,flag_image,flag_bck,flag_object,flag_statmorph,index
1088r,143.59040997479048,-0.8767439801260867,5000.0,0.083,nan,6.773393120463519,13.43732530215329,21.94167963696302,147.73573318346698,147.8726928823704,27.315482704262585,34.13742538942459,13.740968361717822,16.848654744243483,0.4573591572696704,-1.7071607409688438,-0.513009778023723,-0.11150977729769562,0.23190438747406006,2.5523179372900855,0.21089998653652067,0.037429171104213226,0.02871410736579276,0.04181585798928713,0.022012857243863874,0.3301170330167071,0.3769736687847086,0.1032411324268144,14.894916185951914,0.5478068190179879,319.7013825179886,319.2161515778281,0.4008490196002867,1.4484084924174918,0.0,0.0,0.27,0.34629548650952463,1.3561732,30.0,22.5,0.2,1.5,2.5,5.0,1.0,5.0,5.0,5.0,masking_sources,2.0,5.0,11.0,1.0,3.0,10.0,-0.5,0.5,0.2,5.0,0.5,10.0,0.0,0.0,10.0,Face-on,2778.0,19.8,140.2,0.0,3.0,0.03051,0.0027099999133497477,11.3,0.0,3.0,50.0,4.9,11.3,29.6,0.0,0.0,0.0,0.0,1088
