GAL,ra,dec,radvel,z,mag,r20,r50,r80,flux_c,flux_e,rpetro_c,rpetro_e,rhalf_c,rhalf_e,Gini,M20,F(G_M20),S(G_M20),SN_per_pixel,C,A,S,M,I,D,Ao,As,Ser_A,Ser_R,Ser_n,Ser_xc,Ser_yc,Ser_ellip,Ser_theta,flag_morph,flag_sersic,ima_sc_pix2arc,ima_sc_arc2kpc,psf_arcsec,size_image_phy_kpc,zp_ima,eta,petro_extent_cas,snr,area_min,debleding,area_min_deblend,skybox_x,skybox_y,sky_method,nsigma,npixels,dilate_size,mask_stars,fwhm,threshold,roundlo,roundhi,sharplo,aper_stars,aper_fact,aper_center,aper_ellip,aper_pa,dr,View,area_segmap_pix,area_psf_pix,ratio_segmap_psf,flag_area,flag_area_th,SN_gal,bck,ratio_SN_gal,flag_SN,flag_SN_th,perc_SN_flag,perc_20_SN_gal,perc_50_SN_gal,perc_80_SN_gal,flag_image,flag_bck,flag_object,flag_statmorph,index
314r,318.01195980471255,-0.4833488264317388,5000.0,0.0343,nan,7.976519225182548,15.4776996139547,26.28254674103578,192.40485177894072,192.41007947090978,33.40796560082161,42.58682241126635,15.655350953396754,19.340163932041225,0.5173661055971372,-1.5785059344475376,-0.30513316472202723,-0.034219880347041876,0.2059679925441742,2.5892701458015663,0.1363026628095283,0.04088123557525813,0.05263157894736842,0.23075571373400885,0.015136480022545598,0.1511002491061972,0.14976180340608078,0.09427708265073202,18.368555797623348,0.6168699572044313,319.90026071492093,318.9362475768244,0.421052128907744,1.7724468749448439,0.0,0.0,0.27,0.34629548650952463,1.2231686,30.0,22.5,0.2,1.5,2.5,5.0,1.0,5.0,5.0,5.0,masking_sources,2.0,5.0,11.0,1.0,3.0,10.0,-0.5,0.5,0.2,5.0,0.5,10.0,0.0,0.0,10.0,Face-on,4306.0,16.1,267.1,0.0,3.0,0.01989,0.0021100000012665987,9.4,0.0,3.0,50.0,4.6,9.4,31.8,0.0,0.0,0.0,0.0,314
