GAL,ra,dec,radvel,z,mag,r20,r50,r80,flux_c,flux_e,rpetro_c,rpetro_e,rhalf_c,rhalf_e,Gini,M20,F(G_M20),S(G_M20),SN_per_pixel,C,A,S,M,I,D,Ao,As,Ser_A,Ser_R,Ser_n,Ser_xc,Ser_yc,Ser_ellip,Ser_theta,flag_morph,flag_sersic,ima_sc_pix2arc,ima_sc_arc2kpc,psf_arcsec,size_image_phy_kpc,zp_ima,eta,petro_extent_cas,snr,area_min,debleding,area_min_deblend,skybox_x,skybox_y,sky_method,nsigma,npixels,dilate_size,mask_stars,fwhm,threshold,roundlo,roundhi,sharplo,aper_stars,aper_fact,aper_center,aper_ellip,aper_pa,dr,View,area_segmap_pix,area_psf_pix,ratio_segmap_psf,flag_area,flag_area_th,SN_gal,bck,ratio_SN_gal,flag_SN,flag_SN_th,perc_SN_flag,perc_20_SN_gal,perc_50_SN_gal,perc_80_SN_gal,flag_image,flag_bck,flag_object,flag_statmorph,index
857r,317.6137394507874,0.24015953875500248,5000.0,0.0988,nan,3.340425672578589,7.141190375138616,13.147613470093226,91.3447912923497,91.38986298011608,17.099174347875184,20.934590989250825,7.216004732041631,8.917856940288635,0.5227380342557268,-1.8708687863561666,-0.07593466148932837,-0.06954010739033767,0.2854654788970947,2.9752255745301914,0.049782591181581626,0.032532696876476454,0.0017391304347826088,0.0,0.04966742843600868,0.07622047739121027,0.15111236887886154,0.21511628223265106,8.273526035433076,0.8931833745948881,319.5663933100622,319.39806340051734,0.5003905812047865,0.5548864068336542,0.0,0.0,0.27,0.34629548650952463,1.217564,30.0,22.5,0.2,1.5,2.5,5.0,1.0,5.0,5.0,5.0,masking_sources,2.0,5.0,11.0,1.0,3.0,10.0,-0.5,0.5,0.2,5.0,0.5,10.0,0.0,0.0,10.0,Edge-on,1269.0,16.0,79.5,0.0,3.0,0.02927,0.002520000096410513,11.6,0.0,3.0,50.0,5.0,11.6,35.5,0.0,0.0,0.0,0.0,857
