GAL,ra,dec,radvel,z,mag,r20,r50,r80,flux_c,flux_e,rpetro_c,rpetro_e,rhalf_c,rhalf_e,Gini,M20,F(G_M20),S(G_M20),SN_per_pixel,C,A,S,M,I,D,Ao,As,Ser_A,Ser_R,Ser_n,Ser_xc,Ser_yc,Ser_ellip,Ser_theta,flag_morph,flag_sersic,ima_sc_pix2arc,ima_sc_arc2kpc,psf_arcsec,size_image_phy_kpc,zp_ima,eta,petro_extent_cas,snr,area_min,debleding,area_min_deblend,skybox_x,skybox_y,sky_method,nsigma,npixels,dilate_size,mask_stars,fwhm,threshold,roundlo,roundhi,sharplo,aper_stars,aper_fact,aper_center,aper_ellip,aper_pa,dr,View,area_segmap_pix,area_psf_pix,ratio_segmap_psf,flag_area,flag_area_th,SN_gal,bck,ratio_SN_gal,flag_SN,flag_SN_th,perc_SN_flag,perc_20_SN_gal,perc_50_SN_gal,perc_80_SN_gal,flag_image,flag_bck,flag_object,flag_statmorph,index
802r,188.37283717937353,0.5964769204635161,5000.0,0.0849,nan,3.386056307736482,6.837454256022854,11.828602530708883,138.72263199866165,138.7352949387222,14.577890255231768,16.63976138488567,7.464223815402416,8.45771093659311,0.5003905503503211,-1.5515411427145764,-0.40784876386470925,-0.047277573990508304,0.3911476731300354,2.7161963143072425,0.12379248600119426,0.010786048795124637,0.0,0.0,0.12235498690313551,0.1683415050548688,0.4165082348315039,0.2424521525040313,8.917108762258602,1.0503320403198897,319.51128817055076,320.3764328485173,0.38941655933996033,1.858063659961846,0.0,0.0,0.27,0.34629548650952463,1.026107,30.0,22.5,0.2,1.5,2.5,5.0,1.0,5.0,5.0,5.0,masking_sources,2.0,5.0,11.0,1.0,3.0,10.0,-0.5,0.5,0.2,5.0,0.5,10.0,0.0,0.0,10.0,Face-on,2883.0,11.3,254.2,0.0,3.0,0.00961,0.0009200000204145908,10.4,0.0,3.0,50.0,4.6,10.4,46.9,0.0,0.0,0.0,0.0,802
