GAL,ra,dec,radvel,z,mag,r20,r50,r80,flux_c,flux_e,rpetro_c,rpetro_e,rhalf_c,rhalf_e,Gini,M20,F(G_M20),S(G_M20),SN_per_pixel,C,A,S,M,I,D,Ao,As,Ser_A,Ser_R,Ser_n,Ser_xc,Ser_yc,Ser_ellip,Ser_theta,flag_morph,flag_sersic,ima_sc_pix2arc,ima_sc_arc2kpc,psf_arcsec,size_image_phy_kpc,zp_ima,eta,petro_extent_cas,snr,area_min,debleding,area_min_deblend,skybox_x,skybox_y,sky_method,nsigma,npixels,dilate_size,mask_stars,fwhm,threshold,roundlo,roundhi,sharplo,aper_stars,aper_fact,aper_center,aper_ellip,aper_pa,dr,View,area_segmap_pix,area_psf_pix,ratio_segmap_psf,flag_area,flag_area_th,SN_gal,bck,ratio_SN_gal,flag_SN,flag_SN_th,perc_SN_flag,perc_20_SN_gal,perc_50_SN_gal,perc_80_SN_gal,flag_image,flag_bck,flag_object,flag_statmorph,index
404r,189.64651672403642,12.192799690291848,5000.0,0.041,nan,6.054079892527851,11.427395559777514,17.950681664504717,156.41938488712486,156.35999494724012,22.67114116986018,23.538596390239533,11.611042074472884,12.05653579811428,0.4349724146414727,-1.529652446881901,-0.7468374018355526,-0.10899899962152632,0.2702081799507141,2.3601639871959454,0.197104063883049,0.0033980717731834464,0.005776636713735558,0.0,0.14612299479956176,0.10049499598245153,0.18337503808548417,0.12850877335978872,11.305116921179556,0.557411628289921,320.33063572263404,316.845003906726,0.06453909866077473,0.8554119194124025,0.0,0.0,0.27,0.34629548650952463,1.3773533,30.0,22.5,0.2,1.5,2.5,5.0,1.0,5.0,5.0,5.0,masking_sources,2.0,5.0,11.0,1.0,3.0,10.0,-0.5,0.5,0.2,5.0,0.5,10.0,0.0,0.0,10.0,Face-on,2505.0,20.4,122.6,0.0,3.0,0.0282,0.002420000033453107,11.7,0.0,3.0,50.0,4.6,11.7,42.9,0.0,0.0,0.0,0.0,404
