GAL,ra,dec,radvel,z,mag,r20,r50,r80,flux_c,flux_e,rpetro_c,rpetro_e,rhalf_c,rhalf_e,Gini,M20,F(G_M20),S(G_M20),SN_per_pixel,C,A,S,M,I,D,Ao,As,Ser_A,Ser_R,Ser_n,Ser_xc,Ser_yc,Ser_ellip,Ser_theta,flag_morph,flag_sersic,ima_sc_pix2arc,ima_sc_arc2kpc,psf_arcsec,size_image_phy_kpc,zp_ima,eta,petro_extent_cas,snr,area_min,debleding,area_min_deblend,skybox_x,skybox_y,sky_method,nsigma,npixels,dilate_size,mask_stars,fwhm,threshold,roundlo,roundhi,sharplo,aper_stars,aper_fact,aper_center,aper_ellip,aper_pa,dr,View,area_segmap_pix,area_psf_pix,ratio_segmap_psf,flag_area,flag_area_th,SN_gal,bck,ratio_SN_gal,flag_SN,flag_SN_th,perc_SN_flag,perc_20_SN_gal,perc_50_SN_gal,perc_80_SN_gal,flag_image,flag_bck,flag_object,flag_statmorph,index
26r,41.59488591977061,-1.1714718559439694,5000.0,0.021,nan,2.8871763202605734,5.617178404849826,10.037395106671307,83.71626029385865,84.47884212742426,12.568374028941209,15.458467674178578,6.2147739802184265,7.658112075549225,0.4966244072307868,-1.6166908305804464,-0.38134243861535566,-0.06006186229220317,0.34728145599365234,2.7057385635379445,0.1255500797985186,0.00042976466711588566,0.0,0.0,0.059485427589451204,0.08859207702252904,0.22506379062307164,0.21941785177738252,6.610760932329731,1.2547119847021113,319.94230845261296,319.4271474135687,0.35039701107699067,1.7542005423709017,0.0,0.0,0.27,0.34629548650952463,1.0616589,30.0,22.5,0.2,1.5,2.5,5.0,1.0,5.0,5.0,5.0,masking_sources,2.0,5.0,11.0,1.0,3.0,10.0,-0.5,0.5,0.2,5.0,0.5,10.0,0.0,0.0,10.0,Face-on,1400.0,12.1,115.3,0.0,3.0,0.01595,0.00203999993391335,7.8,0.0,3.0,50.0,3.9,7.8,33.3,0.0,0.0,0.0,0.0,26
