GAL,ra,dec,radvel,z,mag,r20,r50,r80,flux_c,flux_e,rpetro_c,rpetro_e,rhalf_c,rhalf_e,Gini,M20,F(G_M20),S(G_M20),SN_per_pixel,C,A,S,M,I,D,Ao,As,Ser_A,Ser_R,Ser_n,Ser_xc,Ser_yc,Ser_ellip,Ser_theta,flag_morph,flag_sersic,ima_sc_pix2arc,ima_sc_arc2kpc,psf_arcsec,size_image_phy_kpc,zp_ima,eta,petro_extent_cas,snr,area_min,debleding,area_min_deblend,skybox_x,skybox_y,sky_method,nsigma,npixels,dilate_size,mask_stars,fwhm,threshold,roundlo,roundhi,sharplo,aper_stars,aper_fact,aper_center,aper_ellip,aper_pa,dr,View,area_segmap_pix,area_psf_pix,ratio_segmap_psf,flag_area,flag_area_th,SN_gal,bck,ratio_SN_gal,flag_SN,flag_SN_th,perc_SN_flag,perc_20_SN_gal,perc_50_SN_gal,perc_80_SN_gal,flag_image,flag_bck,flag_object,flag_statmorph,index
230r,123.37741292095673,24.68341773910158,5000.0,0.0311,nan,5.433258209265581,11.228095202153531,19.399716366690576,124.65362402929975,124.73696011278133,24.52045714537201,30.47603257838807,11.281789824979764,14.018010736499857,0.4880109785575338,-1.8160100169921976,-0.28585071436461496,-0.09629452358995705,0.22489196062088013,2.7636751775812267,0.0895933802556166,0.025666315355306387,0.03471634208298052,0.021091692220943436,0.03552489494336341,0.135234201907191,0.20275206176890476,0.11703732421820742,12.400234913105951,0.6229362659513928,320.03766622828897,319.04578802164497,0.3719706383896672,1.6133835757233004,0.0,0.0,0.27,0.34629548650952463,1.5273564,30.0,22.5,0.2,1.5,2.5,5.0,1.0,5.0,5.0,5.0,masking_sources,2.0,5.0,11.0,1.0,3.0,10.0,-0.5,0.5,0.2,5.0,0.5,10.0,0.0,0.0,10.0,Face-on,1911.0,25.1,76.0,0.0,3.0,0.03584,0.003930000122636557,9.1,0.0,3.0,50.0,4.3,9.1,24.1,0.0,0.0,0.0,0.0,230
