GAL,ra,dec,radvel,z,mag,r20,r50,r80,flux_c,flux_e,rpetro_c,rpetro_e,rhalf_c,rhalf_e,Gini,M20,F(G_M20),S(G_M20),SN_per_pixel,C,A,S,M,I,D,Ao,As,Ser_A,Ser_R,Ser_n,Ser_xc,Ser_yc,Ser_ellip,Ser_theta,flag_morph,flag_sersic,ima_sc_pix2arc,ima_sc_arc2kpc,psf_arcsec,size_image_phy_kpc,zp_ima,eta,petro_extent_cas,snr,area_min,debleding,area_min_deblend,skybox_x,skybox_y,sky_method,nsigma,npixels,dilate_size,mask_stars,fwhm,threshold,roundlo,roundhi,sharplo,aper_stars,aper_fact,aper_center,aper_ellip,aper_pa,dr,View,area_segmap_pix,area_psf_pix,ratio_segmap_psf,flag_area,flag_area_th,SN_gal,bck,ratio_SN_gal,flag_SN,flag_SN_th,perc_SN_flag,perc_20_SN_gal,perc_50_SN_gal,perc_80_SN_gal,flag_image,flag_bck,flag_object,flag_statmorph,index
377r,344.71959057419497,-10.287465788047005,5000.0,0.0237,nan,8.851405735084732,17.53124334157894,29.934910368703914,590.7615952374562,589.0219954222804,38.16125908016047,48.93483393876339,17.77411328611789,22.907130885940752,0.48133847487121667,-1.7702527743593626,-0.35058937675643964,-0.09654004551344694,0.3217896521091461,2.6458285675395805,0.16984204606034725,0.016542862774914346,0.020072992700729927,0.025271968379725007,0.047208439116054796,0.248362848370439,0.1882047280232307,0.21839239546347328,22.040961039164547,0.6031981267174258,320.53194618381553,319.9066660061676,0.4741871009948337,0.7459769606002986,0.0,0.0,0.27,0.34629548650952463,1.3670623,30.0,22.5,0.2,1.5,2.5,5.0,1.0,5.0,5.0,5.0,masking_sources,2.0,5.0,11.0,1.0,3.0,10.0,-0.5,0.5,0.2,5.0,0.5,10.0,0.0,0.0,10.0,Face-on,5794.0,20.1,287.8,0.0,3.0,0.04877,0.0045900000259280205,10.6,0.0,3.0,50.0,4.7,10.6,35.5,0.0,0.0,0.0,0.0,377
