GAL,ra,dec,radvel,z,mag,r20,r50,r80,flux_c,flux_e,rpetro_c,rpetro_e,rhalf_c,rhalf_e,Gini,M20,F(G_M20),S(G_M20),SN_per_pixel,C,A,S,M,I,D,Ao,As,Ser_A,Ser_R,Ser_n,Ser_xc,Ser_yc,Ser_ellip,Ser_theta,flag_morph,flag_sersic,ima_sc_pix2arc,ima_sc_arc2kpc,psf_arcsec,size_image_phy_kpc,zp_ima,eta,petro_extent_cas,snr,area_min,debleding,area_min_deblend,skybox_x,skybox_y,sky_method,nsigma,npixels,dilate_size,mask_stars,fwhm,threshold,roundlo,roundhi,sharplo,aper_stars,aper_fact,aper_center,aper_ellip,aper_pa,dr,View,area_segmap_pix,area_psf_pix,ratio_segmap_psf,flag_area,flag_area_th,SN_gal,bck,ratio_SN_gal,flag_SN,flag_SN_th,perc_SN_flag,perc_20_SN_gal,perc_50_SN_gal,perc_80_SN_gal,flag_image,flag_bck,flag_object,flag_statmorph,index
1186r,174.96936092221634,8.325384990764043,5000.0,0.0175,nan,2.5730512729380135,5.2424845988575735,9.96385216036965,81.81308915330084,81.9704458733794,12.823551003797878,15.01442351028097,5.363517065486935,6.443468243394498,0.5295610815567889,-1.7878178173348975,-0.09971489888081075,-0.0512412058683297,0.34238895773887634,2.939894172928626,0.09608593570463039,-0.0010942777450269343,0.010752688172043012,0.0,0.025905856841434052,0.1134788472939093,0.24587465229970565,0.3486866343847752,5.0391573644304035,1.1078944657724044,321.05136998950974,318.963579412901,0.340152497034213,2.4000283626457795,0.0,0.0,0.27,0.34629548650952463,1.2658354,30.0,22.5,0.2,1.5,2.5,5.0,1.0,5.0,5.0,5.0,masking_sources,2.0,5.0,11.0,1.0,3.0,10.0,-0.5,0.5,0.2,5.0,0.5,10.0,0.0,0.0,10.0,Face-on,735.0,17.3,42.6,0.0,3.0,0.04467,0.005150000099092722,8.7,0.0,3.0,50.0,4.3,8.7,24.6,0.0,0.0,0.0,0.0,1186
