GAL,ra,dec,radvel,z,mag,r20,r50,r80,flux_c,flux_e,rpetro_c,rpetro_e,rhalf_c,rhalf_e,Gini,M20,F(G_M20),S(G_M20),SN_per_pixel,C,A,S,M,I,D,Ao,As,Ser_A,Ser_R,Ser_n,Ser_xc,Ser_yc,Ser_ellip,Ser_theta,flag_morph,flag_sersic,ima_sc_pix2arc,ima_sc_arc2kpc,psf_arcsec,size_image_phy_kpc,zp_ima,eta,petro_extent_cas,snr,area_min,debleding,area_min_deblend,skybox_x,skybox_y,sky_method,nsigma,npixels,dilate_size,mask_stars,fwhm,threshold,roundlo,roundhi,sharplo,aper_stars,aper_fact,aper_center,aper_ellip,aper_pa,dr,View,area_segmap_pix,area_psf_pix,ratio_segmap_psf,flag_area,flag_area_th,SN_gal,bck,ratio_SN_gal,flag_SN,flag_SN_th,perc_SN_flag,perc_20_SN_gal,perc_50_SN_gal,perc_80_SN_gal,flag_image,flag_bck,flag_object,flag_statmorph,index
1191r,16.061133664309537,-0.844652835441424,5000.0,0.0154,nan,4.878618369864754,9.631599427799204,16.845445697625006,61.87914102180798,62.850302995517964,20.462467240618317,27.63148555348794,11.536769639908375,13.72634338659057,0.5888691698819204,-1.0977996894264201,-0.28432242431198507,0.10338632135282871,0.19015006721019745,2.6909282965882033,0.10478708310610034,0.009172422979677195,0.8,0.4834415993303685,0.010562318141698022,0.07258940180683625,0.2672234478896275,0.0677401798612538,14.659533587196986,0.8862031579375403,315.0375797069984,317.4390058228071,0.5448195146819385,0.33047822849588754,0.0,0.0,0.27,0.34629548650952463,1.1822152,30.0,22.5,0.2,1.5,2.5,5.0,1.0,5.0,5.0,5.0,masking_sources,2.0,5.0,11.0,1.0,3.0,10.0,-0.5,0.5,0.2,5.0,0.5,10.0,0.0,0.0,10.0,Edge-on,1364.0,15.1,90.6,0.0,3.0,0.01853,0.002400000113993883,7.7,0.0,3.0,50.0,4.0,7.7,27.7,0.0,0.0,0.0,0.0,1191
