GAL,ra,dec,radvel,z,mag,r20,r50,r80,flux_c,flux_e,rpetro_c,rpetro_e,rhalf_c,rhalf_e,Gini,M20,F(G_M20),S(G_M20),SN_per_pixel,C,A,S,M,I,D,Ao,As,Ser_A,Ser_R,Ser_n,Ser_xc,Ser_yc,Ser_ellip,Ser_theta,flag_morph,flag_sersic,ima_sc_pix2arc,ima_sc_arc2kpc,psf_arcsec,size_image_phy_kpc,zp_ima,eta,petro_extent_cas,snr,area_min,debleding,area_min_deblend,skybox_x,skybox_y,sky_method,nsigma,npixels,dilate_size,mask_stars,fwhm,threshold,roundlo,roundhi,sharplo,aper_stars,aper_fact,aper_center,aper_ellip,aper_pa,dr,View,area_segmap_pix,area_psf_pix,ratio_segmap_psf,flag_area,flag_area_th,SN_gal,bck,ratio_SN_gal,flag_SN,flag_SN_th,perc_SN_flag,perc_20_SN_gal,perc_50_SN_gal,perc_80_SN_gal,flag_image,flag_bck,flag_object,flag_statmorph,index
346r,197.18407048866018,4.738330463583176,5000.0,0.0438,nan,2.85834863205857,5.378082192269334,9.314086669715422,114.44487699592187,117.20074458660706,11.409128795725621,16.29643723568268,6.379716792292538,9.022962783484845,0.47613125819796603,-1.6802871957896577,-0.43871124523783545,-0.08918997459877606,0.4706061780452728,2.565125381759157,0.04921541469863126,0.06569662159511702,0.0,0.0,0.04254671703508954,0.11852086497766377,0.31057786468951526,0.2962243043858486,7.127499920812327,1.5234129740150346,319.5414570456467,319.5654877868712,0.41937870360246776,2.5318520973110497,0.0,0.0,0.27,0.34629548650952463,1.2393358,30.0,22.5,0.2,1.5,2.5,5.0,1.0,5.0,5.0,5.0,masking_sources,2.0,5.0,11.0,1.0,3.0,10.0,-0.5,0.5,0.2,5.0,0.5,10.0,0.0,0.0,10.0,Face-on,1140.0,16.5,68.9,0.0,3.0,0.03099,0.004430000204592943,7.0,0.0,3.0,50.0,3.8,7.0,29.1,0.0,0.0,0.0,0.0,346
