GAL,ra,dec,radvel,z,mag,r20,r50,r80,flux_c,flux_e,rpetro_c,rpetro_e,rhalf_c,rhalf_e,Gini,M20,F(G_M20),S(G_M20),SN_per_pixel,C,A,S,M,I,D,Ao,As,Ser_A,Ser_R,Ser_n,Ser_xc,Ser_yc,Ser_ellip,Ser_theta,flag_morph,flag_sersic,ima_sc_pix2arc,ima_sc_arc2kpc,psf_arcsec,size_image_phy_kpc,zp_ima,eta,petro_extent_cas,snr,area_min,debleding,area_min_deblend,skybox_x,skybox_y,sky_method,nsigma,npixels,dilate_size,mask_stars,fwhm,threshold,roundlo,roundhi,sharplo,aper_stars,aper_fact,aper_center,aper_ellip,aper_pa,dr,View,area_segmap_pix,area_psf_pix,ratio_segmap_psf,flag_area,flag_area_th,SN_gal,bck,ratio_SN_gal,flag_SN,flag_SN_th,perc_SN_flag,perc_20_SN_gal,perc_50_SN_gal,perc_80_SN_gal,flag_image,flag_bck,flag_object,flag_statmorph,index
555r,237.11757823625342,9.535584420405913,5000.0,0.0369,nan,7.62439252510365,18.27797353158257,32.190444890141094,227.31994767717924,224.42933098406945,41.641616184837154,56.24455362633958,18.62874400830587,28.526411358874125,0.5602663558197177,-1.7111679442659946,-0.0008421533160625216,-0.010188651991452746,0.24553102254867554,3.1276086600944257,0.07046772484385369,0.030388189917608083,0.3348623853211009,0.3732825860873584,0.048060935426900375,0.033976227892634624,0.25226728792928294,0.18517952891228848,25.073104099806002,0.5430942745115416,318.18536752442037,320.10307244091075,0.7865046001996461,0.6136386350516926,0.0,0.0,0.27,0.34629548650952463,1.4745672,30.0,22.5,0.2,1.5,2.5,5.0,1.0,5.0,5.0,5.0,masking_sources,2.0,5.0,11.0,1.0,3.0,10.0,-0.5,0.5,0.2,5.0,0.5,10.0,0.0,0.0,10.0,Edge-on,2970.0,23.4,126.8,0.0,3.0,0.03734,0.003700000001117587,10.1,0.0,3.0,50.0,4.4,10.1,30.3,0.0,0.0,0.0,0.0,555
