GAL,ra,dec,radvel,z,mag,r20,r50,r80,flux_c,flux_e,rpetro_c,rpetro_e,rhalf_c,rhalf_e,Gini,M20,F(G_M20),S(G_M20),SN_per_pixel,C,A,S,M,I,D,Ao,As,Ser_A,Ser_R,Ser_n,Ser_xc,Ser_yc,Ser_ellip,Ser_theta,flag_morph,flag_sersic,ima_sc_pix2arc,ima_sc_arc2kpc,psf_arcsec,size_image_phy_kpc,zp_ima,eta,petro_extent_cas,snr,area_min,debleding,area_min_deblend,skybox_x,skybox_y,sky_method,nsigma,npixels,dilate_size,mask_stars,fwhm,threshold,roundlo,roundhi,sharplo,aper_stars,aper_fact,aper_center,aper_ellip,aper_pa,dr,View,area_segmap_pix,area_psf_pix,ratio_segmap_psf,flag_area,flag_area_th,SN_gal,bck,ratio_SN_gal,flag_SN,flag_SN_th,perc_SN_flag,perc_20_SN_gal,perc_50_SN_gal,perc_80_SN_gal,flag_image,flag_bck,flag_object,flag_statmorph,index
247r,57.52675325953235,-0.21753003352546676,5000.0,0.015,nan,6.192533543191066,11.474753033739638,19.172561037731167,252.93285578221344,253.0796772475577,23.713097893708127,25.070570592800973,14.548064096871217,15.236365566579567,0.5211801725006567,-1.3466908243171538,-0.44690140486996155,0.001778346195565772,0.32355019450187683,2.4540588067460356,0.20152177460779871,0.029503263307362235,0.04739336492890995,0.18628187523504267,0.1996161961817365,0.5516338325684884,1.979980603960679,0.19223912003273583,11.946631157287115,0.6575526682190088,322.93693173500867,317.35823297236976,0.09455614711546186,2.9305780682361373,1.0,0.0,0.27,0.34629548650952463,0.9853231,30.0,22.5,0.2,1.5,2.5,5.0,1.0,5.0,5.0,5.0,masking_sources,2.0,5.0,11.0,1.0,3.0,10.0,-0.5,0.5,0.2,5.0,0.5,10.0,0.0,0.0,10.0,Face-on,2933.0,10.5,280.4,0.0,3.0,0.03057,0.003869999898597598,7.9,0.0,3.0,50.0,3.9,7.9,31.4,0.0,0.0,0.0,0.0,247
