GAL,ra,dec,radvel,z,mag,r20,r50,r80,flux_c,flux_e,rpetro_c,rpetro_e,rhalf_c,rhalf_e,Gini,M20,F(G_M20),S(G_M20),SN_per_pixel,C,A,S,M,I,D,Ao,As,Ser_A,Ser_R,Ser_n,Ser_xc,Ser_yc,Ser_ellip,Ser_theta,flag_morph,flag_sersic,ima_sc_pix2arc,ima_sc_arc2kpc,psf_arcsec,size_image_phy_kpc,zp_ima,eta,petro_extent_cas,snr,area_min,debleding,area_min_deblend,skybox_x,skybox_y,sky_method,nsigma,npixels,dilate_size,mask_stars,fwhm,threshold,roundlo,roundhi,sharplo,aper_stars,aper_fact,aper_center,aper_ellip,aper_pa,dr,View,area_segmap_pix,area_psf_pix,ratio_segmap_psf,flag_area,flag_area_th,SN_gal,bck,ratio_SN_gal,flag_SN,flag_SN_th,perc_SN_flag,perc_20_SN_gal,perc_50_SN_gal,perc_80_SN_gal,flag_image,flag_bck,flag_object,flag_statmorph,index
696r,357.5404493439489,15.896759142903328,5000.0,0.0662,nan,5.150916413700719,10.687680392195551,17.552950256973553,216.59083925009315,216.63904805243845,22.793431056701017,23.34187103765345,10.72296670358029,10.986556272928064,0.46772349880562464,-1.7568159930223728,-0.4272951977476538,-0.10815115921254148,0.3178717792034149,2.662328098256264,0.12801896561531176,-0.000984243143211466,0.001693480101608806,0.0,0.05272944811974209,0.12825545730342788,0.17942906957360596,0.20510557318260572,10.190824670241229,0.6442580997036762,320.7947323614083,320.43318549532097,0.04950045555689441,1.0415900090015622,0.0,0.0,0.27,0.34629548650952463,1.362666,30.0,22.5,0.2,1.5,2.5,5.0,1.0,5.0,5.0,5.0,masking_sources,2.0,5.0,11.0,1.0,3.0,10.0,-0.5,0.5,0.2,5.0,0.5,10.0,0.0,0.0,10.0,Face-on,2440.0,20.0,122.0,0.0,3.0,0.04116,0.003220000071451068,12.8,0.0,3.0,50.0,5.1,12.8,42.0,0.0,0.0,0.0,0.0,696
