GAL,ra,dec,radvel,z,mag,r20,r50,r80,flux_c,flux_e,rpetro_c,rpetro_e,rhalf_c,rhalf_e,Gini,M20,F(G_M20),S(G_M20),SN_per_pixel,C,A,S,M,I,D,Ao,As,Ser_A,Ser_R,Ser_n,Ser_xc,Ser_yc,Ser_ellip,Ser_theta,flag_morph,flag_sersic,ima_sc_pix2arc,ima_sc_arc2kpc,psf_arcsec,size_image_phy_kpc,zp_ima,eta,petro_extent_cas,snr,area_min,debleding,area_min_deblend,skybox_x,skybox_y,sky_method,nsigma,npixels,dilate_size,mask_stars,fwhm,threshold,roundlo,roundhi,sharplo,aper_stars,aper_fact,aper_center,aper_ellip,aper_pa,dr,View,area_segmap_pix,area_psf_pix,ratio_segmap_psf,flag_area,flag_area_th,SN_gal,bck,ratio_SN_gal,flag_SN,flag_SN_th,perc_SN_flag,perc_20_SN_gal,perc_50_SN_gal,perc_80_SN_gal,flag_image,flag_bck,flag_object,flag_statmorph,index
1075r,187.86849973768673,12.803416876163018,5000.0,0.0934,nan,2.702899828765273,5.209001924184666,9.043204228330382,110.84052889572578,110.90938579331703,11.490728814419315,14.575666905460606,5.418368705630016,7.231044330130381,0.4652910132989975,-1.724905102362796,-0.4614502482325449,-0.10612370606242111,0.4816170632839203,2.6224619406799707,0.02092998868126134,0.04880031987848985,0.0,0.0,0.022409546198029286,0.012492367246611137,0.21576652086316633,0.5405568238287372,6.2866631582069195,1.0634912570602562,320.232179866315,320.0380483870206,0.5816217053557388,0.8329042046115456,0.0,0.0,0.27,0.34629548650952463,1.3738266,30.0,22.5,0.2,1.5,2.5,5.0,1.0,5.0,5.0,5.0,masking_sources,2.0,5.0,11.0,1.0,3.0,10.0,-0.5,0.5,0.2,5.0,0.5,10.0,0.0,0.0,10.0,Edge-on,1087.0,20.3,53.5,0.0,3.0,0.02146,0.0017000000225380063,12.6,0.0,3.0,50.0,4.5,12.6,76.2,0.0,0.0,0.0,0.0,1075
