GAL,ra,dec,radvel,z,mag,r20,r50,r80,flux_c,flux_e,rpetro_c,rpetro_e,rhalf_c,rhalf_e,Gini,M20,F(G_M20),S(G_M20),SN_per_pixel,C,A,S,M,I,D,Ao,As,Ser_A,Ser_R,Ser_n,Ser_xc,Ser_yc,Ser_ellip,Ser_theta,flag_morph,flag_sersic,ima_sc_pix2arc,ima_sc_arc2kpc,psf_arcsec,size_image_phy_kpc,zp_ima,eta,petro_extent_cas,snr,area_min,debleding,area_min_deblend,skybox_x,skybox_y,sky_method,nsigma,npixels,dilate_size,mask_stars,fwhm,threshold,roundlo,roundhi,sharplo,aper_stars,aper_fact,aper_center,aper_ellip,aper_pa,dr,View,area_segmap_pix,area_psf_pix,ratio_segmap_psf,flag_area,flag_area_th,SN_gal,bck,ratio_SN_gal,flag_SN,flag_SN_th,perc_SN_flag,perc_20_SN_gal,perc_50_SN_gal,perc_80_SN_gal,flag_image,flag_bck,flag_object,flag_statmorph,index
504r,163.44839954041018,5.898528150272939,5000.0,0.0692,nan,5.522633765976664,11.314501752629559,20.76003597251368,90.58772435438382,90.56458646135384,28.048052344038652,30.906876357925622,11.267058454827053,12.344827731246326,0.5315852886530086,-1.5808839806066142,-0.23310022260722363,-0.020473437537840977,0.16869515180587769,2.875409289085036,0.22072363140087922,0.00513947963109571,0.012806830309498399,0.998926096719197,0.09203836452426782,0.3737314288879126,0.42684851398627266,0.09040937515245077,11.532275921666763,0.6945632204257959,320.8926697626292,318.81419035972147,0.4219929898695859,1.7107806983376324,0.0,0.0,0.27,0.34629548650952463,1.3046246,30.0,22.5,0.2,1.5,2.5,5.0,1.0,5.0,5.0,5.0,masking_sources,2.0,5.0,11.0,1.0,3.0,10.0,-0.5,0.5,0.2,5.0,0.5,10.0,0.0,0.0,10.0,Face-on,1753.0,18.3,95.6,0.0,3.0,0.0267,0.004509999882429838,5.9,0.0,3.0,50.0,3.7,5.9,13.8,0.0,0.0,0.0,0.0,504
