GAL,ra,dec,radvel,z,mag,r20,r50,r80,flux_c,flux_e,rpetro_c,rpetro_e,rhalf_c,rhalf_e,Gini,M20,F(G_M20),S(G_M20),SN_per_pixel,C,A,S,M,I,D,Ao,As,Ser_A,Ser_R,Ser_n,Ser_xc,Ser_yc,Ser_ellip,Ser_theta,flag_morph,flag_sersic,ima_sc_pix2arc,ima_sc_arc2kpc,psf_arcsec,size_image_phy_kpc,zp_ima,eta,petro_extent_cas,snr,area_min,debleding,area_min_deblend,skybox_x,skybox_y,sky_method,nsigma,npixels,dilate_size,mask_stars,fwhm,threshold,roundlo,roundhi,sharplo,aper_stars,aper_fact,aper_center,aper_ellip,aper_pa,dr,View,area_segmap_pix,area_psf_pix,ratio_segmap_psf,flag_area,flag_area_th,SN_gal,bck,ratio_SN_gal,flag_SN,flag_SN_th,perc_SN_flag,perc_20_SN_gal,perc_50_SN_gal,perc_80_SN_gal,flag_image,flag_bck,flag_object,flag_statmorph,index
811r,322.9215010676626,-8.09771778151895,5000.0,0.0869,nan,4.927888698040161,9.321458886876197,15.512202461316296,115.74978618503576,115.69454497670151,19.57569805429212,20.816186879108542,9.413926894334539,10.04219200789812,0.46309880902111605,-1.6211002988563439,-0.5442383882380293,-0.09386512061012695,0.2685762941837311,2.490062870876593,0.1396325517504459,0.021180841123084694,0.0019723865877712033,0.0,0.07208348252496886,0.15672106973781413,0.1736498120831682,0.15138145406966735,9.151067744499429,0.623338069278346,319.44641968810066,321.0498730521998,0.14519360151322233,2.725448525365398,0.0,0.0,0.27,0.34629548650952463,1.5114224,30.0,22.5,0.2,1.5,2.5,5.0,1.0,5.0,5.0,5.0,masking_sources,2.0,5.0,11.0,1.0,3.0,10.0,-0.5,0.5,0.2,5.0,0.5,10.0,0.0,0.0,10.0,Face-on,1443.0,24.6,58.6,0.0,3.0,0.04121,0.004720000084489584,8.7,0.0,3.0,50.0,4.1,8.7,25.7,0.0,0.0,0.0,0.0,811
