GAL,ra,dec,radvel,z,mag,r20,r50,r80,flux_c,flux_e,rpetro_c,rpetro_e,rhalf_c,rhalf_e,Gini,M20,F(G_M20),S(G_M20),SN_per_pixel,C,A,S,M,I,D,Ao,As,Ser_A,Ser_R,Ser_n,Ser_xc,Ser_yc,Ser_ellip,Ser_theta,flag_morph,flag_sersic,ima_sc_pix2arc,ima_sc_arc2kpc,psf_arcsec,size_image_phy_kpc,zp_ima,eta,petro_extent_cas,snr,area_min,debleding,area_min_deblend,skybox_x,skybox_y,sky_method,nsigma,npixels,dilate_size,mask_stars,fwhm,threshold,roundlo,roundhi,sharplo,aper_stars,aper_fact,aper_center,aper_ellip,aper_pa,dr,View,area_segmap_pix,area_psf_pix,ratio_segmap_psf,flag_area,flag_area_th,SN_gal,bck,ratio_SN_gal,flag_SN,flag_SN_th,perc_SN_flag,perc_20_SN_gal,perc_50_SN_gal,perc_80_SN_gal,flag_image,flag_bck,flag_object,flag_statmorph,index
385r,27.99221044249242,-0.9675043175626722,5000.0,0.0418,nan,3.8802627575059483,9.148964612999333,17.265363531654852,77.07548577682331,78.06736841617786,20.478806709099068,33.3723277573842,9.802487275093064,11.943892188526748,0.5998468334901994,-1.9287860607727825,0.3458905658920255,-0.0012528972921194148,0.14700621366500854,3.2415729581562784,0.08583491133449421,-0.006363962641931092,0.1480820695807315,0.07746101438277145,0.07496901409490707,0.17620817773225506,0.2757838036844071,0.08500093567886777,7.976199408798172,1.1191466766654374,319.8750379191349,319.7311658308119,0.02759595238722274,0.09139387630147722,0.0,0.0,0.27,0.34629548650952463,1.2601824,30.0,22.5,0.2,1.5,2.5,5.0,1.0,5.0,5.0,5.0,masking_sources,2.0,5.0,11.0,1.0,3.0,10.0,-0.5,0.5,0.2,5.0,0.5,10.0,0.0,0.0,10.0,Face-on,2057.0,17.1,120.2,0.0,3.0,0.01676,0.0021200000774115324,7.9,0.0,3.0,50.0,4.2,7.9,21.4,0.0,0.0,0.0,0.0,385
