GAL,ra,dec,radvel,z,mag,r20,r50,r80,flux_c,flux_e,rpetro_c,rpetro_e,rhalf_c,rhalf_e,Gini,M20,F(G_M20),S(G_M20),SN_per_pixel,C,A,S,M,I,D,Ao,As,Ser_A,Ser_R,Ser_n,Ser_xc,Ser_yc,Ser_ellip,Ser_theta,flag_morph,flag_sersic,ima_sc_pix2arc,ima_sc_arc2kpc,psf_arcsec,size_image_phy_kpc,zp_ima,eta,petro_extent_cas,snr,area_min,debleding,area_min_deblend,skybox_x,skybox_y,sky_method,nsigma,npixels,dilate_size,mask_stars,fwhm,threshold,roundlo,roundhi,sharplo,aper_stars,aper_fact,aper_center,aper_ellip,aper_pa,dr,View,area_segmap_pix,area_psf_pix,ratio_segmap_psf,flag_area,flag_area_th,SN_gal,bck,ratio_SN_gal,flag_SN,flag_SN_th,perc_SN_flag,perc_20_SN_gal,perc_50_SN_gal,perc_80_SN_gal,flag_image,flag_bck,flag_object,flag_statmorph,index
401r,322.77400395613705,-7.962368930397476,5000.0,0.0682,nan,5.102866222405423,9.697221595483104,15.497551378109247,80.44352729811945,80.37253717952768,19.895494848024605,21.316666264902256,9.670495857289472,10.323867805451075,0.4396814091851284,-1.630303182723265,-0.6537769189063916,-0.11832754730525677,0.22447705268859863,2.412244509359773,0.10544975574078899,0.01752662199665371,0.0018796992481203006,0.0,0.06376821007889065,0.15635311516079445,0.2756043318401856,0.11054797081901684,9.39326011682249,0.46864181656731674,319.1492003552729,320.6783679671521,0.14629017937925626,1.3847276683623595,1.0,0.0,0.27,0.34629548650952463,1.7690374,30.0,22.5,0.2,1.5,2.5,5.0,1.0,5.0,5.0,5.0,masking_sources,2.0,5.0,11.0,1.0,3.0,10.0,-0.5,0.5,0.2,5.0,0.5,10.0,0.0,0.0,10.0,Face-on,1373.0,33.7,40.7,0.0,3.0,0.03648,0.0032999999821186066,11.0,0.0,3.0,50.0,4.8,11.0,26.4,0.0,0.0,0.0,0.0,401
