GAL,ra,dec,radvel,z,mag,r20,r50,r80,flux_c,flux_e,rpetro_c,rpetro_e,rhalf_c,rhalf_e,Gini,M20,F(G_M20),S(G_M20),SN_per_pixel,C,A,S,M,I,D,Ao,As,Ser_A,Ser_R,Ser_n,Ser_xc,Ser_yc,Ser_ellip,Ser_theta,flag_morph,flag_sersic,ima_sc_pix2arc,ima_sc_arc2kpc,psf_arcsec,size_image_phy_kpc,zp_ima,eta,petro_extent_cas,snr,area_min,debleding,area_min_deblend,skybox_x,skybox_y,sky_method,nsigma,npixels,dilate_size,mask_stars,fwhm,threshold,roundlo,roundhi,sharplo,aper_stars,aper_fact,aper_center,aper_ellip,aper_pa,dr,View,area_segmap_pix,area_psf_pix,ratio_segmap_psf,flag_area,flag_area_th,SN_gal,bck,ratio_SN_gal,flag_SN,flag_SN_th,perc_SN_flag,perc_20_SN_gal,perc_50_SN_gal,perc_80_SN_gal,flag_image,flag_bck,flag_object,flag_statmorph,index
743r,149.45453196032722,6.014763078075608,5000.0,0.0928,nan,2.974881050032266,5.778745670902901,10.161509813323656,80.09236290728997,79.90150588607457,12.972663385903024,13.660589920285569,6.015915993338925,6.450966848555987,0.49819781068954794,-1.6752224456880813,-0.33299168222489683,-0.06664008736799093,0.33654704689979553,2.667443178333075,0.17759333193740878,0.005309004431788543,0.036458333333333336,0.04874059205789695,0.0894783090901717,0.40812979962454643,0.48431853158394356,0.291943244370212,5.773184464220174,0.8749007258545595,319.5530033403377,320.2401610218508,0.33810519818034074,1.7908949280636701,0.0,0.0,0.27,0.34629548650952463,1.324873,30.0,22.5,0.2,1.5,2.5,5.0,1.0,5.0,5.0,5.0,masking_sources,2.0,5.0,11.0,1.0,3.0,10.0,-0.5,0.5,0.2,5.0,0.5,10.0,0.0,0.0,10.0,Face-on,1111.0,18.9,58.7,0.0,3.0,0.02015,0.001879999996162951,10.7,0.0,3.0,50.0,4.6,10.7,52.4,0.0,0.0,0.0,0.0,743
