GAL,ra,dec,radvel,z,mag,r20,r50,r80,flux_c,flux_e,rpetro_c,rpetro_e,rhalf_c,rhalf_e,Gini,M20,F(G_M20),S(G_M20),SN_per_pixel,C,A,S,M,I,D,Ao,As,Ser_A,Ser_R,Ser_n,Ser_xc,Ser_yc,Ser_ellip,Ser_theta,flag_morph,flag_sersic,ima_sc_pix2arc,ima_sc_arc2kpc,psf_arcsec,size_image_phy_kpc,zp_ima,eta,petro_extent_cas,snr,area_min,debleding,area_min_deblend,skybox_x,skybox_y,sky_method,nsigma,npixels,dilate_size,mask_stars,fwhm,threshold,roundlo,roundhi,sharplo,aper_stars,aper_fact,aper_center,aper_ellip,aper_pa,dr,View,area_segmap_pix,area_psf_pix,ratio_segmap_psf,flag_area,flag_area_th,SN_gal,bck,ratio_SN_gal,flag_SN,flag_SN_th,perc_SN_flag,perc_20_SN_gal,perc_50_SN_gal,perc_80_SN_gal,flag_image,flag_bck,flag_object,flag_statmorph,index
94r,145.4501022258179,11.673628955415195,5000.0,0.0216,nan,4.277969230124208,8.300994864280932,14.358971023638142,86.23996828006769,86.0130313655298,18.47922195628312,24.060779075029664,8.384169612909211,11.873302566839328,0.45194140360650864,-1.7148063661692707,-0.5345292403924775,-0.11793609532708513,0.2834755778312683,2.62942831288081,-0.0807029527212402,0.001157759029218732,0.001589825119236884,0.0,0.017763153827141363,-0.28012081312253934,0.23550260052936708,0.1801096708058288,11.126201740079122,0.5204789092204793,320.248644192534,320.2966988776696,0.6078452540216995,1.3009824533409058,0.0,0.0,0.27,0.34629548650952463,1.2678325,30.0,22.5,0.2,1.5,2.5,5.0,1.0,5.0,5.0,5.0,masking_sources,2.0,5.0,11.0,1.0,3.0,10.0,-0.5,0.5,0.2,5.0,0.5,10.0,0.0,0.0,10.0,Edge-on,893.0,17.3,51.6,0.0,3.0,0.05535,0.005849999841302633,9.5,0.0,3.0,50.0,4.4,9.5,25.3,0.0,0.0,0.0,0.0,94
