GAL,ra,dec,radvel,z,mag,r20,r50,r80,flux_c,flux_e,rpetro_c,rpetro_e,rhalf_c,rhalf_e,Gini,M20,F(G_M20),S(G_M20),SN_per_pixel,C,A,S,M,I,D,Ao,As,Ser_A,Ser_R,Ser_n,Ser_xc,Ser_yc,Ser_ellip,Ser_theta,flag_morph,flag_sersic,ima_sc_pix2arc,ima_sc_arc2kpc,psf_arcsec,size_image_phy_kpc,zp_ima,eta,petro_extent_cas,snr,area_min,debleding,area_min_deblend,skybox_x,skybox_y,sky_method,nsigma,npixels,dilate_size,mask_stars,fwhm,threshold,roundlo,roundhi,sharplo,aper_stars,aper_fact,aper_center,aper_ellip,aper_pa,dr,View,area_segmap_pix,area_psf_pix,ratio_segmap_psf,flag_area,flag_area_th,SN_gal,bck,ratio_SN_gal,flag_SN,flag_SN_th,perc_SN_flag,perc_20_SN_gal,perc_50_SN_gal,perc_80_SN_gal,flag_image,flag_bck,flag_object,flag_statmorph,index
1043r,145.93772740779826,0.6720611472057257,5000.0,0.1435,nan,3.3501056785233048,9.633772258034982,24.31456508017427,102.45056260622127,105.91163305225247,29.988932855323938,40.5765780896257,10.580084394003194,12.690740379219223,0.6376885854609985,-2.3757970001658797,0.8429858191468975,-0.02592408341666874,0.1318940967321396,4.304039993278353,0.00771098642626181,0.022058905844738373,0.01432469304229195,0.008050868826073334,0.02083246716346221,0.004918965654633278,0.2193962933988125,0.08610719650835963,9.220022291870759,2.383859589371237,319.99528301422924,319.98958940971744,0.35809824295793974,1.5181399591312286,1.0,0.0,0.27,0.34629548650952463,1.2988408,30.0,22.5,0.2,1.5,2.5,5.0,1.0,5.0,5.0,5.0,masking_sources,2.0,5.0,11.0,1.0,3.0,10.0,-0.5,0.5,0.2,5.0,0.5,10.0,0.0,0.0,10.0,Face-on,2579.0,18.2,141.9,0.0,3.0,0.01354,0.0024999999441206455,5.4,0.0,3.0,50.0,3.7,5.4,12.2,0.0,0.0,0.0,0.0,1043
