GAL,ra,dec,radvel,z,mag,r20,r50,r80,flux_c,flux_e,rpetro_c,rpetro_e,rhalf_c,rhalf_e,Gini,M20,F(G_M20),S(G_M20),SN_per_pixel,C,A,S,M,I,D,Ao,As,Ser_A,Ser_R,Ser_n,Ser_xc,Ser_yc,Ser_ellip,Ser_theta,flag_morph,flag_sersic,ima_sc_pix2arc,ima_sc_arc2kpc,psf_arcsec,size_image_phy_kpc,zp_ima,eta,petro_extent_cas,snr,area_min,debleding,area_min_deblend,skybox_x,skybox_y,sky_method,nsigma,npixels,dilate_size,mask_stars,fwhm,threshold,roundlo,roundhi,sharplo,aper_stars,aper_fact,aper_center,aper_ellip,aper_pa,dr,View,area_segmap_pix,area_psf_pix,ratio_segmap_psf,flag_area,flag_area_th,SN_gal,bck,ratio_SN_gal,flag_SN,flag_SN_th,perc_SN_flag,perc_20_SN_gal,perc_50_SN_gal,perc_80_SN_gal,flag_image,flag_bck,flag_object,flag_statmorph,index
298r,152.13022039392948,9.239627988843093,5000.0,0.0348,nan,2.7436424245787445,5.178277106326581,8.79419530755806,275.3776807903607,275.46784902369734,11.138123968275464,11.826290948026235,5.367707937593632,5.697827128102907,0.4746491873899262,-1.688659529869602,-0.4402454682202315,-0.0918209791358478,0.7146786451339722,2.5293429841301367,0.09772765506103163,0.0641889231970114,0.0,0.0,0.05180750312924427,0.1249765020002095,0.18565485183299993,1.1716449212208775,4.614717742067174,1.1017161288753428,319.55106227288877,320.15387792929687,0.13363610801752832,2.472684647766135,0.0,0.0,0.27,0.34629548650952463,1.4551502,30.0,22.5,0.2,1.5,2.5,5.0,1.0,5.0,5.0,5.0,masking_sources,2.0,5.0,11.0,1.0,3.0,10.0,-0.5,0.5,0.2,5.0,0.5,10.0,0.0,0.0,10.0,Face-on,1134.0,22.8,49.7,0.0,3.0,0.0546,0.0047900001518428326,11.4,0.0,3.0,50.0,4.3,11.4,62.9,0.0,0.0,0.0,0.0,298
