GAL,ra,dec,radvel,z,mag,r20,r50,r80,flux_c,flux_e,rpetro_c,rpetro_e,rhalf_c,rhalf_e,Gini,M20,F(G_M20),S(G_M20),SN_per_pixel,C,A,S,M,I,D,Ao,As,Ser_A,Ser_R,Ser_n,Ser_xc,Ser_yc,Ser_ellip,Ser_theta,flag_morph,flag_sersic,ima_sc_pix2arc,ima_sc_arc2kpc,psf_arcsec,size_image_phy_kpc,zp_ima,eta,petro_extent_cas,snr,area_min,debleding,area_min_deblend,skybox_x,skybox_y,sky_method,nsigma,npixels,dilate_size,mask_stars,fwhm,threshold,roundlo,roundhi,sharplo,aper_stars,aper_fact,aper_center,aper_ellip,aper_pa,dr,View,area_segmap_pix,area_psf_pix,ratio_segmap_psf,flag_area,flag_area_th,SN_gal,bck,ratio_SN_gal,flag_SN,flag_SN_th,perc_SN_flag,perc_20_SN_gal,perc_50_SN_gal,perc_80_SN_gal,flag_image,flag_bck,flag_object,flag_statmorph,index
501r,147.99981882139144,12.14271845381408,5000.0,0.0832,nan,2.824745578057813,6.303978942098378,13.095378415389128,80.43120479969616,80.71752871387719,16.27512727344815,18.46818994758169,6.748857076919606,7.89689503997081,0.545337826083593,-1.9092435653842064,0.06252802992504058,-0.05250040776564757,0.25933974981307983,3.330693576171136,0.08374180690785459,0.04099832815993954,0.019148936170212766,0.02015712440510618,0.07565627518944752,0.12692782569359354,0.2286354136206547,0.18564326394163833,6.140085326601165,1.5916231019913565,319.868432416687,320.3433708566606,0.3064961184697546,0.5032210512689922,0.0,0.0,0.27,0.34629548650952463,1.1756632,30.0,22.5,0.2,1.5,2.5,5.0,1.0,5.0,5.0,5.0,masking_sources,2.0,5.0,11.0,1.0,3.0,10.0,-0.5,0.5,0.2,5.0,0.5,10.0,0.0,0.0,10.0,Face-on,981.0,14.9,65.9,0.0,3.0,0.03389,0.005429999902844429,6.2,0.0,3.0,50.0,3.8,6.2,14.9,0.0,0.0,0.0,0.0,501
