GAL,ra,dec,radvel,z,mag,r20,r50,r80,flux_c,flux_e,rpetro_c,rpetro_e,rhalf_c,rhalf_e,Gini,M20,F(G_M20),S(G_M20),SN_per_pixel,C,A,S,M,I,D,Ao,As,Ser_A,Ser_R,Ser_n,Ser_xc,Ser_yc,Ser_ellip,Ser_theta,flag_morph,flag_sersic,ima_sc_pix2arc,ima_sc_arc2kpc,psf_arcsec,size_image_phy_kpc,zp_ima,eta,petro_extent_cas,snr,area_min,debleding,area_min_deblend,skybox_x,skybox_y,sky_method,nsigma,npixels,dilate_size,mask_stars,fwhm,threshold,roundlo,roundhi,sharplo,aper_stars,aper_fact,aper_center,aper_ellip,aper_pa,dr,View,area_segmap_pix,area_psf_pix,ratio_segmap_psf,flag_area,flag_area_th,SN_gal,bck,ratio_SN_gal,flag_SN,flag_SN_th,perc_SN_flag,perc_20_SN_gal,perc_50_SN_gal,perc_80_SN_gal,flag_image,flag_bck,flag_object,flag_statmorph,index
687r,124.01522463027675,25.221173478538162,5000.0,0.0745,nan,4.431610304806697,8.324206756640944,13.296446501370296,104.60379569278075,111.04463695241931,16.832511371654046,24.613885881256742,9.128835020197785,12.598021164208184,0.4685087180022472,-1.6906967093760656,-0.46922902629126284,-0.09818321178104844,0.2775970697402954,2.385870134746237,-0.08427512649652977,0.031493569629040166,0.0,0.0,0.011332602221292946,-0.12337128447274835,0.6377606318834512,0.17485806539839266,7.696862024309892,0.5915353589536504,320.18994110044326,319.96660718658796,0.041772632915365114,2.121788486265449,2.0,0.0,0.27,0.34629548650952463,1.4896708,30.0,22.5,0.2,1.5,2.5,5.0,1.0,5.0,5.0,5.0,masking_sources,2.0,5.0,11.0,1.0,3.0,10.0,-0.5,0.5,0.2,5.0,0.5,10.0,0.0,0.0,10.0,Face-on,1679.0,23.9,70.2,0.0,3.0,0.02884,0.0032599999103695154,8.8,0.0,3.0,50.0,4.2,8.8,30.4,0.0,0.0,0.0,0.0,687
