GAL,ra,dec,radvel,z,mag,r20,r50,r80,flux_c,flux_e,rpetro_c,rpetro_e,rhalf_c,rhalf_e,Gini,M20,F(G_M20),S(G_M20),SN_per_pixel,C,A,S,M,I,D,Ao,As,Ser_A,Ser_R,Ser_n,Ser_xc,Ser_yc,Ser_ellip,Ser_theta,flag_morph,flag_sersic,ima_sc_pix2arc,ima_sc_arc2kpc,psf_arcsec,size_image_phy_kpc,zp_ima,eta,petro_extent_cas,snr,area_min,debleding,area_min_deblend,skybox_x,skybox_y,sky_method,nsigma,npixels,dilate_size,mask_stars,fwhm,threshold,roundlo,roundhi,sharplo,aper_stars,aper_fact,aper_center,aper_ellip,aper_pa,dr,View,area_segmap_pix,area_psf_pix,ratio_segmap_psf,flag_area,flag_area_th,SN_gal,bck,ratio_SN_gal,flag_SN,flag_SN_th,perc_SN_flag,perc_20_SN_gal,perc_50_SN_gal,perc_80_SN_gal,flag_image,flag_bck,flag_object,flag_statmorph,index
843r,122.75244880175406,6.730919081147202,5000.0,0.1053,nan,3.374103002751461,7.735448905347516,14.481039906960984,113.96333784812364,111.69480442426558,17.170048794120856,18.099634927666735,8.482185848243754,9.674076077499898,0.5001812412012481,-1.9197904821758311,-0.1536880519059709,-0.09867144823320495,0.31570738554000854,3.1632070700735277,0.08043843678748185,0.03562865574810805,0.002932551319648094,0.0,0.019411411207470464,0.20167078962785806,0.3712128878537422,0.21686218252160835,7.850400782397235,1.0655780293384307,319.9842459502172,319.7653486293659,0.4264269432538384,1.7991293610166617,0.0,0.0,0.27,0.34629548650952463,1.3265802,30.0,22.5,0.2,1.5,2.5,5.0,1.0,5.0,5.0,5.0,masking_sources,2.0,5.0,11.0,1.0,3.0,10.0,-0.5,0.5,0.2,5.0,0.5,10.0,0.0,0.0,10.0,Face-on,1193.0,19.0,62.9,0.0,3.0,0.03452,0.005429999902844429,6.4,0.0,3.0,50.0,3.6,6.4,23.4,0.0,0.0,0.0,0.0,843
