GAL,ra,dec,radvel,z,mag,r20,r50,r80,flux_c,flux_e,rpetro_c,rpetro_e,rhalf_c,rhalf_e,Gini,M20,F(G_M20),S(G_M20),SN_per_pixel,C,A,S,M,I,D,Ao,As,Ser_A,Ser_R,Ser_n,Ser_xc,Ser_yc,Ser_ellip,Ser_theta,flag_morph,flag_sersic,ima_sc_pix2arc,ima_sc_arc2kpc,psf_arcsec,size_image_phy_kpc,zp_ima,eta,petro_extent_cas,snr,area_min,debleding,area_min_deblend,skybox_x,skybox_y,sky_method,nsigma,npixels,dilate_size,mask_stars,fwhm,threshold,roundlo,roundhi,sharplo,aper_stars,aper_fact,aper_center,aper_ellip,aper_pa,dr,View,area_segmap_pix,area_psf_pix,ratio_segmap_psf,flag_area,flag_area_th,SN_gal,bck,ratio_SN_gal,flag_SN,flag_SN_th,perc_SN_flag,perc_20_SN_gal,perc_50_SN_gal,perc_80_SN_gal,flag_image,flag_bck,flag_object,flag_statmorph,index
670r,197.64182840650636,5.162549158115085,5000.0,0.092,nan,6.343656026912649,12.212923609707966,19.49131971401318,108.55189149319641,108.53536303433128,25.253495036728278,25.310897871169537,12.210137502169161,12.233307138979747,0.4304257843290876,-1.6805095250124082,-0.6647992667374174,-0.134469297490928,0.20748910307884216,2.437508095504828,0.05345098921595322,0.014288806089054603,0.005309734513274336,0.0,0.016702662055966173,0.07510565038017351,0.18400957617565872,0.08727149940217999,11.314489331184355,0.44823224879037693,319.7905530126747,320.1714415371179,0.011669836460056508,0.8345936985843956,0.0,0.0,0.27,0.34629548650952463,1.3631394,30.0,22.5,0.2,1.5,2.5,5.0,1.0,5.0,5.0,5.0,masking_sources,2.0,5.0,11.0,1.0,3.0,10.0,-0.5,0.5,0.2,5.0,0.5,10.0,0.0,0.0,10.0,Face-on,1900.0,20.0,94.9,0.0,3.0,0.0373,0.004490000195801258,8.3,0.0,3.0,50.0,4.5,8.3,17.3,0.0,0.0,0.0,0.0,670
