GAL,ra,dec,radvel,z,mag,r20,r50,r80,flux_c,flux_e,rpetro_c,rpetro_e,rhalf_c,rhalf_e,Gini,M20,F(G_M20),S(G_M20),SN_per_pixel,C,A,S,M,I,D,Ao,As,Ser_A,Ser_R,Ser_n,Ser_xc,Ser_yc,Ser_ellip,Ser_theta,flag_morph,flag_sersic,ima_sc_pix2arc,ima_sc_arc2kpc,psf_arcsec,size_image_phy_kpc,zp_ima,eta,petro_extent_cas,snr,area_min,debleding,area_min_deblend,skybox_x,skybox_y,sky_method,nsigma,npixels,dilate_size,mask_stars,fwhm,threshold,roundlo,roundhi,sharplo,aper_stars,aper_fact,aper_center,aper_ellip,aper_pa,dr,View,area_segmap_pix,area_psf_pix,ratio_segmap_psf,flag_area,flag_area_th,SN_gal,bck,ratio_SN_gal,flag_SN,flag_SN_th,perc_SN_flag,perc_20_SN_gal,perc_50_SN_gal,perc_80_SN_gal,flag_image,flag_bck,flag_object,flag_statmorph,index
807r,141.38266210846928,5.083525530947087,5000.0,0.0913,nan,4.2992114734642355,8.542780006138951,15.56605800739637,94.18753682400856,94.18741706137999,19.66994926616056,20.131113952051916,10.142921802032005,10.340088844189012,0.5204301834143941,-1.502068139643261,-0.34293737132596913,-0.020561589830163263,0.22739307582378387,2.7939491820961884,0.31985469336992955,0.017180294383192213,0.006355932203389831,0.0,0.12020251142101873,0.46542842448446947,0.8869528260633938,0.12853500759738934,8.069156830104353,0.8518174769989156,321.16601587284515,321.13051937379817,0.16358314471453497,3.0393956260215504,0.0,0.0,0.27,0.34629548650952463,1.6095104,30.0,22.5,0.2,1.5,2.5,5.0,1.0,5.0,5.0,5.0,masking_sources,2.0,5.0,11.0,1.0,3.0,10.0,-0.5,0.5,0.2,5.0,0.5,10.0,0.0,0.0,10.0,Face-on,1751.0,27.9,62.7,0.0,3.0,0.02125,0.002899999963119626,7.3,0.0,3.0,50.0,3.9,7.3,24.7,0.0,0.0,0.0,0.0,807
