GAL,ra,dec,radvel,z,mag,r20,r50,r80,flux_c,flux_e,rpetro_c,rpetro_e,rhalf_c,rhalf_e,Gini,M20,F(G_M20),S(G_M20),SN_per_pixel,C,A,S,M,I,D,Ao,As,Ser_A,Ser_R,Ser_n,Ser_xc,Ser_yc,Ser_ellip,Ser_theta,flag_morph,flag_sersic,ima_sc_pix2arc,ima_sc_arc2kpc,psf_arcsec,size_image_phy_kpc,zp_ima,eta,petro_extent_cas,snr,area_min,debleding,area_min_deblend,skybox_x,skybox_y,sky_method,nsigma,npixels,dilate_size,mask_stars,fwhm,threshold,roundlo,roundhi,sharplo,aper_stars,aper_fact,aper_center,aper_ellip,aper_pa,dr,View,area_segmap_pix,area_psf_pix,ratio_segmap_psf,flag_area,flag_area_th,SN_gal,bck,ratio_SN_gal,flag_SN,flag_SN_th,perc_SN_flag,perc_20_SN_gal,perc_50_SN_gal,perc_80_SN_gal,flag_image,flag_bck,flag_object,flag_statmorph,index
1055r,157.91108669788233,5.456693795147306,5000.0,0.1313,nan,2.7506909197824694,6.308269890869523,13.877164138652212,152.79142350038293,152.9059443478672,16.868399089990426,18.630731919253513,8.04459061970432,9.0926703188361,0.5830711067407723,-2.001706841648124,0.3133848196289728,-0.027996855315724656,0.31695640087127686,3.5142946566265336,0.011033967554773332,0.027291371033292076,0.0014749262536873156,0.0,0.004159793967268668,0.03760104526884831,0.320084878818499,0.22259415724740014,6.623927357797447,2.1505940372976586,319.9971346128798,320.00329529737206,0.14058297745204487,2.0009053111088786,0.0,0.0,0.27,0.34629548650952463,1.2864907,30.0,22.5,0.2,1.5,2.5,5.0,1.0,5.0,5.0,5.0,masking_sources,2.0,5.0,11.0,1.0,3.0,10.0,-0.5,0.5,0.2,5.0,0.5,10.0,0.0,0.0,10.0,Face-on,2218.0,17.8,124.4,0.0,3.0,0.02211,0.003599999938160181,6.1,0.0,3.0,50.0,3.7,6.1,16.5,0.0,0.0,0.0,0.0,1055
