GAL,ra,dec,radvel,z,mag,r20,r50,r80,flux_c,flux_e,rpetro_c,rpetro_e,rhalf_c,rhalf_e,Gini,M20,F(G_M20),S(G_M20),SN_per_pixel,C,A,S,M,I,D,Ao,As,Ser_A,Ser_R,Ser_n,Ser_xc,Ser_yc,Ser_ellip,Ser_theta,flag_morph,flag_sersic,ima_sc_pix2arc,ima_sc_arc2kpc,psf_arcsec,size_image_phy_kpc,zp_ima,eta,petro_extent_cas,snr,area_min,debleding,area_min_deblend,skybox_x,skybox_y,sky_method,nsigma,npixels,dilate_size,mask_stars,fwhm,threshold,roundlo,roundhi,sharplo,aper_stars,aper_fact,aper_center,aper_ellip,aper_pa,dr,View,area_segmap_pix,area_psf_pix,ratio_segmap_psf,flag_area,flag_area_th,SN_gal,bck,ratio_SN_gal,flag_SN,flag_SN_th,perc_SN_flag,perc_20_SN_gal,perc_50_SN_gal,perc_80_SN_gal,flag_image,flag_bck,flag_object,flag_statmorph,index
330r,184.52843446619,1.8830818952098343,5000.0,0.0496,nan,2.7277859040449783,5.32957206726152,10.063921583687076,101.21873254726829,103.28662975674503,11.816795521251516,18.33908955097649,5.868248801938673,6.373946379263853,0.6065939355906136,-1.643858540086073,0.18183394945318643,0.045031659162743265,0.27297335863113403,2.8347848167616094,0.23255820768011606,0.05138176672520954,0.19302949061662197,0.08638254880750655,0.15928297154069823,0.35784595995135027,0.37408003586769256,0.3808791223263783,5.119568903176229,1.2021697752895404,319.1284817072441,320.06925614758387,0.31420144440338643,0.6657518537370581,0.0,0.0,0.27,0.34629548650952463,1.3936769,30.0,22.5,0.2,1.5,2.5,5.0,1.0,5.0,5.0,5.0,masking_sources,2.0,5.0,11.0,1.0,3.0,10.0,-0.5,0.5,0.2,5.0,0.5,10.0,0.0,0.0,10.0,Face-on,1068.0,20.9,51.0,0.0,3.0,0.03675,0.0035000001080334187,10.5,0.0,3.0,50.0,4.7,10.5,31.0,0.0,0.0,0.0,0.0,330
