GAL,ra,dec,radvel,z,mag,r20,r50,r80,flux_c,flux_e,rpetro_c,rpetro_e,rhalf_c,rhalf_e,Gini,M20,F(G_M20),S(G_M20),SN_per_pixel,C,A,S,M,I,D,Ao,As,Ser_A,Ser_R,Ser_n,Ser_xc,Ser_yc,Ser_ellip,Ser_theta,flag_morph,flag_sersic,ima_sc_pix2arc,ima_sc_arc2kpc,psf_arcsec,size_image_phy_kpc,zp_ima,eta,petro_extent_cas,snr,area_min,debleding,area_min_deblend,skybox_x,skybox_y,sky_method,nsigma,npixels,dilate_size,mask_stars,fwhm,threshold,roundlo,roundhi,sharplo,aper_stars,aper_fact,aper_center,aper_ellip,aper_pa,dr,View,area_segmap_pix,area_psf_pix,ratio_segmap_psf,flag_area,flag_area_th,SN_gal,bck,ratio_SN_gal,flag_SN,flag_SN_th,perc_SN_flag,perc_20_SN_gal,perc_50_SN_gal,perc_80_SN_gal,flag_image,flag_bck,flag_object,flag_statmorph,index
395r,206.15866233775148,0.81964180357623,5000.0,0.0335,nan,2.454295947095867,4.908869353899843,9.265289023209787,115.31897514766933,118.08044514919014,11.210170939659225,16.606843559603043,5.53625656947244,7.763050906245535,0.5332796680575287,-1.8004013524499336,-0.07258750586742879,-0.049308916613587384,0.43208929896354675,2.8846602056150195,0.024349095463799892,0.07069907778829637,0.031141868512110725,0.019390389614357156,0.033793680297081026,0.010718108694366728,0.2886926600189445,0.4933844129663181,5.94274430125905,1.7841440393406216,319.9896977012436,320.03232768294816,0.598877253327781,1.763348139948759,0.0,0.0,0.27,0.34629548650952463,1.5367924,30.0,22.5,0.2,1.5,2.5,5.0,1.0,5.0,5.0,5.0,masking_sources,2.0,5.0,11.0,1.0,3.0,10.0,-0.5,0.5,0.2,5.0,0.5,10.0,0.0,0.0,10.0,Edge-on,1082.0,25.4,42.5,0.0,3.0,0.03269,0.003860000055283308,8.5,0.0,3.0,50.0,3.9,8.5,30.0,0.0,0.0,0.0,0.0,395
