GAL,ra,dec,radvel,z,mag,r20,r50,r80,flux_c,flux_e,rpetro_c,rpetro_e,rhalf_c,rhalf_e,Gini,M20,F(G_M20),S(G_M20),SN_per_pixel,C,A,S,M,I,D,Ao,As,Ser_A,Ser_R,Ser_n,Ser_xc,Ser_yc,Ser_ellip,Ser_theta,flag_morph,flag_sersic,ima_sc_pix2arc,ima_sc_arc2kpc,psf_arcsec,size_image_phy_kpc,zp_ima,eta,petro_extent_cas,snr,area_min,debleding,area_min_deblend,skybox_x,skybox_y,sky_method,nsigma,npixels,dilate_size,mask_stars,fwhm,threshold,roundlo,roundhi,sharplo,aper_stars,aper_fact,aper_center,aper_ellip,aper_pa,dr,View,area_segmap_pix,area_psf_pix,ratio_segmap_psf,flag_area,flag_area_th,SN_gal,bck,ratio_SN_gal,flag_SN,flag_SN_th,perc_SN_flag,perc_20_SN_gal,perc_50_SN_gal,perc_80_SN_gal,flag_image,flag_bck,flag_object,flag_statmorph,index
869r,359.6487337579561,-10.32984380470804,5000.0,0.105,nan,2.9262658110701456,6.467381544320103,12.086361614112336,109.57353481849307,109.56735052746507,15.495433466799621,15.7831386362529,6.655089886852973,6.788153970462352,0.5192009887738264,-1.902721993936117,-0.07136876377183032,-0.07746937827103223,0.3188871741294861,3.0799090528641413,0.03464380595687345,-0.0009257500049030611,0.0,0.0,0.038813346542870816,0.026420788444571727,0.15982768948336004,0.24478257514864388,5.942029431177713,1.1784475845387326,320.09881262167244,320.44875055822166,0.06415030028568561,2.434436451238753,0.0,0.0,0.27,0.34629548650952463,1.4646658,30.0,22.5,0.2,1.5,2.5,5.0,1.0,5.0,5.0,5.0,masking_sources,2.0,5.0,11.0,1.0,3.0,10.0,-0.5,0.5,0.2,5.0,0.5,10.0,0.0,0.0,10.0,Face-on,1811.0,23.1,78.4,0.0,3.0,0.01807,0.0011599999852478504,15.6,0.0,3.0,50.0,5.2,15.6,63.6,0.0,0.0,0.0,0.0,869
