GAL,ra,dec,radvel,z,mag,r20,r50,r80,flux_c,flux_e,rpetro_c,rpetro_e,rhalf_c,rhalf_e,Gini,M20,F(G_M20),S(G_M20),SN_per_pixel,C,A,S,M,I,D,Ao,As,Ser_A,Ser_R,Ser_n,Ser_xc,Ser_yc,Ser_ellip,Ser_theta,flag_morph,flag_sersic,ima_sc_pix2arc,ima_sc_arc2kpc,psf_arcsec,size_image_phy_kpc,zp_ima,eta,petro_extent_cas,snr,area_min,debleding,area_min_deblend,skybox_x,skybox_y,sky_method,nsigma,npixels,dilate_size,mask_stars,fwhm,threshold,roundlo,roundhi,sharplo,aper_stars,aper_fact,aper_center,aper_ellip,aper_pa,dr,View,area_segmap_pix,area_psf_pix,ratio_segmap_psf,flag_area,flag_area_th,SN_gal,bck,ratio_SN_gal,flag_SN,flag_SN_th,perc_SN_flag,perc_20_SN_gal,perc_50_SN_gal,perc_80_SN_gal,flag_image,flag_bck,flag_object,flag_statmorph,index
425r,228.07973918813698,-2.682700827416514,5000.0,0.0418,nan,7.830206699864736,17.24291481203753,31.49714489141602,166.306256730473,162.2403604622383,37.77365965578857,57.31776744633405,18.50006671173838,24.725511623817994,0.5668661658799463,-1.7831922938114206,0.08173978071704902,-0.013666224618640588,0.17516545951366425,3.022489808273721,0.11886233888942718,0.037292737791652375,0.018068102849200834,0.005709417249298971,0.006152915419451459,0.1324926375359301,0.292640254862635,0.088202220450149,20.257786069530415,0.68073422052621,320.14553183640993,319.7128477791137,0.6513684917847081,1.3400753569255648,0.0,0.0,0.27,0.34629548650952463,1.507359,30.0,22.5,0.2,1.5,2.5,5.0,1.0,5.0,5.0,5.0,masking_sources,2.0,5.0,11.0,1.0,3.0,10.0,-0.5,0.5,0.2,5.0,0.5,10.0,0.0,0.0,10.0,Edge-on,2665.0,24.5,108.9,0.0,3.0,0.03254,0.004100000020116568,7.9,0.0,3.0,50.0,3.9,7.9,19.1,0.0,0.0,0.0,0.0,425
