GAL,ra,dec,radvel,z,mag,r20,r50,r80,flux_c,flux_e,rpetro_c,rpetro_e,rhalf_c,rhalf_e,Gini,M20,F(G_M20),S(G_M20),SN_per_pixel,C,A,S,M,I,D,Ao,As,Ser_A,Ser_R,Ser_n,Ser_xc,Ser_yc,Ser_ellip,Ser_theta,flag_morph,flag_sersic,ima_sc_pix2arc,ima_sc_arc2kpc,psf_arcsec,size_image_phy_kpc,zp_ima,eta,petro_extent_cas,snr,area_min,debleding,area_min_deblend,skybox_x,skybox_y,sky_method,nsigma,npixels,dilate_size,mask_stars,fwhm,threshold,roundlo,roundhi,sharplo,aper_stars,aper_fact,aper_center,aper_ellip,aper_pa,dr,View,area_segmap_pix,area_psf_pix,ratio_segmap_psf,flag_area,flag_area_th,SN_gal,bck,ratio_SN_gal,flag_SN,flag_SN_th,perc_SN_flag,perc_20_SN_gal,perc_50_SN_gal,perc_80_SN_gal,flag_image,flag_bck,flag_object,flag_statmorph,index
1019r,202.59703075229598,0.8139698073126321,5000.0,0.1367,nan,5.161929932350171,10.448237183903048,17.329622630956788,133.14011351345857,133.72009837280018,22.648685814645233,27.15279833962873,10.457141565551764,13.20897389230765,0.4373246551649809,-1.7990552776660116,-0.5484976495107983,-0.14411727498224458,0.27441278100013733,2.629885002368244,-0.09597636071335269,-0.01058374784216405,0.001639344262295082,0.0,0.025851214045919113,-0.13584090648804967,0.12820180793680724,0.15308996109046102,12.294130653117067,0.534108550545959,319.63756596371377,320.253284169724,0.42006144883833163,0.11662672796909469,2.0,0.0,0.27,0.34629548650952463,1.552054,30.0,22.5,0.2,1.5,2.5,5.0,1.0,5.0,5.0,5.0,masking_sources,2.0,5.0,11.0,1.0,3.0,10.0,-0.5,0.5,0.2,5.0,0.5,10.0,0.0,0.0,10.0,Face-on,1706.0,26.0,65.7,0.0,3.0,0.04699,0.003860000055283308,12.2,0.0,3.0,50.0,4.9,12.2,30.2,0.0,0.0,0.0,0.0,1019
