GAL,ra,dec,radvel,z,mag,r20,r50,r80,flux_c,flux_e,rpetro_c,rpetro_e,rhalf_c,rhalf_e,Gini,M20,F(G_M20),S(G_M20),SN_per_pixel,C,A,S,M,I,D,Ao,As,Ser_A,Ser_R,Ser_n,Ser_xc,Ser_yc,Ser_ellip,Ser_theta,flag_morph,flag_sersic,ima_sc_pix2arc,ima_sc_arc2kpc,psf_arcsec,size_image_phy_kpc,zp_ima,eta,petro_extent_cas,snr,area_min,debleding,area_min_deblend,skybox_x,skybox_y,sky_method,nsigma,npixels,dilate_size,mask_stars,fwhm,threshold,roundlo,roundhi,sharplo,aper_stars,aper_fact,aper_center,aper_ellip,aper_pa,dr,View,area_segmap_pix,area_psf_pix,ratio_segmap_psf,flag_area,flag_area_th,SN_gal,bck,ratio_SN_gal,flag_SN,flag_SN_th,perc_SN_flag,perc_20_SN_gal,perc_50_SN_gal,perc_80_SN_gal,flag_image,flag_bck,flag_object,flag_statmorph,index
1123r,137.0820102224953,4.586973714314648,5000.0,0.1242,nan,6.260589195751321,13.155142199640293,22.022987807889503,229.77826793813546,229.69605873292508,27.83097070357686,30.409490841635485,13.239073539103623,13.994093450962545,0.4835808583464205,-1.6326065241106535,-0.4348784299765356,-0.07518725708842461,0.26156091690063477,2.731305154814114,0.34756716281750966,0.03358155005269637,0.07875,0.09255018997738404,0.13408243432823014,0.44360325632739384,0.3957565912994098,0.14667593113471072,12.252498392342435,0.5550546205706395,320.60044189240404,322.2964492330263,0.10347638874068212,0.8112201222000258,0.0,0.0,0.27,0.34629548650952463,1.1342316,30.0,22.5,0.2,1.5,2.5,5.0,1.0,5.0,5.0,5.0,masking_sources,2.0,5.0,11.0,1.0,3.0,10.0,-0.5,0.5,0.2,5.0,0.5,10.0,0.0,0.0,10.0,Face-on,2589.0,13.9,186.8,0.0,3.0,0.05542,0.005109999794512987,10.9,0.0,3.0,50.0,4.8,10.9,24.1,0.0,0.0,0.0,0.0,1123
