GAL,ra,dec,radvel,z,mag,r20,r50,r80,flux_c,flux_e,rpetro_c,rpetro_e,rhalf_c,rhalf_e,Gini,M20,F(G_M20),S(G_M20),SN_per_pixel,C,A,S,M,I,D,Ao,As,Ser_A,Ser_R,Ser_n,Ser_xc,Ser_yc,Ser_ellip,Ser_theta,flag_morph,flag_sersic,ima_sc_pix2arc,ima_sc_arc2kpc,psf_arcsec,size_image_phy_kpc,zp_ima,eta,petro_extent_cas,snr,area_min,debleding,area_min_deblend,skybox_x,skybox_y,sky_method,nsigma,npixels,dilate_size,mask_stars,fwhm,threshold,roundlo,roundhi,sharplo,aper_stars,aper_fact,aper_center,aper_ellip,aper_pa,dr,View,area_segmap_pix,area_psf_pix,ratio_segmap_psf,flag_area,flag_area_th,SN_gal,bck,ratio_SN_gal,flag_SN,flag_SN_th,perc_SN_flag,perc_20_SN_gal,perc_50_SN_gal,perc_80_SN_gal,flag_image,flag_bck,flag_object,flag_statmorph,index
941r,207.87617124457674,2.283012962308228,5000.0,0.0776,nan,8.46652005800438,14.832436723545538,22.034024791364473,402.00173180511484,402.2315312768365,27.976459207262693,29.45906144884996,14.860848119495824,15.712373450957655,0.45023900859805144,-1.4514178541261669,-0.7254843345302118,-0.08301046321146632,0.36736375093460083,2.0769444606978067,0.3710947334372418,0.04479859314413253,0.1711229946524064,0.3170107826218686,0.15340632042991229,0.27759064672336325,0.2119373781286837,0.2353143614581617,14.616795624375861,0.3856254329347279,323.3596834411099,324.07695107083197,0.10178203039001534,1.301057259888165,0.0,0.0,0.27,0.34629548650952463,1.4669582,30.0,22.5,0.2,1.5,2.5,5.0,1.0,5.0,5.0,5.0,masking_sources,2.0,5.0,11.0,1.0,3.0,10.0,-0.5,0.5,0.2,5.0,0.5,10.0,0.0,0.0,10.0,Face-on,3294.0,23.2,142.1,0.0,3.0,0.06749,0.004550000187009573,14.8,0.0,3.0,50.0,5.1,14.8,42.2,0.0,0.0,0.0,0.0,941
