GAL,ra,dec,radvel,z,mag,r20,r50,r80,flux_c,flux_e,rpetro_c,rpetro_e,rhalf_c,rhalf_e,Gini,M20,F(G_M20),S(G_M20),SN_per_pixel,C,A,S,M,I,D,Ao,As,Ser_A,Ser_R,Ser_n,Ser_xc,Ser_yc,Ser_ellip,Ser_theta,flag_morph,flag_sersic,ima_sc_pix2arc,ima_sc_arc2kpc,psf_arcsec,size_image_phy_kpc,zp_ima,eta,petro_extent_cas,snr,area_min,debleding,area_min_deblend,skybox_x,skybox_y,sky_method,nsigma,npixels,dilate_size,mask_stars,fwhm,threshold,roundlo,roundhi,sharplo,aper_stars,aper_fact,aper_center,aper_ellip,aper_pa,dr,View,area_segmap_pix,area_psf_pix,ratio_segmap_psf,flag_area,flag_area_th,SN_gal,bck,ratio_SN_gal,flag_SN,flag_SN_th,perc_SN_flag,perc_20_SN_gal,perc_50_SN_gal,perc_80_SN_gal,flag_image,flag_bck,flag_object,flag_statmorph,index
197r,121.23921287156084,26.204953265557084,5000.0,0.0261,nan,3.038692262468063,6.563846689952242,12.780684702005107,91.04374804219917,90.32636816846735,15.787466764320968,18.931408535214736,9.290726143897126,10.965967260274162,0.5390489699661324,-1.911009243286206,0.032621806929696184,-0.058971804550311646,0.2736753225326538,3.1193370049514018,-0.011480863673429794,-0.0012702176649387312,0.006420545746388443,0.0,0.031140140312917845,0.2713772977978706,0.7097868773859328,0.20142656738801715,6.657697616211235,1.3337667000898112,320.04710333261147,319.4803274281584,0.3210919473586925,2.0314243752174503,1.0,0.0,0.27,0.34629548650952463,1.4366926,30.0,22.5,0.2,1.5,2.5,5.0,1.0,5.0,5.0,5.0,masking_sources,2.0,5.0,11.0,1.0,3.0,10.0,-0.5,0.5,0.2,5.0,0.5,10.0,0.0,0.0,10.0,Face-on,1090.0,22.2,49.0,0.0,3.0,0.03195,0.004490000195801258,7.1,0.0,3.0,50.0,3.8,7.1,20.4,0.0,0.0,0.0,0.0,197
