GAL,ra,dec,radvel,z,mag,r20,r50,r80,flux_c,flux_e,rpetro_c,rpetro_e,rhalf_c,rhalf_e,Gini,M20,F(G_M20),S(G_M20),SN_per_pixel,C,A,S,M,I,D,Ao,As,Ser_A,Ser_R,Ser_n,Ser_xc,Ser_yc,Ser_ellip,Ser_theta,flag_morph,flag_sersic,ima_sc_pix2arc,ima_sc_arc2kpc,psf_arcsec,size_image_phy_kpc,zp_ima,eta,petro_extent_cas,snr,area_min,debleding,area_min_deblend,skybox_x,skybox_y,sky_method,nsigma,npixels,dilate_size,mask_stars,fwhm,threshold,roundlo,roundhi,sharplo,aper_stars,aper_fact,aper_center,aper_ellip,aper_pa,dr,View,area_segmap_pix,area_psf_pix,ratio_segmap_psf,flag_area,flag_area_th,SN_gal,bck,ratio_SN_gal,flag_SN,flag_SN_th,perc_SN_flag,perc_20_SN_gal,perc_50_SN_gal,perc_80_SN_gal,flag_image,flag_bck,flag_object,flag_statmorph,index
403r,171.34500498750606,8.854325076012431,5000.0,0.0613,nan,4.798406456893187,10.338305010851306,18.719467588140013,96.46210593458352,96.38378420692314,24.62723045449919,33.405664100341745,10.463551044526914,16.740152923742645,0.4944007310337227,-1.671665307415136,-0.35425232334438395,-0.06990475400731849,0.2684173882007599,2.955982298626183,-0.054566146447692206,0.02181299898073278,0.003911342894393742,0.0,0.07796237975332126,-0.0749165453907178,0.18265403814055697,0.19018831296879665,15.919728672514973,0.43938980759340246,320.81679534242915,320.6781202337416,0.7860491890743705,0.716029598210551,0.0,0.0,0.27,0.34629548650952463,1.2060796,30.0,22.5,0.2,1.5,2.5,5.0,1.0,5.0,5.0,5.0,masking_sources,2.0,5.0,11.0,1.0,3.0,10.0,-0.5,0.5,0.2,5.0,0.5,10.0,0.0,0.0,10.0,Edge-on,1022.0,15.7,65.2,0.0,3.0,0.05986,0.00558000011369586,10.7,0.0,3.0,50.0,4.4,10.7,26.2,0.0,0.0,0.0,0.0,403
