GAL,ra,dec,radvel,z,mag,r20,r50,r80,flux_c,flux_e,rpetro_c,rpetro_e,rhalf_c,rhalf_e,Gini,M20,F(G_M20),S(G_M20),SN_per_pixel,C,A,S,M,I,D,Ao,As,Ser_A,Ser_R,Ser_n,Ser_xc,Ser_yc,Ser_ellip,Ser_theta,flag_morph,flag_sersic,ima_sc_pix2arc,ima_sc_arc2kpc,psf_arcsec,size_image_phy_kpc,zp_ima,eta,petro_extent_cas,snr,area_min,debleding,area_min_deblend,skybox_x,skybox_y,sky_method,nsigma,npixels,dilate_size,mask_stars,fwhm,threshold,roundlo,roundhi,sharplo,aper_stars,aper_fact,aper_center,aper_ellip,aper_pa,dr,View,area_segmap_pix,area_psf_pix,ratio_segmap_psf,flag_area,flag_area_th,SN_gal,bck,ratio_SN_gal,flag_SN,flag_SN_th,perc_SN_flag,perc_20_SN_gal,perc_50_SN_gal,perc_80_SN_gal,flag_image,flag_bck,flag_object,flag_statmorph,index
921r,60.61932576261123,-5.346739496689053,5000.0,0.1306,nan,3.7549812340672473,7.327638427632011,12.951534276007946,110.81393568391408,110.42359825735616,16.356182162447393,20.874619177791665,7.493569258606818,10.46398165646351,0.45803427451067885,-1.6967903361411978,-0.5168546382262895,-0.10939992495805445,0.35591840744018555,2.6885672416372253,0.10653116265552177,0.019750901598726434,0.0,0.0,0.03703003026979907,0.08356528695616738,0.24311612901564414,0.26793648040266965,9.566461742128606,0.7048611402416829,319.76529749996314,319.7507241424669,0.5879326451872863,1.0261218744524994,0.0,0.0,0.27,0.34629548650952463,1.3206598,30.0,22.5,0.2,1.5,2.5,5.0,1.0,5.0,5.0,5.0,masking_sources,2.0,5.0,11.0,1.0,3.0,10.0,-0.5,0.5,0.2,5.0,0.5,10.0,0.0,0.0,10.0,Edge-on,1063.0,18.8,56.6,0.0,3.0,0.04361,0.0037299999967217445,11.7,0.0,3.0,50.0,4.5,11.7,43.7,0.0,0.0,0.0,0.0,921
