GAL,ra,dec,radvel,z,mag,r20,r50,r80,flux_c,flux_e,rpetro_c,rpetro_e,rhalf_c,rhalf_e,Gini,M20,F(G_M20),S(G_M20),SN_per_pixel,C,A,S,M,I,D,Ao,As,Ser_A,Ser_R,Ser_n,Ser_xc,Ser_yc,Ser_ellip,Ser_theta,flag_morph,flag_sersic,ima_sc_pix2arc,ima_sc_arc2kpc,psf_arcsec,size_image_phy_kpc,zp_ima,eta,petro_extent_cas,snr,area_min,debleding,area_min_deblend,skybox_x,skybox_y,sky_method,nsigma,npixels,dilate_size,mask_stars,fwhm,threshold,roundlo,roundhi,sharplo,aper_stars,aper_fact,aper_center,aper_ellip,aper_pa,dr,View,area_segmap_pix,area_psf_pix,ratio_segmap_psf,flag_area,flag_area_th,SN_gal,bck,ratio_SN_gal,flag_SN,flag_SN_th,perc_SN_flag,perc_20_SN_gal,perc_50_SN_gal,perc_80_SN_gal,flag_image,flag_bck,flag_object,flag_statmorph,index
610r,199.10527908219578,3.8193219336103894,5000.0,0.0737,nan,3.7909543006407054,7.051665672086171,12.400930369059726,133.3593056056238,133.42000021623565,16.301650071627815,17.54104463090556,7.112684515197959,7.733429812772867,0.49374580318359235,-1.5626182110158693,-0.43306385400722025,-0.05539558617944945,0.3482365608215332,2.573528599228599,0.16528422778115098,0.0265938185643786,0.001584786053882726,0.0,0.09345856014411784,0.17720748972755196,0.23810055406788844,0.2746792022614218,7.0966971736956665,0.7286656028833904,319.56529831743717,320.9447548134126,0.1391658631809328,1.922681698492875,0.0,0.0,0.27,0.34629548650952463,1.1675422,30.0,22.5,0.2,1.5,2.5,5.0,1.0,5.0,5.0,5.0,masking_sources,2.0,5.0,11.0,1.0,3.0,10.0,-0.5,0.5,0.2,5.0,0.5,10.0,0.0,0.0,10.0,Face-on,1210.0,14.7,82.4,0.0,3.0,0.04782,0.004230000078678131,11.3,0.0,3.0,50.0,4.6,11.3,35.4,0.0,0.0,0.0,0.0,610
