GAL,ra,dec,radvel,z,mag,r20,r50,r80,flux_c,flux_e,rpetro_c,rpetro_e,rhalf_c,rhalf_e,Gini,M20,F(G_M20),S(G_M20),SN_per_pixel,C,A,S,M,I,D,Ao,As,Ser_A,Ser_R,Ser_n,Ser_xc,Ser_yc,Ser_ellip,Ser_theta,flag_morph,flag_sersic,ima_sc_pix2arc,ima_sc_arc2kpc,psf_arcsec,size_image_phy_kpc,zp_ima,eta,petro_extent_cas,snr,area_min,debleding,area_min_deblend,skybox_x,skybox_y,sky_method,nsigma,npixels,dilate_size,mask_stars,fwhm,threshold,roundlo,roundhi,sharplo,aper_stars,aper_fact,aper_center,aper_ellip,aper_pa,dr,View,area_segmap_pix,area_psf_pix,ratio_segmap_psf,flag_area,flag_area_th,SN_gal,bck,ratio_SN_gal,flag_SN,flag_SN_th,perc_SN_flag,perc_20_SN_gal,perc_50_SN_gal,perc_80_SN_gal,flag_image,flag_bck,flag_object,flag_statmorph,index
252r,195.80750053563014,4.494019324059988,5000.0,0.0464,nan,2.696197954276383,4.949243053615571,8.312540247208286,76.42049474356972,76.32135681233808,10.55656422845753,10.88247037409474,5.044909617620254,5.226004300540189,0.4687506770728227,-1.6300488922385334,-0.5100602661682241,-0.08951362571906168,0.4020921587944031,2.4449099310904736,0.05624168665357131,0.06928425080301025,0.0,0.0,0.04415562733947144,0.07588082234882426,0.1980750911342141,0.37946844680605013,4.467052718944643,0.7338031362308143,320.4405928259881,319.7175874763437,0.09634927985479544,1.7732800502296493,0.0,0.0,0.27,0.34629548650952463,1.1762145,30.0,22.5,0.2,1.5,2.5,5.0,1.0,5.0,5.0,5.0,masking_sources,2.0,5.0,11.0,1.0,3.0,10.0,-0.5,0.5,0.2,5.0,0.5,10.0,0.0,0.0,10.0,Face-on,622.0,14.9,41.7,0.0,3.0,0.04734,0.00419999985024333,11.3,0.0,3.0,50.0,4.7,11.3,43.6,0.0,0.0,0.0,0.0,252
