GAL,ra,dec,radvel,z,mag,r20,r50,r80,flux_c,flux_e,rpetro_c,rpetro_e,rhalf_c,rhalf_e,Gini,M20,F(G_M20),S(G_M20),SN_per_pixel,C,A,S,M,I,D,Ao,As,Ser_A,Ser_R,Ser_n,Ser_xc,Ser_yc,Ser_ellip,Ser_theta,flag_morph,flag_sersic,ima_sc_pix2arc,ima_sc_arc2kpc,psf_arcsec,size_image_phy_kpc,zp_ima,eta,petro_extent_cas,snr,area_min,debleding,area_min_deblend,skybox_x,skybox_y,sky_method,nsigma,npixels,dilate_size,mask_stars,fwhm,threshold,roundlo,roundhi,sharplo,aper_stars,aper_fact,aper_center,aper_ellip,aper_pa,dr,View,area_segmap_pix,area_psf_pix,ratio_segmap_psf,flag_area,flag_area_th,SN_gal,bck,ratio_SN_gal,flag_SN,flag_SN_th,perc_SN_flag,perc_20_SN_gal,perc_50_SN_gal,perc_80_SN_gal,flag_image,flag_bck,flag_object,flag_statmorph,index
12r,45.54738918786715,-1.1666425711571444,5000.0,0.0136,nan,7.052713768510029,14.478912662447557,27.678237616100816,81.47937406836219,81.5080370424232,35.295410262322406,45.56984309694219,15.57569911228754,20.625636393117723,0.5202805977655786,-1.7294996094596018,-0.1860678117048824,-0.05232265392696189,0.13206364214420319,2.968910874311188,0.05247578943945297,0.014278655238120391,0.014802631578947368,0.49885183596773547,0.08359136816923236,0.056690727938526815,0.3426145680267208,0.04548833650426397,16.49846095307602,0.6886330706323965,320.70657527262495,320.0723445646126,0.5204750817169905,2.1636900666907395,0.0,0.0,0.27,0.34629548650952463,1.1166612,30.0,22.5,0.2,1.5,2.5,5.0,1.0,5.0,5.0,5.0,masking_sources,2.0,5.0,11.0,1.0,3.0,10.0,-0.5,0.5,0.2,5.0,0.5,10.0,0.0,0.0,10.0,Edge-on,1994.0,13.4,148.4,0.0,3.0,0.02118,0.0035600000992417336,5.9,0.0,3.0,50.0,3.7,5.9,12.7,0.0,0.0,0.0,0.0,12
