GAL,ra,dec,radvel,z,mag,r20,r50,r80,flux_c,flux_e,rpetro_c,rpetro_e,rhalf_c,rhalf_e,Gini,M20,F(G_M20),S(G_M20),SN_per_pixel,C,A,S,M,I,D,Ao,As,Ser_A,Ser_R,Ser_n,Ser_xc,Ser_yc,Ser_ellip,Ser_theta,flag_morph,flag_sersic,ima_sc_pix2arc,ima_sc_arc2kpc,psf_arcsec,size_image_phy_kpc,zp_ima,eta,petro_extent_cas,snr,area_min,debleding,area_min_deblend,skybox_x,skybox_y,sky_method,nsigma,npixels,dilate_size,mask_stars,fwhm,threshold,roundlo,roundhi,sharplo,aper_stars,aper_fact,aper_center,aper_ellip,aper_pa,dr,View,area_segmap_pix,area_psf_pix,ratio_segmap_psf,flag_area,flag_area_th,SN_gal,bck,ratio_SN_gal,flag_SN,flag_SN_th,perc_SN_flag,perc_20_SN_gal,perc_50_SN_gal,perc_80_SN_gal,flag_image,flag_bck,flag_object,flag_statmorph,index
21r,201.87966043916796,0.7391117573137819,5000.0,0.0138,nan,12.122266189047046,23.946514413802053,38.51297044205355,182.35204630181104,183.83383988057196,50.77058889116036,58.382559399377556,26.532551776419048,30.553448635723083,0.4659601483822929,-1.6841756419108365,-0.48636354566344053,-0.09979986732713636,0.1338830292224884,2.5101160000914,-0.02604250827871121,0.04705753981461783,0.019704433497536946,0.21227769839332347,0.011887471050366652,0.014819385092451487,1.9989658415572626,0.03861754300480045,23.39450781406287,0.47994931426384674,318.52077418039374,319.8092442020728,0.2413098657153274,3.0612167159990684,1.0,0.0,0.27,0.34629548650952463,1.3264619,30.0,22.5,0.2,1.5,2.5,5.0,1.0,5.0,5.0,5.0,masking_sources,2.0,5.0,11.0,1.0,3.0,10.0,-0.5,0.5,0.2,5.0,0.5,10.0,0.0,0.0,10.0,Face-on,4947.0,19.0,261.0,0.0,3.0,0.02427,0.0038399999029934406,6.3,0.0,3.0,50.0,4.0,6.3,10.5,0.0,0.0,0.0,0.0,21
