GAL,ra,dec,radvel,z,mag,r20,r50,r80,flux_c,flux_e,rpetro_c,rpetro_e,rhalf_c,rhalf_e,Gini,M20,F(G_M20),S(G_M20),SN_per_pixel,C,A,S,M,I,D,Ao,As,Ser_A,Ser_R,Ser_n,Ser_xc,Ser_yc,Ser_ellip,Ser_theta,flag_morph,flag_sersic,ima_sc_pix2arc,ima_sc_arc2kpc,psf_arcsec,size_image_phy_kpc,zp_ima,eta,petro_extent_cas,snr,area_min,debleding,area_min_deblend,skybox_x,skybox_y,sky_method,nsigma,npixels,dilate_size,mask_stars,fwhm,threshold,roundlo,roundhi,sharplo,aper_stars,aper_fact,aper_center,aper_ellip,aper_pa,dr,View,area_segmap_pix,area_psf_pix,ratio_segmap_psf,flag_area,flag_area_th,SN_gal,bck,ratio_SN_gal,flag_SN,flag_SN_th,perc_SN_flag,perc_20_SN_gal,perc_50_SN_gal,perc_80_SN_gal,flag_image,flag_bck,flag_object,flag_statmorph,index
537r,27.049543064268857,-10.128422282900097,5000.0,0.0511,nan,2.47344494443155,5.422001908134763,10.851499254687557,156.49545909900505,156.23976463840552,13.62339002176389,15.361614233972908,5.6872556764967515,6.6289441670679,0.5441616079039564,-1.906585352312456,0.05486360827711678,-0.05329537214651464,0.4338560104370117,3.2109374846149,0.02209627323441779,-0.0012849688674156058,0.0,0.0,0.004391017898282314,0.024182621226316123,0.1290161284097209,0.4732055672713682,5.60177656669816,1.486203331903898,319.9895616606219,319.99677466503886,0.30828107440021774,0.08609727951196057,0.0,0.0,0.27,0.34629548650952463,1.3431785,30.0,22.5,0.2,1.5,2.5,5.0,1.0,5.0,5.0,5.0,masking_sources,2.0,5.0,11.0,1.0,3.0,10.0,-0.5,0.5,0.2,5.0,0.5,10.0,0.0,0.0,10.0,Face-on,1561.0,19.4,80.3,0.0,3.0,0.02839,0.002259999979287386,12.5,0.0,3.0,50.0,4.9,12.5,45.9,0.0,0.0,0.0,0.0,537
