GAL,ra,dec,radvel,z,mag,r20,r50,r80,flux_c,flux_e,rpetro_c,rpetro_e,rhalf_c,rhalf_e,Gini,M20,F(G_M20),S(G_M20),SN_per_pixel,C,A,S,M,I,D,Ao,As,Ser_A,Ser_R,Ser_n,Ser_xc,Ser_yc,Ser_ellip,Ser_theta,flag_morph,flag_sersic,ima_sc_pix2arc,ima_sc_arc2kpc,psf_arcsec,size_image_phy_kpc,zp_ima,eta,petro_extent_cas,snr,area_min,debleding,area_min_deblend,skybox_x,skybox_y,sky_method,nsigma,npixels,dilate_size,mask_stars,fwhm,threshold,roundlo,roundhi,sharplo,aper_stars,aper_fact,aper_center,aper_ellip,aper_pa,dr,View,area_segmap_pix,area_psf_pix,ratio_segmap_psf,flag_area,flag_area_th,SN_gal,bck,ratio_SN_gal,flag_SN,flag_SN_th,perc_SN_flag,perc_20_SN_gal,perc_50_SN_gal,perc_80_SN_gal,flag_image,flag_bck,flag_object,flag_statmorph,index
295r,28.549638967608033,-0.5959692089485633,5000.0,0.046,nan,6.299042210558087,14.16860082556095,26.9049883081548,83.52324394791958,85.94599693518848,33.68895204684569,48.31358431393641,15.357600946321146,25.15590269040074,0.5160525933466046,-1.7753414884434995,-0.17522801144296185,-0.06288039948050794,0.17581190168857574,3.152791445208777,-0.06388913987028315,0.01826613645530095,0.005028735632183908,0.0032572502996888403,0.026784347460759632,0.07102030433382293,0.30005060479717466,0.07907128055402643,22.086715126751468,0.5161203518502946,320.18102209969203,320.95965401863555,0.7930437694750332,1.5667825982600758,0.0,0.0,0.27,0.34629548650952463,1.3164393,30.0,22.5,0.2,1.5,2.5,5.0,1.0,5.0,5.0,5.0,masking_sources,2.0,5.0,11.0,1.0,3.0,10.0,-0.5,0.5,0.2,5.0,0.5,10.0,0.0,0.0,10.0,Edge-on,1993.0,18.7,106.7,0.0,3.0,0.02402,0.002409999957308173,10.0,0.0,3.0,50.0,4.5,10.0,25.3,0.0,0.0,0.0,0.0,295
