GAL,ra,dec,radvel,z,mag,r20,r50,r80,flux_c,flux_e,rpetro_c,rpetro_e,rhalf_c,rhalf_e,Gini,M20,F(G_M20),S(G_M20),SN_per_pixel,C,A,S,M,I,D,Ao,As,Ser_A,Ser_R,Ser_n,Ser_xc,Ser_yc,Ser_ellip,Ser_theta,flag_morph,flag_sersic,ima_sc_pix2arc,ima_sc_arc2kpc,psf_arcsec,size_image_phy_kpc,zp_ima,eta,petro_extent_cas,snr,area_min,debleding,area_min_deblend,skybox_x,skybox_y,sky_method,nsigma,npixels,dilate_size,mask_stars,fwhm,threshold,roundlo,roundhi,sharplo,aper_stars,aper_fact,aper_center,aper_ellip,aper_pa,dr,View,area_segmap_pix,area_psf_pix,ratio_segmap_psf,flag_area,flag_area_th,SN_gal,bck,ratio_SN_gal,flag_SN,flag_SN_th,perc_SN_flag,perc_20_SN_gal,perc_50_SN_gal,perc_80_SN_gal,flag_image,flag_bck,flag_object,flag_statmorph,index
1156r,189.60455492851085,12.610627211667353,5000.0,0.1152,nan,6.179961416784343,19.56574734292515,49.82568669197873,974.3405361063665,974.5974653552581,60.703591685045424,63.98302624837357,20.977675535793654,21.94466954856337,0.6285948198032091,-2.4702977388481036,0.8634606910476208,-0.04806251409470941,0.21465595066547394,4.532337645675005,-0.03929970021889558,-0.03585416941506984,0.012525050100200401,0.007779999430234899,0.011040401602885507,-0.15252475077487665,0.14387165933358467,0.16366209617942834,17.689783293352352,2.4714617078948495,319.99706342128377,319.9930374779964,0.050419519177641176,0.36888103241760617,0.0,0.0,0.27,0.34629548650952463,1.4980114,30.0,22.5,0.2,1.5,2.5,5.0,1.0,5.0,5.0,5.0,masking_sources,2.0,5.0,11.0,1.0,3.0,10.0,-0.5,0.5,0.2,5.0,0.5,10.0,0.0,0.0,10.0,Face-on,17146.0,24.2,709.2,0.0,3.0,0.01989,0.0029899999499320984,6.6,0.0,3.0,50.0,4.0,6.6,14.8,0.0,0.0,0.0,0.0,1156
