GAL,ra,dec,radvel,z,mag,r20,r50,r80,flux_c,flux_e,rpetro_c,rpetro_e,rhalf_c,rhalf_e,Gini,M20,F(G_M20),S(G_M20),SN_per_pixel,C,A,S,M,I,D,Ao,As,Ser_A,Ser_R,Ser_n,Ser_xc,Ser_yc,Ser_ellip,Ser_theta,flag_morph,flag_sersic,ima_sc_pix2arc,ima_sc_arc2kpc,psf_arcsec,size_image_phy_kpc,zp_ima,eta,petro_extent_cas,snr,area_min,debleding,area_min_deblend,skybox_x,skybox_y,sky_method,nsigma,npixels,dilate_size,mask_stars,fwhm,threshold,roundlo,roundhi,sharplo,aper_stars,aper_fact,aper_center,aper_ellip,aper_pa,dr,View,area_segmap_pix,area_psf_pix,ratio_segmap_psf,flag_area,flag_area_th,SN_gal,bck,ratio_SN_gal,flag_SN,flag_SN_th,perc_SN_flag,perc_20_SN_gal,perc_50_SN_gal,perc_80_SN_gal,flag_image,flag_bck,flag_object,flag_statmorph,index
618r,125.21492443798732,3.2293220886087575,5000.0,0.058,nan,3.053231702822791,6.26627180594312,11.89314575023062,89.70739136071596,91.13878492747226,14.702958039591808,19.503451351668115,6.723181844108935,8.393425843651078,0.5387847383172725,-1.8509730550697403,-0.010291218166170957,-0.05088836372059424,0.28678587079048157,2.95268489006653,0.013085736213680478,0.002741586700306957,0.0032102728731942215,0.0,0.0028564725689852314,0.033648601203028934,0.18182834053020125,0.22916883983658734,6.972493052324323,1.2632004502596736,319.96405733433363,319.99371478340106,0.4318788350374495,0.41110895138758075,1.0,0.0,0.27,0.34629548650952463,1.4571598,30.0,22.5,0.2,1.5,2.5,5.0,1.0,5.0,5.0,5.0,masking_sources,2.0,5.0,11.0,1.0,3.0,10.0,-0.5,0.5,0.2,5.0,0.5,10.0,0.0,0.0,10.0,Face-on,1031.0,22.9,45.1,0.0,3.0,0.0344,0.004290000069886446,8.0,0.0,3.0,50.0,4.3,8.0,24.1,0.0,0.0,0.0,0.0,618
