GAL,ra,dec,radvel,z,mag,r20,r50,r80,flux_c,flux_e,rpetro_c,rpetro_e,rhalf_c,rhalf_e,Gini,M20,F(G_M20),S(G_M20),SN_per_pixel,C,A,S,M,I,D,Ao,As,Ser_A,Ser_R,Ser_n,Ser_xc,Ser_yc,Ser_ellip,Ser_theta,flag_morph,flag_sersic,ima_sc_pix2arc,ima_sc_arc2kpc,psf_arcsec,size_image_phy_kpc,zp_ima,eta,petro_extent_cas,snr,area_min,debleding,area_min_deblend,skybox_x,skybox_y,sky_method,nsigma,npixels,dilate_size,mask_stars,fwhm,threshold,roundlo,roundhi,sharplo,aper_stars,aper_fact,aper_center,aper_ellip,aper_pa,dr,View,area_segmap_pix,area_psf_pix,ratio_segmap_psf,flag_area,flag_area_th,SN_gal,bck,ratio_SN_gal,flag_SN,flag_SN_th,perc_SN_flag,perc_20_SN_gal,perc_50_SN_gal,perc_80_SN_gal,flag_image,flag_bck,flag_object,flag_statmorph,index
893r,200.75458662754932,1.212560565071208,5000.0,0.1111,nan,3.8403919614583737,8.967911813101283,16.672499186532985,150.99147178617727,151.09131599788634,21.46257001737346,21.855499060395488,9.044984032168179,9.219277313264286,0.5235515671918883,-1.9713123401701274,-0.002300290662254678,-0.08269636376367834,0.2709587514400482,3.188125764632085,0.033270384591233194,0.020022492722288468,0.004975124378109453,0.0,0.006588951755533439,0.05240987477924896,0.18470638216048907,0.18665502884441765,8.134563325701853,1.0058126089648776,319.9765046050925,319.98629428279884,0.10604253201066742,2.037103655110278,0.0,0.0,0.27,0.34629548650952463,1.3532021,30.0,22.5,0.2,1.5,2.5,5.0,1.0,5.0,5.0,5.0,masking_sources,2.0,5.0,11.0,1.0,3.0,10.0,-0.5,0.5,0.2,5.0,0.5,10.0,0.0,0.0,10.0,Face-on,1749.0,19.7,88.7,0.0,3.0,0.04135,0.005009999964386225,8.2,0.0,3.0,50.0,4.2,8.2,20.1,0.0,0.0,0.0,0.0,893
