GAL,ra,dec,radvel,z,mag,r20,r50,r80,flux_c,flux_e,rpetro_c,rpetro_e,rhalf_c,rhalf_e,Gini,M20,F(G_M20),S(G_M20),SN_per_pixel,C,A,S,M,I,D,Ao,As,Ser_A,Ser_R,Ser_n,Ser_xc,Ser_yc,Ser_ellip,Ser_theta,flag_morph,flag_sersic,ima_sc_pix2arc,ima_sc_arc2kpc,psf_arcsec,size_image_phy_kpc,zp_ima,eta,petro_extent_cas,snr,area_min,debleding,area_min_deblend,skybox_x,skybox_y,sky_method,nsigma,npixels,dilate_size,mask_stars,fwhm,threshold,roundlo,roundhi,sharplo,aper_stars,aper_fact,aper_center,aper_ellip,aper_pa,dr,View,area_segmap_pix,area_psf_pix,ratio_segmap_psf,flag_area,flag_area_th,SN_gal,bck,ratio_SN_gal,flag_SN,flag_SN_th,perc_SN_flag,perc_20_SN_gal,perc_50_SN_gal,perc_80_SN_gal,flag_image,flag_bck,flag_object,flag_statmorph,index
1120r,179.64163803456523,2.0486349641455277,5000.0,0.1324,nan,3.7401745930486645,8.009435921637685,14.00236160084377,125.24836170146125,125.67017723394515,17.45360113351138,19.913876266130025,8.344642088726566,9.50152295760921,0.492836322097172,-1.815812803120244,-0.2621019330566696,-0.09149002075751372,0.3031790256500244,2.8665470653188336,0.10626284134976323,0.02076618379259643,0.002890173410404624,0.0,0.03580597134309337,0.11852474876507928,0.2837863058813759,0.22501096583883656,7.7542149498395645,0.7770573416528409,319.4784110141151,319.8335787640098,0.24897226092258382,1.6088275746049658,0.0,0.0,0.27,0.34629548650952463,1.588126,30.0,22.5,0.2,1.5,2.5,5.0,1.0,5.0,5.0,5.0,masking_sources,2.0,5.0,11.0,1.0,3.0,10.0,-0.5,0.5,0.2,5.0,0.5,10.0,0.0,0.0,10.0,Face-on,1430.0,27.2,52.6,0.0,3.0,0.03833,0.0041600000113248825,9.2,0.0,3.0,50.0,4.4,9.2,28.2,0.0,0.0,0.0,0.0,1120
