GAL,ra,dec,radvel,z,mag,r20,r50,r80,flux_c,flux_e,rpetro_c,rpetro_e,rhalf_c,rhalf_e,Gini,M20,F(G_M20),S(G_M20),SN_per_pixel,C,A,S,M,I,D,Ao,As,Ser_A,Ser_R,Ser_n,Ser_xc,Ser_yc,Ser_ellip,Ser_theta,flag_morph,flag_sersic,ima_sc_pix2arc,ima_sc_arc2kpc,psf_arcsec,size_image_phy_kpc,zp_ima,eta,petro_extent_cas,snr,area_min,debleding,area_min_deblend,skybox_x,skybox_y,sky_method,nsigma,npixels,dilate_size,mask_stars,fwhm,threshold,roundlo,roundhi,sharplo,aper_stars,aper_fact,aper_center,aper_ellip,aper_pa,dr,View,area_segmap_pix,area_psf_pix,ratio_segmap_psf,flag_area,flag_area_th,SN_gal,bck,ratio_SN_gal,flag_SN,flag_SN_th,perc_SN_flag,perc_20_SN_gal,perc_50_SN_gal,perc_80_SN_gal,flag_image,flag_bck,flag_object,flag_statmorph,index
516r,199.17795809905135,5.965356715759993,5000.0,0.0506,nan,2.654644410995954,5.309942380765102,9.779668893441626,118.99087699687892,118.4211430504844,12.398986657349292,15.51283575206444,5.481286680054573,7.273642884961338,0.49249433861261405,-1.6690924395559412,-0.36547196325529274,-0.07143445387178798,0.4681694507598877,2.8315889781205668,0.07289618939466128,0.004749359845483542,0.0,0.0,0.06492549826733632,0.07354053317901081,0.17824084283951605,0.5039496505544945,6.55696106483458,0.9589215717120113,319.8321001240038,320.5201168017208,0.5575741798336016,1.8196506056679929,0.0,0.0,0.27,0.34629548650952463,1.1299648,30.0,22.5,0.2,1.5,2.5,5.0,1.0,5.0,5.0,5.0,masking_sources,2.0,5.0,11.0,1.0,3.0,10.0,-0.5,0.5,0.2,5.0,0.5,10.0,0.0,0.0,10.0,Edge-on,798.0,13.8,58.0,0.0,3.0,0.04927,0.00506999995559454,9.7,0.0,3.0,50.0,4.2,9.7,39.4,0.0,0.0,0.0,0.0,516
