GAL,ra,dec,radvel,z,mag,r20,r50,r80,flux_c,flux_e,rpetro_c,rpetro_e,rhalf_c,rhalf_e,Gini,M20,F(G_M20),S(G_M20),SN_per_pixel,C,A,S,M,I,D,Ao,As,Ser_A,Ser_R,Ser_n,Ser_xc,Ser_yc,Ser_ellip,Ser_theta,flag_morph,flag_sersic,ima_sc_pix2arc,ima_sc_arc2kpc,psf_arcsec,size_image_phy_kpc,zp_ima,eta,petro_extent_cas,snr,area_min,debleding,area_min_deblend,skybox_x,skybox_y,sky_method,nsigma,npixels,dilate_size,mask_stars,fwhm,threshold,roundlo,roundhi,sharplo,aper_stars,aper_fact,aper_center,aper_ellip,aper_pa,dr,View,area_segmap_pix,area_psf_pix,ratio_segmap_psf,flag_area,flag_area_th,SN_gal,bck,ratio_SN_gal,flag_SN,flag_SN_th,perc_SN_flag,perc_20_SN_gal,perc_50_SN_gal,perc_80_SN_gal,flag_image,flag_bck,flag_object,flag_statmorph,index
447r,193.37190425687783,5.067422766595615,5000.0,0.0477,nan,8.117522476033342,16.133829339952737,25.98968375541921,229.8454037747028,230.21505139464415,33.59724554044908,34.91571358259914,16.11843761801888,16.70676516825833,0.44862639586430864,-1.6824608694136274,-0.5733539579680285,-0.1167219289428287,0.22147229313850403,2.526887476078587,0.1620536659150589,0.015542033012993676,0.035398230088495575,0.14675393292684338,0.06943632329502894,0.23975183397882738,0.15321462406056144,0.09419825027407429,16.026180130518533,0.4604201087925031,320.74506474417717,318.2923679736265,0.07800258249340115,1.8752166419080278,1.0,0.0,0.27,0.34629548650952463,1.1550865,30.0,22.5,0.2,1.5,2.5,5.0,1.0,5.0,5.0,5.0,masking_sources,2.0,5.0,11.0,1.0,3.0,10.0,-0.5,0.5,0.2,5.0,0.5,10.0,0.0,0.0,10.0,Face-on,3558.0,14.4,247.5,0.0,3.0,0.04098,0.00418000016361475,9.8,0.0,3.0,50.0,4.7,9.8,21.7,0.0,0.0,0.0,0.0,447
