GAL,ra,dec,radvel,z,mag,r20,r50,r80,flux_c,flux_e,rpetro_c,rpetro_e,rhalf_c,rhalf_e,Gini,M20,F(G_M20),S(G_M20),SN_per_pixel,C,A,S,M,I,D,Ao,As,Ser_A,Ser_R,Ser_n,Ser_xc,Ser_yc,Ser_ellip,Ser_theta,flag_morph,flag_sersic,ima_sc_pix2arc,ima_sc_arc2kpc,psf_arcsec,size_image_phy_kpc,zp_ima,eta,petro_extent_cas,snr,area_min,debleding,area_min_deblend,skybox_x,skybox_y,sky_method,nsigma,npixels,dilate_size,mask_stars,fwhm,threshold,roundlo,roundhi,sharplo,aper_stars,aper_fact,aper_center,aper_ellip,aper_pa,dr,View,area_segmap_pix,area_psf_pix,ratio_segmap_psf,flag_area,flag_area_th,SN_gal,bck,ratio_SN_gal,flag_SN,flag_SN_th,perc_SN_flag,perc_20_SN_gal,perc_50_SN_gal,perc_80_SN_gal,flag_image,flag_bck,flag_object,flag_statmorph,index
607r,136.3331240685936,7.592925532293006,5000.0,0.1109,nan,3.157667852802235,5.7649647842967955,9.51975175113121,72.12889372908958,72.28896212493456,12.162970236033873,12.431551999426569,6.369279055853249,6.4753411325359185,0.46176263333448053,-1.6134388995181874,-0.5561618076282175,-0.09412300003189233,0.33875197172164917,2.3962958880372143,0.06143344434452451,-0.003949657913342919,0.0,0.0,0.0472013735369749,0.1847457945518483,0.5865528282282367,0.27681629234808075,4.961339740616226,0.7305955417284371,320.188207260884,319.47516390978683,0.04741924925173233,0.4146426817949619,1.0,0.0,0.27,0.34629548650952463,1.5562828,30.0,22.5,0.2,1.5,2.5,5.0,1.0,5.0,5.0,5.0,masking_sources,2.0,5.0,11.0,1.0,3.0,10.0,-0.5,0.5,0.2,5.0,0.5,10.0,0.0,0.0,10.0,Face-on,733.0,26.1,28.1,0.0,3.0,0.04224,0.0037899999879300594,11.1,0.0,3.0,50.0,4.5,11.1,39.2,0.0,0.0,0.0,0.0,607
