GAL,ra,dec,radvel,z,mag,r20,r50,r80,flux_c,flux_e,rpetro_c,rpetro_e,rhalf_c,rhalf_e,Gini,M20,F(G_M20),S(G_M20),SN_per_pixel,C,A,S,M,I,D,Ao,As,Ser_A,Ser_R,Ser_n,Ser_xc,Ser_yc,Ser_ellip,Ser_theta,flag_morph,flag_sersic,ima_sc_pix2arc,ima_sc_arc2kpc,psf_arcsec,size_image_phy_kpc,zp_ima,eta,petro_extent_cas,snr,area_min,debleding,area_min_deblend,skybox_x,skybox_y,sky_method,nsigma,npixels,dilate_size,mask_stars,fwhm,threshold,roundlo,roundhi,sharplo,aper_stars,aper_fact,aper_center,aper_ellip,aper_pa,dr,View,area_segmap_pix,area_psf_pix,ratio_segmap_psf,flag_area,flag_area_th,SN_gal,bck,ratio_SN_gal,flag_SN,flag_SN_th,perc_SN_flag,perc_20_SN_gal,perc_50_SN_gal,perc_80_SN_gal,flag_image,flag_bck,flag_object,flag_statmorph,index
611r,178.0381492869212,4.575513752361422,5000.0,0.0872,nan,3.4994718351720375,6.283653366400156,10.048616254827278,87.50703872522409,86.61965566178066,12.696866350059851,14.205754000331318,6.495767850823682,7.4801886232453665,0.4306368844012132,-1.4386827977210612,-0.8313402433932993,-0.10064639332602646,0.3830159902572632,2.290518794020868,0.09517361846791574,0.003432402711982538,0.0,0.0,0.20369996133960167,0.06552534261285707,0.40136625224992406,0.33667652706976775,7.30775458360073,0.5211118199760317,322.18634436262363,319.217165069461,0.5085958610753265,2.5302336757411594,0.0,0.0,0.27,0.34629548650952463,1.4654659,30.0,22.5,0.2,1.5,2.5,5.0,1.0,5.0,5.0,5.0,masking_sources,2.0,5.0,11.0,1.0,3.0,10.0,-0.5,0.5,0.2,5.0,0.5,10.0,0.0,0.0,10.0,Edge-on,876.0,23.1,37.9,0.0,3.0,0.03331,0.003530000103637576,9.4,0.0,3.0,50.0,4.1,9.4,48.8,0.0,0.0,0.0,0.0,611
