GAL,ra,dec,radvel,z,mag,r20,r50,r80,flux_c,flux_e,rpetro_c,rpetro_e,rhalf_c,rhalf_e,Gini,M20,F(G_M20),S(G_M20),SN_per_pixel,C,A,S,M,I,D,Ao,As,Ser_A,Ser_R,Ser_n,Ser_xc,Ser_yc,Ser_ellip,Ser_theta,flag_morph,flag_sersic,ima_sc_pix2arc,ima_sc_arc2kpc,psf_arcsec,size_image_phy_kpc,zp_ima,eta,petro_extent_cas,snr,area_min,debleding,area_min_deblend,skybox_x,skybox_y,sky_method,nsigma,npixels,dilate_size,mask_stars,fwhm,threshold,roundlo,roundhi,sharplo,aper_stars,aper_fact,aper_center,aper_ellip,aper_pa,dr,View,area_segmap_pix,area_psf_pix,ratio_segmap_psf,flag_area,flag_area_th,SN_gal,bck,ratio_SN_gal,flag_SN,flag_SN_th,perc_SN_flag,perc_20_SN_gal,perc_50_SN_gal,perc_80_SN_gal,flag_image,flag_bck,flag_object,flag_statmorph,index
700r,135.50773661605496,8.195237151865452,5000.0,0.1114,nan,3.9296382597208757,7.395955388390335,11.474947980315811,74.66216048861284,74.74381526736457,14.620549215928305,15.625712523520036,7.4075293164797715,7.906015013431499,0.42574461841567296,-1.5605775719597128,-0.7710838814743379,-0.12243311027088388,0.2956661880016327,2.32699075947061,0.19827536620908734,0.0017227941485789375,0.006993006993006993,0.0,0.08552939083968039,0.2461184139034101,0.31639802218130364,0.1758758891824848,7.402725704716749,0.4125005183743034,321.20677530103194,320.1753183433048,0.19429309771065673,1.9415437805749325,0.0,0.0,0.27,0.34629548650952463,1.140201,30.0,22.5,0.2,1.5,2.5,5.0,1.0,5.0,5.0,5.0,masking_sources,2.0,5.0,11.0,1.0,3.0,10.0,-0.5,0.5,0.2,5.0,0.5,10.0,0.0,0.0,10.0,Face-on,815.0,14.0,58.2,0.0,3.0,0.05667,0.0048500001430511475,11.7,0.0,3.0,50.0,4.6,11.7,30.2,0.0,0.0,0.0,0.0,700
