GAL,ra,dec,radvel,z,mag,r20,r50,r80,flux_c,flux_e,rpetro_c,rpetro_e,rhalf_c,rhalf_e,Gini,M20,F(G_M20),S(G_M20),SN_per_pixel,C,A,S,M,I,D,Ao,As,Ser_A,Ser_R,Ser_n,Ser_xc,Ser_yc,Ser_ellip,Ser_theta,flag_morph,flag_sersic,ima_sc_pix2arc,ima_sc_arc2kpc,psf_arcsec,size_image_phy_kpc,zp_ima,eta,petro_extent_cas,snr,area_min,debleding,area_min_deblend,skybox_x,skybox_y,sky_method,nsigma,npixels,dilate_size,mask_stars,fwhm,threshold,roundlo,roundhi,sharplo,aper_stars,aper_fact,aper_center,aper_ellip,aper_pa,dr,View,area_segmap_pix,area_psf_pix,ratio_segmap_psf,flag_area,flag_area_th,SN_gal,bck,ratio_SN_gal,flag_SN,flag_SN_th,perc_SN_flag,perc_20_SN_gal,perc_50_SN_gal,perc_80_SN_gal,flag_image,flag_bck,flag_object,flag_statmorph,index
422r,239.59791669474748,6.538631465577002,5000.0,0.037,nan,4.818119860451969,9.698158898013922,17.912764955081563,291.3079122140243,290.17002814508226,22.68680708175407,26.134864608415096,10.379519917317877,12.21693959114833,0.5027009933380207,-1.7947664207424312,-0.22785695340229317,-0.07879854907855754,0.36659207940101624,2.851425137666368,0.09216123282773024,0.00019376679201396,0.0,0.0,0.04549958294247872,0.1572564738435857,0.40670673654764716,0.28545770768454826,11.198358181340705,1.0924735310183686,320.14021864855846,320.72076769483783,0.36712052126712474,0.4624654299519887,0.0,0.0,0.27,0.34629548650952463,1.8689086,30.0,22.5,0.2,1.5,2.5,5.0,1.0,5.0,5.0,5.0,masking_sources,2.0,5.0,11.0,1.0,3.0,10.0,-0.5,0.5,0.2,5.0,0.5,10.0,0.0,0.0,10.0,Face-on,4974.0,37.6,132.2,0.0,3.0,0.01351,0.001069999998435378,12.6,0.0,3.0,50.0,5.0,12.6,61.3,0.0,0.0,0.0,0.0,422
