GAL,ra,dec,radvel,z,mag,r20,r50,r80,flux_c,flux_e,rpetro_c,rpetro_e,rhalf_c,rhalf_e,Gini,M20,F(G_M20),S(G_M20),SN_per_pixel,C,A,S,M,I,D,Ao,As,Ser_A,Ser_R,Ser_n,Ser_xc,Ser_yc,Ser_ellip,Ser_theta,flag_morph,flag_sersic,ima_sc_pix2arc,ima_sc_arc2kpc,psf_arcsec,size_image_phy_kpc,zp_ima,eta,petro_extent_cas,snr,area_min,debleding,area_min_deblend,skybox_x,skybox_y,sky_method,nsigma,npixels,dilate_size,mask_stars,fwhm,threshold,roundlo,roundhi,sharplo,aper_stars,aper_fact,aper_center,aper_ellip,aper_pa,dr,View,area_segmap_pix,area_psf_pix,ratio_segmap_psf,flag_area,flag_area_th,SN_gal,bck,ratio_SN_gal,flag_SN,flag_SN_th,perc_SN_flag,perc_20_SN_gal,perc_50_SN_gal,perc_80_SN_gal,flag_image,flag_bck,flag_object,flag_statmorph,index
443r,195.31088146572566,5.214228620153455,5000.0,0.0484,nan,2.531426179103383,5.129688455736867,9.146338487319392,162.88299963908622,162.9128892659873,11.69208564126131,13.123892367714356,5.250129204948136,5.899672705357216,0.49777561619453026,-1.8085361715611166,-0.24269513294522138,-0.08558866781441027,0.5228387117385864,2.7894100129380917,-0.004511471100488369,0.05511258358386869,0.0,0.0,0.015757547828855308,-0.1034626948937667,0.14553172369257117,0.6608369261073088,5.0138422673420395,1.0336193801051012,319.83645656917065,320.00685538085173,0.22129241704605404,2.5161766700940595,0.0,0.0,0.27,0.34629548650952463,1.2579184,30.0,22.5,0.2,1.5,2.5,5.0,1.0,5.0,5.0,5.0,masking_sources,2.0,5.0,11.0,1.0,3.0,10.0,-0.5,0.5,0.2,5.0,0.5,10.0,0.0,0.0,10.0,Face-on,943.0,17.0,55.3,0.0,3.0,0.05536,0.0038300000596791506,14.5,0.0,3.0,50.0,4.9,14.5,57.8,0.0,0.0,0.0,0.0,443
