GAL,ra,dec,radvel,z,mag,r20,r50,r80,flux_c,flux_e,rpetro_c,rpetro_e,rhalf_c,rhalf_e,Gini,M20,F(G_M20),S(G_M20),SN_per_pixel,C,A,S,M,I,D,Ao,As,Ser_A,Ser_R,Ser_n,Ser_xc,Ser_yc,Ser_ellip,Ser_theta,flag_morph,flag_sersic,ima_sc_pix2arc,ima_sc_arc2kpc,psf_arcsec,size_image_phy_kpc,zp_ima,eta,petro_extent_cas,snr,area_min,debleding,area_min_deblend,skybox_x,skybox_y,sky_method,nsigma,npixels,dilate_size,mask_stars,fwhm,threshold,roundlo,roundhi,sharplo,aper_stars,aper_fact,aper_center,aper_ellip,aper_pa,dr,View,area_segmap_pix,area_psf_pix,ratio_segmap_psf,flag_area,flag_area_th,SN_gal,bck,ratio_SN_gal,flag_SN,flag_SN_th,perc_SN_flag,perc_20_SN_gal,perc_50_SN_gal,perc_80_SN_gal,flag_image,flag_bck,flag_object,flag_statmorph,index
414r,338.2942546051671,-8.890988003141228,5000.0,0.0596,nan,4.5289317775643,8.51814137310018,13.856204484183573,87.65918622239056,87.35197791217271,17.836418320443677,21.219072052845156,8.579206030880572,10.60961234958672,0.42719693436944045,-1.684235357700687,-0.6782000719846937,-0.13818374969464947,0.27658408880233765,2.4282425260336717,0.03932344099883975,0.02903415656701593,0.0013605442176870747,0.0,0.034536096536271634,0.0013776331330583656,0.27643675418710467,0.16405424067107707,9.705413548218155,0.47745402176895185,319.86353742262287,319.46518478178484,0.4027145167671949,2.463396611469447,0.0,0.0,0.27,0.34629548650952463,1.5392532,30.0,22.5,0.2,1.5,2.5,5.0,1.0,5.0,5.0,5.0,masking_sources,2.0,5.0,11.0,1.0,3.0,10.0,-0.5,0.5,0.2,5.0,0.5,10.0,0.0,0.0,10.0,Face-on,1083.0,25.5,42.4,0.0,3.0,0.04913,0.003819999983534217,12.9,0.0,3.0,50.0,5.1,12.9,32.8,0.0,0.0,0.0,0.0,414
