GAL,ra,dec,radvel,z,mag,r20,r50,r80,flux_c,flux_e,rpetro_c,rpetro_e,rhalf_c,rhalf_e,Gini,M20,F(G_M20),S(G_M20),SN_per_pixel,C,A,S,M,I,D,Ao,As,Ser_A,Ser_R,Ser_n,Ser_xc,Ser_yc,Ser_ellip,Ser_theta,flag_morph,flag_sersic,ima_sc_pix2arc,ima_sc_arc2kpc,psf_arcsec,size_image_phy_kpc,zp_ima,eta,petro_extent_cas,snr,area_min,debleding,area_min_deblend,skybox_x,skybox_y,sky_method,nsigma,npixels,dilate_size,mask_stars,fwhm,threshold,roundlo,roundhi,sharplo,aper_stars,aper_fact,aper_center,aper_ellip,aper_pa,dr,View,area_segmap_pix,area_psf_pix,ratio_segmap_psf,flag_area,flag_area_th,SN_gal,bck,ratio_SN_gal,flag_SN,flag_SN_th,perc_SN_flag,perc_20_SN_gal,perc_50_SN_gal,perc_80_SN_gal,flag_image,flag_bck,flag_object,flag_statmorph,index
576r,133.88084868765168,4.438064356316644,5000.0,0.0758,nan,3.20253139609408,6.2630080055357045,11.349159117913551,74.6042899682615,74.34322735596115,13.99351389488917,15.243600477210798,6.876379659331326,7.566189826813314,0.5020780116370489,-1.7318683225017368,-0.27452909490290445,-0.070672465307063,0.2894746661186218,2.747351444565445,0.030848061354959235,0.0001439614313733627,0.0,0.0,0.023065065530088556,0.07510818556511245,0.310459676484228,0.1717915991797695,6.572679559627395,1.213728515929169,320.0767471642871,319.68333755545154,0.2757499740435577,1.8810198648747116,0.0,0.0,0.27,0.34629548650952463,1.282175,30.0,22.5,0.2,1.5,2.5,5.0,1.0,5.0,5.0,5.0,masking_sources,2.0,5.0,11.0,1.0,3.0,10.0,-0.5,0.5,0.2,5.0,0.5,10.0,0.0,0.0,10.0,Face-on,1311.0,17.7,74.0,0.0,3.0,0.01773,0.0028099999763071537,6.3,0.0,3.0,50.0,3.7,6.3,23.3,0.0,0.0,0.0,0.0,576
