GAL,ra,dec,radvel,z,mag,r20,r50,r80,flux_c,flux_e,rpetro_c,rpetro_e,rhalf_c,rhalf_e,Gini,M20,F(G_M20),S(G_M20),SN_per_pixel,C,A,S,M,I,D,Ao,As,Ser_A,Ser_R,Ser_n,Ser_xc,Ser_yc,Ser_ellip,Ser_theta,flag_morph,flag_sersic,ima_sc_pix2arc,ima_sc_arc2kpc,psf_arcsec,size_image_phy_kpc,zp_ima,eta,petro_extent_cas,snr,area_min,debleding,area_min_deblend,skybox_x,skybox_y,sky_method,nsigma,npixels,dilate_size,mask_stars,fwhm,threshold,roundlo,roundhi,sharplo,aper_stars,aper_fact,aper_center,aper_ellip,aper_pa,dr,View,area_segmap_pix,area_psf_pix,ratio_segmap_psf,flag_area,flag_area_th,SN_gal,bck,ratio_SN_gal,flag_SN,flag_SN_th,perc_SN_flag,perc_20_SN_gal,perc_50_SN_gal,perc_80_SN_gal,flag_image,flag_bck,flag_object,flag_statmorph,index
858r,143.9845353381805,11.429649196091052,5000.0,0.1291,nan,3.686346795246038,7.816032540752779,14.295899809830031,108.71853049331514,109.26331731648565,18.25855021966514,24.301325309467295,9.725755942107588,12.661714488451212,0.5230305118433873,-1.9028842231899703,-0.05230019970458333,-0.07370070029845249,0.2686021029949188,2.9430765326076602,0.1069602599260012,0.023050533488879307,0.009615384615384616,0.008887900529683232,0.028298764138350137,0.3948474692917042,0.7583881537694889,0.18827506231490138,9.113688145833336,0.8962892528438712,319.7337315299558,319.4398012233016,0.45202175487136964,1.42419115776134,1.0,0.0,0.27,0.34629548650952463,1.3315043,30.0,22.5,0.2,1.5,2.5,5.0,1.0,5.0,5.0,5.0,masking_sources,2.0,5.0,11.0,1.0,3.0,10.0,-0.5,0.5,0.2,5.0,0.5,10.0,0.0,0.0,10.0,Face-on,1375.0,19.1,72.0,0.0,3.0,0.03451,0.00419999985024333,8.2,0.0,3.0,50.0,4.3,8.2,24.7,0.0,0.0,0.0,0.0,858
