GAL,ra,dec,radvel,z,mag,r20,r50,r80,flux_c,flux_e,rpetro_c,rpetro_e,rhalf_c,rhalf_e,Gini,M20,F(G_M20),S(G_M20),SN_per_pixel,C,A,S,M,I,D,Ao,As,Ser_A,Ser_R,Ser_n,Ser_xc,Ser_yc,Ser_ellip,Ser_theta,flag_morph,flag_sersic,ima_sc_pix2arc,ima_sc_arc2kpc,psf_arcsec,size_image_phy_kpc,zp_ima,eta,petro_extent_cas,snr,area_min,debleding,area_min_deblend,skybox_x,skybox_y,sky_method,nsigma,npixels,dilate_size,mask_stars,fwhm,threshold,roundlo,roundhi,sharplo,aper_stars,aper_fact,aper_center,aper_ellip,aper_pa,dr,View,area_segmap_pix,area_psf_pix,ratio_segmap_psf,flag_area,flag_area_th,SN_gal,bck,ratio_SN_gal,flag_SN,flag_SN_th,perc_SN_flag,perc_20_SN_gal,perc_50_SN_gal,perc_80_SN_gal,flag_image,flag_bck,flag_object,flag_statmorph,index
967r,145.25045291157124,6.936023488107579,5000.0,0.0286,nan,7.620490472100057,28.830106282579933,52.57624285656702,2541.5583916675596,2538.2457415645026,66.91189514944006,74.83755697787855,29.477581765264734,33.459403175600954,0.6334224769862424,-2.367030834677181,0.8157936295131867,-0.028929033803748228,0.35205283761024475,4.194033117014811,0.08617474993788853,0.055648803524700544,0.040689960194604156,0.18888539867902088,0.03922124505465386,0.056112782311527006,0.15633315276704626,0.5520101121583993,23.571520912271517,1.4392672734186196,319.85717864429245,318.9432414359047,0.2695753190838345,1.231791687698084,0.0,0.0,0.27,0.34629548650952463,1.6373886,30.0,22.5,0.2,1.5,2.5,5.0,1.0,5.0,5.0,5.0,masking_sources,2.0,5.0,11.0,1.0,3.0,10.0,-0.5,0.5,0.2,5.0,0.5,10.0,0.0,0.0,10.0,Face-on,22860.0,28.9,791.4,0.0,3.0,0.03599,0.004139999859035015,8.7,0.0,3.0,50.0,4.3,8.7,26.3,0.0,0.0,0.0,0.0,967
