GAL,ra,dec,radvel,z,mag,r20,r50,r80,flux_c,flux_e,rpetro_c,rpetro_e,rhalf_c,rhalf_e,Gini,M20,F(G_M20),S(G_M20),SN_per_pixel,C,A,S,M,I,D,Ao,As,Ser_A,Ser_R,Ser_n,Ser_xc,Ser_yc,Ser_ellip,Ser_theta,flag_morph,flag_sersic,ima_sc_pix2arc,ima_sc_arc2kpc,psf_arcsec,size_image_phy_kpc,zp_ima,eta,petro_extent_cas,snr,area_min,debleding,area_min_deblend,skybox_x,skybox_y,sky_method,nsigma,npixels,dilate_size,mask_stars,fwhm,threshold,roundlo,roundhi,sharplo,aper_stars,aper_fact,aper_center,aper_ellip,aper_pa,dr,View,area_segmap_pix,area_psf_pix,ratio_segmap_psf,flag_area,flag_area_th,SN_gal,bck,ratio_SN_gal,flag_SN,flag_SN_th,perc_SN_flag,perc_20_SN_gal,perc_50_SN_gal,perc_80_SN_gal,flag_image,flag_bck,flag_object,flag_statmorph,index
102r,198.0157090346523,3.1718871233550416,5000.0,0.0281,nan,8.554193200052005,16.225103329971613,26.509122436420768,83.47474130171614,83.26802929506323,35.11830309803337,41.421330352530724,16.0384221238939,20.075770521837118,0.4397902189992451,-1.6999563177471089,-0.6049686877549902,-0.12790161135759556,0.14055676758289337,2.4560814811990643,0.09180087004964393,-0.022131916581830235,0.0195578231292517,0.027991631291768182,0.05669267399858988,0.13356933831352358,0.17979392053621163,0.04012764142412608,17.129117638921723,0.4648706027149601,318.01943012437044,319.08301820937686,0.3512124491783878,0.3369262787628197,0.0,0.0,0.27,0.34629548650952463,1.3289812,30.0,22.5,0.2,1.5,2.5,5.0,1.0,5.0,5.0,5.0,masking_sources,2.0,5.0,11.0,1.0,3.0,10.0,-0.5,0.5,0.2,5.0,0.5,10.0,0.0,0.0,10.0,Face-on,1810.0,19.0,95.1,0.0,3.0,0.02907,0.005840000230818987,5.0,0.0,3.0,50.0,3.5,5.0,8.7,0.0,0.0,0.0,0.0,102
