GAL,ra,dec,radvel,z,mag,r20,r50,r80,flux_c,flux_e,rpetro_c,rpetro_e,rhalf_c,rhalf_e,Gini,M20,F(G_M20),S(G_M20),SN_per_pixel,C,A,S,M,I,D,Ao,As,Ser_A,Ser_R,Ser_n,Ser_xc,Ser_yc,Ser_ellip,Ser_theta,flag_morph,flag_sersic,ima_sc_pix2arc,ima_sc_arc2kpc,psf_arcsec,size_image_phy_kpc,zp_ima,eta,petro_extent_cas,snr,area_min,debleding,area_min_deblend,skybox_x,skybox_y,sky_method,nsigma,npixels,dilate_size,mask_stars,fwhm,threshold,roundlo,roundhi,sharplo,aper_stars,aper_fact,aper_center,aper_ellip,aper_pa,dr,View,area_segmap_pix,area_psf_pix,ratio_segmap_psf,flag_area,flag_area_th,SN_gal,bck,ratio_SN_gal,flag_SN,flag_SN_th,perc_SN_flag,perc_20_SN_gal,perc_50_SN_gal,perc_80_SN_gal,flag_image,flag_bck,flag_object,flag_statmorph,index
731r,185.4020320876461,2.935859109205114,5000.0,0.0742,nan,4.650252737893651,9.136401580068865,15.590707000178066,191.78076938374502,192.00518768067954,19.92434044645788,24.074790285039516,9.296302077707997,11.441135513574697,0.45648732825963945,-1.753512557736916,-0.4852035226031024,-0.11881579054838831,0.356754869222641,2.6269462634830187,0.047395010758783274,0.02582242068072172,0.0019860973187686196,0.0,0.025201464983936862,0.02747629849002491,0.1360003905126557,0.25294289395922714,10.952766451158775,0.7125945258240012,319.8629981037948,319.5440694018929,0.40717696431249994,1.037066513334456,0.0,0.0,0.27,0.34629548650952463,1.5111814,30.0,22.5,0.2,1.5,2.5,5.0,1.0,5.0,5.0,5.0,masking_sources,2.0,5.0,11.0,1.0,3.0,10.0,-0.5,0.5,0.2,5.0,0.5,10.0,0.0,0.0,10.0,Face-on,2041.0,24.6,83.0,0.0,3.0,0.04268,0.002469999948516488,17.3,0.0,3.0,50.0,5.4,17.3,55.2,0.0,0.0,0.0,0.0,731
