GAL,ra,dec,radvel,z,mag,r20,r50,r80,flux_c,flux_e,rpetro_c,rpetro_e,rhalf_c,rhalf_e,Gini,M20,F(G_M20),S(G_M20),SN_per_pixel,C,A,S,M,I,D,Ao,As,Ser_A,Ser_R,Ser_n,Ser_xc,Ser_yc,Ser_ellip,Ser_theta,flag_morph,flag_sersic,ima_sc_pix2arc,ima_sc_arc2kpc,psf_arcsec,size_image_phy_kpc,zp_ima,eta,petro_extent_cas,snr,area_min,debleding,area_min_deblend,skybox_x,skybox_y,sky_method,nsigma,npixels,dilate_size,mask_stars,fwhm,threshold,roundlo,roundhi,sharplo,aper_stars,aper_fact,aper_center,aper_ellip,aper_pa,dr,View,area_segmap_pix,area_psf_pix,ratio_segmap_psf,flag_area,flag_area_th,SN_gal,bck,ratio_SN_gal,flag_SN,flag_SN_th,perc_SN_flag,perc_20_SN_gal,perc_50_SN_gal,perc_80_SN_gal,flag_image,flag_bck,flag_object,flag_statmorph,index
945r,187.27211354249462,-2.2506149374725877,5000.0,0.0843,nan,6.88736553081818,14.103571521507863,24.20786038626269,247.87831254884608,247.61780762202753,31.509039174189205,32.4332863192321,14.28922055714964,14.68755642259579,0.49827444994601,-1.8148416082285475,-0.235856238264867,-0.08597127809721827,0.2404000163078308,2.7295163661171395,0.08700332399307174,0.008817285968369186,0.00299625468164794,0.0055758829521804065,0.017897188435234766,0.10275442332487865,0.23566645730834931,0.1334128709252225,13.188945298142622,0.6920775686527505,320.2458569416376,319.7298736972777,0.0700589815881341,2.0712373576323397,0.0,0.0,0.27,0.34629548650952463,1.5262294,30.0,22.5,0.2,1.5,2.5,5.0,1.0,5.0,5.0,5.0,masking_sources,2.0,5.0,11.0,1.0,3.0,10.0,-0.5,0.5,0.2,5.0,0.5,10.0,0.0,0.0,10.0,Face-on,3755.0,25.1,149.6,0.0,3.0,0.03152,0.0036700000055134296,8.6,0.0,3.0,50.0,4.2,8.6,25.7,0.0,0.0,0.0,0.0,945
