GAL,ra,dec,radvel,z,mag,r20,r50,r80,flux_c,flux_e,rpetro_c,rpetro_e,rhalf_c,rhalf_e,Gini,M20,F(G_M20),S(G_M20),SN_per_pixel,C,A,S,M,I,D,Ao,As,Ser_A,Ser_R,Ser_n,Ser_xc,Ser_yc,Ser_ellip,Ser_theta,flag_morph,flag_sersic,ima_sc_pix2arc,ima_sc_arc2kpc,psf_arcsec,size_image_phy_kpc,zp_ima,eta,petro_extent_cas,snr,area_min,debleding,area_min_deblend,skybox_x,skybox_y,sky_method,nsigma,npixels,dilate_size,mask_stars,fwhm,threshold,roundlo,roundhi,sharplo,aper_stars,aper_fact,aper_center,aper_ellip,aper_pa,dr,View,area_segmap_pix,area_psf_pix,ratio_segmap_psf,flag_area,flag_area_th,SN_gal,bck,ratio_SN_gal,flag_SN,flag_SN_th,perc_SN_flag,perc_20_SN_gal,perc_50_SN_gal,perc_80_SN_gal,flag_image,flag_bck,flag_object,flag_statmorph,index
48r,180.20504794983165,-1.250361193990598,5000.0,0.021,nan,3.337933520440603,6.859347403640317,12.844182102842769,88.08081303830446,88.0458485680862,16.12619361059791,16.628145491565864,7.087098543065036,7.3415951747268045,0.5225461852722759,-1.8427557230209295,-0.09636666684872974,-0.0658223220803561,0.2723161578178406,2.9261438572205667,0.045573668957527715,0.04111603435737388,0.005121638924455826,0.0,0.03663015632765186,0.08914192109435409,0.22004789505325548,0.19482712754109258,6.0072846320480435,1.116597813063648,319.5625464316838,319.8122934558168,0.06914611183915961,2.463883041641196,0.0,0.0,0.27,0.34629548650952463,1.6909671,30.0,22.5,0.2,1.5,2.5,5.0,1.0,5.0,5.0,5.0,masking_sources,2.0,5.0,11.0,1.0,3.0,10.0,-0.5,0.5,0.2,5.0,0.5,10.0,0.0,0.0,10.0,Face-on,1683.0,30.8,54.6,0.0,3.0,0.01791,0.001769999973475933,10.1,0.0,3.0,50.0,4.7,10.1,34.3,0.0,0.0,0.0,0.0,48
