GAL,ra,dec,radvel,z,mag,r20,r50,r80,flux_c,flux_e,rpetro_c,rpetro_e,rhalf_c,rhalf_e,Gini,M20,F(G_M20),S(G_M20),SN_per_pixel,C,A,S,M,I,D,Ao,As,Ser_A,Ser_R,Ser_n,Ser_xc,Ser_yc,Ser_ellip,Ser_theta,flag_morph,flag_sersic,ima_sc_pix2arc,ima_sc_arc2kpc,psf_arcsec,size_image_phy_kpc,zp_ima,eta,petro_extent_cas,snr,area_min,debleding,area_min_deblend,skybox_x,skybox_y,sky_method,nsigma,npixels,dilate_size,mask_stars,fwhm,threshold,roundlo,roundhi,sharplo,aper_stars,aper_fact,aper_center,aper_ellip,aper_pa,dr,View,area_segmap_pix,area_psf_pix,ratio_segmap_psf,flag_area,flag_area_th,SN_gal,bck,ratio_SN_gal,flag_SN,flag_SN_th,perc_SN_flag,perc_20_SN_gal,perc_50_SN_gal,perc_80_SN_gal,flag_image,flag_bck,flag_object,flag_statmorph,index
347r,356.16920641260486,0.17743912179809046,5000.0,0.0368,nan,11.359011881948062,22.21414144180696,35.186929795134525,164.98345065558485,165.0756069951334,47.616169509628364,50.35236266893843,22.16349780693513,22.87654974779318,0.4900808502253374,-1.6573059724251584,-0.3855867524939449,-0.07218548844401301,0.13090358674526215,2.455204103347754,0.083173969908171,-0.0023307963316794244,0.024691358024691357,0.14113137197179593,0.09191775713255876,0.08905579337194325,0.20450941276513088,0.038778187343645874,20.796055782390116,0.4929177874714177,317.22412524634615,322.9411973234557,0.06895405203743908,1.8926455569166407,1.0,0.0,0.27,0.34629548650952463,1.2387487,30.0,22.5,0.2,1.5,2.5,5.0,1.0,5.0,5.0,5.0,masking_sources,2.0,5.0,11.0,1.0,3.0,10.0,-0.5,0.5,0.2,5.0,0.5,10.0,0.0,0.0,10.0,Face-on,5661.0,16.5,342.4,0.0,3.0,0.01878,0.002369999885559082,7.9,0.0,3.0,50.0,3.9,7.9,16.8,0.0,0.0,0.0,0.0,347
