GAL,ra,dec,radvel,z,mag,r20,r50,r80,flux_c,flux_e,rpetro_c,rpetro_e,rhalf_c,rhalf_e,Gini,M20,F(G_M20),S(G_M20),SN_per_pixel,C,A,S,M,I,D,Ao,As,Ser_A,Ser_R,Ser_n,Ser_xc,Ser_yc,Ser_ellip,Ser_theta,flag_morph,flag_sersic,ima_sc_pix2arc,ima_sc_arc2kpc,psf_arcsec,size_image_phy_kpc,zp_ima,eta,petro_extent_cas,snr,area_min,debleding,area_min_deblend,skybox_x,skybox_y,sky_method,nsigma,npixels,dilate_size,mask_stars,fwhm,threshold,roundlo,roundhi,sharplo,aper_stars,aper_fact,aper_center,aper_ellip,aper_pa,dr,View,area_segmap_pix,area_psf_pix,ratio_segmap_psf,flag_area,flag_area_th,SN_gal,bck,ratio_SN_gal,flag_SN,flag_SN_th,perc_SN_flag,perc_20_SN_gal,perc_50_SN_gal,perc_80_SN_gal,flag_image,flag_bck,flag_object,flag_statmorph,index
751r,127.56982210336031,28.962537190775077,5000.0,0.0899,nan,5.138337637649068,9.144501201558455,15.882826071026619,198.8218520960046,198.75412871059973,20.593586301751493,21.398182902689847,9.267734606493699,9.72060928866619,0.5124378569555689,-1.4999407352566294,-0.38397367853708975,-0.028178283814658367,0.34140753746032715,2.45052570963078,0.2802331751359714,0.02132082737106623,0.008241758241758242,0.0,0.13740556766436215,0.2565252564858116,0.22926284186638105,0.24327430369015238,9.420912538656284,0.6633541131437601,317.82914998477355,318.31535870796074,0.12913366163013457,2.718286308199147,0.0,0.0,0.27,0.34629548650952463,1.5603139,30.0,22.5,0.2,1.5,2.5,5.0,1.0,5.0,5.0,5.0,masking_sources,2.0,5.0,11.0,1.0,3.0,10.0,-0.5,0.5,0.2,5.0,0.5,10.0,0.0,0.0,10.0,Face-on,2060.0,26.2,78.5,0.0,3.0,0.0361,0.0033199999015778303,10.9,0.0,3.0,50.0,4.4,10.9,44.4,0.0,0.0,0.0,0.0,751
