GAL,ra,dec,radvel,z,mag,r20,r50,r80,flux_c,flux_e,rpetro_c,rpetro_e,rhalf_c,rhalf_e,Gini,M20,F(G_M20),S(G_M20),SN_per_pixel,C,A,S,M,I,D,Ao,As,Ser_A,Ser_R,Ser_n,Ser_xc,Ser_yc,Ser_ellip,Ser_theta,flag_morph,flag_sersic,ima_sc_pix2arc,ima_sc_arc2kpc,psf_arcsec,size_image_phy_kpc,zp_ima,eta,petro_extent_cas,snr,area_min,debleding,area_min_deblend,skybox_x,skybox_y,sky_method,nsigma,npixels,dilate_size,mask_stars,fwhm,threshold,roundlo,roundhi,sharplo,aper_stars,aper_fact,aper_center,aper_ellip,aper_pa,dr,View,area_segmap_pix,area_psf_pix,ratio_segmap_psf,flag_area,flag_area_th,SN_gal,bck,ratio_SN_gal,flag_SN,flag_SN_th,perc_SN_flag,perc_20_SN_gal,perc_50_SN_gal,perc_80_SN_gal,flag_image,flag_bck,flag_object,flag_statmorph,index
84r,208.59659903414044,4.007059048809084,5000.0,0.0294,nan,8.502558665913593,19.038729885685605,37.56839345377171,117.39330190139717,117.69083025598567,48.81621806882158,58.551895536202885,19.421564112662942,21.506823290467988,0.6113941564605293,-1.7243806128470176,0.2613968391826029,0.03859130971018848,0.10875442624092102,3.226364932315967,0.0340405183166687,-0.04826050354855992,0.13688524590163934,0.05076918011390361,0.09912506607012302,0.01640266802627836,0.49995304303596155,0.03515166603789927,20.471970257138988,0.8134869749387663,322.83078117924333,319.49179782163617,0.4545650086258095,2.173443754101027,1.0,0.0,0.27,0.34629548650952463,1.5488844,30.0,22.5,0.2,1.5,2.5,5.0,1.0,5.0,5.0,5.0,masking_sources,2.0,5.0,11.0,1.0,3.0,10.0,-0.5,0.5,0.2,5.0,0.5,10.0,0.0,0.0,10.0,Face-on,3502.0,25.8,135.5,0.0,3.0,0.0182,0.0027699999045580626,6.6,0.0,3.0,50.0,4.0,6.6,12.4,0.0,0.0,0.0,0.0,84
