GAL,ra,dec,radvel,z,mag,r20,r50,r80,flux_c,flux_e,rpetro_c,rpetro_e,rhalf_c,rhalf_e,Gini,M20,F(G_M20),S(G_M20),SN_per_pixel,C,A,S,M,I,D,Ao,As,Ser_A,Ser_R,Ser_n,Ser_xc,Ser_yc,Ser_ellip,Ser_theta,flag_morph,flag_sersic,ima_sc_pix2arc,ima_sc_arc2kpc,psf_arcsec,size_image_phy_kpc,zp_ima,eta,petro_extent_cas,snr,area_min,debleding,area_min_deblend,skybox_x,skybox_y,sky_method,nsigma,npixels,dilate_size,mask_stars,fwhm,threshold,roundlo,roundhi,sharplo,aper_stars,aper_fact,aper_center,aper_ellip,aper_pa,dr,View,area_segmap_pix,area_psf_pix,ratio_segmap_psf,flag_area,flag_area_th,SN_gal,bck,ratio_SN_gal,flag_SN,flag_SN_th,perc_SN_flag,perc_20_SN_gal,perc_50_SN_gal,perc_80_SN_gal,flag_image,flag_bck,flag_object,flag_statmorph,index
123r,2.5253612595082324,-9.238880258958828,5000.0,0.0279,nan,4.4001487034451445,8.733118365560674,15.062028286463287,101.22403657672047,100.4059510013264,19.352833137066813,24.758511541319272,8.845732268046447,12.591652199331826,0.4572107405557315,-1.4642701455226472,-0.6820676234019345,-0.07789491707747379,0.3253020942211151,2.672080525563713,0.11340075819485597,0.040826102684726494,0.3333333333333333,0.0,0.09164366083436112,0.1541708669244914,0.2683617270485741,0.26023417867494497,12.115491898477888,0.3912518761703061,322.49384342571466,322.11435988683667,0.7128523912052092,0.5316826245129326,0.0,0.0,0.27,0.34629548650952463,1.3697863,30.0,22.5,0.2,1.5,2.5,5.0,1.0,5.0,5.0,5.0,masking_sources,2.0,5.0,11.0,1.0,3.0,10.0,-0.5,0.5,0.2,5.0,0.5,10.0,0.0,0.0,10.0,Edge-on,1097.0,20.2,54.3,0.0,3.0,0.0406,0.003599999938160181,11.3,0.0,3.0,50.0,4.4,11.3,41.9,0.0,0.0,0.0,0.0,123
