GAL,ra,dec,radvel,z,mag,r20,r50,r80,flux_c,flux_e,rpetro_c,rpetro_e,rhalf_c,rhalf_e,Gini,M20,F(G_M20),S(G_M20),SN_per_pixel,C,A,S,M,I,D,Ao,As,Ser_A,Ser_R,Ser_n,Ser_xc,Ser_yc,Ser_ellip,Ser_theta,flag_morph,flag_sersic,ima_sc_pix2arc,ima_sc_arc2kpc,psf_arcsec,size_image_phy_kpc,zp_ima,eta,petro_extent_cas,snr,area_min,debleding,area_min_deblend,skybox_x,skybox_y,sky_method,nsigma,npixels,dilate_size,mask_stars,fwhm,threshold,roundlo,roundhi,sharplo,aper_stars,aper_fact,aper_center,aper_ellip,aper_pa,dr,View,area_segmap_pix,area_psf_pix,ratio_segmap_psf,flag_area,flag_area_th,SN_gal,bck,ratio_SN_gal,flag_SN,flag_SN_th,perc_SN_flag,perc_20_SN_gal,perc_50_SN_gal,perc_80_SN_gal,flag_image,flag_bck,flag_object,flag_statmorph,index
133r,319.23307793302354,-7.609711695910878,5000.0,0.0293,nan,5.8748574245609975,12.671441243009431,24.480560301691362,74.86638832897316,74.32190996798283,32.81580879267673,44.207071579488726,13.020965301154646,21.480570791081433,0.5028874867714476,-1.8343333147408292,-0.19951395336594002,-0.08411371884524221,0.17471943795681,3.0991201113255835,0.1148249016885364,0.08615689632186814,0.02385008517887564,0.034305462818142514,0.028883680741352703,0.12805108075488353,0.21258836391734762,0.07819518717519071,19.489908724157033,0.48574603671024247,320.87359764731684,318.0351077878793,0.7561432133271103,1.7684421309319696,2.0,0.0,0.27,0.34629548650952463,1.5214887,30.0,22.5,0.2,1.5,2.5,5.0,1.0,5.0,5.0,5.0,masking_sources,2.0,5.0,11.0,1.0,3.0,10.0,-0.5,0.5,0.2,5.0,0.5,10.0,0.0,0.0,10.0,Edge-on,1632.0,24.9,65.4,0.0,3.0,0.02933,0.003449999960139394,8.5,0.0,3.0,50.0,4.1,8.5,17.4,0.0,0.0,0.0,0.0,133
