GAL,ra,dec,radvel,z,mag,r20,r50,r80,flux_c,flux_e,rpetro_c,rpetro_e,rhalf_c,rhalf_e,Gini,M20,F(G_M20),S(G_M20),SN_per_pixel,C,A,S,M,I,D,Ao,As,Ser_A,Ser_R,Ser_n,Ser_xc,Ser_yc,Ser_ellip,Ser_theta,flag_morph,flag_sersic,ima_sc_pix2arc,ima_sc_arc2kpc,psf_arcsec,size_image_phy_kpc,zp_ima,eta,petro_extent_cas,snr,area_min,debleding,area_min_deblend,skybox_x,skybox_y,sky_method,nsigma,npixels,dilate_size,mask_stars,fwhm,threshold,roundlo,roundhi,sharplo,aper_stars,aper_fact,aper_center,aper_ellip,aper_pa,dr,View,area_segmap_pix,area_psf_pix,ratio_segmap_psf,flag_area,flag_area_th,SN_gal,bck,ratio_SN_gal,flag_SN,flag_SN_th,perc_SN_flag,perc_20_SN_gal,perc_50_SN_gal,perc_80_SN_gal,flag_image,flag_bck,flag_object,flag_statmorph,index
189r,163.13715535092146,3.0191531204556785,5000.0,0.0191,nan,4.097092172707494,9.831256583005805,19.118360870957975,281.12663538156426,282.8965314579714,23.562315438807737,29.779492647522805,10.501458976665234,12.663427669426852,0.5548854942410673,-2.0052326345735785,0.17630941225277308,-0.056390696907070825,0.31562912464141846,3.344874602478929,0.06187455120401674,0.008016751735877322,0.004186602870813397,0.0,0.02483839137523467,0.10835225245817597,0.2087000763951421,0.25920621581375486,10.547944925533812,1.2671915075243598,320.2480695775341,319.7796327444727,0.34350892449087866,1.2073872983040792,0.0,0.0,0.27,0.34629548650952463,1.2426082,30.0,22.5,0.2,1.5,2.5,5.0,1.0,5.0,5.0,5.0,masking_sources,2.0,5.0,11.0,1.0,3.0,10.0,-0.5,0.5,0.2,5.0,0.5,10.0,0.0,0.0,10.0,Face-on,3468.0,16.6,208.5,0.0,3.0,0.02919,0.0034600000362843275,8.4,0.0,3.0,50.0,4.3,8.4,25.3,0.0,0.0,0.0,0.0,189
