GAL,ra,dec,radvel,z,mag,r20,r50,r80,flux_c,flux_e,rpetro_c,rpetro_e,rhalf_c,rhalf_e,Gini,M20,F(G_M20),S(G_M20),SN_per_pixel,C,A,S,M,I,D,Ao,As,Ser_A,Ser_R,Ser_n,Ser_xc,Ser_yc,Ser_ellip,Ser_theta,flag_morph,flag_sersic,ima_sc_pix2arc,ima_sc_arc2kpc,psf_arcsec,size_image_phy_kpc,zp_ima,eta,petro_extent_cas,snr,area_min,debleding,area_min_deblend,skybox_x,skybox_y,sky_method,nsigma,npixels,dilate_size,mask_stars,fwhm,threshold,roundlo,roundhi,sharplo,aper_stars,aper_fact,aper_center,aper_ellip,aper_pa,dr,View,area_segmap_pix,area_psf_pix,ratio_segmap_psf,flag_area,flag_area_th,SN_gal,bck,ratio_SN_gal,flag_SN,flag_SN_th,perc_SN_flag,perc_20_SN_gal,perc_50_SN_gal,perc_80_SN_gal,flag_image,flag_bck,flag_object,flag_statmorph,index
332r,311.3631254749111,-0.11098836870150708,5000.0,0.058,nan,5.478761584481169,10.98585122869402,19.932325931084417,101.82529016337533,100.37343998752631,26.902377045554594,33.3808147907795,11.026851082947848,16.808944569273276,0.4559276353732015,-1.4868745392446256,-0.6727541492061269,-0.08230720193553351,0.2466614693403244,2.8043778907001,0.1702282685120105,0.019553760772374258,0.04234527687296417,0.13060801189621254,0.03934088549998813,0.21854038329378547,0.20613731409515007,0.1309228040242222,15.66036266242699,0.4597856435915715,320.2739606717934,320.51179064643037,0.6748012707036111,0.9809143484446505,0.0,0.0,0.27,0.34629548650952463,1.364392,30.0,22.5,0.2,1.5,2.5,5.0,1.0,5.0,5.0,5.0,masking_sources,2.0,5.0,11.0,1.0,3.0,10.0,-0.5,0.5,0.2,5.0,0.5,10.0,0.0,0.0,10.0,Edge-on,1529.0,20.1,76.2,0.0,3.0,0.03902,0.002859999891370535,13.6,0.0,3.0,50.0,5.3,13.6,35.7,0.0,0.0,0.0,0.0,332
