GAL,ra,dec,radvel,z,mag,r20,r50,r80,flux_c,flux_e,rpetro_c,rpetro_e,rhalf_c,rhalf_e,Gini,M20,F(G_M20),S(G_M20),SN_per_pixel,C,A,S,M,I,D,Ao,As,Ser_A,Ser_R,Ser_n,Ser_xc,Ser_yc,Ser_ellip,Ser_theta,flag_morph,flag_sersic,ima_sc_pix2arc,ima_sc_arc2kpc,psf_arcsec,size_image_phy_kpc,zp_ima,eta,petro_extent_cas,snr,area_min,debleding,area_min_deblend,skybox_x,skybox_y,sky_method,nsigma,npixels,dilate_size,mask_stars,fwhm,threshold,roundlo,roundhi,sharplo,aper_stars,aper_fact,aper_center,aper_ellip,aper_pa,dr,View,area_segmap_pix,area_psf_pix,ratio_segmap_psf,flag_area,flag_area_th,SN_gal,bck,ratio_SN_gal,flag_SN,flag_SN_th,perc_SN_flag,perc_20_SN_gal,perc_50_SN_gal,perc_80_SN_gal,flag_image,flag_bck,flag_object,flag_statmorph,index
574r,154.8379717087914,10.173821637934479,5000.0,0.0522,nan,3.4297098872865774,6.822443617045294,11.990266149221966,188.92416700044998,189.36945198183696,15.061024591329316,19.920062891963443,7.065056005531803,9.091051716727765,0.49683656640907886,-1.7570496184906377,-0.28302361066104753,-0.07936169622521061,0.44586244225502014,2.7178571892228054,0.060946514052253424,-0.00040397495487698985,0.00211864406779661,0.0,0.0321877910633761,-0.02965543557059829,0.14930347184314532,0.4433501365929932,8.446930488105465,0.852601968206479,320.48467356805924,320.0281991538401,0.4873590040553885,2.2983837279783366,0.0,0.0,0.27,0.34629548650952463,1.1742208,30.0,22.5,0.2,1.5,2.5,5.0,1.0,5.0,5.0,5.0,masking_sources,2.0,5.0,11.0,1.0,3.0,10.0,-0.5,0.5,0.2,5.0,0.5,10.0,0.0,0.0,10.0,Face-on,1226.0,14.9,82.5,0.0,3.0,0.05964,0.005379999987781048,11.1,0.0,3.0,50.0,4.4,11.1,38.8,0.0,0.0,0.0,0.0,574
