GAL,ra,dec,radvel,z,mag,r20,r50,r80,flux_c,flux_e,rpetro_c,rpetro_e,rhalf_c,rhalf_e,Gini,M20,F(G_M20),S(G_M20),SN_per_pixel,C,A,S,M,I,D,Ao,As,Ser_A,Ser_R,Ser_n,Ser_xc,Ser_yc,Ser_ellip,Ser_theta,flag_morph,flag_sersic,ima_sc_pix2arc,ima_sc_arc2kpc,psf_arcsec,size_image_phy_kpc,zp_ima,eta,petro_extent_cas,snr,area_min,debleding,area_min_deblend,skybox_x,skybox_y,sky_method,nsigma,npixels,dilate_size,mask_stars,fwhm,threshold,roundlo,roundhi,sharplo,aper_stars,aper_fact,aper_center,aper_ellip,aper_pa,dr,View,area_segmap_pix,area_psf_pix,ratio_segmap_psf,flag_area,flag_area_th,SN_gal,bck,ratio_SN_gal,flag_SN,flag_SN_th,perc_SN_flag,perc_20_SN_gal,perc_50_SN_gal,perc_80_SN_gal,flag_image,flag_bck,flag_object,flag_statmorph,index
303r,236.98051752980606,6.283857913951977,5000.0,0.042,nan,4.602552542356433,9.627965465916615,18.628869878142837,124.12263140727558,122.95876398945163,23.872223698887606,33.71237883528403,9.927866091839668,16.324242050446387,0.531309554313937,-1.4988537130896888,-0.29131208297485767,-0.009344207348669198,0.2868286371231079,3.0359387705623226,0.12277765037789715,0.025311348160792335,0.0031645569620253164,0.0,0.02278753433943587,0.12954888307632856,0.27973748140897675,0.21914813879905792,14.464146485447461,0.6937349488200256,320.6713181471082,320.3486260588354,0.7610716082063748,2.707972326521781,0.0,0.0,0.27,0.34629548650952463,1.1736736,30.0,22.5,0.2,1.5,2.5,5.0,1.0,5.0,5.0,5.0,masking_sources,2.0,5.0,11.0,1.0,3.0,10.0,-0.5,0.5,0.2,5.0,0.5,10.0,0.0,0.0,10.0,Edge-on,1329.0,14.8,89.6,0.0,3.0,0.04618,0.004459999967366457,10.4,0.0,3.0,50.0,4.2,10.4,29.0,0.0,0.0,0.0,0.0,303
