GAL,ra,dec,radvel,z,mag,r20,r50,r80,flux_c,flux_e,rpetro_c,rpetro_e,rhalf_c,rhalf_e,Gini,M20,F(G_M20),S(G_M20),SN_per_pixel,C,A,S,M,I,D,Ao,As,Ser_A,Ser_R,Ser_n,Ser_xc,Ser_yc,Ser_ellip,Ser_theta,flag_morph,flag_sersic,ima_sc_pix2arc,ima_sc_arc2kpc,psf_arcsec,size_image_phy_kpc,zp_ima,eta,petro_extent_cas,snr,area_min,debleding,area_min_deblend,skybox_x,skybox_y,sky_method,nsigma,npixels,dilate_size,mask_stars,fwhm,threshold,roundlo,roundhi,sharplo,aper_stars,aper_fact,aper_center,aper_ellip,aper_pa,dr,View,area_segmap_pix,area_psf_pix,ratio_segmap_psf,flag_area,flag_area_th,SN_gal,bck,ratio_SN_gal,flag_SN,flag_SN_th,perc_SN_flag,perc_20_SN_gal,perc_50_SN_gal,perc_80_SN_gal,flag_image,flag_bck,flag_object,flag_statmorph,index
357r,151.56571479066213,3.4488666773245664,5000.0,0.0689,nan,4.123524755883604,7.819986994916566,12.808119843685956,86.70771723578733,86.69638582051775,16.052500529633605,16.794152022941347,7.925250963519986,8.293861731967516,0.4440516271108412,-1.6482922960684139,-0.6196778846259252,-0.11650151831377681,0.2850434482097626,2.461083881669028,0.10878471570911455,0.027005948444478588,0.0018181818181818182,0.0,0.07817773205908722,0.06139343408593106,0.3156846748879088,0.18020578445866053,7.528809647935687,0.6025491379621603,321.1856665619542,319.87605771626346,0.19660125439653073,2.944579463186483,0.0,0.0,0.27,0.34629548650952463,1.6847123,30.0,22.5,0.2,1.5,2.5,5.0,1.0,5.0,5.0,5.0,masking_sources,2.0,5.0,11.0,1.0,3.0,10.0,-0.5,0.5,0.2,5.0,0.5,10.0,0.0,0.0,10.0,Face-on,1129.0,30.6,36.9,0.0,3.0,0.0398,0.0035000001080334187,11.4,0.0,3.0,50.0,4.6,11.4,32.6,0.0,0.0,0.0,0.0,357
