GAL,ra,dec,radvel,z,mag,r20,r50,r80,flux_c,flux_e,rpetro_c,rpetro_e,rhalf_c,rhalf_e,Gini,M20,F(G_M20),S(G_M20),SN_per_pixel,C,A,S,M,I,D,Ao,As,Ser_A,Ser_R,Ser_n,Ser_xc,Ser_yc,Ser_ellip,Ser_theta,flag_morph,flag_sersic,ima_sc_pix2arc,ima_sc_arc2kpc,psf_arcsec,size_image_phy_kpc,zp_ima,eta,petro_extent_cas,snr,area_min,debleding,area_min_deblend,skybox_x,skybox_y,sky_method,nsigma,npixels,dilate_size,mask_stars,fwhm,threshold,roundlo,roundhi,sharplo,aper_stars,aper_fact,aper_center,aper_ellip,aper_pa,dr,View,area_segmap_pix,area_psf_pix,ratio_segmap_psf,flag_area,flag_area_th,SN_gal,bck,ratio_SN_gal,flag_SN,flag_SN_th,perc_SN_flag,perc_20_SN_gal,perc_50_SN_gal,perc_80_SN_gal,flag_image,flag_bck,flag_object,flag_statmorph,index
349r,326.1181708394842,-8.914793574735862,5000.0,0.0509,nan,4.833256983150383,9.882395259710405,18.05370073452688,93.34790693676226,91.07916945942523,22.145844308114814,28.773993035378542,10.082997606259372,13.787848708524297,0.48938875694192036,-1.781114309620557,-0.30321343657044775,-0.09008001966475632,0.21996527910232544,2.8616317602614783,0.018331328086148284,0.027314906085175096,0.011538461538461539,0.0,0.0761869855016618,-0.03412717723628899,0.2637057281791568,0.11095693949054146,11.501288588205762,0.7015863755400625,319.8636211611801,320.49912351974064,0.5051640635168889,2.3512540385419674,0.0,0.0,0.27,0.34629548650952463,1.3115871,30.0,22.5,0.2,1.5,2.5,5.0,1.0,5.0,5.0,5.0,masking_sources,2.0,5.0,11.0,1.0,3.0,10.0,-0.5,0.5,0.2,5.0,0.5,10.0,0.0,0.0,10.0,Edge-on,1198.0,18.5,64.6,0.0,3.0,0.04175,0.005619999952614307,7.4,0.0,3.0,50.0,4.1,7.4,16.5,0.0,0.0,0.0,0.0,349
