GAL,ra,dec,radvel,z,mag,r20,r50,r80,flux_c,flux_e,rpetro_c,rpetro_e,rhalf_c,rhalf_e,Gini,M20,F(G_M20),S(G_M20),SN_per_pixel,C,A,S,M,I,D,Ao,As,Ser_A,Ser_R,Ser_n,Ser_xc,Ser_yc,Ser_ellip,Ser_theta,flag_morph,flag_sersic,ima_sc_pix2arc,ima_sc_arc2kpc,psf_arcsec,size_image_phy_kpc,zp_ima,eta,petro_extent_cas,snr,area_min,debleding,area_min_deblend,skybox_x,skybox_y,sky_method,nsigma,npixels,dilate_size,mask_stars,fwhm,threshold,roundlo,roundhi,sharplo,aper_stars,aper_fact,aper_center,aper_ellip,aper_pa,dr,View,area_segmap_pix,area_psf_pix,ratio_segmap_psf,flag_area,flag_area_th,SN_gal,bck,ratio_SN_gal,flag_SN,flag_SN_th,perc_SN_flag,perc_20_SN_gal,perc_50_SN_gal,perc_80_SN_gal,flag_image,flag_bck,flag_object,flag_statmorph,index
573r,118.26692707947414,28.835066042667474,5000.0,0.0758,nan,2.7857745314632734,5.88747920359065,11.190520221925823,89.67053173866258,89.68290261202858,14.045689281679369,14.139202832860363,6.173551347527007,6.217767944367898,0.5341580540808096,-1.8739812465105097,-0.01724862846820896,-0.05866691972495941,0.30936601758003235,3.0195215638491475,-0.007776148233070163,-0.00996905011409213,0.007075471698113208,0.0,0.017808725247098787,-0.06799380115998846,0.2870995109650411,0.29186653919495753,4.521605077025151,1.2946572245400034,319.9001875318863,319.87178223669395,0.002134148497771648,1.7002121934073369,0.0,0.0,0.27,0.34629548650952463,1.5896127,30.0,22.5,0.2,1.5,2.5,5.0,1.0,5.0,5.0,5.0,masking_sources,2.0,5.0,11.0,1.0,3.0,10.0,-0.5,0.5,0.2,5.0,0.5,10.0,0.0,0.0,10.0,Face-on,946.0,27.2,34.7,0.0,3.0,0.03719,0.004629999864846468,8.0,0.0,3.0,50.0,4.2,8.0,23.7,0.0,0.0,0.0,0.0,573
