GAL,ra,dec,radvel,z,mag,r20,r50,r80,flux_c,flux_e,rpetro_c,rpetro_e,rhalf_c,rhalf_e,Gini,M20,F(G_M20),S(G_M20),SN_per_pixel,C,A,S,M,I,D,Ao,As,Ser_A,Ser_R,Ser_n,Ser_xc,Ser_yc,Ser_ellip,Ser_theta,flag_morph,flag_sersic,ima_sc_pix2arc,ima_sc_arc2kpc,psf_arcsec,size_image_phy_kpc,zp_ima,eta,petro_extent_cas,snr,area_min,debleding,area_min_deblend,skybox_x,skybox_y,sky_method,nsigma,npixels,dilate_size,mask_stars,fwhm,threshold,roundlo,roundhi,sharplo,aper_stars,aper_fact,aper_center,aper_ellip,aper_pa,dr,View,area_segmap_pix,area_psf_pix,ratio_segmap_psf,flag_area,flag_area_th,SN_gal,bck,ratio_SN_gal,flag_SN,flag_SN_th,perc_SN_flag,perc_20_SN_gal,perc_50_SN_gal,perc_80_SN_gal,flag_image,flag_bck,flag_object,flag_statmorph,index
115r,24.29638692440519,0.8824410283627854,5000.0,0.0189,nan,2.5601488678455135,5.149477323463581,9.57291764470612,134.71872859735976,135.87838066213126,11.924202531174679,16.168925470902636,5.846243015361348,7.719007260520171,0.5233229847870468,-1.7660251520518864,-0.14569579493216134,-0.0543877411960359,0.4473809003829956,2.8638955163159006,0.0331281919561649,0.05742869586488054,0.0,0.0,0.006238238417744417,0.14284542856216959,0.4022767830281468,0.40725699196807064,5.8340172021596395,1.5973984771619703,320.0931835444403,320.0316448371401,0.3416384149223659,1.2416268823775394,0.0,0.0,0.27,0.34629548650952463,1.2450938,30.0,22.5,0.2,1.5,2.5,5.0,1.0,5.0,5.0,5.0,masking_sources,2.0,5.0,11.0,1.0,3.0,10.0,-0.5,0.5,0.2,5.0,0.5,10.0,0.0,0.0,10.0,Face-on,2268.0,16.7,135.8,0.0,3.0,0.01359,0.0013500000350177288,10.1,0.0,3.0,50.0,4.5,10.1,36.5,0.0,0.0,0.0,0.0,115
