GAL,ra,dec,radvel,z,mag,r20,r50,r80,flux_c,flux_e,rpetro_c,rpetro_e,rhalf_c,rhalf_e,Gini,M20,F(G_M20),S(G_M20),SN_per_pixel,C,A,S,M,I,D,Ao,As,Ser_A,Ser_R,Ser_n,Ser_xc,Ser_yc,Ser_ellip,Ser_theta,flag_morph,flag_sersic,ima_sc_pix2arc,ima_sc_arc2kpc,psf_arcsec,size_image_phy_kpc,zp_ima,eta,petro_extent_cas,snr,area_min,debleding,area_min_deblend,skybox_x,skybox_y,sky_method,nsigma,npixels,dilate_size,mask_stars,fwhm,threshold,roundlo,roundhi,sharplo,aper_stars,aper_fact,aper_center,aper_ellip,aper_pa,dr,View,area_segmap_pix,area_psf_pix,ratio_segmap_psf,flag_area,flag_area_th,SN_gal,bck,ratio_SN_gal,flag_SN,flag_SN_th,perc_SN_flag,perc_20_SN_gal,perc_50_SN_gal,perc_80_SN_gal,flag_image,flag_bck,flag_object,flag_statmorph,index
14r,61.151277049611515,-6.546419968679762,5000.0,0.0136,nan,10.52468967100718,22.31098723124468,37.78713257150896,112.37122715618888,111.97689683862285,48.4353026674562,63.62756977053919,22.246113172436267,28.95267165629596,0.47171194151704987,-1.8206459031073696,-0.36331827863719557,-0.11307495843004506,0.11397179961204529,2.775673190554002,-0.07686553170046664,-0.0361476365061118,0.013121546961325966,0.05454623897483255,0.024967597214116812,-0.09964832320777318,0.15753316295045325,0.0289349923375082,25.056428113167197,0.5970417172575204,320.8327531728968,320.30861755114074,0.4865998903007707,0.8724008087782787,0.0,0.0,0.27,0.34629548650952463,1.5241379,30.0,22.5,0.2,1.5,2.5,5.0,1.0,5.0,5.0,5.0,masking_sources,2.0,5.0,11.0,1.0,3.0,10.0,-0.5,0.5,0.2,5.0,0.5,10.0,0.0,0.0,10.0,Face-on,4014.0,25.0,160.4,0.0,3.0,0.01652,0.0030799999367445707,5.4,0.0,3.0,50.0,3.6,5.4,9.8,0.0,0.0,0.0,0.0,14
