GAL,ra,dec,radvel,z,mag,r20,r50,r80,flux_c,flux_e,rpetro_c,rpetro_e,rhalf_c,rhalf_e,Gini,M20,F(G_M20),S(G_M20),SN_per_pixel,C,A,S,M,I,D,Ao,As,Ser_A,Ser_R,Ser_n,Ser_xc,Ser_yc,Ser_ellip,Ser_theta,flag_morph,flag_sersic,ima_sc_pix2arc,ima_sc_arc2kpc,psf_arcsec,size_image_phy_kpc,zp_ima,eta,petro_extent_cas,snr,area_min,debleding,area_min_deblend,skybox_x,skybox_y,sky_method,nsigma,npixels,dilate_size,mask_stars,fwhm,threshold,roundlo,roundhi,sharplo,aper_stars,aper_fact,aper_center,aper_ellip,aper_pa,dr,View,area_segmap_pix,area_psf_pix,ratio_segmap_psf,flag_area,flag_area_th,SN_gal,bck,ratio_SN_gal,flag_SN,flag_SN_th,perc_SN_flag,perc_20_SN_gal,perc_50_SN_gal,perc_80_SN_gal,flag_image,flag_bck,flag_object,flag_statmorph,index
971r,249.50927412605188,-0.17588763430289678,5000.0,0.092,nan,2.3944828657968005,5.052861012752187,10.230899123033561,213.36502211690197,212.6698653258755,12.415755018721107,13.991905491407048,6.032845505859204,6.937902560483082,0.550848125113455,-1.860678645817343,0.05614852086302147,-0.04029468790629026,0.5330727100372314,3.1535103441115493,0.023330487472828197,0.0016349957279983398,0.0,0.0,0.027552354624880954,0.007983283162270913,0.15258645008555644,0.5452242497774227,5.712839843479525,2.1743562050887646,320.11138544998823,319.8018626279365,0.29762931866229086,2.850063654263458,0.0,0.0,0.27,0.34629548650952463,1.2434615,30.0,22.5,0.2,1.5,2.5,5.0,1.0,5.0,5.0,5.0,masking_sources,2.0,5.0,11.0,1.0,3.0,10.0,-0.5,0.5,0.2,5.0,0.5,10.0,0.0,0.0,10.0,Face-on,1821.0,16.7,109.3,0.0,3.0,0.03413,0.004809999838471413,7.1,0.0,3.0,50.0,3.9,7.1,20.5,0.0,0.0,0.0,0.0,971
