GAL,ra,dec,radvel,z,mag,r20,r50,r80,flux_c,flux_e,rpetro_c,rpetro_e,rhalf_c,rhalf_e,Gini,M20,F(G_M20),S(G_M20),SN_per_pixel,C,A,S,M,I,D,Ao,As,Ser_A,Ser_R,Ser_n,Ser_xc,Ser_yc,Ser_ellip,Ser_theta,flag_morph,flag_sersic,ima_sc_pix2arc,ima_sc_arc2kpc,psf_arcsec,size_image_phy_kpc,zp_ima,eta,petro_extent_cas,snr,area_min,debleding,area_min_deblend,skybox_x,skybox_y,sky_method,nsigma,npixels,dilate_size,mask_stars,fwhm,threshold,roundlo,roundhi,sharplo,aper_stars,aper_fact,aper_center,aper_ellip,aper_pa,dr,View,area_segmap_pix,area_psf_pix,ratio_segmap_psf,flag_area,flag_area_th,SN_gal,bck,ratio_SN_gal,flag_SN,flag_SN_th,perc_SN_flag,perc_20_SN_gal,perc_50_SN_gal,perc_80_SN_gal,flag_image,flag_bck,flag_object,flag_statmorph,index
679r,354.08055092935564,-10.750981823653603,5000.0,0.1121,nan,4.664226306466352,8.993689759620466,14.515997514796018,81.6673754681494,81.61998071923531,18.10585261263346,20.605138792172063,9.095431388187803,10.449087777816379,0.42750063022215246,-1.659805283817598,-0.6936268187147494,-0.13448731053071525,0.25162452459335327,2.4653363555598555,0.16683746711385247,0.028018023740026942,0.0041797283176593526,0.0,0.0781653026760422,0.1653415206142948,0.27275680764402854,0.11972281896262343,9.661196653623925,0.5216042779142025,319.08757697663384,319.03633784836427,0.28569615281129507,1.9007237601546851,0.0,0.0,0.27,0.34629548650952463,1.1723517,30.0,22.5,0.2,1.5,2.5,5.0,1.0,5.0,5.0,5.0,masking_sources,2.0,5.0,11.0,1.0,3.0,10.0,-0.5,0.5,0.2,5.0,0.5,10.0,0.0,0.0,10.0,Face-on,1179.0,14.8,79.6,0.0,3.0,0.04115,0.003809999907389283,10.8,0.0,3.0,50.0,4.6,10.8,26.7,0.0,0.0,0.0,0.0,679
