GAL,ra,dec,radvel,z,mag,r20,r50,r80,flux_c,flux_e,rpetro_c,rpetro_e,rhalf_c,rhalf_e,Gini,M20,F(G_M20),S(G_M20),SN_per_pixel,C,A,S,M,I,D,Ao,As,Ser_A,Ser_R,Ser_n,Ser_xc,Ser_yc,Ser_ellip,Ser_theta,flag_morph,flag_sersic,ima_sc_pix2arc,ima_sc_arc2kpc,psf_arcsec,size_image_phy_kpc,zp_ima,eta,petro_extent_cas,snr,area_min,debleding,area_min_deblend,skybox_x,skybox_y,sky_method,nsigma,npixels,dilate_size,mask_stars,fwhm,threshold,roundlo,roundhi,sharplo,aper_stars,aper_fact,aper_center,aper_ellip,aper_pa,dr,View,area_segmap_pix,area_psf_pix,ratio_segmap_psf,flag_area,flag_area_th,SN_gal,bck,ratio_SN_gal,flag_SN,flag_SN_th,perc_SN_flag,perc_20_SN_gal,perc_50_SN_gal,perc_80_SN_gal,flag_image,flag_bck,flag_object,flag_statmorph,index
955r,199.10082159718752,0.28515278773029185,5000.0,0.1113,nan,2.7387699367251312,5.627220172775507,11.109037527647887,88.1598788796961,88.85986913728658,13.389940155001511,17.417922479647466,5.959819262222172,7.249147518927779,0.5559910353559384,-1.87952803442405,0.09466855286776177,-0.03782327178256395,0.29737424850463867,3.0406044093342377,0.012082752044779136,-0.003791494936907311,0.005847953216374269,0.0,0.02737158352048963,0.0033934467405736806,0.14206213397772194,0.2845438925465694,5.476902534076828,1.5463337870347784,320.291727220467,320.0632764041922,0.34255234558906467,0.7179150992885202,0.0,0.0,0.27,0.34629548650952463,1.5430193,30.0,22.5,0.2,1.5,2.5,5.0,1.0,5.0,5.0,5.0,masking_sources,2.0,5.0,11.0,1.0,3.0,10.0,-0.5,0.5,0.2,5.0,0.5,10.0,0.0,0.0,10.0,Face-on,969.0,25.7,37.8,0.0,3.0,0.03537,0.004430000204592943,8.0,0.0,3.0,50.0,4.4,8.0,22.3,0.0,0.0,0.0,0.0,955
