GAL,ra,dec,radvel,z,mag,r20,r50,r80,flux_c,flux_e,rpetro_c,rpetro_e,rhalf_c,rhalf_e,Gini,M20,F(G_M20),S(G_M20),SN_per_pixel,C,A,S,M,I,D,Ao,As,Ser_A,Ser_R,Ser_n,Ser_xc,Ser_yc,Ser_ellip,Ser_theta,flag_morph,flag_sersic,ima_sc_pix2arc,ima_sc_arc2kpc,psf_arcsec,size_image_phy_kpc,zp_ima,eta,petro_extent_cas,snr,area_min,debleding,area_min_deblend,skybox_x,skybox_y,sky_method,nsigma,npixels,dilate_size,mask_stars,fwhm,threshold,roundlo,roundhi,sharplo,aper_stars,aper_fact,aper_center,aper_ellip,aper_pa,dr,View,area_segmap_pix,area_psf_pix,ratio_segmap_psf,flag_area,flag_area_th,SN_gal,bck,ratio_SN_gal,flag_SN,flag_SN_th,perc_SN_flag,perc_20_SN_gal,perc_50_SN_gal,perc_80_SN_gal,flag_image,flag_bck,flag_object,flag_statmorph,index
746r,129.42874555291036,27.199113565214716,5000.0,0.1188,nan,6.4171900815135965,12.16481735070546,17.98325767242155,103.27821427875834,103.17521029099021,23.28043300904907,25.411269689810915,12.164474571052722,13.608604232843566,0.3856334507730925,-1.5764812754142965,-0.9586128948110844,-0.16435378101722564,0.22938886284828186,2.2376173175944296,0.2324872204677109,0.027395041908234885,0.09342560553633218,0.08853144706995272,0.08073790197365521,0.22726264805190868,0.15097468134643652,0.09430046964430987,12.789937082333461,0.25987914134400547,321.36927438633944,318.509550160177,0.19485094008487278,2.8126382258951175,0.0,0.0,0.27,0.34629548650952463,1.6081247,30.0,22.5,0.2,1.5,2.5,5.0,1.0,5.0,5.0,5.0,masking_sources,2.0,5.0,11.0,1.0,3.0,10.0,-0.5,0.5,0.2,5.0,0.5,10.0,0.0,0.0,10.0,Face-on,1646.0,27.9,59.1,0.0,3.0,0.05038,0.004459999967366457,11.3,0.0,3.0,50.0,4.8,11.3,20.2,0.0,0.0,0.0,0.0,746
