GAL,ra,dec,radvel,z,mag,r20,r50,r80,flux_c,flux_e,rpetro_c,rpetro_e,rhalf_c,rhalf_e,Gini,M20,F(G_M20),S(G_M20),SN_per_pixel,C,A,S,M,I,D,Ao,As,Ser_A,Ser_R,Ser_n,Ser_xc,Ser_yc,Ser_ellip,Ser_theta,flag_morph,flag_sersic,ima_sc_pix2arc,ima_sc_arc2kpc,psf_arcsec,size_image_phy_kpc,zp_ima,eta,petro_extent_cas,snr,area_min,debleding,area_min_deblend,skybox_x,skybox_y,sky_method,nsigma,npixels,dilate_size,mask_stars,fwhm,threshold,roundlo,roundhi,sharplo,aper_stars,aper_fact,aper_center,aper_ellip,aper_pa,dr,View,area_segmap_pix,area_psf_pix,ratio_segmap_psf,flag_area,flag_area_th,SN_gal,bck,ratio_SN_gal,flag_SN,flag_SN_th,perc_SN_flag,perc_20_SN_gal,perc_50_SN_gal,perc_80_SN_gal,flag_image,flag_bck,flag_object,flag_statmorph,index
159r,122.93874982871193,23.47379826411218,5000.0,0.0157,nan,3.036114579070173,6.814930541449965,13.006117421121353,272.53575277603386,272.54655955297164,16.464845672920735,16.5152080365279,7.194735499137229,7.217346282681943,0.5313131680053835,-1.9374438805293248,0.012648790833470702,-0.07030466306824651,0.4632091224193573,3.1591475665696733,0.00815322572980542,0.0272556201276408,0.001375515818431912,0.0,0.01809794048183551,-0.025064577203704325,0.26441343127140815,0.5196008832650146,6.124146939617845,1.2937294722088881,320.1484133316396,319.8260281689134,0.022104140932333448,2.2339848690499107,0.0,0.0,0.27,0.34629548650952463,1.409934,30.0,22.5,0.2,1.5,2.5,5.0,1.0,5.0,5.0,5.0,masking_sources,2.0,5.0,11.0,1.0,3.0,10.0,-0.5,0.5,0.2,5.0,0.5,10.0,0.0,0.0,10.0,Face-on,1843.0,21.4,86.1,0.0,3.0,0.04824,0.0049299998208880424,9.8,0.0,3.0,50.0,4.2,9.8,33.8,0.0,0.0,0.0,0.0,159
