GAL,ra,dec,radvel,z,mag,r20,r50,r80,flux_c,flux_e,rpetro_c,rpetro_e,rhalf_c,rhalf_e,Gini,M20,F(G_M20),S(G_M20),SN_per_pixel,C,A,S,M,I,D,Ao,As,Ser_A,Ser_R,Ser_n,Ser_xc,Ser_yc,Ser_ellip,Ser_theta,flag_morph,flag_sersic,ima_sc_pix2arc,ima_sc_arc2kpc,psf_arcsec,size_image_phy_kpc,zp_ima,eta,petro_extent_cas,snr,area_min,debleding,area_min_deblend,skybox_x,skybox_y,sky_method,nsigma,npixels,dilate_size,mask_stars,fwhm,threshold,roundlo,roundhi,sharplo,aper_stars,aper_fact,aper_center,aper_ellip,aper_pa,dr,View,area_segmap_pix,area_psf_pix,ratio_segmap_psf,flag_area,flag_area_th,SN_gal,bck,ratio_SN_gal,flag_SN,flag_SN_th,perc_SN_flag,perc_20_SN_gal,perc_50_SN_gal,perc_80_SN_gal,flag_image,flag_bck,flag_object,flag_statmorph,index
1190r,36.741722173279825,0.5771795904604321,5000.0,0.0254,nan,3.1517368917732616,6.381184694015782,12.22449496186783,166.4268635210105,164.42735668811704,16.126075067608312,18.889594042356883,6.991378284341914,9.98042745065555,0.48815007923952014,-1.2364341132800658,-0.6868082672612896,-0.015595763298804244,0.498250812292099,2.9434048531579817,0.43084294463339806,0.06085494958427501,0.0,0.0,0.31722337748946017,0.5547426329295204,0.3933909109669825,0.32912569179229,10.147969601914085,1.3742336834691817,320.09900278003613,320.224637980601,0.6371936367836959,1.2779219788484935,0.0,0.0,0.27,0.34629548650952463,1.1344962,30.0,22.5,0.2,1.5,2.5,5.0,1.0,5.0,5.0,5.0,masking_sources,2.0,5.0,11.0,1.0,3.0,10.0,-0.5,0.5,0.2,5.0,0.5,10.0,0.0,0.0,10.0,Edge-on,2865.0,13.9,206.6,0.0,3.0,0.00814,0.0008299999753944576,9.8,0.0,3.0,50.0,4.6,9.8,51.7,0.0,0.0,0.0,0.0,1190
