GAL,ra,dec,radvel,z,mag,r20,r50,r80,flux_c,flux_e,rpetro_c,rpetro_e,rhalf_c,rhalf_e,Gini,M20,F(G_M20),S(G_M20),SN_per_pixel,C,A,S,M,I,D,Ao,As,Ser_A,Ser_R,Ser_n,Ser_xc,Ser_yc,Ser_ellip,Ser_theta,flag_morph,flag_sersic,ima_sc_pix2arc,ima_sc_arc2kpc,psf_arcsec,size_image_phy_kpc,zp_ima,eta,petro_extent_cas,snr,area_min,debleding,area_min_deblend,skybox_x,skybox_y,sky_method,nsigma,npixels,dilate_size,mask_stars,fwhm,threshold,roundlo,roundhi,sharplo,aper_stars,aper_fact,aper_center,aper_ellip,aper_pa,dr,View,area_segmap_pix,area_psf_pix,ratio_segmap_psf,flag_area,flag_area_th,SN_gal,bck,ratio_SN_gal,flag_SN,flag_SN_th,perc_SN_flag,perc_20_SN_gal,perc_50_SN_gal,perc_80_SN_gal,flag_image,flag_bck,flag_object,flag_statmorph,index
638r,151.4045985895225,1.7832078619069833,5000.0,0.0409,nan,3.461303969993634,8.113195392447972,17.07109760584588,325.14480201423606,324.94957373475296,21.013973225709304,24.51171662065913,9.37345889785138,10.980815273122733,0.566716854308174,-2.010323035330646,0.23840229230959853,-0.045385216145867546,0.38660478591918945,3.4651085249053004,0.09183896962171985,-0.0017417223519002895,0.0,0.0,0.019132209187190732,0.09718211473126329,0.24442932615073987,0.2991074359628238,10.00810500460979,1.8035923191943735,319.9903976860811,319.99822542650963,0.3151521949292186,0.1342986555145438,0.0,0.0,0.27,0.34629548650952463,1.1438247,30.0,22.5,0.2,1.5,2.5,5.0,1.0,5.0,5.0,5.0,masking_sources,2.0,5.0,11.0,1.0,3.0,10.0,-0.5,0.5,0.2,5.0,0.5,10.0,0.0,0.0,10.0,Face-on,5835.0,14.1,414.0,0.0,3.0,0.0139,0.001449999981559813,9.6,0.0,3.0,50.0,4.3,9.6,33.4,0.0,0.0,0.0,0.0,638
