GAL,ra,dec,radvel,z,mag,r20,r50,r80,flux_c,flux_e,rpetro_c,rpetro_e,rhalf_c,rhalf_e,Gini,M20,F(G_M20),S(G_M20),SN_per_pixel,C,A,S,M,I,D,Ao,As,Ser_A,Ser_R,Ser_n,Ser_xc,Ser_yc,Ser_ellip,Ser_theta,flag_morph,flag_sersic,ima_sc_pix2arc,ima_sc_arc2kpc,psf_arcsec,size_image_phy_kpc,zp_ima,eta,petro_extent_cas,snr,area_min,debleding,area_min_deblend,skybox_x,skybox_y,sky_method,nsigma,npixels,dilate_size,mask_stars,fwhm,threshold,roundlo,roundhi,sharplo,aper_stars,aper_fact,aper_center,aper_ellip,aper_pa,dr,View,area_segmap_pix,area_psf_pix,ratio_segmap_psf,flag_area,flag_area_th,SN_gal,bck,ratio_SN_gal,flag_SN,flag_SN_th,perc_SN_flag,perc_20_SN_gal,perc_50_SN_gal,perc_80_SN_gal,flag_image,flag_bck,flag_object,flag_statmorph,index
983r,130.48897482781678,27.099214487661033,5000.0,0.1238,nan,2.5214843158329576,5.028043475055833,9.442903538656154,96.64323903069265,100.1534687403888,11.330723744923954,17.756975629748972,5.692661360067822,8.404224219369185,0.5241177309965694,-1.8252919225941315,-0.10068992920924824,-0.06183902355398052,0.39560508728027344,2.867246410975168,0.03349157685161332,0.06365257481014534,0.0027548209366391185,0.0,0.022738225629767222,0.0189814410237847,0.28967215337636104,0.5682199670560364,6.226488132401218,1.6857950977495721,319.7374469029811,319.8311288367389,0.7230579206979858,3.111716941355245,0.0,0.0,0.27,0.34629548650952463,1.5703378,30.0,22.5,0.2,1.5,2.5,5.0,1.0,5.0,5.0,5.0,masking_sources,2.0,5.0,11.0,1.0,3.0,10.0,-0.5,0.5,0.2,5.0,0.5,10.0,0.0,0.0,10.0,Edge-on,983.0,26.6,37.0,0.0,3.0,0.03449,0.004230000078678131,8.2,0.0,3.0,50.0,4.0,8.2,25.7,0.0,0.0,0.0,0.0,983
