GAL,ra,dec,radvel,z,mag,r20,r50,r80,flux_c,flux_e,rpetro_c,rpetro_e,rhalf_c,rhalf_e,Gini,M20,F(G_M20),S(G_M20),SN_per_pixel,C,A,S,M,I,D,Ao,As,Ser_A,Ser_R,Ser_n,Ser_xc,Ser_yc,Ser_ellip,Ser_theta,flag_morph,flag_sersic,ima_sc_pix2arc,ima_sc_arc2kpc,psf_arcsec,size_image_phy_kpc,zp_ima,eta,petro_extent_cas,snr,area_min,debleding,area_min_deblend,skybox_x,skybox_y,sky_method,nsigma,npixels,dilate_size,mask_stars,fwhm,threshold,roundlo,roundhi,sharplo,aper_stars,aper_fact,aper_center,aper_ellip,aper_pa,dr,View,area_segmap_pix,area_psf_pix,ratio_segmap_psf,flag_area,flag_area_th,SN_gal,bck,ratio_SN_gal,flag_SN,flag_SN_th,perc_SN_flag,perc_20_SN_gal,perc_50_SN_gal,perc_80_SN_gal,flag_image,flag_bck,flag_object,flag_statmorph,index
384r,162.7094029476045,-0.7596537170628404,5000.0,0.0372,nan,5.623385006659256,11.581826455695323,20.748560175594186,186.4449112089564,186.19638137366462,26.29009182426275,37.910131788804435,11.795818322755485,16.83383590654445,0.5026380073346862,-1.7856827209546733,-0.23446373807171472,-0.0775982709513603,0.2626672089099884,2.8349507303208723,0.07266495184609975,0.01880626561859202,0.01876172607879925,0.018701099940060747,0.02580086101693504,0.06509824490409233,0.15755928345576087,0.16527200646633886,15.140370022859452,0.6812079964340262,320.3943839403337,320.16925249417034,0.5540982004808984,1.234975680428518,0.0,0.0,0.27,0.34629548650952463,1.3814332,30.0,22.5,0.2,1.5,2.5,5.0,1.0,5.0,5.0,5.0,masking_sources,2.0,5.0,11.0,1.0,3.0,10.0,-0.5,0.5,0.2,5.0,0.5,10.0,0.0,0.0,10.0,Edge-on,2536.0,20.6,123.3,0.0,3.0,0.03769,0.003280000062659383,11.5,0.0,3.0,50.0,5.0,11.5,31.2,0.0,0.0,0.0,0.0,384
