GAL,ra,dec,radvel,z,mag,r20,r50,r80,flux_c,flux_e,rpetro_c,rpetro_e,rhalf_c,rhalf_e,Gini,M20,F(G_M20),S(G_M20),SN_per_pixel,C,A,S,M,I,D,Ao,As,Ser_A,Ser_R,Ser_n,Ser_xc,Ser_yc,Ser_ellip,Ser_theta,flag_morph,flag_sersic,ima_sc_pix2arc,ima_sc_arc2kpc,psf_arcsec,size_image_phy_kpc,zp_ima,eta,petro_extent_cas,snr,area_min,debleding,area_min_deblend,skybox_x,skybox_y,sky_method,nsigma,npixels,dilate_size,mask_stars,fwhm,threshold,roundlo,roundhi,sharplo,aper_stars,aper_fact,aper_center,aper_ellip,aper_pa,dr,View,area_segmap_pix,area_psf_pix,ratio_segmap_psf,flag_area,flag_area_th,SN_gal,bck,ratio_SN_gal,flag_SN,flag_SN_th,perc_SN_flag,perc_20_SN_gal,perc_50_SN_gal,perc_80_SN_gal,flag_image,flag_bck,flag_object,flag_statmorph,index
641r,180.01971309041508,9.224737041276468,5000.0,0.0568,nan,10.705978254840721,21.856694731996683,37.190029150878566,294.58422767829666,292.73623640802856,47.16643067311706,52.26686911211694,21.85665037363106,24.55982107714478,0.46501280590890437,-1.6438233719602788,-0.5190170139824501,-0.09512877085266347,0.18304026126861572,2.7040008091596137,0.18630168981965128,0.045612521384939576,0.025326797385620915,0.12790186998506645,0.062409572934691,0.2455533516720379,0.3563173291215587,0.07007597025057023,20.501268987474656,0.5847605798028119,318.43815161258567,318.206830612036,0.17231043956836822,0.1543669988078389,0.0,0.0,0.27,0.34629548650952463,1.1604372,30.0,22.5,0.2,1.5,2.5,5.0,1.0,5.0,5.0,5.0,masking_sources,2.0,5.0,11.0,1.0,3.0,10.0,-0.5,0.5,0.2,5.0,0.5,10.0,0.0,0.0,10.0,Face-on,5088.0,14.5,350.7,0.0,3.0,0.03551,0.005869999993592501,6.1,0.0,3.0,50.0,3.8,6.1,12.0,0.0,0.0,0.0,0.0,641
