GAL,ra,dec,radvel,z,mag,r20,r50,r80,flux_c,flux_e,rpetro_c,rpetro_e,rhalf_c,rhalf_e,Gini,M20,F(G_M20),S(G_M20),SN_per_pixel,C,A,S,M,I,D,Ao,As,Ser_A,Ser_R,Ser_n,Ser_xc,Ser_yc,Ser_ellip,Ser_theta,flag_morph,flag_sersic,ima_sc_pix2arc,ima_sc_arc2kpc,psf_arcsec,size_image_phy_kpc,zp_ima,eta,petro_extent_cas,snr,area_min,debleding,area_min_deblend,skybox_x,skybox_y,sky_method,nsigma,npixels,dilate_size,mask_stars,fwhm,threshold,roundlo,roundhi,sharplo,aper_stars,aper_fact,aper_center,aper_ellip,aper_pa,dr,View,area_segmap_pix,area_psf_pix,ratio_segmap_psf,flag_area,flag_area_th,SN_gal,bck,ratio_SN_gal,flag_SN,flag_SN_th,perc_SN_flag,perc_20_SN_gal,perc_50_SN_gal,perc_80_SN_gal,flag_image,flag_bck,flag_object,flag_statmorph,index
51r,122.0570702811094,6.808506489556981,5000.0,0.0155,nan,10.367298102253569,19.964961672976507,33.587629495442364,126.47530463526539,125.72111168582296,41.830095362444254,54.74576186378347,20.65696950419525,25.289721495443327,0.49723718915757886,-1.715866900667924,-0.30958015150711304,-0.07324068192683836,0.1270991414785385,2.5525688369320223,-0.1602718249096493,-0.0652605911734523,0.007589285714285714,0.03945940712105205,0.17242665408012656,-0.4169491618421119,0.28391063084965223,0.03725281277906041,21.30712443718617,0.5424749833736074,324.9859872276853,320.95831603568575,0.38415061719633603,0.4331585549001518,1.0,0.0,0.27,0.34629548650952463,1.5463535,30.0,22.5,0.2,1.5,2.5,5.0,1.0,5.0,5.0,5.0,masking_sources,2.0,5.0,11.0,1.0,3.0,10.0,-0.5,0.5,0.2,5.0,0.5,10.0,0.0,0.0,10.0,Face-on,3131.0,25.8,121.5,0.0,3.0,0.02539,0.0039900001138448715,6.4,0.0,3.0,50.0,3.9,6.4,11.0,0.0,0.0,0.0,0.0,51
