GAL,ra,dec,radvel,z,mag,r20,r50,r80,flux_c,flux_e,rpetro_c,rpetro_e,rhalf_c,rhalf_e,Gini,M20,F(G_M20),S(G_M20),SN_per_pixel,C,A,S,M,I,D,Ao,As,Ser_A,Ser_R,Ser_n,Ser_xc,Ser_yc,Ser_ellip,Ser_theta,flag_morph,flag_sersic,ima_sc_pix2arc,ima_sc_arc2kpc,psf_arcsec,size_image_phy_kpc,zp_ima,eta,petro_extent_cas,snr,area_min,debleding,area_min_deblend,skybox_x,skybox_y,sky_method,nsigma,npixels,dilate_size,mask_stars,fwhm,threshold,roundlo,roundhi,sharplo,aper_stars,aper_fact,aper_center,aper_ellip,aper_pa,dr,View,area_segmap_pix,area_psf_pix,ratio_segmap_psf,flag_area,flag_area_th,SN_gal,bck,ratio_SN_gal,flag_SN,flag_SN_th,perc_SN_flag,perc_20_SN_gal,perc_50_SN_gal,perc_80_SN_gal,flag_image,flag_bck,flag_object,flag_statmorph,index
968r,59.83087395984284,-5.1459826538152695,5000.0,0.1238,nan,3.6965152992074377,9.024133035536272,18.83280294886214,100.16883082424141,99.84197750357045,23.66435262098829,24.545425076445266,9.235904198730546,10.403705956272114,0.5601914077497568,-2.0422555324432126,0.228230552344443,-0.056284025337347277,0.2044394463300705,3.535612271598516,0.03754206882241804,-0.0017476252764380674,0.01021355617455896,0.004060945888162899,0.011257369250129544,0.03494038467063623,0.27997393507434526,0.11750968434535011,7.95426068363388,1.5046170903203333,319.98599211748524,320.0183891295542,0.18838138843314292,3.0665633753183474,1.0,0.0,0.27,0.34629548650952463,1.4256016,30.0,22.5,0.2,1.5,2.5,5.0,1.0,5.0,5.0,5.0,masking_sources,2.0,5.0,11.0,1.0,3.0,10.0,-0.5,0.5,0.2,5.0,0.5,10.0,0.0,0.0,10.0,Face-on,1524.0,21.9,69.6,0.0,3.0,0.0268,0.004370000213384628,6.1,0.0,3.0,50.0,3.6,6.1,15.0,0.0,0.0,0.0,0.0,968
