GAL,ra,dec,radvel,z,mag,r20,r50,r80,flux_c,flux_e,rpetro_c,rpetro_e,rhalf_c,rhalf_e,Gini,M20,F(G_M20),S(G_M20),SN_per_pixel,C,A,S,M,I,D,Ao,As,Ser_A,Ser_R,Ser_n,Ser_xc,Ser_yc,Ser_ellip,Ser_theta,flag_morph,flag_sersic,ima_sc_pix2arc,ima_sc_arc2kpc,psf_arcsec,size_image_phy_kpc,zp_ima,eta,petro_extent_cas,snr,area_min,debleding,area_min_deblend,skybox_x,skybox_y,sky_method,nsigma,npixels,dilate_size,mask_stars,fwhm,threshold,roundlo,roundhi,sharplo,aper_stars,aper_fact,aper_center,aper_ellip,aper_pa,dr,View,area_segmap_pix,area_psf_pix,ratio_segmap_psf,flag_area,flag_area_th,SN_gal,bck,ratio_SN_gal,flag_SN,flag_SN_th,perc_SN_flag,perc_20_SN_gal,perc_50_SN_gal,perc_80_SN_gal,flag_image,flag_bck,flag_object,flag_statmorph,index
875r,164.09828039587515,12.670528238076255,5000.0,0.0883,nan,3.820694560578418,8.285493431789543,14.925495225400404,222.73803512393752,223.32976581096983,18.74740434253679,21.865181663037262,8.710120634797706,9.856346222299075,0.5137152387096291,-1.8833033068432818,-0.11198037674494188,-0.08020107332868343,0.36564236879348755,2.9589321488569107,0.039354003669073406,0.03127893565984344,0.002197802197802198,0.0,0.002639291886246099,0.08906485236273687,0.23632193860913148,0.31385150200063106,8.155142197403112,0.9983748835220049,320.0378697560041,320.01461435031723,0.19694134149889037,1.8993990007955324,0.0,0.0,0.27,0.34629548650952463,1.439219,30.0,22.5,0.2,1.5,2.5,5.0,1.0,5.0,5.0,5.0,masking_sources,2.0,5.0,11.0,1.0,3.0,10.0,-0.5,0.5,0.2,5.0,0.5,10.0,0.0,0.0,10.0,Face-on,2022.0,22.3,90.6,0.0,3.0,0.04307,0.0047599999234080315,9.1,0.0,3.0,50.0,4.3,9.1,28.6,0.0,0.0,0.0,0.0,875
