GAL,ra,dec,radvel,z,mag,r20,r50,r80,flux_c,flux_e,rpetro_c,rpetro_e,rhalf_c,rhalf_e,Gini,M20,F(G_M20),S(G_M20),SN_per_pixel,C,A,S,M,I,D,Ao,As,Ser_A,Ser_R,Ser_n,Ser_xc,Ser_yc,Ser_ellip,Ser_theta,flag_morph,flag_sersic,ima_sc_pix2arc,ima_sc_arc2kpc,psf_arcsec,size_image_phy_kpc,zp_ima,eta,petro_extent_cas,snr,area_min,debleding,area_min_deblend,skybox_x,skybox_y,sky_method,nsigma,npixels,dilate_size,mask_stars,fwhm,threshold,roundlo,roundhi,sharplo,aper_stars,aper_fact,aper_center,aper_ellip,aper_pa,dr,View,area_segmap_pix,area_psf_pix,ratio_segmap_psf,flag_area,flag_area_th,SN_gal,bck,ratio_SN_gal,flag_SN,flag_SN_th,perc_SN_flag,perc_20_SN_gal,perc_50_SN_gal,perc_80_SN_gal,flag_image,flag_bck,flag_object,flag_statmorph,index
774r,167.08189859175474,9.950585634451302,5000.0,0.0402,nan,8.580291590724086,20.67951024068471,39.27489798336286,556.8726023109318,551.0843811884811,49.619170286870514,66.42795861625108,21.16486844509858,34.07789421595153,0.5613297000812343,-1.5719380484402738,-0.09206491702878061,0.01021701434722383,0.3251991868019104,3.3030650928292027,0.19692836072839806,0.12097437123805545,0.12175324675324675,0.6034342390048963,0.021097706970554138,0.2218050424566418,0.2547865181923497,0.2805181416961737,31.29814257240288,0.5215535464479256,321.68833796856427,319.83956634462834,0.7913777923101962,2.807403474709045,0.0,0.0,0.27,0.34629548650952463,1.2188203,30.0,22.5,0.2,1.5,2.5,5.0,1.0,5.0,5.0,5.0,masking_sources,2.0,5.0,11.0,1.0,3.0,10.0,-0.5,0.5,0.2,5.0,0.5,10.0,0.0,0.0,10.0,Edge-on,4538.0,16.0,283.5,0.0,3.0,0.05465,0.005309999920427799,10.3,0.0,3.0,50.0,4.4,10.3,35.4,0.0,0.0,0.0,0.0,774
