GAL,ra,dec,radvel,z,mag,r20,r50,r80,flux_c,flux_e,rpetro_c,rpetro_e,rhalf_c,rhalf_e,Gini,M20,F(G_M20),S(G_M20),SN_per_pixel,C,A,S,M,I,D,Ao,As,Ser_A,Ser_R,Ser_n,Ser_xc,Ser_yc,Ser_ellip,Ser_theta,flag_morph,flag_sersic,ima_sc_pix2arc,ima_sc_arc2kpc,psf_arcsec,size_image_phy_kpc,zp_ima,eta,petro_extent_cas,snr,area_min,debleding,area_min_deblend,skybox_x,skybox_y,sky_method,nsigma,npixels,dilate_size,mask_stars,fwhm,threshold,roundlo,roundhi,sharplo,aper_stars,aper_fact,aper_center,aper_ellip,aper_pa,dr,View,area_segmap_pix,area_psf_pix,ratio_segmap_psf,flag_area,flag_area_th,SN_gal,bck,ratio_SN_gal,flag_SN,flag_SN_th,perc_SN_flag,perc_20_SN_gal,perc_50_SN_gal,perc_80_SN_gal,flag_image,flag_bck,flag_object,flag_statmorph,index
515r,8.163132293407278,-0.9312841934935244,5000.0,0.0508,nan,8.168004173419835,19.5710642616861,37.939038915732056,132.14196409397942,123.32629002042741,51.237624038094246,60.42490829406894,28.440848725991827,47.779137333888535,0.5622235161996745,-1.568959602175021,-0.08970459050432167,0.011515896335349718,0.18038199841976166,3.3348518701009153,0.2431132912273769,0.18222631860876015,0.24528301886792453,0.5366406492732204,0.20407033438682176,0.7598034494847441,1.9992422622182735,0.1008125536892368,30.38604148023388,0.3763602139286989,314.12805031518894,319.532499719388,0.8574774157452993,0.04236908929163143,1.0,0.0,0.27,0.34629548650952463,1.3073298,30.0,22.5,0.2,1.5,2.5,5.0,1.0,5.0,5.0,5.0,masking_sources,2.0,5.0,11.0,1.0,3.0,10.0,-0.5,0.5,0.2,5.0,0.5,10.0,0.0,0.0,10.0,Edge-on,2549.0,18.4,138.4,0.0,3.0,0.02684,0.0022100000642240047,12.1,0.0,3.0,50.0,4.8,12.1,36.2,0.0,0.0,0.0,0.0,515
