GAL,ra,dec,radvel,z,mag,r20,r50,r80,flux_c,flux_e,rpetro_c,rpetro_e,rhalf_c,rhalf_e,Gini,M20,F(G_M20),S(G_M20),SN_per_pixel,C,A,S,M,I,D,Ao,As,Ser_A,Ser_R,Ser_n,Ser_xc,Ser_yc,Ser_ellip,Ser_theta,flag_morph,flag_sersic,ima_sc_pix2arc,ima_sc_arc2kpc,psf_arcsec,size_image_phy_kpc,zp_ima,eta,petro_extent_cas,snr,area_min,debleding,area_min_deblend,skybox_x,skybox_y,sky_method,nsigma,npixels,dilate_size,mask_stars,fwhm,threshold,roundlo,roundhi,sharplo,aper_stars,aper_fact,aper_center,aper_ellip,aper_pa,dr,View,area_segmap_pix,area_psf_pix,ratio_segmap_psf,flag_area,flag_area_th,SN_gal,bck,ratio_SN_gal,flag_SN,flag_SN_th,perc_SN_flag,perc_20_SN_gal,perc_50_SN_gal,perc_80_SN_gal,flag_image,flag_bck,flag_object,flag_statmorph,index
1096r,167.3443222930487,1.1503226709317727,5000.0,0.0648,nan,6.251001198956952,13.676495224732383,23.98732971631659,238.09437785196917,236.87681847545704,30.944711162824532,38.878852032586956,13.815130124715587,17.45225593200783,0.5015073770542506,-1.8470914837549819,-0.1975040853392569,-0.08725341295823436,0.2502269446849823,2.9201616126966403,0.15125085650677875,0.016770062153659525,0.019954389965792473,0.11861492910950247,0.04178504373790438,0.19962336467273034,0.23968960522710142,0.14188946853112466,15.39004358825034,0.7160615998457848,320.6080780708065,319.4541910056949,0.4067575370629525,1.128196728848434,0.0,0.0,0.27,0.34629548650952463,1.4128702,30.0,22.5,0.2,1.5,2.5,5.0,1.0,5.0,5.0,5.0,masking_sources,2.0,5.0,11.0,1.0,3.0,10.0,-0.5,0.5,0.2,5.0,0.5,10.0,0.0,0.0,10.0,Face-on,3069.0,21.5,142.7,0.0,3.0,0.04243,0.004530000034719706,9.4,0.0,3.0,50.0,4.5,9.4,22.7,0.0,0.0,0.0,0.0,1096
