GAL,ra,dec,radvel,z,mag,r20,r50,r80,flux_c,flux_e,rpetro_c,rpetro_e,rhalf_c,rhalf_e,Gini,M20,F(G_M20),S(G_M20),SN_per_pixel,C,A,S,M,I,D,Ao,As,Ser_A,Ser_R,Ser_n,Ser_xc,Ser_yc,Ser_ellip,Ser_theta,flag_morph,flag_sersic,ima_sc_pix2arc,ima_sc_arc2kpc,psf_arcsec,size_image_phy_kpc,zp_ima,eta,petro_extent_cas,snr,area_min,debleding,area_min_deblend,skybox_x,skybox_y,sky_method,nsigma,npixels,dilate_size,mask_stars,fwhm,threshold,roundlo,roundhi,sharplo,aper_stars,aper_fact,aper_center,aper_ellip,aper_pa,dr,View,area_segmap_pix,area_psf_pix,ratio_segmap_psf,flag_area,flag_area_th,SN_gal,bck,ratio_SN_gal,flag_SN,flag_SN_th,perc_SN_flag,perc_20_SN_gal,perc_50_SN_gal,perc_80_SN_gal,flag_image,flag_bck,flag_object,flag_statmorph,index
661r,134.6840634422616,29.712573339058387,5000.0,0.0561,nan,3.582999506760705,7.322430421167429,13.731924480653108,133.79421142623949,133.6683690524622,17.38845303535354,24.06579424743465,7.61408535650557,11.377357572315576,0.4881386623578198,-1.8111419879658035,-0.28859222366849036,-0.09549146059300512,0.3649938702583313,2.917423289786033,0.035898073753084535,0.03356742899742755,0.001937984496124031,0.0,0.021654555598808314,0.007524951270869665,0.18555466191288775,0.3385414945844936,9.934535716603316,0.8484192345264209,320.20954256363984,319.66630746150247,0.6607228650646948,1.433152863796308,0.0,0.0,0.27,0.34629548650952463,1.5820035,30.0,22.5,0.2,1.5,2.5,5.0,1.0,5.0,5.0,5.0,masking_sources,2.0,5.0,11.0,1.0,3.0,10.0,-0.5,0.5,0.2,5.0,0.5,10.0,0.0,0.0,10.0,Edge-on,1269.0,27.0,47.1,0.0,3.0,0.04301,0.0036899999249726534,11.7,0.0,3.0,50.0,4.5,11.7,40.2,0.0,0.0,0.0,0.0,661
