GAL,ra,dec,radvel,z,mag,r20,r50,r80,flux_c,flux_e,rpetro_c,rpetro_e,rhalf_c,rhalf_e,Gini,M20,F(G_M20),S(G_M20),SN_per_pixel,C,A,S,M,I,D,Ao,As,Ser_A,Ser_R,Ser_n,Ser_xc,Ser_yc,Ser_ellip,Ser_theta,flag_morph,flag_sersic,ima_sc_pix2arc,ima_sc_arc2kpc,psf_arcsec,size_image_phy_kpc,zp_ima,eta,petro_extent_cas,snr,area_min,debleding,area_min_deblend,skybox_x,skybox_y,sky_method,nsigma,npixels,dilate_size,mask_stars,fwhm,threshold,roundlo,roundhi,sharplo,aper_stars,aper_fact,aper_center,aper_ellip,aper_pa,dr,View,area_segmap_pix,area_psf_pix,ratio_segmap_psf,flag_area,flag_area_th,SN_gal,bck,ratio_SN_gal,flag_SN,flag_SN_th,perc_SN_flag,perc_20_SN_gal,perc_50_SN_gal,perc_80_SN_gal,flag_image,flag_bck,flag_object,flag_statmorph,index
766r,163.70996437846918,12.090315350050487,5000.0,0.0803,nan,3.371576293102646,7.027600289595489,13.268143116691258,105.01572407146669,105.41929612250127,16.329638128745785,22.024722485615158,7.579671145403649,9.144512956780158,0.5694787995778968,-1.6449947169041186,-0.0010986032748565577,0.008129745932445365,0.27024635672569275,2.9748857795398633,0.3478200239489232,0.040192323098626886,0.022222222222222223,0.0,0.16828509128266114,0.4993891318557299,0.3805321390447068,0.28454258437793684,7.9940920862108795,1.2513323379745434,320.19575317749036,319.72006734518095,0.6502397641105966,1.8956074219174994,0.0,0.0,0.27,0.34629548650952463,1.3950952,30.0,22.5,0.2,1.5,2.5,5.0,1.0,5.0,5.0,5.0,masking_sources,2.0,5.0,11.0,1.0,3.0,10.0,-0.5,0.5,0.2,5.0,0.5,10.0,0.0,0.0,10.0,Edge-on,1079.0,21.0,51.5,0.0,3.0,0.04267,0.005210000090301037,8.2,0.0,3.0,50.0,4.0,8.2,24.2,0.0,0.0,0.0,0.0,766
