GAL,ra,dec,radvel,z,mag,r20,r50,r80,flux_c,flux_e,rpetro_c,rpetro_e,rhalf_c,rhalf_e,Gini,M20,F(G_M20),S(G_M20),SN_per_pixel,C,A,S,M,I,D,Ao,As,Ser_A,Ser_R,Ser_n,Ser_xc,Ser_yc,Ser_ellip,Ser_theta,flag_morph,flag_sersic,ima_sc_pix2arc,ima_sc_arc2kpc,psf_arcsec,size_image_phy_kpc,zp_ima,eta,petro_extent_cas,snr,area_min,debleding,area_min_deblend,skybox_x,skybox_y,sky_method,nsigma,npixels,dilate_size,mask_stars,fwhm,threshold,roundlo,roundhi,sharplo,aper_stars,aper_fact,aper_center,aper_ellip,aper_pa,dr,View,area_segmap_pix,area_psf_pix,ratio_segmap_psf,flag_area,flag_area_th,SN_gal,bck,ratio_SN_gal,flag_SN,flag_SN_th,perc_SN_flag,perc_20_SN_gal,perc_50_SN_gal,perc_80_SN_gal,flag_image,flag_bck,flag_object,flag_statmorph,index
219r,135.3550729249491,-0.45775009753306,5000.0,0.0275,nan,7.173144609903993,18.74111731422535,36.242330514300654,181.62685102814982,186.7271099060205,44.95787237570946,66.48124057643194,21.045193098779976,32.505701387260345,0.5898032829824392,-1.874182889478256,0.25833499317150554,-0.0036061714848627524,0.18082229793071747,3.517532651832233,0.1555195233982631,0.06304781806947853,0.1377245508982036,0.4854405317988034,0.10336529788907786,0.3089645612348744,0.4083081821445219,0.09544025922440284,27.273370045452403,0.7145454395763572,318.76133354400827,322.3986595509637,0.7572590358057074,2.0139687053109805,0.0,0.0,0.27,0.34629548650952463,1.352795,30.0,22.5,0.2,1.5,2.5,5.0,1.0,5.0,5.0,5.0,masking_sources,2.0,5.0,11.0,1.0,3.0,10.0,-0.5,0.5,0.2,5.0,0.5,10.0,0.0,0.0,10.0,Edge-on,4297.0,19.7,217.9,0.0,3.0,0.01976,0.001970000099390745,10.0,0.0,3.0,50.0,4.4,10.0,29.1,0.0,0.0,0.0,0.0,219
