GAL,ra,dec,radvel,z,mag,r20,r50,r80,flux_c,flux_e,rpetro_c,rpetro_e,rhalf_c,rhalf_e,Gini,M20,F(G_M20),S(G_M20),SN_per_pixel,C,A,S,M,I,D,Ao,As,Ser_A,Ser_R,Ser_n,Ser_xc,Ser_yc,Ser_ellip,Ser_theta,flag_morph,flag_sersic,ima_sc_pix2arc,ima_sc_arc2kpc,psf_arcsec,size_image_phy_kpc,zp_ima,eta,petro_extent_cas,snr,area_min,debleding,area_min_deblend,skybox_x,skybox_y,sky_method,nsigma,npixels,dilate_size,mask_stars,fwhm,threshold,roundlo,roundhi,sharplo,aper_stars,aper_fact,aper_center,aper_ellip,aper_pa,dr,View,area_segmap_pix,area_psf_pix,ratio_segmap_psf,flag_area,flag_area_th,SN_gal,bck,ratio_SN_gal,flag_SN,flag_SN_th,perc_SN_flag,perc_20_SN_gal,perc_50_SN_gal,perc_80_SN_gal,flag_image,flag_bck,flag_object,flag_statmorph,index
896r,146.8162440134911,0.9440830921618872,5000.0,0.063,nan,5.794691196719021,17.063980556913883,38.51213039072761,254.01207589847075,257.44342070627596,48.222671483751846,62.32428857186926,17.299893754518408,21.601725206873972,0.615001367958132,-2.4002475785791986,0.7476283433481381,-0.05178305914395803,0.1401091068983078,4.11283623138548,0.12444454120933303,0.06262029888793735,0.017754569190600523,0.02397582065380596,0.01128320904380751,0.24519352017256305,0.2546602030461433,0.08490052581497713,15.42902806180285,1.6910252937150887,319.9878217722956,319.98513549160725,0.3388755351006494,0.4053184096700309,0.0,0.0,0.27,0.34629548650952463,1.2301334,30.0,22.5,0.2,1.5,2.5,5.0,1.0,5.0,5.0,5.0,masking_sources,2.0,5.0,11.0,1.0,3.0,10.0,-0.5,0.5,0.2,5.0,0.5,10.0,0.0,0.0,10.0,Face-on,4887.0,16.3,299.8,0.0,3.0,0.02073,0.0035600000992417336,5.8,0.0,3.0,50.0,3.7,5.8,12.6,0.0,0.0,0.0,0.0,896
