GAL,ra,dec,radvel,z,mag,r20,r50,r80,flux_c,flux_e,rpetro_c,rpetro_e,rhalf_c,rhalf_e,Gini,M20,F(G_M20),S(G_M20),SN_per_pixel,C,A,S,M,I,D,Ao,As,Ser_A,Ser_R,Ser_n,Ser_xc,Ser_yc,Ser_ellip,Ser_theta,flag_morph,flag_sersic,ima_sc_pix2arc,ima_sc_arc2kpc,psf_arcsec,size_image_phy_kpc,zp_ima,eta,petro_extent_cas,snr,area_min,debleding,area_min_deblend,skybox_x,skybox_y,sky_method,nsigma,npixels,dilate_size,mask_stars,fwhm,threshold,roundlo,roundhi,sharplo,aper_stars,aper_fact,aper_center,aper_ellip,aper_pa,dr,View,area_segmap_pix,area_psf_pix,ratio_segmap_psf,flag_area,flag_area_th,SN_gal,bck,ratio_SN_gal,flag_SN,flag_SN_th,perc_SN_flag,perc_20_SN_gal,perc_50_SN_gal,perc_80_SN_gal,flag_image,flag_bck,flag_object,flag_statmorph,index
164r,218.66787173258808,3.0862125240950586,5000.0,0.0288,nan,4.833702432783941,10.352119981781746,21.93373684161284,100.61450136480153,97.61520875026173,29.912746466080996,27.485651488375098,10.761667745513616,12.673117170474065,0.5406126500354529,-1.819989839609941,-0.022714423474819334,-0.04477206417068347,0.2062736451625824,3.2841635861436664,0.12504070182841104,0.0044995164554603355,0.001936108422071636,0.0,0.04057371181165106,0.17211196322084651,0.4543974850907759,0.11605364300654021,12.909136330877955,0.9788391443418669,319.77629041981646,319.2533612692937,0.625548947123885,0.6223041010993219,1.0,0.0,0.27,0.34629548650952463,1.4235847,30.0,22.5,0.2,1.5,2.5,5.0,1.0,5.0,5.0,5.0,masking_sources,2.0,5.0,11.0,1.0,3.0,10.0,-0.5,0.5,0.2,5.0,0.5,10.0,0.0,0.0,10.0,Edge-on,2339.0,21.8,107.1,0.0,3.0,0.01707,0.00203000009059906,8.4,0.0,3.0,50.0,4.1,8.4,24.1,0.0,0.0,0.0,0.0,164
