GAL,ra,dec,radvel,z,mag,r20,r50,r80,flux_c,flux_e,rpetro_c,rpetro_e,rhalf_c,rhalf_e,Gini,M20,F(G_M20),S(G_M20),SN_per_pixel,C,A,S,M,I,D,Ao,As,Ser_A,Ser_R,Ser_n,Ser_xc,Ser_yc,Ser_ellip,Ser_theta,flag_morph,flag_sersic,ima_sc_pix2arc,ima_sc_arc2kpc,psf_arcsec,size_image_phy_kpc,zp_ima,eta,petro_extent_cas,snr,area_min,debleding,area_min_deblend,skybox_x,skybox_y,sky_method,nsigma,npixels,dilate_size,mask_stars,fwhm,threshold,roundlo,roundhi,sharplo,aper_stars,aper_fact,aper_center,aper_ellip,aper_pa,dr,View,area_segmap_pix,area_psf_pix,ratio_segmap_psf,flag_area,flag_area_th,SN_gal,bck,ratio_SN_gal,flag_SN,flag_SN_th,perc_SN_flag,perc_20_SN_gal,perc_50_SN_gal,perc_80_SN_gal,flag_image,flag_bck,flag_object,flag_statmorph,index
1119r,179.29398595520098,0.2113769951723063,5000.0,0.1316,nan,4.659282077852844,8.491136494496272,13.262277523619526,95.93490801579767,96.8124323905444,16.839592393616563,18.865739297570446,8.499886538842198,9.605603032306664,0.4201383393043321,-1.6356565542743182,-0.7468052283314539,-0.1384193051328415,0.29273539781570435,2.2714955386771423,0.09709951678093999,0.03430752571376425,0.0025252525252525255,0.0,0.026436832303848686,0.15869085538076586,0.19652756291381449,0.17102332061641534,8.972744560518223,0.4342534008807699,319.6084629849206,319.68189486507,0.2562070167793391,2.7792141837486226,0.0,0.0,0.27,0.34629548650952463,1.2632201,30.0,22.5,0.2,1.5,2.5,5.0,1.0,5.0,5.0,5.0,masking_sources,2.0,5.0,11.0,1.0,3.0,10.0,-0.5,0.5,0.2,5.0,0.5,10.0,0.0,0.0,10.0,Face-on,1066.0,17.2,62.0,0.0,3.0,0.05231,0.004679999779909849,11.2,0.0,3.0,50.0,4.6,11.2,32.3,0.0,0.0,0.0,0.0,1119
