GAL,ra,dec,radvel,z,mag,r20,r50,r80,flux_c,flux_e,rpetro_c,rpetro_e,rhalf_c,rhalf_e,Gini,M20,F(G_M20),S(G_M20),SN_per_pixel,C,A,S,M,I,D,Ao,As,Ser_A,Ser_R,Ser_n,Ser_xc,Ser_yc,Ser_ellip,Ser_theta,flag_morph,flag_sersic,ima_sc_pix2arc,ima_sc_arc2kpc,psf_arcsec,size_image_phy_kpc,zp_ima,eta,petro_extent_cas,snr,area_min,debleding,area_min_deblend,skybox_x,skybox_y,sky_method,nsigma,npixels,dilate_size,mask_stars,fwhm,threshold,roundlo,roundhi,sharplo,aper_stars,aper_fact,aper_center,aper_ellip,aper_pa,dr,View,area_segmap_pix,area_psf_pix,ratio_segmap_psf,flag_area,flag_area_th,SN_gal,bck,ratio_SN_gal,flag_SN,flag_SN_th,perc_SN_flag,perc_20_SN_gal,perc_50_SN_gal,perc_80_SN_gal,flag_image,flag_bck,flag_object,flag_statmorph,index
874r,159.85477795209374,1.4207000951301274,5000.0,0.1086,nan,3.916109475965347,8.167358811170919,14.834998790436298,133.07515814863223,133.4484679659656,19.104420343432025,26.437990781624148,8.387537037937843,12.306648434258246,0.4945823438928048,-1.7684958980509204,-0.28624974038132844,-0.08318440937520125,0.3337668180465698,2.892163455575462,0.14528469212587233,0.033174228378676424,0.0158311345646438,0.05449348756549332,0.05946773747465132,0.17266893066474354,0.17375503128656813,0.24972676570242794,11.390814489031687,0.737156355769873,319.2060562186764,320.47098841177893,0.640696578037765,0.2876888816766992,0.0,0.0,0.27,0.34629548650952463,1.2387915,30.0,22.5,0.2,1.5,2.5,5.0,1.0,5.0,5.0,5.0,masking_sources,2.0,5.0,11.0,1.0,3.0,10.0,-0.5,0.5,0.2,5.0,0.5,10.0,0.0,0.0,10.0,Edge-on,1425.0,16.5,86.2,0.0,3.0,0.04121,0.0028800000436604023,14.3,0.0,3.0,50.0,4.9,14.3,44.4,0.0,0.0,0.0,0.0,874
