GAL,ra,dec,radvel,z,mag,r20,r50,r80,flux_c,flux_e,rpetro_c,rpetro_e,rhalf_c,rhalf_e,Gini,M20,F(G_M20),S(G_M20),SN_per_pixel,C,A,S,M,I,D,Ao,As,Ser_A,Ser_R,Ser_n,Ser_xc,Ser_yc,Ser_ellip,Ser_theta,flag_morph,flag_sersic,ima_sc_pix2arc,ima_sc_arc2kpc,psf_arcsec,size_image_phy_kpc,zp_ima,eta,petro_extent_cas,snr,area_min,debleding,area_min_deblend,skybox_x,skybox_y,sky_method,nsigma,npixels,dilate_size,mask_stars,fwhm,threshold,roundlo,roundhi,sharplo,aper_stars,aper_fact,aper_center,aper_ellip,aper_pa,dr,View,area_segmap_pix,area_psf_pix,ratio_segmap_psf,flag_area,flag_area_th,SN_gal,bck,ratio_SN_gal,flag_SN,flag_SN_th,perc_SN_flag,perc_20_SN_gal,perc_50_SN_gal,perc_80_SN_gal,flag_image,flag_bck,flag_object,flag_statmorph,index
572r,218.0237919871751,-1.9804708500555162,5000.0,0.0563,nan,3.6517148717431,7.1057532057706805,12.402116837616049,178.66925322548272,178.75210632288244,15.795309562897925,16.29551308832665,7.29930257047009,7.527370523957311,0.4897662782392999,-1.7672207311384138,-0.3109729560365446,-0.08777506617133266,0.4042908847332001,2.654994791153858,0.03632960120684658,0.00138197670513102,0.0,0.0,0.0184610832967497,0.03535754365407604,0.22446149146504166,0.3409991607506633,6.868448858474212,0.9044779632509867,319.91057111669625,320.2697059263507,0.05458144166386444,1.3151376248250184,0.0,0.0,0.27,0.34629548650952463,1.2720392,30.0,22.5,0.2,1.5,2.5,5.0,1.0,5.0,5.0,5.0,masking_sources,2.0,5.0,11.0,1.0,3.0,10.0,-0.5,0.5,0.2,5.0,0.5,10.0,0.0,0.0,10.0,Face-on,1957.0,17.4,112.3,0.0,3.0,0.0264,0.0017900000093504786,14.7,0.0,3.0,50.0,5.1,14.7,62.6,0.0,0.0,0.0,0.0,572
