GAL,ra,dec,radvel,z,mag,r20,r50,r80,flux_c,flux_e,rpetro_c,rpetro_e,rhalf_c,rhalf_e,Gini,M20,F(G_M20),S(G_M20),SN_per_pixel,C,A,S,M,I,D,Ao,As,Ser_A,Ser_R,Ser_n,Ser_xc,Ser_yc,Ser_ellip,Ser_theta,flag_morph,flag_sersic,ima_sc_pix2arc,ima_sc_arc2kpc,psf_arcsec,size_image_phy_kpc,zp_ima,eta,petro_extent_cas,snr,area_min,debleding,area_min_deblend,skybox_x,skybox_y,sky_method,nsigma,npixels,dilate_size,mask_stars,fwhm,threshold,roundlo,roundhi,sharplo,aper_stars,aper_fact,aper_center,aper_ellip,aper_pa,dr,View,area_segmap_pix,area_psf_pix,ratio_segmap_psf,flag_area,flag_area_th,SN_gal,bck,ratio_SN_gal,flag_SN,flag_SN_th,perc_SN_flag,perc_20_SN_gal,perc_50_SN_gal,perc_80_SN_gal,flag_image,flag_bck,flag_object,flag_statmorph,index
432r,199.2473881447273,3.8888605023336154,5000.0,0.0454,nan,3.046740730445643,7.381061123925992,15.984058655670562,125.08375055049159,126.58762248503133,19.27406914184186,22.47332968969024,8.318417798548605,9.32612025583211,0.5888462500631518,-2.095839131236495,0.40720545575949263,-0.035363851679352576,0.2410695105791092,3.5992578305032437,0.02423693626505828,0.0313802691203515,0.004784688995215311,0.0011222510401633129,0.006951795873646715,0.07966599386139538,0.3653065672479447,0.16859066980350806,6.968161049337898,1.807867471397406,319.99787520622385,320.0050177816646,0.1438705348039008,1.2182287736819901,0.0,0.0,0.27,0.34629548650952463,1.1734953,30.0,22.5,0.2,1.5,2.5,5.0,1.0,5.0,5.0,5.0,masking_sources,2.0,5.0,11.0,1.0,3.0,10.0,-0.5,0.5,0.2,5.0,0.5,10.0,0.0,0.0,10.0,Face-on,1772.0,14.8,119.4,0.0,3.0,0.02461,0.004449999891221523,5.5,0.0,3.0,50.0,3.4,5.5,14.6,0.0,0.0,0.0,0.0,432
