GAL,ra,dec,radvel,z,mag,r20,r50,r80,flux_c,flux_e,rpetro_c,rpetro_e,rhalf_c,rhalf_e,Gini,M20,F(G_M20),S(G_M20),SN_per_pixel,C,A,S,M,I,D,Ao,As,Ser_A,Ser_R,Ser_n,Ser_xc,Ser_yc,Ser_ellip,Ser_theta,flag_morph,flag_sersic,ima_sc_pix2arc,ima_sc_arc2kpc,psf_arcsec,size_image_phy_kpc,zp_ima,eta,petro_extent_cas,snr,area_min,debleding,area_min_deblend,skybox_x,skybox_y,sky_method,nsigma,npixels,dilate_size,mask_stars,fwhm,threshold,roundlo,roundhi,sharplo,aper_stars,aper_fact,aper_center,aper_ellip,aper_pa,dr,View,area_segmap_pix,area_psf_pix,ratio_segmap_psf,flag_area,flag_area_th,SN_gal,bck,ratio_SN_gal,flag_SN,flag_SN_th,perc_SN_flag,perc_20_SN_gal,perc_50_SN_gal,perc_80_SN_gal,flag_image,flag_bck,flag_object,flag_statmorph,index
455r,216.02293783756778,1.7993942584508824,5000.0,0.0556,nan,2.9279646268319572,6.179493036604356,11.626512597011335,92.18327385376404,93.76538818497383,14.453022729620775,21.35372001533919,7.137127282876519,10.832594883725337,0.5123862269058256,-1.7889040429983587,-0.18397767501830087,-0.06839529734000455,0.348391592502594,2.994418204240754,0.08077432205195022,0.003679097554281616,0.0,0.0,0.021744858175986644,0.13308313526587817,0.23137484329453897,0.2963801253561232,8.533134911287249,1.392057251975659,320.24945602684727,319.92841934654376,0.7029754933176242,0.9595061234040274,2.0,0.0,0.27,0.34629548650952463,1.3743765,30.0,22.5,0.2,1.5,2.5,5.0,1.0,5.0,5.0,5.0,masking_sources,2.0,5.0,11.0,1.0,3.0,10.0,-0.5,0.5,0.2,5.0,0.5,10.0,0.0,0.0,10.0,Edge-on,1967.0,20.4,96.7,0.0,3.0,0.01208,0.0013299999991431832,9.1,0.0,3.0,50.0,4.2,9.1,35.2,0.0,0.0,0.0,0.0,455
