GAL,ra,dec,radvel,z,mag,r20,r50,r80,flux_c,flux_e,rpetro_c,rpetro_e,rhalf_c,rhalf_e,Gini,M20,F(G_M20),S(G_M20),SN_per_pixel,C,A,S,M,I,D,Ao,As,Ser_A,Ser_R,Ser_n,Ser_xc,Ser_yc,Ser_ellip,Ser_theta,flag_morph,flag_sersic,ima_sc_pix2arc,ima_sc_arc2kpc,psf_arcsec,size_image_phy_kpc,zp_ima,eta,petro_extent_cas,snr,area_min,debleding,area_min_deblend,skybox_x,skybox_y,sky_method,nsigma,npixels,dilate_size,mask_stars,fwhm,threshold,roundlo,roundhi,sharplo,aper_stars,aper_fact,aper_center,aper_ellip,aper_pa,dr,View,area_segmap_pix,area_psf_pix,ratio_segmap_psf,flag_area,flag_area_th,SN_gal,bck,ratio_SN_gal,flag_SN,flag_SN_th,perc_SN_flag,perc_20_SN_gal,perc_50_SN_gal,perc_80_SN_gal,flag_image,flag_bck,flag_object,flag_statmorph,index
460r,210.15683192855795,5.276176513457481,5000.0,0.0529,nan,7.111805460801431,17.534287159466455,32.723489105647346,228.9221141769716,228.7442999597957,42.83422877520704,53.159601189733145,17.524036035009022,26.106492268947417,0.47625693565553284,-1.8361799622725858,-0.3300554546502106,-0.11073464845691194,0.2225218266248703,3.3143986768823304,0.21422454667511107,0.012198137474719198,0.09654178674351585,0.1108913442302826,0.11400199664664343,0.3470396185595765,0.23439038012411276,0.08501137257500294,21.433781298143206,0.5976690652890602,322.1679412848976,319.8338730504547,0.544980434587313,2.9924514477631066,0.0,0.0,0.27,0.34629548650952463,1.272316,30.0,22.5,0.2,1.5,2.5,5.0,1.0,5.0,5.0,5.0,masking_sources,2.0,5.0,11.0,1.0,3.0,10.0,-0.5,0.5,0.2,5.0,0.5,10.0,0.0,0.0,10.0,Edge-on,3509.0,17.4,201.2,0.0,3.0,0.04317,0.004650000017136335,9.3,0.0,3.0,50.0,5.1,9.3,16.9,0.0,0.0,0.0,0.0,460
