GAL,ra,dec,radvel,z,mag,r20,r50,r80,flux_c,flux_e,rpetro_c,rpetro_e,rhalf_c,rhalf_e,Gini,M20,F(G_M20),S(G_M20),SN_per_pixel,C,A,S,M,I,D,Ao,As,Ser_A,Ser_R,Ser_n,Ser_xc,Ser_yc,Ser_ellip,Ser_theta,flag_morph,flag_sersic,ima_sc_pix2arc,ima_sc_arc2kpc,psf_arcsec,size_image_phy_kpc,zp_ima,eta,petro_extent_cas,snr,area_min,debleding,area_min_deblend,skybox_x,skybox_y,sky_method,nsigma,npixels,dilate_size,mask_stars,fwhm,threshold,roundlo,roundhi,sharplo,aper_stars,aper_fact,aper_center,aper_ellip,aper_pa,dr,View,area_segmap_pix,area_psf_pix,ratio_segmap_psf,flag_area,flag_area_th,SN_gal,bck,ratio_SN_gal,flag_SN,flag_SN_th,perc_SN_flag,perc_20_SN_gal,perc_50_SN_gal,perc_80_SN_gal,flag_image,flag_bck,flag_object,flag_statmorph,index
1130r,350.58475557997224,-9.605788818034943,5000.0,0.0699,nan,4.579131786663602,8.452481054057344,13.789517618173202,345.1216135685878,344.80319527942595,17.45721118210512,18.72057485202466,8.707155881325857,9.416355983071679,0.44980762133426605,-1.6563133988636758,-0.5856270889828559,-0.11191801732112755,0.5215097069740295,2.393829657086358,0.060419549862055014,0.03414272490160404,0.0,0.0,0.019808291282657396,0.09809974080204216,0.30282686785510543,0.5098535925984217,8.622018645482104,0.7516410628220015,320.27986791395654,320.15085510326605,0.16758275751851792,3.006787485866556,0.0,0.0,0.27,0.34629548650952463,1.5023749,30.0,22.5,0.2,1.5,2.5,5.0,1.0,5.0,5.0,5.0,masking_sources,2.0,5.0,11.0,1.0,3.0,10.0,-0.5,0.5,0.2,5.0,0.5,10.0,0.0,0.0,10.0,Face-on,1895.0,24.3,77.9,0.0,3.0,0.06331,0.005009999964386225,12.6,0.0,3.0,50.0,4.6,12.6,55.9,0.0,0.0,0.0,0.0,1130
