GAL,ra,dec,radvel,z,mag,r20,r50,r80,flux_c,flux_e,rpetro_c,rpetro_e,rhalf_c,rhalf_e,Gini,M20,F(G_M20),S(G_M20),SN_per_pixel,C,A,S,M,I,D,Ao,As,Ser_A,Ser_R,Ser_n,Ser_xc,Ser_yc,Ser_ellip,Ser_theta,flag_morph,flag_sersic,ima_sc_pix2arc,ima_sc_arc2kpc,psf_arcsec,size_image_phy_kpc,zp_ima,eta,petro_extent_cas,snr,area_min,debleding,area_min_deblend,skybox_x,skybox_y,sky_method,nsigma,npixels,dilate_size,mask_stars,fwhm,threshold,roundlo,roundhi,sharplo,aper_stars,aper_fact,aper_center,aper_ellip,aper_pa,dr,View,area_segmap_pix,area_psf_pix,ratio_segmap_psf,flag_area,flag_area_th,SN_gal,bck,ratio_SN_gal,flag_SN,flag_SN_th,perc_SN_flag,perc_20_SN_gal,perc_50_SN_gal,perc_80_SN_gal,flag_image,flag_bck,flag_object,flag_statmorph,index
178r,209.42914568872882,-0.762645675412536,5000.0,0.0296,nan,4.430767421229133,8.89555990650551,15.075392905783193,227.64634747332224,227.5301731509918,18.827441086465758,23.06773358844339,9.108364532428379,10.953991940688073,0.4676055301482332,-1.7312436113969032,-0.4456008030681913,-0.10471338713741873,0.3875513970851898,2.6589484305359457,0.10667440886992693,0.036089886707234446,0.005868544600938967,0.0,0.04654372958679,0.1631219098824147,0.2225066651052967,0.306488892493778,9.900855261238977,0.7525509953499979,320.04270649874434,319.2870344992058,0.324566804973959,2.662193718483068,0.0,0.0,0.27,0.34629548650952463,1.3836571,30.0,22.5,0.2,1.5,2.5,5.0,1.0,5.0,5.0,5.0,masking_sources,2.0,5.0,11.0,1.0,3.0,10.0,-0.5,0.5,0.2,5.0,0.5,10.0,0.0,0.0,10.0,Face-on,1861.0,20.6,90.2,0.0,3.0,0.05543,0.0041600000113248825,13.3,0.0,3.0,50.0,4.5,13.3,42.5,0.0,0.0,0.0,0.0,178
