GAL,ra,dec,radvel,z,mag,r20,r50,r80,flux_c,flux_e,rpetro_c,rpetro_e,rhalf_c,rhalf_e,Gini,M20,F(G_M20),S(G_M20),SN_per_pixel,C,A,S,M,I,D,Ao,As,Ser_A,Ser_R,Ser_n,Ser_xc,Ser_yc,Ser_ellip,Ser_theta,flag_morph,flag_sersic,ima_sc_pix2arc,ima_sc_arc2kpc,psf_arcsec,size_image_phy_kpc,zp_ima,eta,petro_extent_cas,snr,area_min,debleding,area_min_deblend,skybox_x,skybox_y,sky_method,nsigma,npixels,dilate_size,mask_stars,fwhm,threshold,roundlo,roundhi,sharplo,aper_stars,aper_fact,aper_center,aper_ellip,aper_pa,dr,View,area_segmap_pix,area_psf_pix,ratio_segmap_psf,flag_area,flag_area_th,SN_gal,bck,ratio_SN_gal,flag_SN,flag_SN_th,perc_SN_flag,perc_20_SN_gal,perc_50_SN_gal,perc_80_SN_gal,flag_image,flag_bck,flag_object,flag_statmorph,index
789r,174.17480500230576,1.273384605440361,5000.0,0.0761,nan,3.9398944913369034,9.071273806206383,15.824073861797457,122.50440301114307,122.16671701668923,19.353494369851273,21.88606336546774,9.670398827108013,10.815055482226777,0.4937522083411639,-1.9251462860865034,-0.1818001924532915,-0.10578064750827176,0.2652454078197479,3.019168548220503,0.030365671368295294,0.019746822036057085,0.0029411764705882353,0.0,0.01139174254145744,0.07461015941264967,0.21742071470459973,0.14020437382437698,9.032918247248467,1.0753086761709594,319.9501015822369,319.7356058714912,0.21978826828383696,0.9778799480235768,0.0,0.0,0.27,0.34629548650952463,1.3758582,30.0,22.5,0.2,1.5,2.5,5.0,1.0,5.0,5.0,5.0,masking_sources,2.0,5.0,11.0,1.0,3.0,10.0,-0.5,0.5,0.2,5.0,0.5,10.0,0.0,0.0,10.0,Face-on,2027.0,20.4,99.4,0.0,3.0,0.02322,0.0029299999587237835,7.9,0.0,3.0,50.0,3.9,7.9,26.7,0.0,0.0,0.0,0.0,789
