GAL,ra,dec,radvel,z,mag,r20,r50,r80,flux_c,flux_e,rpetro_c,rpetro_e,rhalf_c,rhalf_e,Gini,M20,F(G_M20),S(G_M20),SN_per_pixel,C,A,S,M,I,D,Ao,As,Ser_A,Ser_R,Ser_n,Ser_xc,Ser_yc,Ser_ellip,Ser_theta,flag_morph,flag_sersic,ima_sc_pix2arc,ima_sc_arc2kpc,psf_arcsec,size_image_phy_kpc,zp_ima,eta,petro_extent_cas,snr,area_min,debleding,area_min_deblend,skybox_x,skybox_y,sky_method,nsigma,npixels,dilate_size,mask_stars,fwhm,threshold,roundlo,roundhi,sharplo,aper_stars,aper_fact,aper_center,aper_ellip,aper_pa,dr,View,area_segmap_pix,area_psf_pix,ratio_segmap_psf,flag_area,flag_area_th,SN_gal,bck,ratio_SN_gal,flag_SN,flag_SN_th,perc_SN_flag,perc_20_SN_gal,perc_50_SN_gal,perc_80_SN_gal,flag_image,flag_bck,flag_object,flag_statmorph,index
506r,148.4546173863123,10.974718102476174,5000.0,0.0536,nan,11.780828786139091,21.26709122187565,33.386416520769075,253.243285811269,252.43693331790038,42.16512451307528,58.673782652486295,22.13723651730441,29.85885826108753,0.5494502335417092,-1.119702983680663,-0.46426717627783987,0.06131701647467985,0.20664064586162567,2.261969814552095,0.523064627410968,0.0818790732612477,0.5755208333333334,0.7908734874572779,0.3669852139783229,0.6854754944411007,0.5896746891564486,0.09340142341981782,25.708323546842813,0.3176590894540959,312.43033435783786,327.4988936216831,0.6832363432950141,2.2896113735442993,0.0,0.0,0.27,0.34629548650952463,1.3604138,30.0,22.5,0.2,1.5,2.5,5.0,1.0,5.0,5.0,5.0,masking_sources,2.0,5.0,11.0,1.0,3.0,10.0,-0.5,0.5,0.2,5.0,0.5,10.0,0.0,0.0,10.0,Edge-on,3758.0,19.9,188.5,0.0,3.0,0.03663,0.004000000189989805,9.2,0.0,3.0,50.0,4.5,9.2,24.1,0.0,0.0,0.0,0.0,506
