GAL,ra,dec,radvel,z,mag,r20,r50,r80,flux_c,flux_e,rpetro_c,rpetro_e,rhalf_c,rhalf_e,Gini,M20,F(G_M20),S(G_M20),SN_per_pixel,C,A,S,M,I,D,Ao,As,Ser_A,Ser_R,Ser_n,Ser_xc,Ser_yc,Ser_ellip,Ser_theta,flag_morph,flag_sersic,ima_sc_pix2arc,ima_sc_arc2kpc,psf_arcsec,size_image_phy_kpc,zp_ima,eta,petro_extent_cas,snr,area_min,debleding,area_min_deblend,skybox_x,skybox_y,sky_method,nsigma,npixels,dilate_size,mask_stars,fwhm,threshold,roundlo,roundhi,sharplo,aper_stars,aper_fact,aper_center,aper_ellip,aper_pa,dr,View,area_segmap_pix,area_psf_pix,ratio_segmap_psf,flag_area,flag_area_th,SN_gal,bck,ratio_SN_gal,flag_SN,flag_SN_th,perc_SN_flag,perc_20_SN_gal,perc_50_SN_gal,perc_80_SN_gal,flag_image,flag_bck,flag_object,flag_statmorph,index
173r,21.32152518443511,-8.665319600100291,5000.0,0.0247,nan,16.25157508718375,32.29507293103525,53.35219385755976,245.9407461168078,245.9172672887295,71.33226563968515,74.18298692467863,31.815020880657332,33.93736372294291,0.47660348250780293,-1.5975195671867468,-0.49373170152595947,-0.07721777215623293,0.11803093552589417,2.5812841183963418,-0.2031107461304266,0.013229993833540298,0.08026315789473684,0.3650798188594519,0.041290762993841226,-0.19879789036947873,0.2888876377837736,0.02688751449080037,24.377543251598677,0.768318600857586,318.89374099425146,318.0728252071418,0.11349186121912917,0.8256046520769927,0.0,0.0,0.27,0.34629548650952463,1.0991286,30.0,22.5,0.2,1.5,2.5,5.0,1.0,5.0,5.0,5.0,masking_sources,2.0,5.0,11.0,1.0,3.0,10.0,-0.5,0.5,0.2,5.0,0.5,10.0,0.0,0.0,10.0,Face-on,5609.0,13.0,430.9,0.0,3.0,0.02429,0.004910000134259462,4.9,0.0,3.0,50.0,3.5,4.9,8.2,0.0,0.0,0.0,0.0,173
