GAL,ra,dec,radvel,z,mag,r20,r50,r80,flux_c,flux_e,rpetro_c,rpetro_e,rhalf_c,rhalf_e,Gini,M20,F(G_M20),S(G_M20),SN_per_pixel,C,A,S,M,I,D,Ao,As,Ser_A,Ser_R,Ser_n,Ser_xc,Ser_yc,Ser_ellip,Ser_theta,flag_morph,flag_sersic,ima_sc_pix2arc,ima_sc_arc2kpc,psf_arcsec,size_image_phy_kpc,zp_ima,eta,petro_extent_cas,snr,area_min,debleding,area_min_deblend,skybox_x,skybox_y,sky_method,nsigma,npixels,dilate_size,mask_stars,fwhm,threshold,roundlo,roundhi,sharplo,aper_stars,aper_fact,aper_center,aper_ellip,aper_pa,dr,View,area_segmap_pix,area_psf_pix,ratio_segmap_psf,flag_area,flag_area_th,SN_gal,bck,ratio_SN_gal,flag_SN,flag_SN_th,perc_SN_flag,perc_20_SN_gal,perc_50_SN_gal,perc_80_SN_gal,flag_image,flag_bck,flag_object,flag_statmorph,index
715r,11.018100278598254,0.04407387813840402,5000.0,0.0662,nan,2.5410746275359615,5.306240474753758,9.604431522867378,120.90196741271916,120.92775985594633,12.16214888687399,13.211003956727646,5.498324903058491,5.987985592882314,0.5079238665247978,-1.8211838930024657,-0.18369642285154208,-0.07729993326779289,0.430240273475647,2.88727122334966,0.005248795277257052,0.0013929123832082475,0.0,0.0,0.012716911552927413,-0.04242979794786443,0.19168360561390238,0.4147470395495695,5.366480983418869,1.1364084164806252,320.08812533073024,320.0806285119148,0.22603916205992902,1.0408239684860463,2.0,0.0,0.27,0.34629548650952463,1.1534755,30.0,22.5,0.2,1.5,2.5,5.0,1.0,5.0,5.0,5.0,masking_sources,2.0,5.0,11.0,1.0,3.0,10.0,-0.5,0.5,0.2,5.0,0.5,10.0,0.0,0.0,10.0,Face-on,1158.0,14.3,80.8,0.0,3.0,0.03068,0.0024399999529123306,12.6,0.0,3.0,50.0,4.6,12.6,50.9,0.0,0.0,0.0,0.0,715
