GAL,ra,dec,radvel,z,mag,r20,r50,r80,flux_c,flux_e,rpetro_c,rpetro_e,rhalf_c,rhalf_e,Gini,M20,F(G_M20),S(G_M20),SN_per_pixel,C,A,S,M,I,D,Ao,As,Ser_A,Ser_R,Ser_n,Ser_xc,Ser_yc,Ser_ellip,Ser_theta,flag_morph,flag_sersic,ima_sc_pix2arc,ima_sc_arc2kpc,psf_arcsec,size_image_phy_kpc,zp_ima,eta,petro_extent_cas,snr,area_min,debleding,area_min_deblend,skybox_x,skybox_y,sky_method,nsigma,npixels,dilate_size,mask_stars,fwhm,threshold,roundlo,roundhi,sharplo,aper_stars,aper_fact,aper_center,aper_ellip,aper_pa,dr,View,area_segmap_pix,area_psf_pix,ratio_segmap_psf,flag_area,flag_area_th,SN_gal,bck,ratio_SN_gal,flag_SN,flag_SN_th,perc_SN_flag,perc_20_SN_gal,perc_50_SN_gal,perc_80_SN_gal,flag_image,flag_bck,flag_object,flag_statmorph,index
308r,325.9976188112329,0.19053487966981147,5000.0,0.0518,nan,6.291630044730641,12.687498638387448,20.801535050455414,74.29147550724504,74.40149507974363,26.548064855205624,35.59676013679169,13.022301541948668,17.666403397174584,0.4466410877247107,-1.6960159892653293,-0.5737875352018094,-0.12057154566041722,0.16909386217594147,2.596661036285383,0.1088668402994029,0.00293586248346919,0.00395778364116095,0.03835843720216962,0.051994260975434824,0.1871782900404235,0.2763741758938248,0.0584602822318199,15.048629841897135,0.45612529060103524,320.8283389809436,321.47824893252476,0.46437902563691946,0.36423703561102616,0.0,0.0,0.27,0.34629548650952463,1.1561439,30.0,22.5,0.2,1.5,2.5,5.0,1.0,5.0,5.0,5.0,masking_sources,2.0,5.0,11.0,1.0,3.0,10.0,-0.5,0.5,0.2,5.0,0.5,10.0,0.0,0.0,10.0,Face-on,2027.0,14.4,140.8,0.0,3.0,0.02335,0.002570000011473894,9.1,0.0,3.0,50.0,4.2,9.1,19.5,0.0,0.0,0.0,0.0,308
