GAL,ra,dec,radvel,z,mag,r20,r50,r80,flux_c,flux_e,rpetro_c,rpetro_e,rhalf_c,rhalf_e,Gini,M20,F(G_M20),S(G_M20),SN_per_pixel,C,A,S,M,I,D,Ao,As,Ser_A,Ser_R,Ser_n,Ser_xc,Ser_yc,Ser_ellip,Ser_theta,flag_morph,flag_sersic,ima_sc_pix2arc,ima_sc_arc2kpc,psf_arcsec,size_image_phy_kpc,zp_ima,eta,petro_extent_cas,snr,area_min,debleding,area_min_deblend,skybox_x,skybox_y,sky_method,nsigma,npixels,dilate_size,mask_stars,fwhm,threshold,roundlo,roundhi,sharplo,aper_stars,aper_fact,aper_center,aper_ellip,aper_pa,dr,View,area_segmap_pix,area_psf_pix,ratio_segmap_psf,flag_area,flag_area_th,SN_gal,bck,ratio_SN_gal,flag_SN,flag_SN_th,perc_SN_flag,perc_20_SN_gal,perc_50_SN_gal,perc_80_SN_gal,flag_image,flag_bck,flag_object,flag_statmorph,index
288r,146.0433058378797,3.5635186906856333,5000.0,0.0488,nan,6.397505218587459,14.5930886133648,30.52453364791669,132.44873902524674,125.81951748471974,39.38736636931409,40.828436987794205,14.450322543222658,18.862196761460698,0.5319572761436431,-1.8257328115590117,-0.06157864467857177,-0.05413915742449604,0.17632490396499634,3.3931919435912254,0.15618444128825246,0.0600376385977896,0.06830122591943957,0.09011993401473346,0.0744353343737782,0.15636413387252202,0.37955812718812726,0.08767451318920828,15.245725390084198,0.747311409713479,319.9208748880997,318.73763580873333,0.5494670484504826,2.230916542733797,0.0,0.0,0.27,0.34629548650952463,1.3356706,30.0,22.5,0.2,1.5,2.5,5.0,1.0,5.0,5.0,5.0,masking_sources,2.0,5.0,11.0,1.0,3.0,10.0,-0.5,0.5,0.2,5.0,0.5,10.0,0.0,0.0,10.0,Edge-on,2559.0,19.2,133.1,0.0,3.0,0.02565,0.0034099998883903027,7.5,0.0,3.0,50.0,4.0,7.5,17.3,0.0,0.0,0.0,0.0,288
