GAL,ra,dec,radvel,z,mag,r20,r50,r80,flux_c,flux_e,rpetro_c,rpetro_e,rhalf_c,rhalf_e,Gini,M20,F(G_M20),S(G_M20),SN_per_pixel,C,A,S,M,I,D,Ao,As,Ser_A,Ser_R,Ser_n,Ser_xc,Ser_yc,Ser_ellip,Ser_theta,flag_morph,flag_sersic,ima_sc_pix2arc,ima_sc_arc2kpc,psf_arcsec,size_image_phy_kpc,zp_ima,eta,petro_extent_cas,snr,area_min,debleding,area_min_deblend,skybox_x,skybox_y,sky_method,nsigma,npixels,dilate_size,mask_stars,fwhm,threshold,roundlo,roundhi,sharplo,aper_stars,aper_fact,aper_center,aper_ellip,aper_pa,dr,View,area_segmap_pix,area_psf_pix,ratio_segmap_psf,flag_area,flag_area_th,SN_gal,bck,ratio_SN_gal,flag_SN,flag_SN_th,perc_SN_flag,perc_20_SN_gal,perc_50_SN_gal,perc_80_SN_gal,flag_image,flag_bck,flag_object,flag_statmorph,index
1006r,119.9643918140033,22.622539601374772,5000.0,0.1335,nan,2.1151194196640217,4.101908612207116,7.60434998023429,91.740133797198,92.89021487154199,9.370932035245545,12.605166038268965,4.72816738414211,6.267220663017256,0.5201014659198875,-1.7187248757977607,-0.1944214047687085,-0.051002306475200154,0.46953311562538147,2.7786360190656407,0.017109818035484912,0.06320932288843491,0.0,0.0,0.02619900687603924,-0.04349568333558265,0.28457382108273804,0.6842922052897005,4.280208682988951,2.1915787632057393,320.168033613911,319.90787167130026,0.5768159084252101,1.1639768350998694,0.0,0.0,0.27,0.34629548650952463,1.4512782,30.0,22.5,0.2,1.5,2.5,5.0,1.0,5.0,5.0,5.0,masking_sources,2.0,5.0,11.0,1.0,3.0,10.0,-0.5,0.5,0.2,5.0,0.5,10.0,0.0,0.0,10.0,Edge-on,927.0,22.7,40.9,0.0,3.0,0.02606,0.0033499998971819878,7.8,0.0,3.0,50.0,3.9,7.8,29.7,0.0,0.0,0.0,0.0,1006
