GAL,ra,dec,radvel,z,mag,r20,r50,r80,flux_c,flux_e,rpetro_c,rpetro_e,rhalf_c,rhalf_e,Gini,M20,F(G_M20),S(G_M20),SN_per_pixel,C,A,S,M,I,D,Ao,As,Ser_A,Ser_R,Ser_n,Ser_xc,Ser_yc,Ser_ellip,Ser_theta,flag_morph,flag_sersic,ima_sc_pix2arc,ima_sc_arc2kpc,psf_arcsec,size_image_phy_kpc,zp_ima,eta,petro_extent_cas,snr,area_min,debleding,area_min_deblend,skybox_x,skybox_y,sky_method,nsigma,npixels,dilate_size,mask_stars,fwhm,threshold,roundlo,roundhi,sharplo,aper_stars,aper_fact,aper_center,aper_ellip,aper_pa,dr,View,area_segmap_pix,area_psf_pix,ratio_segmap_psf,flag_area,flag_area_th,SN_gal,bck,ratio_SN_gal,flag_SN,flag_SN_th,perc_SN_flag,perc_20_SN_gal,perc_50_SN_gal,perc_80_SN_gal,flag_image,flag_bck,flag_object,flag_statmorph,index
937r,124.19205404491876,30.17395997095823,5000.0,0.0643,nan,4.688534290866663,10.199529688700382,18.966085815466435,230.08026977566513,231.76739120969376,24.177359442111342,34.06376455701468,10.51760645916587,16.361937222659915,0.49817084766974534,-1.8766065214955643,-0.19356598463833397,-0.09465916729483559,0.3683929741382599,3.034703072925348,0.02631299420920901,0.014473437935183532,0.001026694045174538,0.0,0.02261481984346283,0.008415934274576988,0.16208113284699358,0.31896379907868755,15.399996028889534,0.7240407108226589,319.63207984677854,319.996426161204,0.7219013148529189,0.5777505035299849,0.0,0.0,0.27,0.34629548650952463,1.5010613,30.0,22.5,0.2,1.5,2.5,5.0,1.0,5.0,5.0,5.0,masking_sources,2.0,5.0,11.0,1.0,3.0,10.0,-0.5,0.5,0.2,5.0,0.5,10.0,0.0,0.0,10.0,Edge-on,2010.0,24.3,82.8,0.0,3.0,0.04867,0.0036200000904500484,13.5,0.0,3.0,50.0,4.7,13.5,48.3,0.0,0.0,0.0,0.0,937
