GAL,ra,dec,radvel,z,mag,r20,r50,r80,flux_c,flux_e,rpetro_c,rpetro_e,rhalf_c,rhalf_e,Gini,M20,F(G_M20),S(G_M20),SN_per_pixel,C,A,S,M,I,D,Ao,As,Ser_A,Ser_R,Ser_n,Ser_xc,Ser_yc,Ser_ellip,Ser_theta,flag_morph,flag_sersic,ima_sc_pix2arc,ima_sc_arc2kpc,psf_arcsec,size_image_phy_kpc,zp_ima,eta,petro_extent_cas,snr,area_min,debleding,area_min_deblend,skybox_x,skybox_y,sky_method,nsigma,npixels,dilate_size,mask_stars,fwhm,threshold,roundlo,roundhi,sharplo,aper_stars,aper_fact,aper_center,aper_ellip,aper_pa,dr,View,area_segmap_pix,area_psf_pix,ratio_segmap_psf,flag_area,flag_area_th,SN_gal,bck,ratio_SN_gal,flag_SN,flag_SN_th,perc_SN_flag,perc_20_SN_gal,perc_50_SN_gal,perc_80_SN_gal,flag_image,flag_bck,flag_object,flag_statmorph,index
929r,340.1216626328126,-1.2246816455915535,5000.0,0.132,nan,4.684291975014454,10.452130277434295,18.347758563271817,99.68971985204944,99.96323554024724,23.386393201931345,26.851814395415666,10.6956310779663,13.466202323408544,0.4675006158493591,-1.90737844041172,-0.3240586923403508,-0.12929999352636362,0.2160411775112152,2.9646952977208176,0.12800416786033605,0.012376894443735886,0.014801657785671996,0.06134988087408564,0.024330797023327955,0.3242900858804,0.4238080466326883,0.09702235909508453,10.904748686824975,0.7379586240611998,319.6860742255366,319.59092544470633,0.29354654093447874,1.7969536433002544,0.0,0.0,0.27,0.34629548650952463,1.2121588,30.0,22.5,0.2,1.5,2.5,5.0,1.0,5.0,5.0,5.0,masking_sources,2.0,5.0,11.0,1.0,3.0,10.0,-0.5,0.5,0.2,5.0,0.5,10.0,0.0,0.0,10.0,Face-on,2141.0,15.8,135.2,0.0,3.0,0.02427,0.0021800000686198473,11.1,0.0,3.0,50.0,5.0,11.1,27.4,0.0,0.0,0.0,0.0,929
