GAL,ra,dec,radvel,z,mag,r20,r50,r80,flux_c,flux_e,rpetro_c,rpetro_e,rhalf_c,rhalf_e,Gini,M20,F(G_M20),S(G_M20),SN_per_pixel,C,A,S,M,I,D,Ao,As,Ser_A,Ser_R,Ser_n,Ser_xc,Ser_yc,Ser_ellip,Ser_theta,flag_morph,flag_sersic,ima_sc_pix2arc,ima_sc_arc2kpc,psf_arcsec,size_image_phy_kpc,zp_ima,eta,petro_extent_cas,snr,area_min,debleding,area_min_deblend,skybox_x,skybox_y,sky_method,nsigma,npixels,dilate_size,mask_stars,fwhm,threshold,roundlo,roundhi,sharplo,aper_stars,aper_fact,aper_center,aper_ellip,aper_pa,dr,View,area_segmap_pix,area_psf_pix,ratio_segmap_psf,flag_area,flag_area_th,SN_gal,bck,ratio_SN_gal,flag_SN,flag_SN_th,perc_SN_flag,perc_20_SN_gal,perc_50_SN_gal,perc_80_SN_gal,flag_image,flag_bck,flag_object,flag_statmorph,index
502r,123.75591750495303,5.605058609771336,5000.0,0.0526,nan,10.99591594375911,22.94225939576549,41.61951335861449,188.76443967121105,186.59502937050803,49.47749210495509,54.423925368689865,22.93998292245574,26.031978581315613,0.5078698070983217,-0.9826717394522452,-0.7650529394229011,0.03919973724347636,0.1352928727865219,2.8903279328103535,-0.11749767115545498,-0.05081825980276384,0.06848249027237355,0.05412387425232656,0.05544927610300507,-0.19877735418387876,0.3303931699144853,0.04436104005669641,17.764167154240685,0.7222204317396153,319.7358960981791,319.52238362225523,0.08444805179553144,2.115127638447669,0.0,0.0,0.27,0.34629548650952463,1.4588109,30.0,22.5,0.2,1.5,2.5,5.0,1.0,5.0,5.0,5.0,masking_sources,2.0,5.0,11.0,1.0,3.0,10.0,-0.5,0.5,0.2,5.0,0.5,10.0,0.0,0.0,10.0,Face-on,4053.0,22.9,176.8,0.0,3.0,0.0252,0.00419999985024333,6.0,0.0,3.0,50.0,3.8,6.0,11.8,0.0,0.0,0.0,0.0,502
