GAL,ra,dec,radvel,z,mag,r20,r50,r80,flux_c,flux_e,rpetro_c,rpetro_e,rhalf_c,rhalf_e,Gini,M20,F(G_M20),S(G_M20),SN_per_pixel,C,A,S,M,I,D,Ao,As,Ser_A,Ser_R,Ser_n,Ser_xc,Ser_yc,Ser_ellip,Ser_theta,flag_morph,flag_sersic,ima_sc_pix2arc,ima_sc_arc2kpc,psf_arcsec,size_image_phy_kpc,zp_ima,eta,petro_extent_cas,snr,area_min,debleding,area_min_deblend,skybox_x,skybox_y,sky_method,nsigma,npixels,dilate_size,mask_stars,fwhm,threshold,roundlo,roundhi,sharplo,aper_stars,aper_fact,aper_center,aper_ellip,aper_pa,dr,View,area_segmap_pix,area_psf_pix,ratio_segmap_psf,flag_area,flag_area_th,SN_gal,bck,ratio_SN_gal,flag_SN,flag_SN_th,perc_SN_flag,perc_20_SN_gal,perc_50_SN_gal,perc_80_SN_gal,flag_image,flag_bck,flag_object,flag_statmorph,index
140r,175.2088232145748,5.365562653276747,5000.0,0.0317,nan,5.70055489712871,14.839258314060187,31.73164715616258,164.91107089204849,148.16289747233785,36.545224760790006,48.87517458397486,16.51399206803557,21.934798991903246,0.5505341230038283,-2.080870936735148,0.20718746802640808,-0.07121227843239564,0.2032984048128128,3.727877420534824,0.05163441475904498,0.023403706227964553,0.02929936305732484,0.0354014032765483,0.022861186034431935,-0.04389491349793278,0.313309773343324,0.10208855838802328,17.344371004237455,1.0602843541132543,320.0003640667799,321.03657702316923,0.6777302585791417,1.8011490018852712,1.0,0.0,0.27,0.34629548650952463,1.124514,30.0,22.5,0.2,1.5,2.5,5.0,1.0,5.0,5.0,5.0,masking_sources,2.0,5.0,11.0,1.0,3.0,10.0,-0.5,0.5,0.2,5.0,0.5,10.0,0.0,0.0,10.0,Edge-on,1943.0,13.6,142.6,0.0,3.0,0.03944,0.005810000002384186,6.8,0.0,3.0,50.0,3.8,6.8,14.7,0.0,0.0,0.0,0.0,140
