GAL,ra,dec,radvel,z,mag,r20,r50,r80,flux_c,flux_e,rpetro_c,rpetro_e,rhalf_c,rhalf_e,Gini,M20,F(G_M20),S(G_M20),SN_per_pixel,C,A,S,M,I,D,Ao,As,Ser_A,Ser_R,Ser_n,Ser_xc,Ser_yc,Ser_ellip,Ser_theta,flag_morph,flag_sersic,ima_sc_pix2arc,ima_sc_arc2kpc,psf_arcsec,size_image_phy_kpc,zp_ima,eta,petro_extent_cas,snr,area_min,debleding,area_min_deblend,skybox_x,skybox_y,sky_method,nsigma,npixels,dilate_size,mask_stars,fwhm,threshold,roundlo,roundhi,sharplo,aper_stars,aper_fact,aper_center,aper_ellip,aper_pa,dr,View,area_segmap_pix,area_psf_pix,ratio_segmap_psf,flag_area,flag_area_th,SN_gal,bck,ratio_SN_gal,flag_SN,flag_SN_th,perc_SN_flag,perc_20_SN_gal,perc_50_SN_gal,perc_80_SN_gal,flag_image,flag_bck,flag_object,flag_statmorph,index
1064r,147.95953217399284,7.625073827848077,5000.0,0.1365,nan,4.356994006262111,12.443376433117008,27.752750341358347,463.0453582929259,468.5897674438577,33.406791885799315,41.073076508816904,14.472833258152338,17.150908535193864,0.5895387925797355,-2.271323344829343,0.5322441012364258,-0.059070540277340544,0.2762660086154938,4.020595331824815,0.01174211052149405,-0.0003288262506302556,0.004471544715447155,0.007289538794836234,0.008928914649573605,0.022141550851472347,0.18941184232546046,0.19676011319994582,14.001471711248037,2.081533388068805,319.34214899427263,320.1146513455465,0.33791836203981573,1.586613687989286,1.0,0.0,0.27,0.34629548650952463,1.1517849,30.0,22.5,0.2,1.5,2.5,5.0,1.0,5.0,5.0,5.0,masking_sources,2.0,5.0,11.0,1.0,3.0,10.0,-0.5,0.5,0.2,5.0,0.5,10.0,0.0,0.0,10.0,Face-on,5745.0,14.3,402.0,0.0,3.0,0.0284,0.004490000195801258,6.3,0.0,3.0,50.0,3.7,6.3,16.3,0.0,0.0,0.0,0.0,1064
