GAL,ra,dec,radvel,z,mag,r20,r50,r80,flux_c,flux_e,rpetro_c,rpetro_e,rhalf_c,rhalf_e,Gini,M20,F(G_M20),S(G_M20),SN_per_pixel,C,A,S,M,I,D,Ao,As,Ser_A,Ser_R,Ser_n,Ser_xc,Ser_yc,Ser_ellip,Ser_theta,flag_morph,flag_sersic,ima_sc_pix2arc,ima_sc_arc2kpc,psf_arcsec,size_image_phy_kpc,zp_ima,eta,petro_extent_cas,snr,area_min,debleding,area_min_deblend,skybox_x,skybox_y,sky_method,nsigma,npixels,dilate_size,mask_stars,fwhm,threshold,roundlo,roundhi,sharplo,aper_stars,aper_fact,aper_center,aper_ellip,aper_pa,dr,View,area_segmap_pix,area_psf_pix,ratio_segmap_psf,flag_area,flag_area_th,SN_gal,bck,ratio_SN_gal,flag_SN,flag_SN_th,perc_SN_flag,perc_20_SN_gal,perc_50_SN_gal,perc_80_SN_gal,flag_image,flag_bck,flag_object,flag_statmorph,index
988r,144.01760418270757,9.554202977276733,5000.0,0.1673,nan,2.988977032005835,5.891650809885165,10.312457710670719,83.87981583491748,83.8865449938461,12.973126542466375,13.931767580711888,5.985961884170918,6.3741365240358725,0.49133321984640144,-1.7508770630620243,-0.3145427570583301,-0.08395202411768399,0.3347623348236084,2.6891980138716813,0.04664093565203505,-0.012378103550974195,0.0,0.0,0.022082461358504623,0.07833639072980748,0.1730401811093862,0.3053506915365865,5.070797420713559,1.0263183789246917,320.2305213651035,319.8551236956573,0.1647796662448475,1.2397992992146674,1.0,0.0,0.27,0.34629548650952463,1.6990551,30.0,22.5,0.2,1.5,2.5,5.0,1.0,5.0,5.0,5.0,masking_sources,2.0,5.0,11.0,1.0,3.0,10.0,-0.5,0.5,0.2,5.0,0.5,10.0,0.0,0.0,10.0,Face-on,827.0,31.1,26.6,0.0,3.0,0.04398,0.004739999771118164,9.3,0.0,3.0,50.0,4.2,9.3,28.7,0.0,0.0,0.0,0.0,988
