GAL,ra,dec,radvel,z,mag,r20,r50,r80,flux_c,flux_e,rpetro_c,rpetro_e,rhalf_c,rhalf_e,Gini,M20,F(G_M20),S(G_M20),SN_per_pixel,C,A,S,M,I,D,Ao,As,Ser_A,Ser_R,Ser_n,Ser_xc,Ser_yc,Ser_ellip,Ser_theta,flag_morph,flag_sersic,ima_sc_pix2arc,ima_sc_arc2kpc,psf_arcsec,size_image_phy_kpc,zp_ima,eta,petro_extent_cas,snr,area_min,debleding,area_min_deblend,skybox_x,skybox_y,sky_method,nsigma,npixels,dilate_size,mask_stars,fwhm,threshold,roundlo,roundhi,sharplo,aper_stars,aper_fact,aper_center,aper_ellip,aper_pa,dr,View,area_segmap_pix,area_psf_pix,ratio_segmap_psf,flag_area,flag_area_th,SN_gal,bck,ratio_SN_gal,flag_SN,flag_SN_th,perc_SN_flag,perc_20_SN_gal,perc_50_SN_gal,perc_80_SN_gal,flag_image,flag_bck,flag_object,flag_statmorph,index
531r,230.71819765846536,0.027135283390007446,5000.0,0.0711,nan,6.510672325977458,14.36826916019007,26.104930721602088,130.9649041579376,132.48326043989988,32.976677638272726,45.24573671759748,14.549794772851355,18.89002962259941,0.5115761427019061,-1.8777407883093318,-0.12642372732719753,-0.08154558830011016,0.16812849044799805,3.015483533008676,0.01539973450405221,-0.0060169587921805835,0.009456264775413711,0.013864722252799996,0.017433204816378414,0.008930837600081865,0.12302862848793553,0.06994882956768315,17.545565157417553,0.841920694590377,320.5250870696878,320.323885199929,0.5073313951817752,0.37442170529048335,1.0,0.0,0.27,0.34629548650952463,1.199941,30.0,22.5,0.2,1.5,2.5,5.0,1.0,5.0,5.0,5.0,masking_sources,2.0,5.0,11.0,1.0,3.0,10.0,-0.5,0.5,0.2,5.0,0.5,10.0,0.0,0.0,10.0,Edge-on,3916.0,15.5,252.4,0.0,3.0,0.01832,0.0016599999507889152,11.0,0.0,3.0,50.0,5.0,11.0,25.0,0.0,0.0,0.0,0.0,531
