GAL,ra,dec,radvel,z,mag,r20,r50,r80,flux_c,flux_e,rpetro_c,rpetro_e,rhalf_c,rhalf_e,Gini,M20,F(G_M20),S(G_M20),SN_per_pixel,C,A,S,M,I,D,Ao,As,Ser_A,Ser_R,Ser_n,Ser_xc,Ser_yc,Ser_ellip,Ser_theta,flag_morph,flag_sersic,ima_sc_pix2arc,ima_sc_arc2kpc,psf_arcsec,size_image_phy_kpc,zp_ima,eta,petro_extent_cas,snr,area_min,debleding,area_min_deblend,skybox_x,skybox_y,sky_method,nsigma,npixels,dilate_size,mask_stars,fwhm,threshold,roundlo,roundhi,sharplo,aper_stars,aper_fact,aper_center,aper_ellip,aper_pa,dr,View,area_segmap_pix,area_psf_pix,ratio_segmap_psf,flag_area,flag_area_th,SN_gal,bck,ratio_SN_gal,flag_SN,flag_SN_th,perc_SN_flag,perc_20_SN_gal,perc_50_SN_gal,perc_80_SN_gal,flag_image,flag_bck,flag_object,flag_statmorph,index
249r,188.4370227871951,-1.787712174980624,5000.0,0.023,nan,2.8564586243877756,5.687973069324651,10.631702844670498,135.5512974505099,137.33296054008218,13.07333259924233,18.035075342101617,6.35063452445644,8.732079039287122,0.5218542304922933,-1.7185215540662764,-0.18588612209521882,-0.04923880782784207,0.42066794633865356,2.8538744594459935,0.027589652754024193,0.0015787979728742263,0.0,0.0,0.02604556763591893,-0.0779503976937018,0.3051717269584124,0.3515158011852338,7.549445333398427,1.3875755978197668,319.7069667617231,319.8385202565232,0.5118736016889802,1.296715708997124,0.0,0.0,0.27,0.34629548650952463,1.1298279,30.0,22.5,0.2,1.5,2.5,5.0,1.0,5.0,5.0,5.0,masking_sources,2.0,5.0,11.0,1.0,3.0,10.0,-0.5,0.5,0.2,5.0,0.5,10.0,0.0,0.0,10.0,Edge-on,1875.0,13.8,136.3,0.0,3.0,0.01889,0.00203999993391335,9.3,0.0,3.0,50.0,4.3,9.3,33.3,0.0,0.0,0.0,0.0,249
