GAL,ra,dec,radvel,z,mag,r20,r50,r80,flux_c,flux_e,rpetro_c,rpetro_e,rhalf_c,rhalf_e,Gini,M20,F(G_M20),S(G_M20),SN_per_pixel,C,A,S,M,I,D,Ao,As,Ser_A,Ser_R,Ser_n,Ser_xc,Ser_yc,Ser_ellip,Ser_theta,flag_morph,flag_sersic,ima_sc_pix2arc,ima_sc_arc2kpc,psf_arcsec,size_image_phy_kpc,zp_ima,eta,petro_extent_cas,snr,area_min,debleding,area_min_deblend,skybox_x,skybox_y,sky_method,nsigma,npixels,dilate_size,mask_stars,fwhm,threshold,roundlo,roundhi,sharplo,aper_stars,aper_fact,aper_center,aper_ellip,aper_pa,dr,View,area_segmap_pix,area_psf_pix,ratio_segmap_psf,flag_area,flag_area_th,SN_gal,bck,ratio_SN_gal,flag_SN,flag_SN_th,perc_SN_flag,perc_20_SN_gal,perc_50_SN_gal,perc_80_SN_gal,flag_image,flag_bck,flag_object,flag_statmorph,index
340r,41.64353024757993,0.42894992239208335,5000.0,0.0281,nan,4.561894684481403,10.788554164216219,20.511439879451206,183.9101870075622,183.81222972818682,25.947555144348666,29.338717060119954,11.457840988765929,12.945547374015044,0.5301709750001994,-2.0004176255433914,0.050635740752556835,-0.08018878470033403,0.24408937990665436,3.264254467202537,0.02019513383262865,0.0067030272739020975,0.0023837902264600714,0.0,0.002469014587614109,0.015094981392741229,0.22805972926191556,0.1332035779962749,11.308036154452665,1.179936075936097,319.96605988539835,320.09749856093913,0.2327898654099579,1.815017627080146,0.0,0.0,0.27,0.34629548650952463,1.1175443,30.0,22.5,0.2,1.5,2.5,5.0,1.0,5.0,5.0,5.0,masking_sources,2.0,5.0,11.0,1.0,3.0,10.0,-0.5,0.5,0.2,5.0,0.5,10.0,0.0,0.0,10.0,Face-on,3579.0,13.5,266.0,0.0,3.0,0.01968,0.0021200000774115324,9.3,0.0,3.0,50.0,4.2,9.3,27.7,0.0,0.0,0.0,0.0,340
