GAL,ra,dec,radvel,z,mag,r20,r50,r80,flux_c,flux_e,rpetro_c,rpetro_e,rhalf_c,rhalf_e,Gini,M20,F(G_M20),S(G_M20),SN_per_pixel,C,A,S,M,I,D,Ao,As,Ser_A,Ser_R,Ser_n,Ser_xc,Ser_yc,Ser_ellip,Ser_theta,flag_morph,flag_sersic,ima_sc_pix2arc,ima_sc_arc2kpc,psf_arcsec,size_image_phy_kpc,zp_ima,eta,petro_extent_cas,snr,area_min,debleding,area_min_deblend,skybox_x,skybox_y,sky_method,nsigma,npixels,dilate_size,mask_stars,fwhm,threshold,roundlo,roundhi,sharplo,aper_stars,aper_fact,aper_center,aper_ellip,aper_pa,dr,View,area_segmap_pix,area_psf_pix,ratio_segmap_psf,flag_area,flag_area_th,SN_gal,bck,ratio_SN_gal,flag_SN,flag_SN_th,perc_SN_flag,perc_20_SN_gal,perc_50_SN_gal,perc_80_SN_gal,flag_image,flag_bck,flag_object,flag_statmorph,index
4r,204.77725087276946,3.419342942993871,5000.0,0.0114,nan,9.00454581802781,17.335011250650382,32.8763881990256,128.78398195563733,128.52370186584574,44.57165731340642,53.31031942231199,17.134263318140153,20.934371036811516,0.557432933127422,-1.6457876823851803,-0.060176117126331086,-0.0039058840553922725,0.1271177977323532,2.8121114381837975,-0.029505133980854296,-0.05387901547192638,0.08116189662537378,0.04501889911070096,0.04297785040891526,-0.026113470274113298,0.3546879248568685,0.05137904454997654,15.11500185822333,0.6324678524775531,320.1591326060297,321.26405325247526,0.14867028085920314,1.2529060269771075,0.0,0.0,0.27,0.34629548650952463,1.4202254,30.0,22.5,0.2,1.5,2.5,5.0,1.0,5.0,5.0,5.0,masking_sources,2.0,5.0,11.0,1.0,3.0,10.0,-0.5,0.5,0.2,5.0,0.5,10.0,0.0,0.0,10.0,Face-on,2802.0,21.7,128.9,0.0,3.0,0.02535,0.00419999985024333,6.0,0.0,3.0,50.0,3.6,6.0,13.7,0.0,0.0,0.0,0.0,4
