GAL,ra,dec,radvel,z,mag,r20,r50,r80,flux_c,flux_e,rpetro_c,rpetro_e,rhalf_c,rhalf_e,Gini,M20,F(G_M20),S(G_M20),SN_per_pixel,C,A,S,M,I,D,Ao,As,Ser_A,Ser_R,Ser_n,Ser_xc,Ser_yc,Ser_ellip,Ser_theta,flag_morph,flag_sersic,ima_sc_pix2arc,ima_sc_arc2kpc,psf_arcsec,size_image_phy_kpc,zp_ima,eta,petro_extent_cas,snr,area_min,debleding,area_min_deblend,skybox_x,skybox_y,sky_method,nsigma,npixels,dilate_size,mask_stars,fwhm,threshold,roundlo,roundhi,sharplo,aper_stars,aper_fact,aper_center,aper_ellip,aper_pa,dr,View,area_segmap_pix,area_psf_pix,ratio_segmap_psf,flag_area,flag_area_th,SN_gal,bck,ratio_SN_gal,flag_SN,flag_SN_th,perc_SN_flag,perc_20_SN_gal,perc_50_SN_gal,perc_80_SN_gal,flag_image,flag_bck,flag_object,flag_statmorph,index
1117r,153.33628116923714,8.744571365572375,5000.0,0.1316,nan,4.7466183324216304,10.184529268399277,19.05096556561597,107.44790495685078,104.997172544646,23.28330504553094,32.31406673775864,10.414809195766336,15.572941722394352,0.4882204239772416,-1.8004782783591669,-0.29557745440975136,-0.09392826095445506,0.260971337556839,3.0176633990381516,0.0635617424068684,0.02367352686149188,0.0032502708559046588,0.0,0.023591391278262763,0.03757687291760692,0.19067438479339527,0.1694341638329753,14.178205364851872,0.5903997505491446,320.1819724978584,319.64606062805285,0.7060667674959814,2.280964369465062,0.0,0.0,0.27,0.34629548650952463,1.4532402,30.0,22.5,0.2,1.5,2.5,5.0,1.0,5.0,5.0,5.0,masking_sources,2.0,5.0,11.0,1.0,3.0,10.0,-0.5,0.5,0.2,5.0,0.5,10.0,0.0,0.0,10.0,Edge-on,1254.0,22.8,55.1,0.0,3.0,0.04873,0.0047599999234080315,10.2,0.0,3.0,50.0,4.5,10.2,25.8,0.0,0.0,0.0,0.0,1117
