GAL,ra,dec,radvel,z,mag,r20,r50,r80,flux_c,flux_e,rpetro_c,rpetro_e,rhalf_c,rhalf_e,Gini,M20,F(G_M20),S(G_M20),SN_per_pixel,C,A,S,M,I,D,Ao,As,Ser_A,Ser_R,Ser_n,Ser_xc,Ser_yc,Ser_ellip,Ser_theta,flag_morph,flag_sersic,ima_sc_pix2arc,ima_sc_arc2kpc,psf_arcsec,size_image_phy_kpc,zp_ima,eta,petro_extent_cas,snr,area_min,debleding,area_min_deblend,skybox_x,skybox_y,sky_method,nsigma,npixels,dilate_size,mask_stars,fwhm,threshold,roundlo,roundhi,sharplo,aper_stars,aper_fact,aper_center,aper_ellip,aper_pa,dr,View,area_segmap_pix,area_psf_pix,ratio_segmap_psf,flag_area,flag_area_th,SN_gal,bck,ratio_SN_gal,flag_SN,flag_SN_th,perc_SN_flag,perc_20_SN_gal,perc_50_SN_gal,perc_80_SN_gal,flag_image,flag_bck,flag_object,flag_statmorph,index
274r,324.3295432364686,0.5065211901138525,5000.0,0.0294,nan,4.96453269487265,10.075344135778966,17.72675806128109,147.94244193228081,148.18596772299128,21.82096163104077,24.37972558108758,10.720801490133672,11.774065060313472,0.49842533298055286,-1.7452003579604063,-0.2833707536797019,-0.07614177010574913,0.2569541335105896,2.763754711113302,0.0017102646762260452,7.782042905082929e-05,0.01984732824427481,0.007655157733555893,0.014334177083587486,-0.08722503253587544,0.26526252971978737,0.13045105566386078,10.748081017367943,0.9374674059892304,319.83390690886785,320.247654851263,0.2157723437614786,2.5191647420614167,0.0,0.0,0.27,0.34629548650952463,1.167584,30.0,22.5,0.2,1.5,2.5,5.0,1.0,5.0,5.0,5.0,masking_sources,2.0,5.0,11.0,1.0,3.0,10.0,-0.5,0.5,0.2,5.0,0.5,10.0,0.0,0.0,10.0,Face-on,2558.0,14.7,174.2,0.0,3.0,0.02242,0.0023499999660998583,9.5,0.0,3.0,50.0,4.5,9.5,31.7,0.0,0.0,0.0,0.0,274
