GAL,ra,dec,radvel,z,mag,r20,r50,r80,flux_c,flux_e,rpetro_c,rpetro_e,rhalf_c,rhalf_e,Gini,M20,F(G_M20),S(G_M20),SN_per_pixel,C,A,S,M,I,D,Ao,As,Ser_A,Ser_R,Ser_n,Ser_xc,Ser_yc,Ser_ellip,Ser_theta,flag_morph,flag_sersic,ima_sc_pix2arc,ima_sc_arc2kpc,psf_arcsec,size_image_phy_kpc,zp_ima,eta,petro_extent_cas,snr,area_min,debleding,area_min_deblend,skybox_x,skybox_y,sky_method,nsigma,npixels,dilate_size,mask_stars,fwhm,threshold,roundlo,roundhi,sharplo,aper_stars,aper_fact,aper_center,aper_ellip,aper_pa,dr,View,area_segmap_pix,area_psf_pix,ratio_segmap_psf,flag_area,flag_area_th,SN_gal,bck,ratio_SN_gal,flag_SN,flag_SN_th,perc_SN_flag,perc_20_SN_gal,perc_50_SN_gal,perc_80_SN_gal,flag_image,flag_bck,flag_object,flag_statmorph,index
90r,345.7926348513261,-0.812326560750379,5000.0,0.0272,nan,10.297610573540993,23.150844579828444,41.256687284782444,127.0112963967318,123.83299137093724,51.21256916494469,67.96344253553542,23.714790367625397,30.951879525769627,0.5182235158605836,-1.5880650986883682,-0.29426448309907194,-0.03469976801570546,0.11015968769788742,3.0137894462336168,0.2833255446342757,0.08441026983396566,0.06568712186689715,0.16401092453599542,0.02135843786429664,0.4056812951737273,0.3479421005094908,0.028414972957020626,23.29143925609675,0.8651191400097661,320.05456350065,318.0199633279433,0.5181445780879491,1.7843466992167238,0.0,0.0,0.27,0.34629548650952463,1.0974828,30.0,22.5,0.2,1.5,2.5,5.0,1.0,5.0,5.0,5.0,masking_sources,2.0,5.0,11.0,1.0,3.0,10.0,-0.5,0.5,0.2,5.0,0.5,10.0,0.0,0.0,10.0,Edge-on,4639.0,13.0,357.5,0.0,3.0,0.01471,0.002300000051036477,6.4,0.0,3.0,50.0,4.0,6.4,11.8,0.0,0.0,0.0,0.0,90
