GAL,ra,dec,radvel,z,mag,r20,r50,r80,flux_c,flux_e,rpetro_c,rpetro_e,rhalf_c,rhalf_e,Gini,M20,F(G_M20),S(G_M20),SN_per_pixel,C,A,S,M,I,D,Ao,As,Ser_A,Ser_R,Ser_n,Ser_xc,Ser_yc,Ser_ellip,Ser_theta,flag_morph,flag_sersic,ima_sc_pix2arc,ima_sc_arc2kpc,psf_arcsec,size_image_phy_kpc,zp_ima,eta,petro_extent_cas,snr,area_min,debleding,area_min_deblend,skybox_x,skybox_y,sky_method,nsigma,npixels,dilate_size,mask_stars,fwhm,threshold,roundlo,roundhi,sharplo,aper_stars,aper_fact,aper_center,aper_ellip,aper_pa,dr,View,area_segmap_pix,area_psf_pix,ratio_segmap_psf,flag_area,flag_area_th,SN_gal,bck,ratio_SN_gal,flag_SN,flag_SN_th,perc_SN_flag,perc_20_SN_gal,perc_50_SN_gal,perc_80_SN_gal,flag_image,flag_bck,flag_object,flag_statmorph,index
7r,185.79806986584163,-3.491357476752268,5000.0,0.0113,nan,9.226106783537903,16.966472942822286,29.30514401607288,257.7865586264399,257.095213700965,38.06446699937281,47.38199025844746,18.415722439082742,24.24188534615755,0.4703056899343645,-1.3741515840446274,-0.6796997870819692,-0.0524044371471824,0.2352297604084015,2.5096269157505304,0.20498320143282378,0.02792351279642576,0.1797752808988764,0.1411845088390426,0.27837506259310413,0.1925745512570027,0.4251681275452797,0.11273290877934876,20.959414119650223,0.5081294253640516,314.3975130201757,316.280348716321,0.4916749457550946,0.6378407535091482,0.0,0.0,0.27,0.34629548650952463,1.2189573,30.0,22.5,0.2,1.5,2.5,5.0,1.0,5.0,5.0,5.0,masking_sources,2.0,5.0,11.0,1.0,3.0,10.0,-0.5,0.5,0.2,5.0,0.5,10.0,0.0,0.0,10.0,Face-on,3581.0,16.0,223.7,0.0,3.0,0.04152,0.004350000061094761,9.6,0.0,3.0,50.0,4.2,9.6,23.2,0.0,0.0,0.0,0.0,7
