GAL,ra,dec,radvel,z,mag,r20,r50,r80,flux_c,flux_e,rpetro_c,rpetro_e,rhalf_c,rhalf_e,Gini,M20,F(G_M20),S(G_M20),SN_per_pixel,C,A,S,M,I,D,Ao,As,Ser_A,Ser_R,Ser_n,Ser_xc,Ser_yc,Ser_ellip,Ser_theta,flag_morph,flag_sersic,ima_sc_pix2arc,ima_sc_arc2kpc,psf_arcsec,size_image_phy_kpc,zp_ima,eta,petro_extent_cas,snr,area_min,debleding,area_min_deblend,skybox_x,skybox_y,sky_method,nsigma,npixels,dilate_size,mask_stars,fwhm,threshold,roundlo,roundhi,sharplo,aper_stars,aper_fact,aper_center,aper_ellip,aper_pa,dr,View,area_segmap_pix,area_psf_pix,ratio_segmap_psf,flag_area,flag_area_th,SN_gal,bck,ratio_SN_gal,flag_SN,flag_SN_th,perc_SN_flag,perc_20_SN_gal,perc_50_SN_gal,perc_80_SN_gal,flag_image,flag_bck,flag_object,flag_statmorph,index
571r,153.2780792073225,2.256638057799191,5000.0,0.0792,nan,3.9743986520158234,7.803388623113428,14.996228007347485,78.22537485767555,80.64529572318966,18.170617689156266,25.40010650878709,8.639831674905388,11.218035134857235,0.5482422782627485,-1.7319928720677171,-0.04592966225646666,-0.024987153737291656,0.21540960669517517,2.883553040434128,-0.060787264374984135,0.04354921673321009,0.023480662983425413,0.018473847849439215,0.004938375976063144,-0.30265954940600437,0.34041980977650227,0.12715480871494375,9.082215278768096,1.061463391706579,320.4728420509522,319.98327732823304,0.46597221019555335,3.111941146335532,2.0,0.0,0.27,0.34629548650952463,1.2669898,30.0,22.5,0.2,1.5,2.5,5.0,1.0,5.0,5.0,5.0,masking_sources,2.0,5.0,11.0,1.0,3.0,10.0,-0.5,0.5,0.2,5.0,0.5,10.0,0.0,0.0,10.0,Face-on,1352.0,17.3,78.2,0.0,3.0,0.02329,0.00343000004068017,6.8,0.0,3.0,50.0,4.0,6.8,19.8,0.0,0.0,0.0,0.0,571
