GAL,ra,dec,radvel,z,mag,r20,r50,r80,flux_c,flux_e,rpetro_c,rpetro_e,rhalf_c,rhalf_e,Gini,M20,F(G_M20),S(G_M20),SN_per_pixel,C,A,S,M,I,D,Ao,As,Ser_A,Ser_R,Ser_n,Ser_xc,Ser_yc,Ser_ellip,Ser_theta,flag_morph,flag_sersic,ima_sc_pix2arc,ima_sc_arc2kpc,psf_arcsec,size_image_phy_kpc,zp_ima,eta,petro_extent_cas,snr,area_min,debleding,area_min_deblend,skybox_x,skybox_y,sky_method,nsigma,npixels,dilate_size,mask_stars,fwhm,threshold,roundlo,roundhi,sharplo,aper_stars,aper_fact,aper_center,aper_ellip,aper_pa,dr,View,area_segmap_pix,area_psf_pix,ratio_segmap_psf,flag_area,flag_area_th,SN_gal,bck,ratio_SN_gal,flag_SN,flag_SN_th,perc_SN_flag,perc_20_SN_gal,perc_50_SN_gal,perc_80_SN_gal,flag_image,flag_bck,flag_object,flag_statmorph,index
35r,137.3166650868086,4.113147492987551,5000.0,0.0125,nan,4.52712210115988,8.953111562794861,16.15466461121329,142.66548968783007,156.70492613046747,19.90551748577722,45.556201485747934,11.695046223779157,18.60113991943332,0.6112462040724497,-1.3885286537895702,0.027919067234798423,0.0851282591549749,0.1807795614004135,2.7623786899361136,0.2557818857430118,0.011276390993445243,0.3784246575342466,0.1936482661620131,0.17880897852704614,0.39321044865678717,0.9394692245174727,0.1680464100318016,8.980002713928696,0.7809816182962587,320.24209738362174,319.971706503574,0.24262182976139865,1.950277258303578,0.0,0.0,0.27,0.34629548650952463,1.131826,30.0,22.5,0.2,1.5,2.5,5.0,1.0,5.0,5.0,5.0,masking_sources,2.0,5.0,11.0,1.0,3.0,10.0,-0.5,0.5,0.2,5.0,0.5,10.0,0.0,0.0,10.0,Face-on,1919.0,13.8,139.0,0.0,3.0,0.03607,0.005739999935030937,6.3,0.0,3.0,50.0,3.6,6.3,16.5,0.0,0.0,0.0,0.0,35
