GAL,ra,dec,radvel,z,mag,r20,r50,r80,flux_c,flux_e,rpetro_c,rpetro_e,rhalf_c,rhalf_e,Gini,M20,F(G_M20),S(G_M20),SN_per_pixel,C,A,S,M,I,D,Ao,As,Ser_A,Ser_R,Ser_n,Ser_xc,Ser_yc,Ser_ellip,Ser_theta,flag_morph,flag_sersic,ima_sc_pix2arc,ima_sc_arc2kpc,psf_arcsec,size_image_phy_kpc,zp_ima,eta,petro_extent_cas,snr,area_min,debleding,area_min_deblend,skybox_x,skybox_y,sky_method,nsigma,npixels,dilate_size,mask_stars,fwhm,threshold,roundlo,roundhi,sharplo,aper_stars,aper_fact,aper_center,aper_ellip,aper_pa,dr,View,area_segmap_pix,area_psf_pix,ratio_segmap_psf,flag_area,flag_area_th,SN_gal,bck,ratio_SN_gal,flag_SN,flag_SN_th,perc_SN_flag,perc_20_SN_gal,perc_50_SN_gal,perc_80_SN_gal,flag_image,flag_bck,flag_object,flag_statmorph,index
120r,44.14472805635937,-7.1198182536010215,5000.0,0.0175,nan,11.454430796069072,25.84064593250988,46.17277073062033,295.027861097574,294.35755679548845,63.37783140264279,69.1663946343105,26.01473075549299,30.63192421061191,0.5164367616603792,-1.8733611879607546,-0.10539872652431992,-0.07612481108276947,0.1385319083929062,3.0270621186085593,0.0818757989421588,0.0020941261784664217,0.03169213355970572,0.049527652394009705,0.04771020843622897,0.11180408162656266,0.19770805008595638,0.046013954346815246,25.918609728351072,0.7647439908289202,321.6997203648215,319.00924508338244,0.24774085186524236,0.7817858705530378,0.0,0.0,0.27,0.34629548650952463,1.4904253,30.0,22.5,0.2,1.5,2.5,5.0,1.0,5.0,5.0,5.0,masking_sources,2.0,5.0,11.0,1.0,3.0,10.0,-0.5,0.5,0.2,5.0,0.5,10.0,0.0,0.0,10.0,Face-on,10132.0,23.9,423.4,0.0,3.0,0.01595,0.0019000000320374966,8.4,0.0,3.0,50.0,4.2,8.4,19.0,0.0,0.0,0.0,0.0,120
