GAL,ra,dec,radvel,z,mag,r20,r50,r80,flux_c,flux_e,rpetro_c,rpetro_e,rhalf_c,rhalf_e,Gini,M20,F(G_M20),S(G_M20),SN_per_pixel,C,A,S,M,I,D,Ao,As,Ser_A,Ser_R,Ser_n,Ser_xc,Ser_yc,Ser_ellip,Ser_theta,flag_morph,flag_sersic,ima_sc_pix2arc,ima_sc_arc2kpc,psf_arcsec,size_image_phy_kpc,zp_ima,eta,petro_extent_cas,snr,area_min,debleding,area_min_deblend,skybox_x,skybox_y,sky_method,nsigma,npixels,dilate_size,mask_stars,fwhm,threshold,roundlo,roundhi,sharplo,aper_stars,aper_fact,aper_center,aper_ellip,aper_pa,dr,View,area_segmap_pix,area_psf_pix,ratio_segmap_psf,flag_area,flag_area_th,SN_gal,bck,ratio_SN_gal,flag_SN,flag_SN_th,perc_SN_flag,perc_20_SN_gal,perc_50_SN_gal,perc_80_SN_gal,flag_image,flag_bck,flag_object,flag_statmorph,index
354r,163.8025796081205,5.86255277770143,5000.0,0.0117,nan,7.815799048215797,15.590572223167102,29.44765992439669,1150.0945931936678,1144.4050306184931,36.3706014447085,39.4354508760979,17.167585622292577,19.25989171066887,0.5041915654030453,-1.7607776711613514,-0.24403282514010893,-0.07259844654241304,0.44353362917900085,2.8803870215334246,0.11897015063356346,0.0014662090501263375,0.0047345282380791345,0.001942834815638383,0.021424232574243387,0.10923100291859868,0.19228427038501947,0.31674682299473533,18.349581843804238,1.2292372131897575,319.833195403791,320.0298626874674,0.2010326534825964,2.5818794167512555,0.0,0.0,0.27,0.34629548650952463,1.4313617,30.0,22.5,0.2,1.5,2.5,5.0,1.0,5.0,5.0,5.0,masking_sources,2.0,5.0,11.0,1.0,3.0,10.0,-0.5,0.5,0.2,5.0,0.5,10.0,0.0,0.0,10.0,Face-on,11151.0,22.1,505.2,0.0,3.0,0.0282,0.0038499999791383743,7.3,0.0,3.0,50.0,4.0,7.3,30.3,0.0,0.0,0.0,0.0,354
