GAL,ra,dec,radvel,z,mag,r20,r50,r80,flux_c,flux_e,rpetro_c,rpetro_e,rhalf_c,rhalf_e,Gini,M20,F(G_M20),S(G_M20),SN_per_pixel,C,A,S,M,I,D,Ao,As,Ser_A,Ser_R,Ser_n,Ser_xc,Ser_yc,Ser_ellip,Ser_theta,flag_morph,flag_sersic,ima_sc_pix2arc,ima_sc_arc2kpc,psf_arcsec,size_image_phy_kpc,zp_ima,eta,petro_extent_cas,snr,area_min,debleding,area_min_deblend,skybox_x,skybox_y,sky_method,nsigma,npixels,dilate_size,mask_stars,fwhm,threshold,roundlo,roundhi,sharplo,aper_stars,aper_fact,aper_center,aper_ellip,aper_pa,dr,View,area_segmap_pix,area_psf_pix,ratio_segmap_psf,flag_area,flag_area_th,SN_gal,bck,ratio_SN_gal,flag_SN,flag_SN_th,perc_SN_flag,perc_20_SN_gal,perc_50_SN_gal,perc_80_SN_gal,flag_image,flag_bck,flag_object,flag_statmorph,index
143r,149.53357118096088,11.14229438499179,5000.0,0.0309,nan,9.127922717915649,20.463125957744104,35.785608160133634,137.30320584079828,138.58539136189447,42.08234047350289,56.92304787591892,20.435006225022867,23.2539851620649,0.5286725212391721,-1.903823748713429,-0.02372116200769181,-0.06824570504438632,0.12668752670288086,2.9666822390171177,-0.018863659444152796,-0.0787268502498896,0.027052681537731372,0.039130077489086035,0.034531263715889625,0.02057916356223925,0.4221349399717783,0.0416633768264433,17.407354448422872,0.8475524116523372,320.1251037136334,319.76627989264625,0.34916244997331164,2.7106798274337236,0.0,0.0,0.27,0.34629548650952463,1.3292944,30.0,22.5,0.2,1.5,2.5,5.0,1.0,5.0,5.0,5.0,masking_sources,2.0,5.0,11.0,1.0,3.0,10.0,-0.5,0.5,0.2,5.0,0.5,10.0,0.0,0.0,10.0,Face-on,2468.0,19.0,129.6,0.0,3.0,0.02882,0.005439999978989363,5.3,0.0,3.0,50.0,3.6,5.3,8.7,0.0,0.0,0.0,0.0,143
