GAL,ra,dec,radvel,z,mag,r20,r50,r80,flux_c,flux_e,rpetro_c,rpetro_e,rhalf_c,rhalf_e,Gini,M20,F(G_M20),S(G_M20),SN_per_pixel,C,A,S,M,I,D,Ao,As,Ser_A,Ser_R,Ser_n,Ser_xc,Ser_yc,Ser_ellip,Ser_theta,flag_morph,flag_sersic,ima_sc_pix2arc,ima_sc_arc2kpc,psf_arcsec,size_image_phy_kpc,zp_ima,eta,petro_extent_cas,snr,area_min,debleding,area_min_deblend,skybox_x,skybox_y,sky_method,nsigma,npixels,dilate_size,mask_stars,fwhm,threshold,roundlo,roundhi,sharplo,aper_stars,aper_fact,aper_center,aper_ellip,aper_pa,dr,View,area_segmap_pix,area_psf_pix,ratio_segmap_psf,flag_area,flag_area_th,SN_gal,bck,ratio_SN_gal,flag_SN,flag_SN_th,perc_SN_flag,perc_20_SN_gal,perc_50_SN_gal,perc_80_SN_gal,flag_image,flag_bck,flag_object,flag_statmorph,index
348r,165.36747905900484,11.95528118903973,5000.0,0.0655,nan,5.99504188239753,12.999697161662796,23.92712499390729,80.86804423185231,80.5505663179615,32.02790502438148,39.228898934798536,12.884999773821216,17.466313140945687,0.4911122673337772,-1.906622278745442,-0.20770503752721137,-0.10581935208517701,0.1562964916229248,3.0054914841186364,-0.1788196115919879,-0.0704128271238088,0.031578947368421054,0.06135582036255398,0.03185430411661252,-0.206048774277743,0.17568188549406996,0.05852165423049683,14.185707290715847,0.756900775150835,320.442391526949,319.48266722347313,0.47426092198641656,1.6900534787391772,0.0,0.0,0.27,0.34629548650952463,1.4403899,30.0,22.5,0.2,1.5,2.5,5.0,1.0,5.0,5.0,5.0,masking_sources,2.0,5.0,11.0,1.0,3.0,10.0,-0.5,0.5,0.2,5.0,0.5,10.0,0.0,0.0,10.0,Face-on,1758.0,22.4,78.6,0.0,3.0,0.02642,0.004660000093281269,5.7,0.0,3.0,50.0,3.6,5.7,11.2,0.0,0.0,0.0,0.0,348
