GAL,ra,dec,radvel,z,mag,r20,r50,r80,flux_c,flux_e,rpetro_c,rpetro_e,rhalf_c,rhalf_e,Gini,M20,F(G_M20),S(G_M20),SN_per_pixel,C,A,S,M,I,D,Ao,As,Ser_A,Ser_R,Ser_n,Ser_xc,Ser_yc,Ser_ellip,Ser_theta,flag_morph,flag_sersic,ima_sc_pix2arc,ima_sc_arc2kpc,psf_arcsec,size_image_phy_kpc,zp_ima,eta,petro_extent_cas,snr,area_min,debleding,area_min_deblend,skybox_x,skybox_y,sky_method,nsigma,npixels,dilate_size,mask_stars,fwhm,threshold,roundlo,roundhi,sharplo,aper_stars,aper_fact,aper_center,aper_ellip,aper_pa,dr,View,area_segmap_pix,area_psf_pix,ratio_segmap_psf,flag_area,flag_area_th,SN_gal,bck,ratio_SN_gal,flag_SN,flag_SN_th,perc_SN_flag,perc_20_SN_gal,perc_50_SN_gal,perc_80_SN_gal,flag_image,flag_bck,flag_object,flag_statmorph,index
833r,142.13766779254496,7.1499878916948845,5000.0,0.0838,nan,3.348381500052863,6.901130339240739,12.42068066521916,90.09918644782807,89.30653967987408,15.737158825020725,21.126460273156926,7.093971214452434,10.30494737042274,0.4792270915162597,-1.76795025585352,-0.36263636968802526,-0.09831026496254222,0.34290584921836853,2.846552312393793,0.023340753825278643,0.002771182310696358,0.0,0.0,0.03237314177459407,-0.029829084333644448,0.2841167598514241,0.32863758542236415,9.244072193232807,0.7063610906831472,319.6749667577027,320.2041692737713,0.7126036047588111,1.831327011545192,0.0,0.0,0.27,0.34629548650952463,1.472194,30.0,22.5,0.2,1.5,2.5,5.0,1.0,5.0,5.0,5.0,masking_sources,2.0,5.0,11.0,1.0,3.0,10.0,-0.5,0.5,0.2,5.0,0.5,10.0,0.0,0.0,10.0,Edge-on,798.0,23.4,34.2,0.0,3.0,0.0526,0.004730000160634518,11.1,0.0,3.0,50.0,4.5,11.1,35.3,0.0,0.0,0.0,0.0,833
