GAL,ra,dec,radvel,z,mag,r20,r50,r80,flux_c,flux_e,rpetro_c,rpetro_e,rhalf_c,rhalf_e,Gini,M20,F(G_M20),S(G_M20),SN_per_pixel,C,A,S,M,I,D,Ao,As,Ser_A,Ser_R,Ser_n,Ser_xc,Ser_yc,Ser_ellip,Ser_theta,flag_morph,flag_sersic,ima_sc_pix2arc,ima_sc_arc2kpc,psf_arcsec,size_image_phy_kpc,zp_ima,eta,petro_extent_cas,snr,area_min,debleding,area_min_deblend,skybox_x,skybox_y,sky_method,nsigma,npixels,dilate_size,mask_stars,fwhm,threshold,roundlo,roundhi,sharplo,aper_stars,aper_fact,aper_center,aper_ellip,aper_pa,dr,View,area_segmap_pix,area_psf_pix,ratio_segmap_psf,flag_area,flag_area_th,SN_gal,bck,ratio_SN_gal,flag_SN,flag_SN_th,perc_SN_flag,perc_20_SN_gal,perc_50_SN_gal,perc_80_SN_gal,flag_image,flag_bck,flag_object,flag_statmorph,index
904r,27.703795940697088,-0.9590504423517489,5000.0,0.126,nan,2.181822343599049,4.825684544389512,10.169243974082505,90.39851652962975,90.54744064883357,12.831248812718894,14.683514170910305,5.201931954693458,5.902684364306688,0.5644156275941352,-1.9744338512739177,0.2021400155237938,-0.04267483400888078,0.33423668146133423,3.3423464090821238,0.0035171250362616433,0.0014061132334358718,0.002857142857142857,0.0,0.003616211299164505,-0.019037029961346118,0.21995297492063776,0.31022895114516097,4.92382902476394,1.6645887155327628,319.995351356931,319.9945553101768,0.2755553014380259,0.3300190900861925,0.0,0.0,0.27,0.34629548650952463,1.2429377,30.0,22.5,0.2,1.5,2.5,5.0,1.0,5.0,5.0,5.0,masking_sources,2.0,5.0,11.0,1.0,3.0,10.0,-0.5,0.5,0.2,5.0,0.5,10.0,0.0,0.0,10.0,Face-on,1341.0,16.6,80.6,0.0,3.0,0.01929,0.0021100000012665987,9.2,0.0,3.0,50.0,4.0,9.2,31.5,0.0,0.0,0.0,0.0,904
