GAL,ra,dec,radvel,z,mag,r20,r50,r80,flux_c,flux_e,rpetro_c,rpetro_e,rhalf_c,rhalf_e,Gini,M20,F(G_M20),S(G_M20),SN_per_pixel,C,A,S,M,I,D,Ao,As,Ser_A,Ser_R,Ser_n,Ser_xc,Ser_yc,Ser_ellip,Ser_theta,flag_morph,flag_sersic,ima_sc_pix2arc,ima_sc_arc2kpc,psf_arcsec,size_image_phy_kpc,zp_ima,eta,petro_extent_cas,snr,area_min,debleding,area_min_deblend,skybox_x,skybox_y,sky_method,nsigma,npixels,dilate_size,mask_stars,fwhm,threshold,roundlo,roundhi,sharplo,aper_stars,aper_fact,aper_center,aper_ellip,aper_pa,dr,View,area_segmap_pix,area_psf_pix,ratio_segmap_psf,flag_area,flag_area_th,SN_gal,bck,ratio_SN_gal,flag_SN,flag_SN_th,perc_SN_flag,perc_20_SN_gal,perc_50_SN_gal,perc_80_SN_gal,flag_image,flag_bck,flag_object,flag_statmorph,index
753r,206.85428451413853,-3.4228011824636213,5000.0,0.0864,nan,3.846283409327396,7.4383527049133535,12.389400318231992,102.24276176231186,102.36714208012576,15.69153827984147,19.271244285878087,7.671252864674003,9.817854742693283,0.44504634659375025,-1.5828374939786602,-0.6601142010337249,-0.10641852853522107,0.34755733609199524,2.5400450210046612,0.06099539574643743,-0.012970544943709129,0.0,0.0,0.05125120060473707,-0.07506404105287225,0.3196873370654436,0.2590263721275871,8.941220898325145,0.6444649958332864,319.8395914760913,319.38642048385015,0.5386042362318739,2.3763837479909697,0.0,0.0,0.27,0.34629548650952463,1.4962536,30.0,22.5,0.2,1.5,2.5,5.0,1.0,5.0,5.0,5.0,masking_sources,2.0,5.0,11.0,1.0,3.0,10.0,-0.5,0.5,0.2,5.0,0.5,10.0,0.0,0.0,10.0,Edge-on,1022.0,24.1,42.4,0.0,3.0,0.0429,0.004040000028908253,10.6,0.0,3.0,50.0,4.1,10.6,40.5,0.0,0.0,0.0,0.0,753
