GAL,ra,dec,radvel,z,mag,r20,r50,r80,flux_c,flux_e,rpetro_c,rpetro_e,rhalf_c,rhalf_e,Gini,M20,F(G_M20),S(G_M20),SN_per_pixel,C,A,S,M,I,D,Ao,As,Ser_A,Ser_R,Ser_n,Ser_xc,Ser_yc,Ser_ellip,Ser_theta,flag_morph,flag_sersic,ima_sc_pix2arc,ima_sc_arc2kpc,psf_arcsec,size_image_phy_kpc,zp_ima,eta,petro_extent_cas,snr,area_min,debleding,area_min_deblend,skybox_x,skybox_y,sky_method,nsigma,npixels,dilate_size,mask_stars,fwhm,threshold,roundlo,roundhi,sharplo,aper_stars,aper_fact,aper_center,aper_ellip,aper_pa,dr,View,area_segmap_pix,area_psf_pix,ratio_segmap_psf,flag_area,flag_area_th,SN_gal,bck,ratio_SN_gal,flag_SN,flag_SN_th,perc_SN_flag,perc_20_SN_gal,perc_50_SN_gal,perc_80_SN_gal,flag_image,flag_bck,flag_object,flag_statmorph,index
1058r,191.69623288259172,-2.293659150513638,5000.0,0.0843,nan,4.416260855660221,10.620552523506928,23.098271581989923,622.6823514950927,624.6519204823819,27.8824986278305,31.772683778249235,13.495345424278423,15.369000250366726,0.5739028143533519,-2.0656646081284147,0.31232450448208393,-0.04596359432003133,0.38508984446525574,3.5926238267293362,0.05540465986112595,0.01598435301732676,0.0012360939431396785,0.0,0.0069220049544866085,0.15970355414872908,0.20228444213721883,0.28852502319181766,12.334645059002831,2.195465663236146,319.9996856957136,319.9918998181679,0.19639071085030327,1.8502417281326753,2.0,0.0,0.27,0.34629548650952463,1.7334818,30.0,22.5,0.2,1.5,2.5,5.0,1.0,5.0,5.0,5.0,masking_sources,2.0,5.0,11.0,1.0,3.0,10.0,-0.5,0.5,0.2,5.0,0.5,10.0,0.0,0.0,10.0,Face-on,7389.0,32.4,228.2,0.0,3.0,0.0265,0.004230000078678131,6.3,0.0,3.0,50.0,3.8,6.3,18.0,0.0,0.0,0.0,0.0,1058
