GAL,ra,dec,radvel,z,mag,r20,r50,r80,flux_c,flux_e,rpetro_c,rpetro_e,rhalf_c,rhalf_e,Gini,M20,F(G_M20),S(G_M20),SN_per_pixel,C,A,S,M,I,D,Ao,As,Ser_A,Ser_R,Ser_n,Ser_xc,Ser_yc,Ser_ellip,Ser_theta,flag_morph,flag_sersic,ima_sc_pix2arc,ima_sc_arc2kpc,psf_arcsec,size_image_phy_kpc,zp_ima,eta,petro_extent_cas,snr,area_min,debleding,area_min_deblend,skybox_x,skybox_y,sky_method,nsigma,npixels,dilate_size,mask_stars,fwhm,threshold,roundlo,roundhi,sharplo,aper_stars,aper_fact,aper_center,aper_ellip,aper_pa,dr,View,area_segmap_pix,area_psf_pix,ratio_segmap_psf,flag_area,flag_area_th,SN_gal,bck,ratio_SN_gal,flag_SN,flag_SN_th,perc_SN_flag,perc_20_SN_gal,perc_50_SN_gal,perc_80_SN_gal,flag_image,flag_bck,flag_object,flag_statmorph,index
820r,155.42495254419316,6.673741265561608,5000.0,0.1118,nan,4.883688708916476,10.161470077007161,17.17536486270017,108.86894435880066,108.91070432415833,22.481352870975897,26.24231415274908,10.237914395438127,13.426249265149242,0.4560186350152551,-1.7214452965407288,-0.5097461661717624,-0.11482244755405879,0.2542256712913513,2.730789989543438,0.18677927587216547,0.033087045997858194,0.10059171597633136,0.14194386971519987,0.08696249955707297,0.2683596358604406,0.26549965556284244,0.12341404945047642,10.91061075589114,0.4949857075290367,319.97777570992844,321.03916748809337,0.34041347474393624,0.6123918496506103,0.0,0.0,0.27,0.34629548650952463,1.1269614,30.0,22.5,0.2,1.5,2.5,5.0,1.0,5.0,5.0,5.0,masking_sources,2.0,5.0,11.0,1.0,3.0,10.0,-0.5,0.5,0.2,5.0,0.5,10.0,0.0,0.0,10.0,Face-on,1407.0,13.7,102.8,0.0,3.0,0.04947,0.004550000187009573,10.9,0.0,3.0,50.0,4.6,10.9,24.6,0.0,0.0,0.0,0.0,820
