GAL,ra,dec,radvel,z,mag,r20,r50,r80,flux_c,flux_e,rpetro_c,rpetro_e,rhalf_c,rhalf_e,Gini,M20,F(G_M20),S(G_M20),SN_per_pixel,C,A,S,M,I,D,Ao,As,Ser_A,Ser_R,Ser_n,Ser_xc,Ser_yc,Ser_ellip,Ser_theta,flag_morph,flag_sersic,ima_sc_pix2arc,ima_sc_arc2kpc,psf_arcsec,size_image_phy_kpc,zp_ima,eta,petro_extent_cas,snr,area_min,debleding,area_min_deblend,skybox_x,skybox_y,sky_method,nsigma,npixels,dilate_size,mask_stars,fwhm,threshold,roundlo,roundhi,sharplo,aper_stars,aper_fact,aper_center,aper_ellip,aper_pa,dr,View,area_segmap_pix,area_psf_pix,ratio_segmap_psf,flag_area,flag_area_th,SN_gal,bck,ratio_SN_gal,flag_SN,flag_SN_th,perc_SN_flag,perc_20_SN_gal,perc_50_SN_gal,perc_80_SN_gal,flag_image,flag_bck,flag_object,flag_statmorph,index
1023r,133.4977935203744,4.778472366601126,5000.0,0.1283,nan,6.490352307246556,16.0522655525798,31.74793834607718,205.2664762927815,201.2934778478014,41.04043123652572,55.920308861706026,16.381620058170913,28.599354620180975,0.5476076283457344,-1.9373387065246708,0.09323348393298225,-0.05415852814465222,0.23035351932048798,3.4472362828338077,-0.045089256253784495,-0.0027293208407167375,0.006506180871828237,0.00585773493707387,0.03214292124186453,0.05367629892017353,0.21441992263965232,0.1432069381856096,23.725209058836136,0.6231041297028196,319.62320257115994,319.752181356231,0.7848411485475775,1.2316327681201542,0.0,0.0,0.27,0.34629548650952463,1.268355,30.0,22.5,0.2,1.5,2.5,5.0,1.0,5.0,5.0,5.0,masking_sources,2.0,5.0,11.0,1.0,3.0,10.0,-0.5,0.5,0.2,5.0,0.5,10.0,0.0,0.0,10.0,Edge-on,2397.0,17.3,138.3,0.0,3.0,0.04791,0.0051299999468028545,9.3,0.0,3.0,50.0,4.3,9.3,21.1,0.0,0.0,0.0,0.0,1023
