GAL,ra,dec,radvel,z,mag,r20,r50,r80,flux_c,flux_e,rpetro_c,rpetro_e,rhalf_c,rhalf_e,Gini,M20,F(G_M20),S(G_M20),SN_per_pixel,C,A,S,M,I,D,Ao,As,Ser_A,Ser_R,Ser_n,Ser_xc,Ser_yc,Ser_ellip,Ser_theta,flag_morph,flag_sersic,ima_sc_pix2arc,ima_sc_arc2kpc,psf_arcsec,size_image_phy_kpc,zp_ima,eta,petro_extent_cas,snr,area_min,debleding,area_min_deblend,skybox_x,skybox_y,sky_method,nsigma,npixels,dilate_size,mask_stars,fwhm,threshold,roundlo,roundhi,sharplo,aper_stars,aper_fact,aper_center,aper_ellip,aper_pa,dr,View,area_segmap_pix,area_psf_pix,ratio_segmap_psf,flag_area,flag_area_th,SN_gal,bck,ratio_SN_gal,flag_SN,flag_SN_th,perc_SN_flag,perc_20_SN_gal,perc_50_SN_gal,perc_80_SN_gal,flag_image,flag_bck,flag_object,flag_statmorph,index
886r,156.75270411198605,6.639574450216693,5000.0,0.1112,nan,2.8608449891384855,6.353432914670792,13.544533192941923,85.51794393210491,85.99182403865362,17.5903615428005,19.873732828694965,6.429372511309934,7.322337742268002,0.5886603753737722,-1.709661152904272,0.13866403706283315,0.018130871366340673,0.2402793914079666,3.3763485751494278,0.15751478165783486,0.050812002427380154,0.14153846153846153,0.11314960112991336,0.12165941219027292,0.26502733801604245,0.5176197362283858,0.2991977883556544,5.565779534294693,1.290664079683027,320.1258570476159,320.11649622373164,0.43498307565144895,2.7313563246135724,1.0,0.0,0.27,0.34629548650952463,1.4904078,30.0,22.5,0.2,1.5,2.5,5.0,1.0,5.0,5.0,5.0,masking_sources,2.0,5.0,11.0,1.0,3.0,10.0,-0.5,0.5,0.2,5.0,0.5,10.0,0.0,0.0,10.0,Face-on,1082.0,23.9,45.2,0.0,3.0,0.03398,0.003869999898597598,8.8,0.0,3.0,50.0,4.1,8.8,21.7,0.0,0.0,0.0,0.0,886
