GAL,ra,dec,radvel,z,mag,r20,r50,r80,flux_c,flux_e,rpetro_c,rpetro_e,rhalf_c,rhalf_e,Gini,M20,F(G_M20),S(G_M20),SN_per_pixel,C,A,S,M,I,D,Ao,As,Ser_A,Ser_R,Ser_n,Ser_xc,Ser_yc,Ser_ellip,Ser_theta,flag_morph,flag_sersic,ima_sc_pix2arc,ima_sc_arc2kpc,psf_arcsec,size_image_phy_kpc,zp_ima,eta,petro_extent_cas,snr,area_min,debleding,area_min_deblend,skybox_x,skybox_y,sky_method,nsigma,npixels,dilate_size,mask_stars,fwhm,threshold,roundlo,roundhi,sharplo,aper_stars,aper_fact,aper_center,aper_ellip,aper_pa,dr,View,area_segmap_pix,area_psf_pix,ratio_segmap_psf,flag_area,flag_area_th,SN_gal,bck,ratio_SN_gal,flag_SN,flag_SN_th,perc_SN_flag,perc_20_SN_gal,perc_50_SN_gal,perc_80_SN_gal,flag_image,flag_bck,flag_object,flag_statmorph,index
446r,182.1939433098643,11.505052351550654,5000.0,0.067,nan,3.906514305567517,8.499344788089518,15.998324718494315,121.22602959408457,119.55572607428937,22.004740185122344,27.15360339274213,8.547443176209162,13.339780260862135,0.48424940971768915,-1.7518302355767645,-0.3489470686427407,-0.09109748712465807,0.3340621292591095,3.0614254420270552,0.0862716220804946,0.0058189202665865575,0.005555555555555556,0.0,0.0512543619331575,-0.02884265021441984,0.3064686694330083,0.25979295793663565,12.322346278890702,0.5968648261780395,320.8732296713795,320.1489007770186,0.7131937541391088,0.7560210552905288,0.0,0.0,0.27,0.34629548650952463,1.1633675,30.0,22.5,0.2,1.5,2.5,5.0,1.0,5.0,5.0,5.0,masking_sources,2.0,5.0,11.0,1.0,3.0,10.0,-0.5,0.5,0.2,5.0,0.5,10.0,0.0,0.0,10.0,Edge-on,1012.0,14.6,69.4,0.0,3.0,0.06545,0.005319999996572733,12.3,0.0,3.0,50.0,4.7,12.3,32.5,0.0,0.0,0.0,0.0,446
