GAL,ra,dec,radvel,z,mag,r20,r50,r80,flux_c,flux_e,rpetro_c,rpetro_e,rhalf_c,rhalf_e,Gini,M20,F(G_M20),S(G_M20),SN_per_pixel,C,A,S,M,I,D,Ao,As,Ser_A,Ser_R,Ser_n,Ser_xc,Ser_yc,Ser_ellip,Ser_theta,flag_morph,flag_sersic,ima_sc_pix2arc,ima_sc_arc2kpc,psf_arcsec,size_image_phy_kpc,zp_ima,eta,petro_extent_cas,snr,area_min,debleding,area_min_deblend,skybox_x,skybox_y,sky_method,nsigma,npixels,dilate_size,mask_stars,fwhm,threshold,roundlo,roundhi,sharplo,aper_stars,aper_fact,aper_center,aper_ellip,aper_pa,dr,View,area_segmap_pix,area_psf_pix,ratio_segmap_psf,flag_area,flag_area_th,SN_gal,bck,ratio_SN_gal,flag_SN,flag_SN_th,perc_SN_flag,perc_20_SN_gal,perc_50_SN_gal,perc_80_SN_gal,flag_image,flag_bck,flag_object,flag_statmorph,index
1036r,125.20153868685001,24.726182950264548,5000.0,0.1598,nan,3.041414340662574,7.07838821191858,14.999519941611718,103.67204166768057,102.73005188081822,18.3468762835185,23.88420393990336,8.048682567238632,11.393633037350929,0.5510212203546565,-1.9817952324463222,0.14093913684085102,-0.05695852915892885,0.2737475335597992,3.465008851763594,0.0739840831702397,0.030858592336953098,0.004207573632538569,0.0,0.0265369634898345,0.19208064174507283,0.4073338129197122,0.20221694420575625,8.242661736140946,1.6084397048343924,320.06008396662156,320.2239768619286,0.5537342443242794,2.2530384050854324,0.0,0.0,0.27,0.34629548650952463,1.3820344,30.0,22.5,0.2,1.5,2.5,5.0,1.0,5.0,5.0,5.0,masking_sources,2.0,5.0,11.0,1.0,3.0,10.0,-0.5,0.5,0.2,5.0,0.5,10.0,0.0,0.0,10.0,Edge-on,1210.0,20.6,58.8,0.0,3.0,0.03334,0.004910000134259462,6.8,0.0,3.0,50.0,3.7,6.8,18.1,0.0,0.0,0.0,0.0,1036
