GAL,ra,dec,radvel,z,mag,r20,r50,r80,flux_c,flux_e,rpetro_c,rpetro_e,rhalf_c,rhalf_e,Gini,M20,F(G_M20),S(G_M20),SN_per_pixel,C,A,S,M,I,D,Ao,As,Ser_A,Ser_R,Ser_n,Ser_xc,Ser_yc,Ser_ellip,Ser_theta,flag_morph,flag_sersic,ima_sc_pix2arc,ima_sc_arc2kpc,psf_arcsec,size_image_phy_kpc,zp_ima,eta,petro_extent_cas,snr,area_min,debleding,area_min_deblend,skybox_x,skybox_y,sky_method,nsigma,npixels,dilate_size,mask_stars,fwhm,threshold,roundlo,roundhi,sharplo,aper_stars,aper_fact,aper_center,aper_ellip,aper_pa,dr,View,area_segmap_pix,area_psf_pix,ratio_segmap_psf,flag_area,flag_area_th,SN_gal,bck,ratio_SN_gal,flag_SN,flag_SN_th,perc_SN_flag,perc_20_SN_gal,perc_50_SN_gal,perc_80_SN_gal,flag_image,flag_bck,flag_object,flag_statmorph,index
59r,144.5026846143097,6.924349871564822,5000.0,0.0167,nan,8.72043089091165,20.987029634801193,36.30079988489599,128.01744023907014,128.2528035836747,48.169518495389696,53.157771780511666,20.90490666922877,22.645605486439575,0.509793628972601,-2.032909214103257,-0.027715451212067865,-0.10487868807747769,0.11882362514734268,3.096891250552529,-0.02312933309347684,0.020246808377656893,0.029801324503311258,0.058740471022201014,0.03304271542837061,-0.01053263161377437,0.2813606530155894,0.03369030638473861,15.845267499485619,1.1158071812646175,320.86278994577435,320.08530092346746,0.14671157020286574,1.1322315194481833,0.0,0.0,0.27,0.34629548650952463,1.1826223,30.0,22.5,0.2,1.5,2.5,5.0,1.0,5.0,5.0,5.0,masking_sources,2.0,5.0,11.0,1.0,3.0,10.0,-0.5,0.5,0.2,5.0,0.5,10.0,0.0,0.0,10.0,Face-on,2605.0,15.1,172.9,0.0,3.0,0.02375,0.005369999911636114,4.4,0.0,3.0,50.0,3.3,4.4,7.5,0.0,0.0,0.0,0.0,59
