GAL,ra,dec,radvel,z,mag,r20,r50,r80,flux_c,flux_e,rpetro_c,rpetro_e,rhalf_c,rhalf_e,Gini,M20,F(G_M20),S(G_M20),SN_per_pixel,C,A,S,M,I,D,Ao,As,Ser_A,Ser_R,Ser_n,Ser_xc,Ser_yc,Ser_ellip,Ser_theta,flag_morph,flag_sersic,ima_sc_pix2arc,ima_sc_arc2kpc,psf_arcsec,size_image_phy_kpc,zp_ima,eta,petro_extent_cas,snr,area_min,debleding,area_min_deblend,skybox_x,skybox_y,sky_method,nsigma,npixels,dilate_size,mask_stars,fwhm,threshold,roundlo,roundhi,sharplo,aper_stars,aper_fact,aper_center,aper_ellip,aper_pa,dr,View,area_segmap_pix,area_psf_pix,ratio_segmap_psf,flag_area,flag_area_th,SN_gal,bck,ratio_SN_gal,flag_SN,flag_SN_th,perc_SN_flag,perc_20_SN_gal,perc_50_SN_gal,perc_80_SN_gal,flag_image,flag_bck,flag_object,flag_statmorph,index
651r,175.35491910543192,7.324982133669827,5000.0,0.0893,nan,3.509284896370679,7.253486333915814,13.313406290808878,79.70892272263794,79.80886622196505,17.030258250216818,21.629355023234965,7.420502715045874,10.148475418545718,0.4883713426382488,-1.7653519953793162,-0.3191729211428025,-0.0888962981458587,0.2903156876564026,2.8953527926038074,0.041873570601488566,0.035611366952654905,0.001669449081803005,0.0,0.06016195021572878,0.04263526563237694,0.24606782132160218,0.22280739154990126,8.890712526081474,0.8071732799628031,320.2169160777198,319.1462222681737,0.62157845602543,2.1634030091551164,0.0,0.0,0.27,0.34629548650952463,1.5506358,30.0,22.5,0.2,1.5,2.5,5.0,1.0,5.0,5.0,5.0,masking_sources,2.0,5.0,11.0,1.0,3.0,10.0,-0.5,0.5,0.2,5.0,0.5,10.0,0.0,0.0,10.0,Edge-on,988.0,25.9,38.1,0.0,3.0,0.03625,0.0038499999791383743,9.4,0.0,3.0,50.0,4.1,9.4,29.4,0.0,0.0,0.0,0.0,651
