GAL,ra,dec,radvel,z,mag,r20,r50,r80,flux_c,flux_e,rpetro_c,rpetro_e,rhalf_c,rhalf_e,Gini,M20,F(G_M20),S(G_M20),SN_per_pixel,C,A,S,M,I,D,Ao,As,Ser_A,Ser_R,Ser_n,Ser_xc,Ser_yc,Ser_ellip,Ser_theta,flag_morph,flag_sersic,ima_sc_pix2arc,ima_sc_arc2kpc,psf_arcsec,size_image_phy_kpc,zp_ima,eta,petro_extent_cas,snr,area_min,debleding,area_min_deblend,skybox_x,skybox_y,sky_method,nsigma,npixels,dilate_size,mask_stars,fwhm,threshold,roundlo,roundhi,sharplo,aper_stars,aper_fact,aper_center,aper_ellip,aper_pa,dr,View,area_segmap_pix,area_psf_pix,ratio_segmap_psf,flag_area,flag_area_th,SN_gal,bck,ratio_SN_gal,flag_SN,flag_SN_th,perc_SN_flag,perc_20_SN_gal,perc_50_SN_gal,perc_80_SN_gal,flag_image,flag_bck,flag_object,flag_statmorph,index
902r,235.34923232562068,3.827891835208037,5000.0,0.1098,nan,2.6947324025161166,5.627054544429912,10.651809135141004,83.2047989394107,83.6409591853785,13.103942119534473,16.06888076563717,6.449953496335041,7.932259508451975,0.5217527886969254,-1.8326567747342757,-0.10729255105936586,-0.06520403087810822,0.32501623034477234,2.984538656966686,0.026033212491948718,-0.0019362537400603407,0.0,0.0,0.04060139277693906,0.08433505894828372,0.3215976112042471,0.21922474845657502,6.332030981017012,1.6788207353219031,320.5185522933069,320.06354945234455,0.3799853572742321,2.786642898188673,0.0,0.0,0.27,0.34629548650952463,1.4288685,30.0,22.5,0.2,1.5,2.5,5.0,1.0,5.0,5.0,5.0,masking_sources,2.0,5.0,11.0,1.0,3.0,10.0,-0.5,0.5,0.2,5.0,0.5,10.0,0.0,0.0,10.0,Face-on,2077.0,22.0,94.4,0.0,3.0,0.0103,0.0012400000123307109,8.3,0.0,3.0,50.0,4.1,8.3,29.5,0.0,0.0,0.0,0.0,902
