GAL,ra,dec,radvel,z,mag,r20,r50,r80,flux_c,flux_e,rpetro_c,rpetro_e,rhalf_c,rhalf_e,Gini,M20,F(G_M20),S(G_M20),SN_per_pixel,C,A,S,M,I,D,Ao,As,Ser_A,Ser_R,Ser_n,Ser_xc,Ser_yc,Ser_ellip,Ser_theta,flag_morph,flag_sersic,ima_sc_pix2arc,ima_sc_arc2kpc,psf_arcsec,size_image_phy_kpc,zp_ima,eta,petro_extent_cas,snr,area_min,debleding,area_min_deblend,skybox_x,skybox_y,sky_method,nsigma,npixels,dilate_size,mask_stars,fwhm,threshold,roundlo,roundhi,sharplo,aper_stars,aper_fact,aper_center,aper_ellip,aper_pa,dr,View,area_segmap_pix,area_psf_pix,ratio_segmap_psf,flag_area,flag_area_th,SN_gal,bck,ratio_SN_gal,flag_SN,flag_SN_th,perc_SN_flag,perc_20_SN_gal,perc_50_SN_gal,perc_80_SN_gal,flag_image,flag_bck,flag_object,flag_statmorph,index
342r,151.02052741166787,3.863328724442129,5000.0,0.0325,nan,4.851008267602438,10.826450043812448,19.461418495289948,138.57587915186872,137.74054762562702,24.742884219557446,32.26050516427617,10.969935166165781,15.840801636800792,0.4810541940119055,-1.7013325129705454,-0.3997583081524798,-0.08724156723111937,0.28420090675354004,3.0167123847666155,0.09431793714063562,0.02012270534785967,0.1069182389937107,0.24174671486334176,0.09485131528541335,0.1309853214492167,0.19886577439213207,0.1789471281800459,14.426679166410594,0.591771278167051,319.4448687777093,318.6718192419209,0.657231629455991,1.4206038712004718,0.0,0.0,0.27,0.34629548650952463,1.4387549,30.0,22.5,0.2,1.5,2.5,5.0,1.0,5.0,5.0,5.0,masking_sources,2.0,5.0,11.0,1.0,3.0,10.0,-0.5,0.5,0.2,5.0,0.5,10.0,0.0,0.0,10.0,Edge-on,1632.0,22.3,73.2,0.0,3.0,0.04087,0.00431999983265996,9.5,0.0,3.0,50.0,4.3,9.5,30.0,0.0,0.0,0.0,0.0,342
