GAL,ra,dec,radvel,z,mag,r20,r50,r80,flux_c,flux_e,rpetro_c,rpetro_e,rhalf_c,rhalf_e,Gini,M20,F(G_M20),S(G_M20),SN_per_pixel,C,A,S,M,I,D,Ao,As,Ser_A,Ser_R,Ser_n,Ser_xc,Ser_yc,Ser_ellip,Ser_theta,flag_morph,flag_sersic,ima_sc_pix2arc,ima_sc_arc2kpc,psf_arcsec,size_image_phy_kpc,zp_ima,eta,petro_extent_cas,snr,area_min,debleding,area_min_deblend,skybox_x,skybox_y,sky_method,nsigma,npixels,dilate_size,mask_stars,fwhm,threshold,roundlo,roundhi,sharplo,aper_stars,aper_fact,aper_center,aper_ellip,aper_pa,dr,View,area_segmap_pix,area_psf_pix,ratio_segmap_psf,flag_area,flag_area_th,SN_gal,bck,ratio_SN_gal,flag_SN,flag_SN_th,perc_SN_flag,perc_20_SN_gal,perc_50_SN_gal,perc_80_SN_gal,flag_image,flag_bck,flag_object,flag_statmorph,index
72r,199.9287259881329,0.7429965487716359,5000.0,0.0238,nan,8.46937465270991,19.160351791620425,33.14078150271521,118.65313433582607,116.99186771949648,39.5343481473046,60.792148704589955,19.76182156437732,27.789313072726554,0.4907500344331654,-1.8447224850567099,-0.2523946474115313,-0.09757389133404898,0.1382194459438324,2.962557003079401,-0.04824252729969092,-0.02255525536447896,0.043912175648702596,0.1812531666785699,0.07245994027035474,-0.08056164047893634,0.2118867874142492,0.04398443877209332,23.906105575452077,0.643813986715984,317.92922568654313,319.6544103247931,0.622957711929294,0.34264995053317315,0.0,0.0,0.27,0.34629548650952463,1.5282573,30.0,22.5,0.2,1.5,2.5,5.0,1.0,5.0,5.0,5.0,masking_sources,2.0,5.0,11.0,1.0,3.0,10.0,-0.5,0.5,0.2,5.0,0.5,10.0,0.0,0.0,10.0,Edge-on,3192.0,25.2,126.9,0.0,3.0,0.02167,0.003819999983534217,5.7,0.0,3.0,50.0,3.6,5.7,11.3,0.0,0.0,0.0,0.0,72
