GAL,ra,dec,radvel,z,mag,r20,r50,r80,flux_c,flux_e,rpetro_c,rpetro_e,rhalf_c,rhalf_e,Gini,M20,F(G_M20),S(G_M20),SN_per_pixel,C,A,S,M,I,D,Ao,As,Ser_A,Ser_R,Ser_n,Ser_xc,Ser_yc,Ser_ellip,Ser_theta,flag_morph,flag_sersic,ima_sc_pix2arc,ima_sc_arc2kpc,psf_arcsec,size_image_phy_kpc,zp_ima,eta,petro_extent_cas,snr,area_min,debleding,area_min_deblend,skybox_x,skybox_y,sky_method,nsigma,npixels,dilate_size,mask_stars,fwhm,threshold,roundlo,roundhi,sharplo,aper_stars,aper_fact,aper_center,aper_ellip,aper_pa,dr,View,area_segmap_pix,area_psf_pix,ratio_segmap_psf,flag_area,flag_area_th,SN_gal,bck,ratio_SN_gal,flag_SN,flag_SN_th,perc_SN_flag,perc_20_SN_gal,perc_50_SN_gal,perc_80_SN_gal,flag_image,flag_bck,flag_object,flag_statmorph,index
28r,11.394259420525728,-10.986860573317466,5000.0,0.0137,nan,11.123360039085478,27.342594250516747,57.6840629420831,204.72368821191077,182.28563987017654,79.69997243707563,86.16313166058933,26.840388361220402,41.46813083786555,0.5211571130365351,-1.7301022750556019,-0.1813114138556191,-0.05153867432655895,0.15468230843544006,3.574099237182238,-0.07840354037125966,-0.019692148512586386,0.05034324942791762,0.27184012573218835,0.16144669418424157,-0.015640350587340278,0.21544114931924907,0.057639941283019996,35.2396045593113,0.5484552609016354,323.04749230792936,324.01936792043426,0.7785376950243793,0.9593176306129149,0.0,0.0,0.27,0.34629548650952463,1.5843183,30.0,22.5,0.2,1.5,2.5,5.0,1.0,5.0,5.0,5.0,masking_sources,2.0,5.0,11.0,1.0,3.0,10.0,-0.5,0.5,0.2,5.0,0.5,10.0,0.0,0.0,10.0,Edge-on,3837.0,27.0,141.9,0.0,3.0,0.031,0.004540000110864639,6.8,0.0,3.0,50.0,4.0,6.8,12.3,0.0,0.0,0.0,0.0,28
