GAL,ra,dec,radvel,z,mag,r20,r50,r80,flux_c,flux_e,rpetro_c,rpetro_e,rhalf_c,rhalf_e,Gini,M20,F(G_M20),S(G_M20),SN_per_pixel,C,A,S,M,I,D,Ao,As,Ser_A,Ser_R,Ser_n,Ser_xc,Ser_yc,Ser_ellip,Ser_theta,flag_morph,flag_sersic,ima_sc_pix2arc,ima_sc_arc2kpc,psf_arcsec,size_image_phy_kpc,zp_ima,eta,petro_extent_cas,snr,area_min,debleding,area_min_deblend,skybox_x,skybox_y,sky_method,nsigma,npixels,dilate_size,mask_stars,fwhm,threshold,roundlo,roundhi,sharplo,aper_stars,aper_fact,aper_center,aper_ellip,aper_pa,dr,View,area_segmap_pix,area_psf_pix,ratio_segmap_psf,flag_area,flag_area_th,SN_gal,bck,ratio_SN_gal,flag_SN,flag_SN_th,perc_SN_flag,perc_20_SN_gal,perc_50_SN_gal,perc_80_SN_gal,flag_image,flag_bck,flag_object,flag_statmorph,index
493r,53.44388669865844,-6.835385930664165,5000.0,0.053,nan,5.077770471364807,10.022624307878823,17.918593311439842,119.69205895654278,120.0642472621449,21.846283675789426,25.81159639732984,10.579587835833285,12.240738424683956,0.5487521742330722,-1.4898009592555583,-0.2112446727821906,0.00918231915421891,0.24846132099628448,2.7381542345461485,0.052406679669375685,0.01829607633528477,0.004359197907585004,0.0013904244042452117,0.15656646477391414,0.1721785757691242,0.2767262494141789,0.11177981575745846,12.0194659861469,0.7931026970247109,319.5996174356467,319.44077779848357,0.23371922838779166,0.7938493130095916,0.0,0.0,0.27,0.34629548650952463,1.242018,30.0,22.5,0.2,1.5,2.5,5.0,1.0,5.0,5.0,5.0,masking_sources,2.0,5.0,11.0,1.0,3.0,10.0,-0.5,0.5,0.2,5.0,0.5,10.0,0.0,0.0,10.0,Face-on,1708.0,16.6,102.8,0.0,3.0,0.02964,0.004040000028908253,7.3,0.0,3.0,50.0,3.9,7.3,26.7,0.0,0.0,0.0,0.0,493
