GAL,ra,dec,radvel,z,mag,r20,r50,r80,flux_c,flux_e,rpetro_c,rpetro_e,rhalf_c,rhalf_e,Gini,M20,F(G_M20),S(G_M20),SN_per_pixel,C,A,S,M,I,D,Ao,As,Ser_A,Ser_R,Ser_n,Ser_xc,Ser_yc,Ser_ellip,Ser_theta,flag_morph,flag_sersic,ima_sc_pix2arc,ima_sc_arc2kpc,psf_arcsec,size_image_phy_kpc,zp_ima,eta,petro_extent_cas,snr,area_min,debleding,area_min_deblend,skybox_x,skybox_y,sky_method,nsigma,npixels,dilate_size,mask_stars,fwhm,threshold,roundlo,roundhi,sharplo,aper_stars,aper_fact,aper_center,aper_ellip,aper_pa,dr,View,area_segmap_pix,area_psf_pix,ratio_segmap_psf,flag_area,flag_area_th,SN_gal,bck,ratio_SN_gal,flag_SN,flag_SN_th,perc_SN_flag,perc_20_SN_gal,perc_50_SN_gal,perc_80_SN_gal,flag_image,flag_bck,flag_object,flag_statmorph,index
1158r,147.0475266633022,1.1212931103174428,5000.0,0.0271,nan,2.555979001452693,5.448396224937178,10.666447876283517,72.21717150751971,72.86674259194247,13.19785425844565,18.996271448452482,5.869578673093765,8.280193192150431,0.5443634361857969,-1.7316072205748223,-0.0653971870219534,-0.028773601835961504,0.30322664976119995,3.1023126693174468,0.1184414624079076,-0.0013524881590909934,0.002079002079002079,0.0,0.09631917069650374,0.05287834574252141,0.2137514225307525,0.2473235377306667,6.844855562856974,1.2456240519811823,319.9969573132805,321.0019883854538,0.5611746799138535,1.5697890756130721,0.0,0.0,0.27,0.34629548650952463,1.1947503,30.0,22.5,0.2,1.5,2.5,5.0,1.0,5.0,5.0,5.0,masking_sources,2.0,5.0,11.0,1.0,3.0,10.0,-0.5,0.5,0.2,5.0,0.5,10.0,0.0,0.0,10.0,Edge-on,910.0,15.4,59.2,0.0,3.0,0.02959,0.003640000009909272,8.1,0.0,3.0,50.0,4.1,8.1,25.0,0.0,0.0,0.0,0.0,1158
