GAL,ra,dec,radvel,z,mag,r20,r50,r80,flux_c,flux_e,rpetro_c,rpetro_e,rhalf_c,rhalf_e,Gini,M20,F(G_M20),S(G_M20),SN_per_pixel,C,A,S,M,I,D,Ao,As,Ser_A,Ser_R,Ser_n,Ser_xc,Ser_yc,Ser_ellip,Ser_theta,flag_morph,flag_sersic,ima_sc_pix2arc,ima_sc_arc2kpc,psf_arcsec,size_image_phy_kpc,zp_ima,eta,petro_extent_cas,snr,area_min,debleding,area_min_deblend,skybox_x,skybox_y,sky_method,nsigma,npixels,dilate_size,mask_stars,fwhm,threshold,roundlo,roundhi,sharplo,aper_stars,aper_fact,aper_center,aper_ellip,aper_pa,dr,View,area_segmap_pix,area_psf_pix,ratio_segmap_psf,flag_area,flag_area_th,SN_gal,bck,ratio_SN_gal,flag_SN,flag_SN_th,perc_SN_flag,perc_20_SN_gal,perc_50_SN_gal,perc_80_SN_gal,flag_image,flag_bck,flag_object,flag_statmorph,index
245r,136.49972288053903,0.293755366294857,5000.0,0.0272,nan,3.109931718509431,6.43048698978928,12.07615012131696,109.36770913584932,110.8168985448676,15.031204639023022,19.81287782128661,7.080063140369896,9.188841833066137,0.5264456080728754,-1.8471591942752918,-0.07401291840648927,-0.06257397601211895,0.3187970519065857,2.9458882470529546,0.04941768435954771,-0.0009286056729218602,0.0,0.0,0.02092448492405515,0.0876508869842848,0.26460680102980333,0.2287156307880594,7.391738009666448,1.3702396968326396,320.08763166101585,319.7708305980918,0.37757579144203557,0.40993462509423007,0.0,0.0,0.27,0.34629548650952463,1.3455505,30.0,22.5,0.2,1.5,2.5,5.0,1.0,5.0,5.0,5.0,masking_sources,2.0,5.0,11.0,1.0,3.0,10.0,-0.5,0.5,0.2,5.0,0.5,10.0,0.0,0.0,10.0,Face-on,2014.0,19.5,103.3,0.0,3.0,0.01543,0.00171999994199723,9.0,0.0,3.0,50.0,4.2,9.0,34.7,0.0,0.0,0.0,0.0,245
