GAL,ra,dec,radvel,z,mag,r20,r50,r80,flux_c,flux_e,rpetro_c,rpetro_e,rhalf_c,rhalf_e,Gini,M20,F(G_M20),S(G_M20),SN_per_pixel,C,A,S,M,I,D,Ao,As,Ser_A,Ser_R,Ser_n,Ser_xc,Ser_yc,Ser_ellip,Ser_theta,flag_morph,flag_sersic,ima_sc_pix2arc,ima_sc_arc2kpc,psf_arcsec,size_image_phy_kpc,zp_ima,eta,petro_extent_cas,snr,area_min,debleding,area_min_deblend,skybox_x,skybox_y,sky_method,nsigma,npixels,dilate_size,mask_stars,fwhm,threshold,roundlo,roundhi,sharplo,aper_stars,aper_fact,aper_center,aper_ellip,aper_pa,dr,View,area_segmap_pix,area_psf_pix,ratio_segmap_psf,flag_area,flag_area_th,SN_gal,bck,ratio_SN_gal,flag_SN,flag_SN_th,perc_SN_flag,perc_20_SN_gal,perc_50_SN_gal,perc_80_SN_gal,flag_image,flag_bck,flag_object,flag_statmorph,index
695r,13.96472451160933,-1.2343703609388483,5000.0,0.0386,nan,7.34870371960876,16.472196122085165,28.696026554913875,283.5822857247223,283.60586537993254,33.60118000771176,36.478612647564574,16.732404708102735,17.569701442036312,0.48977807229260967,-1.9595325346496637,-0.17764249563936518,-0.11449473074661976,0.23014895617961884,2.9580551371805193,0.22014975546728996,0.016807419435872002,0.07927021075810003,0.36818823100642945,0.06963804367828681,0.22581299797548013,0.1477285527929305,0.10084979159025854,16.195224685285137,0.7599700382828852,320.49631667397637,320.4958008118587,0.11359888615395607,1.911713096367298,0.0,0.0,0.27,0.34629548650952463,1.2193571,30.0,22.5,0.2,1.5,2.5,5.0,1.0,5.0,5.0,5.0,masking_sources,2.0,5.0,11.0,1.0,3.0,10.0,-0.5,0.5,0.2,5.0,0.5,10.0,0.0,0.0,10.0,Face-on,5313.0,16.0,331.7,0.0,3.0,0.02457,0.002300000051036477,10.7,0.0,3.0,50.0,4.7,10.7,33.7,0.0,0.0,0.0,0.0,695
