GAL,ra,dec,radvel,z,mag,r20,r50,r80,flux_c,flux_e,rpetro_c,rpetro_e,rhalf_c,rhalf_e,Gini,M20,F(G_M20),S(G_M20),SN_per_pixel,C,A,S,M,I,D,Ao,As,Ser_A,Ser_R,Ser_n,Ser_xc,Ser_yc,Ser_ellip,Ser_theta,flag_morph,flag_sersic,ima_sc_pix2arc,ima_sc_arc2kpc,psf_arcsec,size_image_phy_kpc,zp_ima,eta,petro_extent_cas,snr,area_min,debleding,area_min_deblend,skybox_x,skybox_y,sky_method,nsigma,npixels,dilate_size,mask_stars,fwhm,threshold,roundlo,roundhi,sharplo,aper_stars,aper_fact,aper_center,aper_ellip,aper_pa,dr,View,area_segmap_pix,area_psf_pix,ratio_segmap_psf,flag_area,flag_area_th,SN_gal,bck,ratio_SN_gal,flag_SN,flag_SN_th,perc_SN_flag,perc_20_SN_gal,perc_50_SN_gal,perc_80_SN_gal,flag_image,flag_bck,flag_object,flag_statmorph,index
468r,150.9815867478411,8.15001087582079,5000.0,0.0712,nan,3.2804128082362656,6.169370251272017,9.88341708542207,76.3680903764007,76.29831338593638,12.37681600110428,14.440929925528113,6.293905906252057,7.314933294303972,0.42933350112464225,-1.6651842892668491,-0.6808264569710945,-0.13342045009469622,0.3553731441497803,2.394893121479114,0.02860619256959752,0.0033897562764089247,0.0,0.0,0.015834372802911764,0.04335837889293276,0.16946946172198982,0.26006755167201884,6.640680907125486,0.5585156909848,320.1509156965939,319.916117612519,0.3344075585678162,2.3156172918382607,0.0,0.0,0.27,0.34629548650952463,1.2286149,30.0,22.5,0.2,1.5,2.5,5.0,1.0,5.0,5.0,5.0,masking_sources,2.0,5.0,11.0,1.0,3.0,10.0,-0.5,0.5,0.2,5.0,0.5,10.0,0.0,0.0,10.0,Face-on,707.0,16.3,43.5,0.0,3.0,0.05015,0.004749999847263098,10.6,0.0,3.0,50.0,4.1,10.6,36.9,0.0,0.0,0.0,0.0,468
