GAL,ra,dec,radvel,z,mag,r20,r50,r80,flux_c,flux_e,rpetro_c,rpetro_e,rhalf_c,rhalf_e,Gini,M20,F(G_M20),S(G_M20),SN_per_pixel,C,A,S,M,I,D,Ao,As,Ser_A,Ser_R,Ser_n,Ser_xc,Ser_yc,Ser_ellip,Ser_theta,flag_morph,flag_sersic,ima_sc_pix2arc,ima_sc_arc2kpc,psf_arcsec,size_image_phy_kpc,zp_ima,eta,petro_extent_cas,snr,area_min,debleding,area_min_deblend,skybox_x,skybox_y,sky_method,nsigma,npixels,dilate_size,mask_stars,fwhm,threshold,roundlo,roundhi,sharplo,aper_stars,aper_fact,aper_center,aper_ellip,aper_pa,dr,View,area_segmap_pix,area_psf_pix,ratio_segmap_psf,flag_area,flag_area_th,SN_gal,bck,ratio_SN_gal,flag_SN,flag_SN_th,perc_SN_flag,perc_20_SN_gal,perc_50_SN_gal,perc_80_SN_gal,flag_image,flag_bck,flag_object,flag_statmorph,index
471r,43.23299958797413,0.3223776093949938,5000.0,0.0669,nan,5.650401766636967,12.441974687376966,23.310467373053257,73.89586067463905,70.71181120783285,31.040866901224906,40.05003502957987,12.554857285827634,20.199682455205973,0.48069368517151806,-1.7819607259528087,-0.3456674753156892,-0.09880579258763758,0.18992799520492554,3.077358260750409,0.07057019719597439,0.0696670348656993,0.02766798418972332,0.0,0.028857360830079948,0.1007184419925577,0.15804589405502262,0.08577840080541432,19.35893206382605,0.35830958930085827,319.1002412542346,320.2881119361615,0.7619139556228736,3.0749669214286435,0.0,0.0,0.27,0.34629548650952463,1.1589841,30.0,22.5,0.2,1.5,2.5,5.0,1.0,5.0,5.0,5.0,masking_sources,2.0,5.0,11.0,1.0,3.0,10.0,-0.5,0.5,0.2,5.0,0.5,10.0,0.0,0.0,10.0,Edge-on,1536.0,14.5,106.1,0.0,3.0,0.03181,0.0025100000202655792,12.7,0.0,3.0,50.0,5.4,12.7,26.8,0.0,0.0,0.0,0.0,471
