GAL,ra,dec,radvel,z,mag,r20,r50,r80,flux_c,flux_e,rpetro_c,rpetro_e,rhalf_c,rhalf_e,Gini,M20,F(G_M20),S(G_M20),SN_per_pixel,C,A,S,M,I,D,Ao,As,Ser_A,Ser_R,Ser_n,Ser_xc,Ser_yc,Ser_ellip,Ser_theta,flag_morph,flag_sersic,ima_sc_pix2arc,ima_sc_arc2kpc,psf_arcsec,size_image_phy_kpc,zp_ima,eta,petro_extent_cas,snr,area_min,debleding,area_min_deblend,skybox_x,skybox_y,sky_method,nsigma,npixels,dilate_size,mask_stars,fwhm,threshold,roundlo,roundhi,sharplo,aper_stars,aper_fact,aper_center,aper_ellip,aper_pa,dr,View,area_segmap_pix,area_psf_pix,ratio_segmap_psf,flag_area,flag_area_th,SN_gal,bck,ratio_SN_gal,flag_SN,flag_SN_th,perc_SN_flag,perc_20_SN_gal,perc_50_SN_gal,perc_80_SN_gal,flag_image,flag_bck,flag_object,flag_statmorph,index
566r,9.518076407781566,-0.7498294750440041,5000.0,0.0475,nan,3.5507402032698576,7.0943217217943495,13.53984320810546,202.284085830299,206.68649177677804,16.20760144686465,21.879369921486383,7.945666736101679,9.271582901893925,0.627453117374028,-1.3490251420397898,0.0807673544350127,0.10666409145675687,0.3736515939235687,2.9064736887903084,0.06625183938963494,0.05202087478937881,0.05027932960893855,0.01985989337365367,0.13704766355096004,0.15725804510827937,0.12599259569996593,0.3202471366184131,9.68095409465495,1.2364163908379087,320.05246508589266,320.16610607968806,0.40308697247727365,0.9650331445040264,0.0,0.0,0.27,0.34629548650952463,1.1937973,30.0,22.5,0.2,1.5,2.5,5.0,1.0,5.0,5.0,5.0,masking_sources,2.0,5.0,11.0,1.0,3.0,10.0,-0.5,0.5,0.2,5.0,0.5,10.0,0.0,0.0,10.0,Face-on,2851.0,15.4,185.7,0.0,3.0,0.01663,0.002199999988079071,7.6,0.0,3.0,50.0,3.9,7.6,28.3,0.0,0.0,0.0,0.0,566
