GAL,ra,dec,radvel,z,mag,r20,r50,r80,flux_c,flux_e,rpetro_c,rpetro_e,rhalf_c,rhalf_e,Gini,M20,F(G_M20),S(G_M20),SN_per_pixel,C,A,S,M,I,D,Ao,As,Ser_A,Ser_R,Ser_n,Ser_xc,Ser_yc,Ser_ellip,Ser_theta,flag_morph,flag_sersic,ima_sc_pix2arc,ima_sc_arc2kpc,psf_arcsec,size_image_phy_kpc,zp_ima,eta,petro_extent_cas,snr,area_min,debleding,area_min_deblend,skybox_x,skybox_y,sky_method,nsigma,npixels,dilate_size,mask_stars,fwhm,threshold,roundlo,roundhi,sharplo,aper_stars,aper_fact,aper_center,aper_ellip,aper_pa,dr,View,area_segmap_pix,area_psf_pix,ratio_segmap_psf,flag_area,flag_area_th,SN_gal,bck,ratio_SN_gal,flag_SN,flag_SN_th,perc_SN_flag,perc_20_SN_gal,perc_50_SN_gal,perc_80_SN_gal,flag_image,flag_bck,flag_object,flag_statmorph,index
536r,171.50304042705042,1.0826053340240893,5000.0,0.0717,nan,3.8486534961075938,7.478170281102708,12.6622972708209,115.16901997003129,115.09127500351957,16.24194174624397,17.132757350872208,7.593153441414726,8.09083396636527,0.4744454381541128,-1.7106546472855766,-0.4260114105682371,-0.09508001220012355,0.323025643825531,2.5860184646666062,0.02959602841572116,0.0379032535772946,0.0017006802721088435,0.0,0.01024488010348508,0.008969501682800078,0.21371688851125392,0.24097648721499468,7.064992479272277,0.750334834402966,319.0578208749779,319.8758003321492,0.1489142234118417,1.8615740198554485,1.0,0.0,0.27,0.34629548650952463,1.6545973,30.0,22.5,0.2,1.5,2.5,5.0,1.0,5.0,5.0,5.0,masking_sources,2.0,5.0,11.0,1.0,3.0,10.0,-0.5,0.5,0.2,5.0,0.5,10.0,0.0,0.0,10.0,Face-on,1235.0,29.5,41.9,0.0,3.0,0.04177,0.003909999970346689,10.7,0.0,3.0,50.0,4.6,10.7,34.0,0.0,0.0,0.0,0.0,536
