GAL,ra,dec,radvel,z,mag,r20,r50,r80,flux_c,flux_e,rpetro_c,rpetro_e,rhalf_c,rhalf_e,Gini,M20,F(G_M20),S(G_M20),SN_per_pixel,C,A,S,M,I,D,Ao,As,Ser_A,Ser_R,Ser_n,Ser_xc,Ser_yc,Ser_ellip,Ser_theta,flag_morph,flag_sersic,ima_sc_pix2arc,ima_sc_arc2kpc,psf_arcsec,size_image_phy_kpc,zp_ima,eta,petro_extent_cas,snr,area_min,debleding,area_min_deblend,skybox_x,skybox_y,sky_method,nsigma,npixels,dilate_size,mask_stars,fwhm,threshold,roundlo,roundhi,sharplo,aper_stars,aper_fact,aper_center,aper_ellip,aper_pa,dr,View,area_segmap_pix,area_psf_pix,ratio_segmap_psf,flag_area,flag_area_th,SN_gal,bck,ratio_SN_gal,flag_SN,flag_SN_th,perc_SN_flag,perc_20_SN_gal,perc_50_SN_gal,perc_80_SN_gal,flag_image,flag_bck,flag_object,flag_statmorph,index
243r,217.6816389271074,-2.0368236333926104,5000.0,0.0339,nan,5.034842085288928,9.844457143776411,18.877089279855706,88.3186611755178,88.68380244675066,23.17420303293822,26.82069766197348,11.885307639614231,13.366377824548044,0.5384426926783126,-1.7665406314620111,-0.07049601363917901,-0.0394908820216901,0.18119025230407715,2.8697458805619194,0.10280786611134221,0.010232149996851982,0.09719934102141681,0.0317301342439442,0.04060176199924248,0.2836117622848093,0.5163712938474724,0.0750634919758235,10.980500765869046,1.1215789016166835,320.46827585375013,319.7440214266087,0.3049044916148149,2.806005354574609,0.0,0.0,0.27,0.34629548650952463,1.2995065,30.0,22.5,0.2,1.5,2.5,5.0,1.0,5.0,5.0,5.0,masking_sources,2.0,5.0,11.0,1.0,3.0,10.0,-0.5,0.5,0.2,5.0,0.5,10.0,0.0,0.0,10.0,Face-on,3087.0,18.2,169.7,0.0,3.0,0.01047,0.001339999958872795,7.8,0.0,3.0,50.0,4.0,7.8,22.7,0.0,0.0,0.0,0.0,243
