GAL,ra,dec,radvel,z,mag,r20,r50,r80,flux_c,flux_e,rpetro_c,rpetro_e,rhalf_c,rhalf_e,Gini,M20,F(G_M20),S(G_M20),SN_per_pixel,C,A,S,M,I,D,Ao,As,Ser_A,Ser_R,Ser_n,Ser_xc,Ser_yc,Ser_ellip,Ser_theta,flag_morph,flag_sersic,ima_sc_pix2arc,ima_sc_arc2kpc,psf_arcsec,size_image_phy_kpc,zp_ima,eta,petro_extent_cas,snr,area_min,debleding,area_min_deblend,skybox_x,skybox_y,sky_method,nsigma,npixels,dilate_size,mask_stars,fwhm,threshold,roundlo,roundhi,sharplo,aper_stars,aper_fact,aper_center,aper_ellip,aper_pa,dr,View,area_segmap_pix,area_psf_pix,ratio_segmap_psf,flag_area,flag_area_th,SN_gal,bck,ratio_SN_gal,flag_SN,flag_SN_th,perc_SN_flag,perc_20_SN_gal,perc_50_SN_gal,perc_80_SN_gal,flag_image,flag_bck,flag_object,flag_statmorph,index
520r,183.83702790010764,4.023370812223025,5000.0,0.0481,nan,8.273177835852765,19.280572029504263,32.22148854664445,206.01493736999672,206.33500533934642,39.9502981277492,46.74550889899653,20.851716478778368,23.591907072919827,0.5070017677726512,-1.852847656212816,-0.16631782376989523,-0.08261407411865684,0.16583795845508575,2.9523661999939534,0.07755530678580816,0.005197750058379499,0.088,0.24461635497924925,0.02467486051410289,-0.07066676940207821,0.27317341394987055,0.05290790086838032,20.13476100381712,0.8455952105687621,320.1690209856531,321.6419629750264,0.26182126095635033,2.1576458512723766,0.0,0.0,0.27,0.34629548650952463,1.3476052,30.0,22.5,0.2,1.5,2.5,5.0,1.0,5.0,5.0,5.0,masking_sources,2.0,5.0,11.0,1.0,3.0,10.0,-0.5,0.5,0.2,5.0,0.5,10.0,0.0,0.0,10.0,Face-on,8200.0,19.6,419.1,0.0,3.0,0.0102,0.0010300000431016088,9.9,0.0,3.0,50.0,4.6,9.9,32.8,0.0,0.0,0.0,0.0,520
