GAL,ra,dec,radvel,z,mag,r20,r50,r80,flux_c,flux_e,rpetro_c,rpetro_e,rhalf_c,rhalf_e,Gini,M20,F(G_M20),S(G_M20),SN_per_pixel,C,A,S,M,I,D,Ao,As,Ser_A,Ser_R,Ser_n,Ser_xc,Ser_yc,Ser_ellip,Ser_theta,flag_morph,flag_sersic,ima_sc_pix2arc,ima_sc_arc2kpc,psf_arcsec,size_image_phy_kpc,zp_ima,eta,petro_extent_cas,snr,area_min,debleding,area_min_deblend,skybox_x,skybox_y,sky_method,nsigma,npixels,dilate_size,mask_stars,fwhm,threshold,roundlo,roundhi,sharplo,aper_stars,aper_fact,aper_center,aper_ellip,aper_pa,dr,View,area_segmap_pix,area_psf_pix,ratio_segmap_psf,flag_area,flag_area_th,SN_gal,bck,ratio_SN_gal,flag_SN,flag_SN_th,perc_SN_flag,perc_20_SN_gal,perc_50_SN_gal,perc_80_SN_gal,flag_image,flag_bck,flag_object,flag_statmorph,index
570r,343.0920542938969,-0.9509461557531131,5000.0,0.0685,nan,6.7667069771871615,14.11707067337443,24.176098200489694,125.83019769057464,125.3935704089269,31.850866190424075,36.72509606438536,14.202417963939364,16.380877283042494,0.5159691420322693,-1.5381580718304746,-0.3400092031617481,-0.029994521372489424,0.18024727702140808,2.7650442033925886,0.3716068367342483,0.020113952110056635,0.0034482758620689655,0.12830708233970184,0.12640382312772452,0.5354875567245306,0.4074490899157588,0.07332997616179739,15.753282910893933,0.4990941111857614,318.2703196349348,320.87322992592533,0.4037815595672626,1.0459221217906622,0.0,0.0,0.27,0.34629548650952463,1.1232276,30.0,22.5,0.2,1.5,2.5,5.0,1.0,5.0,5.0,5.0,masking_sources,2.0,5.0,11.0,1.0,3.0,10.0,-0.5,0.5,0.2,5.0,0.5,10.0,0.0,0.0,10.0,Face-on,2985.0,13.6,219.6,0.0,3.0,0.02257,0.0021800000686198473,10.4,0.0,3.0,50.0,5.0,10.4,28.0,0.0,0.0,0.0,0.0,570
