GAL,ra,dec,radvel,z,mag,r20,r50,r80,flux_c,flux_e,rpetro_c,rpetro_e,rhalf_c,rhalf_e,Gini,M20,F(G_M20),S(G_M20),SN_per_pixel,C,A,S,M,I,D,Ao,As,Ser_A,Ser_R,Ser_n,Ser_xc,Ser_yc,Ser_ellip,Ser_theta,flag_morph,flag_sersic,ima_sc_pix2arc,ima_sc_arc2kpc,psf_arcsec,size_image_phy_kpc,zp_ima,eta,petro_extent_cas,snr,area_min,debleding,area_min_deblend,skybox_x,skybox_y,sky_method,nsigma,npixels,dilate_size,mask_stars,fwhm,threshold,roundlo,roundhi,sharplo,aper_stars,aper_fact,aper_center,aper_ellip,aper_pa,dr,View,area_segmap_pix,area_psf_pix,ratio_segmap_psf,flag_area,flag_area_th,SN_gal,bck,ratio_SN_gal,flag_SN,flag_SN_th,perc_SN_flag,perc_20_SN_gal,perc_50_SN_gal,perc_80_SN_gal,flag_image,flag_bck,flag_object,flag_statmorph,index
207r,171.67416371927743,1.2413809778625626,5000.0,0.0198,nan,8.061087280505307,18.44138194071384,33.25332496968095,245.5420375099255,247.59401673691926,44.467678305413855,55.44639519981831,18.533787482152036,25.325059897798177,0.4922653229793377,-1.9312629456959964,-0.18492142988495264,-0.10810287970219923,0.188175231218338,3.077207265338195,-0.004761872472586016,-0.04394423602181575,0.02809633027522936,0.06411505411561783,0.05493275691759259,0.009687367664548233,0.27810928427395526,0.08259862126379515,20.555733555564906,0.7488099286800085,321.2635796658776,318.8259848565946,0.45247836763664684,1.7385738936641033,0.0,0.0,0.27,0.34629548650952463,1.7637869,30.0,22.5,0.2,1.5,2.5,5.0,1.0,5.0,5.0,5.0,masking_sources,2.0,5.0,11.0,1.0,3.0,10.0,-0.5,0.5,0.2,5.0,0.5,10.0,0.0,0.0,10.0,Face-on,4719.0,33.5,140.8,0.0,3.0,0.03183,0.0038799999747425318,8.2,0.0,3.0,50.0,4.3,8.2,15.8,0.0,0.0,0.0,0.0,207
