GAL,ra,dec,radvel,z,mag,r20,r50,r80,flux_c,flux_e,rpetro_c,rpetro_e,rhalf_c,rhalf_e,Gini,M20,F(G_M20),S(G_M20),SN_per_pixel,C,A,S,M,I,D,Ao,As,Ser_A,Ser_R,Ser_n,Ser_xc,Ser_yc,Ser_ellip,Ser_theta,flag_morph,flag_sersic,ima_sc_pix2arc,ima_sc_arc2kpc,psf_arcsec,size_image_phy_kpc,zp_ima,eta,petro_extent_cas,snr,area_min,debleding,area_min_deblend,skybox_x,skybox_y,sky_method,nsigma,npixels,dilate_size,mask_stars,fwhm,threshold,roundlo,roundhi,sharplo,aper_stars,aper_fact,aper_center,aper_ellip,aper_pa,dr,View,area_segmap_pix,area_psf_pix,ratio_segmap_psf,flag_area,flag_area_th,SN_gal,bck,ratio_SN_gal,flag_SN,flag_SN_th,perc_SN_flag,perc_20_SN_gal,perc_50_SN_gal,perc_80_SN_gal,flag_image,flag_bck,flag_object,flag_statmorph,index
603r,174.49025002275687,-0.3012071177391922,5000.0,0.0764,nan,4.20644836414317,8.514031075320425,14.1899932773947,105.26069362031795,105.31635313074838,17.698032324806206,18.225715390135193,8.904460282674908,9.212069719924155,0.46425107335123245,-1.7201202725763423,-0.4699138380159944,-0.10648815527039152,0.2785201370716095,2.6403331378191606,0.1122202510687846,0.04146425294649898,0.002551020408163265,0.0,0.041489857805140924,0.20945948277696833,0.2513203127453019,0.15042460269070074,7.980919563612795,0.7532279272666796,319.49182359735744,320.2367634766248,0.0782226824581154,0.19282742828857433,0.0,0.0,0.27,0.34629548650952463,1.2740496,30.0,22.5,0.2,1.5,2.5,5.0,1.0,5.0,5.0,5.0,masking_sources,2.0,5.0,11.0,1.0,3.0,10.0,-0.5,0.5,0.2,5.0,0.5,10.0,0.0,0.0,10.0,Face-on,1516.0,17.5,86.7,0.0,3.0,0.0293,0.003289999905973673,8.9,0.0,3.0,50.0,3.9,8.9,30.6,0.0,0.0,0.0,0.0,603
