GAL,ra,dec,radvel,z,mag,r20,r50,r80,flux_c,flux_e,rpetro_c,rpetro_e,rhalf_c,rhalf_e,Gini,M20,F(G_M20),S(G_M20),SN_per_pixel,C,A,S,M,I,D,Ao,As,Ser_A,Ser_R,Ser_n,Ser_xc,Ser_yc,Ser_ellip,Ser_theta,flag_morph,flag_sersic,ima_sc_pix2arc,ima_sc_arc2kpc,psf_arcsec,size_image_phy_kpc,zp_ima,eta,petro_extent_cas,snr,area_min,debleding,area_min_deblend,skybox_x,skybox_y,sky_method,nsigma,npixels,dilate_size,mask_stars,fwhm,threshold,roundlo,roundhi,sharplo,aper_stars,aper_fact,aper_center,aper_ellip,aper_pa,dr,View,area_segmap_pix,area_psf_pix,ratio_segmap_psf,flag_area,flag_area_th,SN_gal,bck,ratio_SN_gal,flag_SN,flag_SN_th,perc_SN_flag,perc_20_SN_gal,perc_50_SN_gal,perc_80_SN_gal,flag_image,flag_bck,flag_object,flag_statmorph,index
579r,157.82993565086872,14.524130926768194,5000.0,0.0898,nan,2.522754067708654,4.732631294991597,7.980636673959697,81.31823861036207,81.20741488758414,10.106830516727142,11.704693214809508,4.98830171346389,5.826106653048372,0.4670010118811369,-1.6188146297744777,-0.526506452754659,-0.08968423177632687,0.44890066981315613,2.5008131224243986,0.07151117179571209,0.08584494123112289,0.0,0.0,0.14360617720485433,0.13869412840614587,0.2772694399981705,0.5050165979771538,4.804613535666412,1.0630070212915301,320.61938084665826,319.8415303077038,0.45429839309579695,2.0532062134870763,0.0,0.0,0.27,0.34629548650952463,1.4218534,30.0,22.5,0.2,1.5,2.5,5.0,1.0,5.0,5.0,5.0,masking_sources,2.0,5.0,11.0,1.0,3.0,10.0,-0.5,0.5,0.2,5.0,0.5,10.0,0.0,0.0,10.0,Face-on,696.0,21.8,32.0,0.0,3.0,0.03412,0.0032599999103695154,10.5,0.0,3.0,50.0,4.1,10.5,49.7,0.0,0.0,0.0,0.0,579
