GAL,ra,dec,radvel,z,mag,r20,r50,r80,flux_c,flux_e,rpetro_c,rpetro_e,rhalf_c,rhalf_e,Gini,M20,F(G_M20),S(G_M20),SN_per_pixel,C,A,S,M,I,D,Ao,As,Ser_A,Ser_R,Ser_n,Ser_xc,Ser_yc,Ser_ellip,Ser_theta,flag_morph,flag_sersic,ima_sc_pix2arc,ima_sc_arc2kpc,psf_arcsec,size_image_phy_kpc,zp_ima,eta,petro_extent_cas,snr,area_min,debleding,area_min_deblend,skybox_x,skybox_y,sky_method,nsigma,npixels,dilate_size,mask_stars,fwhm,threshold,roundlo,roundhi,sharplo,aper_stars,aper_fact,aper_center,aper_ellip,aper_pa,dr,View,area_segmap_pix,area_psf_pix,ratio_segmap_psf,flag_area,flag_area_th,SN_gal,bck,ratio_SN_gal,flag_SN,flag_SN_th,perc_SN_flag,perc_20_SN_gal,perc_50_SN_gal,perc_80_SN_gal,flag_image,flag_bck,flag_object,flag_statmorph,index
1126r,156.73087965614107,10.858473893642907,5000.0,0.1088,nan,3.738726304495412,7.504983060356137,12.914695290408705,119.3643293538648,119.03943532046813,16.50661959814042,17.385020118722924,7.737281502112238,8.120540749310777,0.491086950920694,-1.7534976657592776,-0.3139457105713852,-0.08456009412905258,0.31690946221351624,2.691802451621971,0.054655924141188236,0.02439469694721992,0.006711409395973154,0.0,0.006686282059780549,0.13306539819957372,0.2952163452742695,0.2246432548480429,7.207773200270537,0.7973089021858417,319.8614331327051,320.0036648610393,0.14395723816766662,0.35509292008562954,0.0,0.0,0.27,0.34629548650952463,1.2782161,30.0,22.5,0.2,1.5,2.5,5.0,1.0,5.0,5.0,5.0,masking_sources,2.0,5.0,11.0,1.0,3.0,10.0,-0.5,0.5,0.2,5.0,0.5,10.0,0.0,0.0,10.0,Face-on,1232.0,17.6,70.0,0.0,3.0,0.04262,0.004129999782890081,10.3,0.0,3.0,50.0,4.4,10.3,31.8,0.0,0.0,0.0,0.0,1126
