GAL,ra,dec,radvel,z,mag,r20,r50,r80,flux_c,flux_e,rpetro_c,rpetro_e,rhalf_c,rhalf_e,Gini,M20,F(G_M20),S(G_M20),SN_per_pixel,C,A,S,M,I,D,Ao,As,Ser_A,Ser_R,Ser_n,Ser_xc,Ser_yc,Ser_ellip,Ser_theta,flag_morph,flag_sersic,ima_sc_pix2arc,ima_sc_arc2kpc,psf_arcsec,size_image_phy_kpc,zp_ima,eta,petro_extent_cas,snr,area_min,debleding,area_min_deblend,skybox_x,skybox_y,sky_method,nsigma,npixels,dilate_size,mask_stars,fwhm,threshold,roundlo,roundhi,sharplo,aper_stars,aper_fact,aper_center,aper_ellip,aper_pa,dr,View,area_segmap_pix,area_psf_pix,ratio_segmap_psf,flag_area,flag_area_th,SN_gal,bck,ratio_SN_gal,flag_SN,flag_SN_th,perc_SN_flag,perc_20_SN_gal,perc_50_SN_gal,perc_80_SN_gal,flag_image,flag_bck,flag_object,flag_statmorph,index
1195r,127.00563278357,8.214132623925325,5000.0,0.0659,nan,5.009538294487042,10.54435839400806,19.596151716397202,133.7000512123061,133.1296772285484,25.71568439302416,33.88773263224623,10.643581768202415,16.87604008172589,0.47102721835846323,-1.4922800472369329,-0.5942651963904124,-0.06810998039105515,0.28889504075050354,2.9618654616673847,0.1730640070656789,0.003993565014443475,0.0036496350364963502,0.1418010507513722,0.1830878150013988,0.19126576138365792,0.18507148694589515,0.17507729282909765,16.632014381106536,0.4878166681718235,319.7463723975084,321.34242974422966,0.7169390613132148,1.6662659612921227,0.0,0.0,0.27,0.34629548650952463,1.1113857,30.0,22.5,0.2,1.5,2.5,5.0,1.0,5.0,5.0,5.0,masking_sources,2.0,5.0,11.0,1.0,3.0,10.0,-0.5,0.5,0.2,5.0,0.5,10.0,0.0,0.0,10.0,Edge-on,1389.0,13.3,104.4,0.0,3.0,0.06037,0.004259999841451645,14.2,0.0,3.0,50.0,5.1,14.2,33.0,0.0,0.0,0.0,0.0,1195
