GAL,ra,dec,radvel,z,mag,r20,r50,r80,flux_c,flux_e,rpetro_c,rpetro_e,rhalf_c,rhalf_e,Gini,M20,F(G_M20),S(G_M20),SN_per_pixel,C,A,S,M,I,D,Ao,As,Ser_A,Ser_R,Ser_n,Ser_xc,Ser_yc,Ser_ellip,Ser_theta,flag_morph,flag_sersic,ima_sc_pix2arc,ima_sc_arc2kpc,psf_arcsec,size_image_phy_kpc,zp_ima,eta,petro_extent_cas,snr,area_min,debleding,area_min_deblend,skybox_x,skybox_y,sky_method,nsigma,npixels,dilate_size,mask_stars,fwhm,threshold,roundlo,roundhi,sharplo,aper_stars,aper_fact,aper_center,aper_ellip,aper_pa,dr,View,area_segmap_pix,area_psf_pix,ratio_segmap_psf,flag_area,flag_area_th,SN_gal,bck,ratio_SN_gal,flag_SN,flag_SN_th,perc_SN_flag,perc_20_SN_gal,perc_50_SN_gal,perc_80_SN_gal,flag_image,flag_bck,flag_object,flag_statmorph,index
269r,210.1919780917488,-3.128052112479592,5000.0,0.0361,nan,9.381379169055254,19.66435270959054,31.868838407114946,126.77880656469428,128.29922557026876,40.94892592123894,47.33051809990533,19.667777031605038,23.00021226251144,0.48479801613904155,-1.3731652970180899,-0.608646269278208,-0.03791994030786339,0.13756737112998962,2.6554977240160604,-0.01488276392194208,-0.030779565028241394,0.13972602739726028,0.9189342822817101,0.11677663759397879,-4.997989268296234e-05,0.32862867132331763,0.0389185481658912,16.483103691024176,0.5858065216144696,320.5056887859787,317.40551359622054,0.10009164684321437,1.9160554288749214,0.0,0.0,0.27,0.34629548650952463,1.5586444,30.0,22.5,0.2,1.5,2.5,5.0,1.0,5.0,5.0,5.0,masking_sources,2.0,5.0,11.0,1.0,3.0,10.0,-0.5,0.5,0.2,5.0,0.5,10.0,0.0,0.0,10.0,Face-on,3058.0,26.2,116.8,0.0,3.0,0.02649,0.0041600000113248825,6.4,0.0,3.0,50.0,3.8,6.4,11.1,0.0,0.0,0.0,0.0,269
