GAL,ra,dec,radvel,z,mag,r20,r50,r80,flux_c,flux_e,rpetro_c,rpetro_e,rhalf_c,rhalf_e,Gini,M20,F(G_M20),S(G_M20),SN_per_pixel,C,A,S,M,I,D,Ao,As,Ser_A,Ser_R,Ser_n,Ser_xc,Ser_yc,Ser_ellip,Ser_theta,flag_morph,flag_sersic,ima_sc_pix2arc,ima_sc_arc2kpc,psf_arcsec,size_image_phy_kpc,zp_ima,eta,petro_extent_cas,snr,area_min,debleding,area_min_deblend,skybox_x,skybox_y,sky_method,nsigma,npixels,dilate_size,mask_stars,fwhm,threshold,roundlo,roundhi,sharplo,aper_stars,aper_fact,aper_center,aper_ellip,aper_pa,dr,View,area_segmap_pix,area_psf_pix,ratio_segmap_psf,flag_area,flag_area_th,SN_gal,bck,ratio_SN_gal,flag_SN,flag_SN_th,perc_SN_flag,perc_20_SN_gal,perc_50_SN_gal,perc_80_SN_gal,flag_image,flag_bck,flag_object,flag_statmorph,index
1196r,181.1911752586577,10.385090625856671,5000.0,0.0917,nan,3.356297757795178,6.56648085700229,10.898222422443489,100.02381272140462,100.37818861143441,13.297493202186608,15.286411836112897,6.803586200224072,7.460098927904396,0.46766968586556107,-1.733341876595589,-0.4438291344847296,-0.10494153183988147,0.342129111289978,2.557475922008918,0.20574710346133296,0.008000639512555096,0.0891304347826087,0.04991268646674863,0.07807971699250345,0.38674859086372826,0.4946104747061038,0.27237507103996733,5.924379906889778,0.627903626652068,319.82864559783684,319.56064388312774,0.06657180656183073,1.5853568162285636,0.0,0.0,0.27,0.34629548650952463,1.124686,30.0,22.5,0.2,1.5,2.5,5.0,1.0,5.0,5.0,5.0,masking_sources,2.0,5.0,11.0,1.0,3.0,10.0,-0.5,0.5,0.2,5.0,0.5,10.0,0.0,0.0,10.0,Face-on,982.0,13.6,72.1,0.0,3.0,0.04604,0.0038900000508874655,11.8,0.0,3.0,50.0,5.0,11.8,38.6,0.0,0.0,0.0,0.0,1196
