GAL,ra,dec,radvel,z,mag,r20,r50,r80,flux_c,flux_e,rpetro_c,rpetro_e,rhalf_c,rhalf_e,Gini,M20,F(G_M20),S(G_M20),SN_per_pixel,C,A,S,M,I,D,Ao,As,Ser_A,Ser_R,Ser_n,Ser_xc,Ser_yc,Ser_ellip,Ser_theta,flag_morph,flag_sersic,ima_sc_pix2arc,ima_sc_arc2kpc,psf_arcsec,size_image_phy_kpc,zp_ima,eta,petro_extent_cas,snr,area_min,debleding,area_min_deblend,skybox_x,skybox_y,sky_method,nsigma,npixels,dilate_size,mask_stars,fwhm,threshold,roundlo,roundhi,sharplo,aper_stars,aper_fact,aper_center,aper_ellip,aper_pa,dr,View,area_segmap_pix,area_psf_pix,ratio_segmap_psf,flag_area,flag_area_th,SN_gal,bck,ratio_SN_gal,flag_SN,flag_SN_th,perc_SN_flag,perc_20_SN_gal,perc_50_SN_gal,perc_80_SN_gal,flag_image,flag_bck,flag_object,flag_statmorph,index
1040r,205.98645211400975,3.3997227962729104,5000.0,0.1157,nan,3.288328703107714,8.471067396661075,17.58324388286878,245.8068049345946,245.4814635243414,22.013349834059056,25.963629842398127,9.616022789805218,11.168623929164585,0.562687727646411,-2.1306505194784964,0.30184506184833193,-0.06609957183756426,0.3176458477973938,3.640618882701361,0.029155980521901128,-0.008087175128588213,0.001694915254237288,0.0,0.011313530456698953,0.13735734136363045,0.3861229139733632,0.2663188309326804,8.414407462534642,1.7138803988997566,320.0004257860067,319.99520363901604,0.23856072183956412,1.8083472588863327,1.0,0.0,0.27,0.34629548650952463,1.4188913,30.0,22.5,0.2,1.5,2.5,5.0,1.0,5.0,5.0,5.0,masking_sources,2.0,5.0,11.0,1.0,3.0,10.0,-0.5,0.5,0.2,5.0,0.5,10.0,0.0,0.0,10.0,Face-on,2493.0,21.7,114.9,0.0,3.0,0.0367,0.004569999873638153,8.0,0.0,3.0,50.0,3.9,8.0,22.5,0.0,0.0,0.0,0.0,1040
