GAL,ra,dec,radvel,z,mag,r20,r50,r80,flux_c,flux_e,rpetro_c,rpetro_e,rhalf_c,rhalf_e,Gini,M20,F(G_M20),S(G_M20),SN_per_pixel,C,A,S,M,I,D,Ao,As,Ser_A,Ser_R,Ser_n,Ser_xc,Ser_yc,Ser_ellip,Ser_theta,flag_morph,flag_sersic,ima_sc_pix2arc,ima_sc_arc2kpc,psf_arcsec,size_image_phy_kpc,zp_ima,eta,petro_extent_cas,snr,area_min,debleding,area_min_deblend,skybox_x,skybox_y,sky_method,nsigma,npixels,dilate_size,mask_stars,fwhm,threshold,roundlo,roundhi,sharplo,aper_stars,aper_fact,aper_center,aper_ellip,aper_pa,dr,View,area_segmap_pix,area_psf_pix,ratio_segmap_psf,flag_area,flag_area_th,SN_gal,bck,ratio_SN_gal,flag_SN,flag_SN_th,perc_SN_flag,perc_20_SN_gal,perc_50_SN_gal,perc_80_SN_gal,flag_image,flag_bck,flag_object,flag_statmorph,index
100r,332.8807320473833,-9.45442108677161,5000.0,0.0282,nan,10.032500562682348,19.142586585785278,30.19954555292276,114.73197700958359,114.24081511016844,37.2110978337713,50.45345573212216,19.115682631223606,25.8307523736745,0.42719323226301664,-1.4377760923569942,-0.8490146682946706,-0.10392957689723575,0.14751724898815155,2.3929560745859897,0.26689119113933824,0.04228120445125343,0.11989795918367346,0.7751721904720504,0.20398179620277135,0.349222540997118,0.302983122042786,0.04313777476145092,21.660459428094924,0.3078967054219418,319.3779869649367,316.36696300300014,0.4417981093182192,2.194638741340239,0.0,0.0,0.27,0.34629548650952463,1.5475549,30.0,22.5,0.2,1.5,2.5,5.0,1.0,5.0,5.0,5.0,masking_sources,2.0,5.0,11.0,1.0,3.0,10.0,-0.5,0.5,0.2,5.0,0.5,10.0,0.0,0.0,10.0,Face-on,2952.0,25.8,114.4,0.0,3.0,0.02774,0.00418000016361475,6.6,0.0,3.0,50.0,4.0,6.6,11.3,0.0,0.0,0.0,0.0,100
