GAL,ra,dec,radvel,z,mag,r20,r50,r80,flux_c,flux_e,rpetro_c,rpetro_e,rhalf_c,rhalf_e,Gini,M20,F(G_M20),S(G_M20),SN_per_pixel,C,A,S,M,I,D,Ao,As,Ser_A,Ser_R,Ser_n,Ser_xc,Ser_yc,Ser_ellip,Ser_theta,flag_morph,flag_sersic,ima_sc_pix2arc,ima_sc_arc2kpc,psf_arcsec,size_image_phy_kpc,zp_ima,eta,petro_extent_cas,snr,area_min,debleding,area_min_deblend,skybox_x,skybox_y,sky_method,nsigma,npixels,dilate_size,mask_stars,fwhm,threshold,roundlo,roundhi,sharplo,aper_stars,aper_fact,aper_center,aper_ellip,aper_pa,dr,View,area_segmap_pix,area_psf_pix,ratio_segmap_psf,flag_area,flag_area_th,SN_gal,bck,ratio_SN_gal,flag_SN,flag_SN_th,perc_SN_flag,perc_20_SN_gal,perc_50_SN_gal,perc_80_SN_gal,flag_image,flag_bck,flag_object,flag_statmorph,index
478r,176.65520045056266,-0.5321107930078499,5000.0,0.0805,nan,5.49109124505648,10.932390185940335,17.728267047362518,96.54862816708791,96.72878681280936,22.768622672564376,25.775691634897743,10.988247288430513,12.552314834148989,0.44013851329616593,-1.7321776394016473,-0.5809152550786374,-0.13203556371362474,0.22029009461402893,2.545038123127299,0.13839766396085415,-0.0036262221160905292,0.0053590568060021436,0.029275348424304317,0.05127080781922322,0.20172478296517193,0.29847607179220753,0.09793526324077874,11.619353650929114,0.505371936219803,319.4790549644211,318.6601065604757,0.2820908391788057,2.8699896949906067,0.0,0.0,0.27,0.34629548650952463,1.296285,30.0,22.5,0.2,1.5,2.5,5.0,1.0,5.0,5.0,5.0,masking_sources,2.0,5.0,11.0,1.0,3.0,10.0,-0.5,0.5,0.2,5.0,0.5,10.0,0.0,0.0,10.0,Face-on,1794.0,18.1,99.1,0.0,3.0,0.03235,0.0028800000436604023,11.2,0.0,3.0,50.0,5.0,11.2,27.9,0.0,0.0,0.0,0.0,478
