GAL,ra,dec,radvel,z,mag,r20,r50,r80,flux_c,flux_e,rpetro_c,rpetro_e,rhalf_c,rhalf_e,Gini,M20,F(G_M20),S(G_M20),SN_per_pixel,C,A,S,M,I,D,Ao,As,Ser_A,Ser_R,Ser_n,Ser_xc,Ser_yc,Ser_ellip,Ser_theta,flag_morph,flag_sersic,ima_sc_pix2arc,ima_sc_arc2kpc,psf_arcsec,size_image_phy_kpc,zp_ima,eta,petro_extent_cas,snr,area_min,debleding,area_min_deblend,skybox_x,skybox_y,sky_method,nsigma,npixels,dilate_size,mask_stars,fwhm,threshold,roundlo,roundhi,sharplo,aper_stars,aper_fact,aper_center,aper_ellip,aper_pa,dr,View,area_segmap_pix,area_psf_pix,ratio_segmap_psf,flag_area,flag_area_th,SN_gal,bck,ratio_SN_gal,flag_SN,flag_SN_th,perc_SN_flag,perc_20_SN_gal,perc_50_SN_gal,perc_80_SN_gal,flag_image,flag_bck,flag_object,flag_statmorph,index
287r,151.81048387252727,6.912615332485625,5000.0,0.0313,nan,7.950943446813449,17.401430167406062,30.484384803820554,325.4077774998488,324.9574802085721,37.04959950590966,47.83301016251843,17.706795950898595,21.694173024745652,0.528077981649144,-1.664201673503804,-0.19272223109860098,-0.035526830784376295,0.22184516489505768,2.91829385322959,0.19158262891942068,0.0177025001910817,0.0583756345177665,0.08967644043501209,0.08946787114788114,0.15178314616001956,0.3062467832597274,0.11890158268083664,18.025446051029093,0.6674358611956159,319.91674922837194,321.8868864754203,0.3235479997379824,2.0218409794591548,0.0,0.0,0.27,0.34629548650952463,1.2547835,30.0,22.5,0.2,1.5,2.5,5.0,1.0,5.0,5.0,5.0,masking_sources,2.0,5.0,11.0,1.0,3.0,10.0,-0.5,0.5,0.2,5.0,0.5,10.0,0.0,0.0,10.0,Face-on,3971.0,17.0,234.1,0.0,3.0,0.04481,0.005770000163465738,7.8,0.0,3.0,50.0,4.1,7.8,18.1,0.0,0.0,0.0,0.0,287
