GAL,ra,dec,radvel,z,mag,r20,r50,r80,flux_c,flux_e,rpetro_c,rpetro_e,rhalf_c,rhalf_e,Gini,M20,F(G_M20),S(G_M20),SN_per_pixel,C,A,S,M,I,D,Ao,As,Ser_A,Ser_R,Ser_n,Ser_xc,Ser_yc,Ser_ellip,Ser_theta,flag_morph,flag_sersic,ima_sc_pix2arc,ima_sc_arc2kpc,psf_arcsec,size_image_phy_kpc,zp_ima,eta,petro_extent_cas,snr,area_min,debleding,area_min_deblend,skybox_x,skybox_y,sky_method,nsigma,npixels,dilate_size,mask_stars,fwhm,threshold,roundlo,roundhi,sharplo,aper_stars,aper_fact,aper_center,aper_ellip,aper_pa,dr,View,area_segmap_pix,area_psf_pix,ratio_segmap_psf,flag_area,flag_area_th,SN_gal,bck,ratio_SN_gal,flag_SN,flag_SN_th,perc_SN_flag,perc_20_SN_gal,perc_50_SN_gal,perc_80_SN_gal,flag_image,flag_bck,flag_object,flag_statmorph,index
1099r,237.39474334452606,2.7570016253475664,5000.0,0.0855,nan,6.542199250627337,11.556763272545565,17.767936612790656,101.72095830507752,101.67433808059889,23.04999179395362,25.19078727796575,11.556493869641967,12.895965988131964,0.41042220429766135,-1.5337974101925196,-0.8654884834631602,-0.1338798577620755,0.23262451589107513,2.169566146193774,0.07733162014078676,0.0003217335023195473,0.0038510911424903724,0.0,0.024845203782282867,0.12532999767837263,0.13688939928772553,0.0964347778537674,12.07158029536521,0.38168507982805694,319.98730272657815,320.06433610749855,0.1524770269358899,1.2889940775968005,0.0,0.0,0.27,0.34629548650952463,1.4387014,30.0,22.5,0.2,1.5,2.5,5.0,1.0,5.0,5.0,5.0,masking_sources,2.0,5.0,11.0,1.0,3.0,10.0,-0.5,0.5,0.2,5.0,0.5,10.0,0.0,0.0,10.0,Face-on,1678.0,22.3,75.2,0.0,3.0,0.04372,0.003809999907389283,11.5,0.0,3.0,50.0,4.9,11.5,25.7,0.0,0.0,0.0,0.0,1099
