GAL,ra,dec,radvel,z,mag,r20,r50,r80,flux_c,flux_e,rpetro_c,rpetro_e,rhalf_c,rhalf_e,Gini,M20,F(G_M20),S(G_M20),SN_per_pixel,C,A,S,M,I,D,Ao,As,Ser_A,Ser_R,Ser_n,Ser_xc,Ser_yc,Ser_ellip,Ser_theta,flag_morph,flag_sersic,ima_sc_pix2arc,ima_sc_arc2kpc,psf_arcsec,size_image_phy_kpc,zp_ima,eta,petro_extent_cas,snr,area_min,debleding,area_min_deblend,skybox_x,skybox_y,sky_method,nsigma,npixels,dilate_size,mask_stars,fwhm,threshold,roundlo,roundhi,sharplo,aper_stars,aper_fact,aper_center,aper_ellip,aper_pa,dr,View,area_segmap_pix,area_psf_pix,ratio_segmap_psf,flag_area,flag_area_th,SN_gal,bck,ratio_SN_gal,flag_SN,flag_SN_th,perc_SN_flag,perc_20_SN_gal,perc_50_SN_gal,perc_80_SN_gal,flag_image,flag_bck,flag_object,flag_statmorph,index
420r,152.8706759554509,5.149107892354881,5000.0,0.0316,nan,4.62251190981259,9.675273073609931,18.013766031508325,216.3228083607642,217.63148097380602,22.974094717433125,30.722186616408568,10.169197974160054,14.694711599935188,0.4951254064429009,-1.7294084026612015,-0.31064921506342813,-0.07721361559143522,0.3620204031467438,2.953632394531321,0.06706099402477904,0.012710428911284726,0.0020100502512562816,0.0,0.07482606007239351,0.06807729936162521,0.1999186535314374,0.27249845219618535,13.873011798287445,0.9292202098533552,321.22424686612675,320.40979148693134,0.6539368306754275,0.7836702541255882,0.0,0.0,0.27,0.34629548650952463,1.4486815,30.0,22.5,0.2,1.5,2.5,5.0,1.0,5.0,5.0,5.0,masking_sources,2.0,5.0,11.0,1.0,3.0,10.0,-0.5,0.5,0.2,5.0,0.5,10.0,0.0,0.0,10.0,Edge-on,2109.0,22.6,93.3,0.0,3.0,0.04081,0.0039900001138448715,10.2,0.0,3.0,50.0,4.3,10.2,34.9,0.0,0.0,0.0,0.0,420
