GAL,ra,dec,radvel,z,mag,r20,r50,r80,flux_c,flux_e,rpetro_c,rpetro_e,rhalf_c,rhalf_e,Gini,M20,F(G_M20),S(G_M20),SN_per_pixel,C,A,S,M,I,D,Ao,As,Ser_A,Ser_R,Ser_n,Ser_xc,Ser_yc,Ser_ellip,Ser_theta,flag_morph,flag_sersic,ima_sc_pix2arc,ima_sc_arc2kpc,psf_arcsec,size_image_phy_kpc,zp_ima,eta,petro_extent_cas,snr,area_min,debleding,area_min_deblend,skybox_x,skybox_y,sky_method,nsigma,npixels,dilate_size,mask_stars,fwhm,threshold,roundlo,roundhi,sharplo,aper_stars,aper_fact,aper_center,aper_ellip,aper_pa,dr,View,area_segmap_pix,area_psf_pix,ratio_segmap_psf,flag_area,flag_area_th,SN_gal,bck,ratio_SN_gal,flag_SN,flag_SN_th,perc_SN_flag,perc_20_SN_gal,perc_50_SN_gal,perc_80_SN_gal,flag_image,flag_bck,flag_object,flag_statmorph,index
483r,330.8270127089489,-7.292518300400264,5000.0,0.0637,nan,5.6614787911848214,11.842661958114633,19.890768713117737,129.81594986381552,129.8011160247295,25.450167819058432,27.939815204407456,11.781919868565346,12.531331521282192,0.5040882789256852,-1.8258669913981818,-0.19943719427891793,-0.08174811566791895,0.20746996998786926,2.7286084139652793,0.08653341290098408,0.015281783479704332,0.012953367875647668,0.05525290526949188,0.024780860780824948,0.1366891636809926,0.24755214361330447,0.10688353853304325,10.736454863154226,0.6315976461391856,320.54269503636175,320.42515463845234,0.107381224058351,2.1349582281791593,0.0,0.0,0.27,0.34629548650952463,1.2942283,30.0,22.5,0.2,1.5,2.5,5.0,1.0,5.0,5.0,5.0,masking_sources,2.0,5.0,11.0,1.0,3.0,10.0,-0.5,0.5,0.2,5.0,0.5,10.0,0.0,0.0,10.0,Face-on,1505.0,18.0,83.4,0.0,3.0,0.05362,0.007180000189691782,7.5,0.0,3.0,50.0,3.8,7.5,14.2,0.0,0.0,0.0,0.0,483
