GAL,ra,dec,radvel,z,mag,r20,r50,r80,flux_c,flux_e,rpetro_c,rpetro_e,rhalf_c,rhalf_e,Gini,M20,F(G_M20),S(G_M20),SN_per_pixel,C,A,S,M,I,D,Ao,As,Ser_A,Ser_R,Ser_n,Ser_xc,Ser_yc,Ser_ellip,Ser_theta,flag_morph,flag_sersic,ima_sc_pix2arc,ima_sc_arc2kpc,psf_arcsec,size_image_phy_kpc,zp_ima,eta,petro_extent_cas,snr,area_min,debleding,area_min_deblend,skybox_x,skybox_y,sky_method,nsigma,npixels,dilate_size,mask_stars,fwhm,threshold,roundlo,roundhi,sharplo,aper_stars,aper_fact,aper_center,aper_ellip,aper_pa,dr,View,area_segmap_pix,area_psf_pix,ratio_segmap_psf,flag_area,flag_area_th,SN_gal,bck,ratio_SN_gal,flag_SN,flag_SN_th,perc_SN_flag,perc_20_SN_gal,perc_50_SN_gal,perc_80_SN_gal,flag_image,flag_bck,flag_object,flag_statmorph,index
1056r,1.9746818717260521,-9.433556053787497,5000.0,0.1234,nan,5.053945760980821,16.10513326519779,35.604732717650094,308.0364190268168,309.2589220448333,43.726551623832115,47.64223816418515,17.06020495667856,18.733627975613075,0.6098767630275865,-2.3479097517867165,0.6859914349747482,-0.04958146010104292,0.1754947155714035,4.239385765720813,0.04490115348529778,-0.026015542591340552,0.04956896551724138,0.05918824645841972,0.020605888358427527,0.09194139281187351,0.3049458239759817,0.10098113678193829,13.797104249848838,2.1483180315946075,319.99725462255117,320.0032428333612,0.2014685361508946,0.8393076805710696,1.0,0.0,0.27,0.34629548650952463,1.4164265,30.0,22.5,0.2,1.5,2.5,5.0,1.0,5.0,5.0,5.0,masking_sources,2.0,5.0,11.0,1.0,3.0,10.0,-0.5,0.5,0.2,5.0,0.5,10.0,0.0,0.0,10.0,Face-on,4416.0,21.6,204.3,0.0,3.0,0.02565,0.00443999981507659,5.8,0.0,3.0,50.0,3.6,5.8,12.8,0.0,0.0,0.0,0.0,1056
