GAL,ra,dec,radvel,z,mag,r20,r50,r80,flux_c,flux_e,rpetro_c,rpetro_e,rhalf_c,rhalf_e,Gini,M20,F(G_M20),S(G_M20),SN_per_pixel,C,A,S,M,I,D,Ao,As,Ser_A,Ser_R,Ser_n,Ser_xc,Ser_yc,Ser_ellip,Ser_theta,flag_morph,flag_sersic,ima_sc_pix2arc,ima_sc_arc2kpc,psf_arcsec,size_image_phy_kpc,zp_ima,eta,petro_extent_cas,snr,area_min,debleding,area_min_deblend,skybox_x,skybox_y,sky_method,nsigma,npixels,dilate_size,mask_stars,fwhm,threshold,roundlo,roundhi,sharplo,aper_stars,aper_fact,aper_center,aper_ellip,aper_pa,dr,View,area_segmap_pix,area_psf_pix,ratio_segmap_psf,flag_area,flag_area_th,SN_gal,bck,ratio_SN_gal,flag_SN,flag_SN_th,perc_SN_flag,perc_20_SN_gal,perc_50_SN_gal,perc_80_SN_gal,flag_image,flag_bck,flag_object,flag_statmorph,index
598r,197.69887433788637,-2.455464509833836,5000.0,0.0829,nan,4.165384693679535,7.424025034485401,11.828249219774467,94.89571735647493,94.47936342786821,15.04726401143484,16.677444807802313,7.523293927206605,8.560130286267551,0.4322916273401157,-1.5824144608436725,-0.7235432233017622,-0.11898689899055592,0.32814842462539673,2.26632674832361,0.09582966052449582,0.017656611803485805,0.003389830508474576,0.0,0.08123376888882752,0.14743527136883888,0.15479826046174272,0.2111303080315597,7.856254301518523,0.5742623027852839,320.0190906368174,319.7683488820575,0.2913315655999561,2.0457523762014773,0.0,0.0,0.27,0.34629548650952463,1.3439354,30.0,22.5,0.2,1.5,2.5,5.0,1.0,5.0,5.0,5.0,masking_sources,2.0,5.0,11.0,1.0,3.0,10.0,-0.5,0.5,0.2,5.0,0.5,10.0,0.0,0.0,10.0,Face-on,1101.0,19.5,56.6,0.0,3.0,0.03493,0.0037899999879300594,9.2,0.0,3.0,50.0,4.2,9.2,37.9,0.0,0.0,0.0,0.0,598
