GAL,ra,dec,radvel,z,mag,r20,r50,r80,flux_c,flux_e,rpetro_c,rpetro_e,rhalf_c,rhalf_e,Gini,M20,F(G_M20),S(G_M20),SN_per_pixel,C,A,S,M,I,D,Ao,As,Ser_A,Ser_R,Ser_n,Ser_xc,Ser_yc,Ser_ellip,Ser_theta,flag_morph,flag_sersic,ima_sc_pix2arc,ima_sc_arc2kpc,psf_arcsec,size_image_phy_kpc,zp_ima,eta,petro_extent_cas,snr,area_min,debleding,area_min_deblend,skybox_x,skybox_y,sky_method,nsigma,npixels,dilate_size,mask_stars,fwhm,threshold,roundlo,roundhi,sharplo,aper_stars,aper_fact,aper_center,aper_ellip,aper_pa,dr,View,area_segmap_pix,area_psf_pix,ratio_segmap_psf,flag_area,flag_area_th,SN_gal,bck,ratio_SN_gal,flag_SN,flag_SN_th,perc_SN_flag,perc_20_SN_gal,perc_50_SN_gal,perc_80_SN_gal,flag_image,flag_bck,flag_object,flag_statmorph,index
261r,136.12364901540784,7.708999200598945,5000.0,0.0288,nan,4.391607435228037,8.820580002826514,16.354750865188286,131.59806911693627,137.30763625692913,19.821476438579182,32.11339199503992,10.210494365757246,15.524287042396628,0.5256265434739719,-1.7454209627337642,-0.14857188262934073,-0.04924323578076106,0.2661260664463043,2.855102105664493,-0.01797154087099105,0.02354956611260797,0.07900677200902935,0.02341809730297659,0.03923861333328577,-0.2762814599324892,0.3207308451286006,0.17062257769040037,11.7585190067535,1.333668113558361,319.5029015751984,319.5544880079963,0.613706338273877,1.9979470385511473,0.0,0.0,0.27,0.34629548650952463,1.8194199,30.0,22.5,0.2,1.5,2.5,5.0,1.0,5.0,5.0,5.0,masking_sources,2.0,5.0,11.0,1.0,3.0,10.0,-0.5,0.5,0.2,5.0,0.5,10.0,0.0,0.0,10.0,Edge-on,2354.0,35.7,66.0,0.0,3.0,0.02139,0.00343999988399446,6.2,0.0,3.0,50.0,3.8,6.2,18.7,0.0,0.0,0.0,0.0,261
