GAL,ra,dec,radvel,z,mag,r20,r50,r80,flux_c,flux_e,rpetro_c,rpetro_e,rhalf_c,rhalf_e,Gini,M20,F(G_M20),S(G_M20),SN_per_pixel,C,A,S,M,I,D,Ao,As,Ser_A,Ser_R,Ser_n,Ser_xc,Ser_yc,Ser_ellip,Ser_theta,flag_morph,flag_sersic,ima_sc_pix2arc,ima_sc_arc2kpc,psf_arcsec,size_image_phy_kpc,zp_ima,eta,petro_extent_cas,snr,area_min,debleding,area_min_deblend,skybox_x,skybox_y,sky_method,nsigma,npixels,dilate_size,mask_stars,fwhm,threshold,roundlo,roundhi,sharplo,aper_stars,aper_fact,aper_center,aper_ellip,aper_pa,dr,View,area_segmap_pix,area_psf_pix,ratio_segmap_psf,flag_area,flag_area_th,SN_gal,bck,ratio_SN_gal,flag_SN,flag_SN_th,perc_SN_flag,perc_20_SN_gal,perc_50_SN_gal,perc_80_SN_gal,flag_image,flag_bck,flag_object,flag_statmorph,index
412r,62.949205495597276,-5.919946002559602,5000.0,0.0388,nan,6.163250926633553,12.220337878737615,19.610110741451358,146.6389054143977,146.08887956120805,25.180718315076728,31.86431851391204,12.278062259797148,16.307409615957464,0.4902728099424943,-1.4863214827933249,-0.5031288032088792,-0.04822860426520287,0.25656658411026,2.513350982643771,0.10685717766600934,0.031723225581622556,0.04713804713804714,0.11384227012836988,0.10691775440976199,0.09410834185398516,0.19021188190317598,0.1513492321845486,14.852240009195862,0.4272060468955808,320.3643186974319,319.07213919614793,0.49685001744308344,0.6741300491333236,0.0,0.0,0.27,0.34629548650952463,1.1632476,30.0,22.5,0.2,1.5,2.5,5.0,1.0,5.0,5.0,5.0,masking_sources,2.0,5.0,11.0,1.0,3.0,10.0,-0.5,0.5,0.2,5.0,0.5,10.0,0.0,0.0,10.0,Face-on,1780.0,14.6,122.1,0.0,3.0,0.0467,0.005179999861866236,9.0,0.0,3.0,50.0,4.1,9.0,24.9,0.0,0.0,0.0,0.0,412
