GAL,ra,dec,radvel,z,mag,r20,r50,r80,flux_c,flux_e,rpetro_c,rpetro_e,rhalf_c,rhalf_e,Gini,M20,F(G_M20),S(G_M20),SN_per_pixel,C,A,S,M,I,D,Ao,As,Ser_A,Ser_R,Ser_n,Ser_xc,Ser_yc,Ser_ellip,Ser_theta,flag_morph,flag_sersic,ima_sc_pix2arc,ima_sc_arc2kpc,psf_arcsec,size_image_phy_kpc,zp_ima,eta,petro_extent_cas,snr,area_min,debleding,area_min_deblend,skybox_x,skybox_y,sky_method,nsigma,npixels,dilate_size,mask_stars,fwhm,threshold,roundlo,roundhi,sharplo,aper_stars,aper_fact,aper_center,aper_ellip,aper_pa,dr,View,area_segmap_pix,area_psf_pix,ratio_segmap_psf,flag_area,flag_area_th,SN_gal,bck,ratio_SN_gal,flag_SN,flag_SN_th,perc_SN_flag,perc_20_SN_gal,perc_50_SN_gal,perc_80_SN_gal,flag_image,flag_bck,flag_object,flag_statmorph,index
22r,205.95122634450362,1.3723121184136702,5000.0,0.0128,nan,8.609730833659377,19.429280943535694,39.349148082781234,190.86122010919897,191.50935134020767,48.54181977330386,77.69360638737182,20.118670627709488,35.88544586503229,0.5730672422242249,-1.7903837367058084,0.1174187785470382,-0.008526769600124717,0.17832918465137482,3.299728799650827,-0.04245289702328953,0.03514795293830535,0.012172284644194757,0.19317147108568472,0.026534620481042406,-0.05958671333515918,0.22736045011115996,0.09203678096561169,30.360366415295836,0.6045350192366673,320.10051111469954,319.12955218240785,0.8009085272468136,2.9422441206612673,0.0,0.0,0.27,0.34629548650952463,1.4920952,30.0,22.5,0.2,1.5,2.5,5.0,1.0,5.0,5.0,5.0,masking_sources,2.0,5.0,11.0,1.0,3.0,10.0,-0.5,0.5,0.2,5.0,0.5,10.0,0.0,0.0,10.0,Edge-on,3261.0,24.0,136.0,0.0,3.0,0.03511,0.004769999999552965,7.4,0.0,3.0,50.0,4.1,7.4,16.2,0.0,0.0,0.0,0.0,22
