GAL,ra,dec,radvel,z,mag,r20,r50,r80,flux_c,flux_e,rpetro_c,rpetro_e,rhalf_c,rhalf_e,Gini,M20,F(G_M20),S(G_M20),SN_per_pixel,C,A,S,M,I,D,Ao,As,Ser_A,Ser_R,Ser_n,Ser_xc,Ser_yc,Ser_ellip,Ser_theta,flag_morph,flag_sersic,ima_sc_pix2arc,ima_sc_arc2kpc,psf_arcsec,size_image_phy_kpc,zp_ima,eta,petro_extent_cas,snr,area_min,debleding,area_min_deblend,skybox_x,skybox_y,sky_method,nsigma,npixels,dilate_size,mask_stars,fwhm,threshold,roundlo,roundhi,sharplo,aper_stars,aper_fact,aper_center,aper_ellip,aper_pa,dr,View,area_segmap_pix,area_psf_pix,ratio_segmap_psf,flag_area,flag_area_th,SN_gal,bck,ratio_SN_gal,flag_SN,flag_SN_th,perc_SN_flag,perc_20_SN_gal,perc_50_SN_gal,perc_80_SN_gal,flag_image,flag_bck,flag_object,flag_statmorph,index
677r,181.99386872976336,-1.9058961447436038,5000.0,0.0709,nan,5.614845662983262,12.129340832581066,21.55140629719518,138.9428475834257,142.2267072908509,27.43779093295454,37.69535626059751,12.493154489929102,15.750992250132906,0.5311374610076477,-1.8867215780714823,-0.02337151440860641,-0.06342821295436485,0.19592547416687012,2.9206889566593794,0.05068722849807435,0.005593112778255795,0.014948453608247423,0.026735731474352573,0.03806040576117189,0.08198808960360152,0.24708874469802833,0.10091291172071454,14.11793710818499,0.8134671202975247,320.27089321387916,320.5288300840415,0.43850619892331716,0.44003582232998895,0.0,0.0,0.27,0.34629548650952463,1.2024523,30.0,22.5,0.2,1.5,2.5,5.0,1.0,5.0,5.0,5.0,masking_sources,2.0,5.0,11.0,1.0,3.0,10.0,-0.5,0.5,0.2,5.0,0.5,10.0,0.0,0.0,10.0,Face-on,2541.0,15.6,163.1,0.0,3.0,0.02606,0.003759999992325902,6.9,0.0,3.0,50.0,3.9,6.9,19.5,0.0,0.0,0.0,0.0,677
