GAL,ra,dec,radvel,z,mag,r20,r50,r80,flux_c,flux_e,rpetro_c,rpetro_e,rhalf_c,rhalf_e,Gini,M20,F(G_M20),S(G_M20),SN_per_pixel,C,A,S,M,I,D,Ao,As,Ser_A,Ser_R,Ser_n,Ser_xc,Ser_yc,Ser_ellip,Ser_theta,flag_morph,flag_sersic,ima_sc_pix2arc,ima_sc_arc2kpc,psf_arcsec,size_image_phy_kpc,zp_ima,eta,petro_extent_cas,snr,area_min,debleding,area_min_deblend,skybox_x,skybox_y,sky_method,nsigma,npixels,dilate_size,mask_stars,fwhm,threshold,roundlo,roundhi,sharplo,aper_stars,aper_fact,aper_center,aper_ellip,aper_pa,dr,View,area_segmap_pix,area_psf_pix,ratio_segmap_psf,flag_area,flag_area_th,SN_gal,bck,ratio_SN_gal,flag_SN,flag_SN_th,perc_SN_flag,perc_20_SN_gal,perc_50_SN_gal,perc_80_SN_gal,flag_image,flag_bck,flag_object,flag_statmorph,index
293r,161.64322470278853,0.1700096178811905,5000.0,0.0403,nan,9.817682220508882,22.567901796645266,38.91176063812377,147.4034481095098,147.50417848182525,50.505651954990824,54.40216553225524,22.44448117776705,24.16083823164799,0.4908468788191294,-1.8318400585725965,-0.2608427892545002,-0.09568735811065282,0.12043238431215286,2.9903595551535602,0.27254205204200493,0.05623588447671415,0.06107341147439852,0.04918570509516754,0.07277671888302607,0.4125953496648296,0.3360271859418992,0.03339841451638988,18.610893437578905,0.8760766424861743,319.90560323504235,317.83665174927245,0.17884930566340737,1.0013806064958413,0.0,0.0,0.27,0.34629548650952463,1.3209052,30.0,22.5,0.2,1.5,2.5,5.0,1.0,5.0,5.0,5.0,masking_sources,2.0,5.0,11.0,1.0,3.0,10.0,-0.5,0.5,0.2,5.0,0.5,10.0,0.0,0.0,10.0,Face-on,6154.0,18.8,327.4,0.0,3.0,0.01388,0.002139999996870756,6.5,0.0,3.0,50.0,4.0,6.5,11.8,0.0,0.0,0.0,0.0,293
