GAL,ra,dec,radvel,z,mag,r20,r50,r80,flux_c,flux_e,rpetro_c,rpetro_e,rhalf_c,rhalf_e,Gini,M20,F(G_M20),S(G_M20),SN_per_pixel,C,A,S,M,I,D,Ao,As,Ser_A,Ser_R,Ser_n,Ser_xc,Ser_yc,Ser_ellip,Ser_theta,flag_morph,flag_sersic,ima_sc_pix2arc,ima_sc_arc2kpc,psf_arcsec,size_image_phy_kpc,zp_ima,eta,petro_extent_cas,snr,area_min,debleding,area_min_deblend,skybox_x,skybox_y,sky_method,nsigma,npixels,dilate_size,mask_stars,fwhm,threshold,roundlo,roundhi,sharplo,aper_stars,aper_fact,aper_center,aper_ellip,aper_pa,dr,View,area_segmap_pix,area_psf_pix,ratio_segmap_psf,flag_area,flag_area_th,SN_gal,bck,ratio_SN_gal,flag_SN,flag_SN_th,perc_SN_flag,perc_20_SN_gal,perc_50_SN_gal,perc_80_SN_gal,flag_image,flag_bck,flag_object,flag_statmorph,index
872r,160.33150046044062,7.725731411034647,5000.0,0.0679,nan,3.627225888985625,5.957338577987171,10.689552445254733,370.5543297602823,371.7645840318645,13.231348832451216,15.048990611227195,6.4545020315599855,7.171891077043205,0.5609457369445094,-1.2022790307032087,-0.35013923384735435,0.06121949430731832,0.6428754925727844,2.3469245991644234,0.606357571586673,0.024267686461671,0.34146341463414637,0.5350345286075626,0.23582337902932207,0.37892105091623796,0.2401912315556792,0.5117265073562174,7.473885790909346,1.1764833827478887,317.5504723398312,316.9850543280029,0.21387429158763477,1.386210847815307,0.0,0.0,0.27,0.34629548650952463,1.3502796,30.0,22.5,0.2,1.5,2.5,5.0,1.0,5.0,5.0,5.0,masking_sources,2.0,5.0,11.0,1.0,3.0,10.0,-0.5,0.5,0.2,5.0,0.5,10.0,0.0,0.0,10.0,Face-on,2320.0,19.6,118.1,0.0,3.0,0.03538,0.00430000014603138,8.2,0.0,3.0,50.0,4.1,8.2,33.9,0.0,0.0,0.0,0.0,872
