GAL,ra,dec,radvel,z,mag,r20,r50,r80,flux_c,flux_e,rpetro_c,rpetro_e,rhalf_c,rhalf_e,Gini,M20,F(G_M20),S(G_M20),SN_per_pixel,C,A,S,M,I,D,Ao,As,Ser_A,Ser_R,Ser_n,Ser_xc,Ser_yc,Ser_ellip,Ser_theta,flag_morph,flag_sersic,ima_sc_pix2arc,ima_sc_arc2kpc,psf_arcsec,size_image_phy_kpc,zp_ima,eta,petro_extent_cas,snr,area_min,debleding,area_min_deblend,skybox_x,skybox_y,sky_method,nsigma,npixels,dilate_size,mask_stars,fwhm,threshold,roundlo,roundhi,sharplo,aper_stars,aper_fact,aper_center,aper_ellip,aper_pa,dr,View,area_segmap_pix,area_psf_pix,ratio_segmap_psf,flag_area,flag_area_th,SN_gal,bck,ratio_SN_gal,flag_SN,flag_SN_th,perc_SN_flag,perc_20_SN_gal,perc_50_SN_gal,perc_80_SN_gal,flag_image,flag_bck,flag_object,flag_statmorph,index
526r,231.00397989614612,-0.028926484292851426,5000.0,0.0678,nan,5.2270228522880355,9.842529844722959,15.537813988192859,90.93719108427831,90.9093999598816,19.884652524327013,23.296514975002864,9.875139470736723,11.522989862171569,0.4255017687905413,-1.6694055749657515,-0.6968681810355548,-0.1378006238176036,0.24447453022003174,2.3656775957324347,0.08709150239633544,0.022347094247591407,0.0011890606420927466,0.0,0.03841870787264523,0.10396411967975859,0.1690788158339637,0.1235891100848097,10.783511226914397,0.43203544395533233,320.1734913625846,320.092862761937,0.3125909404947966,2.02142407186491,0.0,0.0,0.27,0.34629548650952463,1.5343283,30.0,22.5,0.2,1.5,2.5,5.0,1.0,5.0,5.0,5.0,masking_sources,2.0,5.0,11.0,1.0,3.0,10.0,-0.5,0.5,0.2,5.0,0.5,10.0,0.0,0.0,10.0,Face-on,1490.0,25.4,58.7,0.0,3.0,0.03713,0.0029100000392645597,12.8,0.0,3.0,50.0,5.0,12.8,33.6,0.0,0.0,0.0,0.0,526
