GAL,ra,dec,radvel,z,mag,r20,r50,r80,flux_c,flux_e,rpetro_c,rpetro_e,rhalf_c,rhalf_e,Gini,M20,F(G_M20),S(G_M20),SN_per_pixel,C,A,S,M,I,D,Ao,As,Ser_A,Ser_R,Ser_n,Ser_xc,Ser_yc,Ser_ellip,Ser_theta,flag_morph,flag_sersic,ima_sc_pix2arc,ima_sc_arc2kpc,psf_arcsec,size_image_phy_kpc,zp_ima,eta,petro_extent_cas,snr,area_min,debleding,area_min_deblend,skybox_x,skybox_y,sky_method,nsigma,npixels,dilate_size,mask_stars,fwhm,threshold,roundlo,roundhi,sharplo,aper_stars,aper_fact,aper_center,aper_ellip,aper_pa,dr,View,area_segmap_pix,area_psf_pix,ratio_segmap_psf,flag_area,flag_area_th,SN_gal,bck,ratio_SN_gal,flag_SN,flag_SN_th,perc_SN_flag,perc_20_SN_gal,perc_50_SN_gal,perc_80_SN_gal,flag_image,flag_bck,flag_object,flag_statmorph,index
381r,15.643294794905104,-0.25895987786681857,5000.0,0.0644,nan,3.288617163797619,6.224292983331976,10.646108601008924,73.33371113882889,73.23509543705526,13.38076580009471,15.14403771375449,6.369478918148713,7.124147713916953,0.49769332045120407,-1.553619193354844,-0.4197599627716331,-0.050236680629631325,0.3055117130279541,2.5508878649414344,0.1278031143276825,0.009940652201784528,0.002074688796680498,0.0,0.018460085604446425,0.1359874469155365,0.16868139866525117,0.19271668346465828,6.676480823083447,0.8637695024712636,320.28771832650534,319.9068017753304,0.2908876634580331,0.37654077322260376,0.0,0.0,0.27,0.34629548650952463,1.1624724,30.0,22.5,0.2,1.5,2.5,5.0,1.0,5.0,5.0,5.0,masking_sources,2.0,5.0,11.0,1.0,3.0,10.0,-0.5,0.5,0.2,5.0,0.5,10.0,0.0,0.0,10.0,Face-on,1152.0,14.6,79.1,0.0,3.0,0.02178,0.0022700000554323196,9.6,0.0,3.0,50.0,4.5,9.6,34.7,0.0,0.0,0.0,0.0,381
