GAL,ra,dec,radvel,z,mag,r20,r50,r80,flux_c,flux_e,rpetro_c,rpetro_e,rhalf_c,rhalf_e,Gini,M20,F(G_M20),S(G_M20),SN_per_pixel,C,A,S,M,I,D,Ao,As,Ser_A,Ser_R,Ser_n,Ser_xc,Ser_yc,Ser_ellip,Ser_theta,flag_morph,flag_sersic,ima_sc_pix2arc,ima_sc_arc2kpc,psf_arcsec,size_image_phy_kpc,zp_ima,eta,petro_extent_cas,snr,area_min,debleding,area_min_deblend,skybox_x,skybox_y,sky_method,nsigma,npixels,dilate_size,mask_stars,fwhm,threshold,roundlo,roundhi,sharplo,aper_stars,aper_fact,aper_center,aper_ellip,aper_pa,dr,View,area_segmap_pix,area_psf_pix,ratio_segmap_psf,flag_area,flag_area_th,SN_gal,bck,ratio_SN_gal,flag_SN,flag_SN_th,perc_SN_flag,perc_20_SN_gal,perc_50_SN_gal,perc_80_SN_gal,flag_image,flag_bck,flag_object,flag_statmorph,index
854r,194.91758322067733,1.3192402585196024,5000.0,0.098,nan,2.2501160024900755,4.839948490230982,9.750571287029935,96.72759355886197,96.57411874520746,12.518647932404356,12.807610058297007,5.027430444148843,5.234072839277409,0.5556901907188505,-1.9077984262897312,0.11277075347709342,-0.04205069244261067,0.36421170830726624,3.184125767483546,0.008696531972472032,-0.0036077988474092454,0.0026041666666666665,0.0,0.030070530181987354,-0.010569455673255406,0.20495249439939262,0.412540355383067,4.171723970214366,1.5180121345241575,320.1898739598109,320.30167359517765,0.1426657816378146,0.3304693955934422,0.0,0.0,0.27,0.34629548650952463,1.2803589,30.0,22.5,0.2,1.5,2.5,5.0,1.0,5.0,5.0,5.0,masking_sources,2.0,5.0,11.0,1.0,3.0,10.0,-0.5,0.5,0.2,5.0,0.5,10.0,0.0,0.0,10.0,Face-on,850.0,17.7,48.1,0.0,3.0,0.04124,0.005189999938011169,7.9,0.0,3.0,50.0,3.8,7.9,22.2,0.0,0.0,0.0,0.0,854
