GAL,ra,dec,radvel,z,mag,r20,r50,r80,flux_c,flux_e,rpetro_c,rpetro_e,rhalf_c,rhalf_e,Gini,M20,F(G_M20),S(G_M20),SN_per_pixel,C,A,S,M,I,D,Ao,As,Ser_A,Ser_R,Ser_n,Ser_xc,Ser_yc,Ser_ellip,Ser_theta,flag_morph,flag_sersic,ima_sc_pix2arc,ima_sc_arc2kpc,psf_arcsec,size_image_phy_kpc,zp_ima,eta,petro_extent_cas,snr,area_min,debleding,area_min_deblend,skybox_x,skybox_y,sky_method,nsigma,npixels,dilate_size,mask_stars,fwhm,threshold,roundlo,roundhi,sharplo,aper_stars,aper_fact,aper_center,aper_ellip,aper_pa,dr,View,area_segmap_pix,area_psf_pix,ratio_segmap_psf,flag_area,flag_area_th,SN_gal,bck,ratio_SN_gal,flag_SN,flag_SN_th,perc_SN_flag,perc_20_SN_gal,perc_50_SN_gal,perc_80_SN_gal,flag_image,flag_bck,flag_object,flag_statmorph,index
510r,21.855519441720524,-0.7225832302091062,5000.0,0.0673,nan,3.1650068112952385,5.84461910782815,9.874723552358736,101.18344818462657,101.58314722870483,12.283042492466599,14.820324492595267,6.208275672154247,7.422332295434631,0.4742042140623446,-1.5882024254688163,-0.5120648595415043,-0.07829796521844437,0.3917175829410553,2.4707514860094464,0.14516808099044626,0.0074654336467653674,0.0,0.0,0.11277733878198183,0.1580496543714608,0.20807638475332477,0.27732138071539286,6.539403480329327,1.0094428151055337,320.2804080921955,319.86471721128936,0.3138651377534621,0.27303158576373404,0.0,0.0,0.27,0.34629548650952463,1.1973808,30.0,22.5,0.2,1.5,2.5,5.0,1.0,5.0,5.0,5.0,masking_sources,2.0,5.0,11.0,1.0,3.0,10.0,-0.5,0.5,0.2,5.0,0.5,10.0,0.0,0.0,10.0,Face-on,1301.0,15.4,84.2,0.0,3.0,0.02207,0.0024500000290572643,9.0,0.0,3.0,50.0,4.3,9.0,36.7,0.0,0.0,0.0,0.0,510
