GAL,ra,dec,radvel,z,mag,r20,r50,r80,flux_c,flux_e,rpetro_c,rpetro_e,rhalf_c,rhalf_e,Gini,M20,F(G_M20),S(G_M20),SN_per_pixel,C,A,S,M,I,D,Ao,As,Ser_A,Ser_R,Ser_n,Ser_xc,Ser_yc,Ser_ellip,Ser_theta,flag_morph,flag_sersic,ima_sc_pix2arc,ima_sc_arc2kpc,psf_arcsec,size_image_phy_kpc,zp_ima,eta,petro_extent_cas,snr,area_min,debleding,area_min_deblend,skybox_x,skybox_y,sky_method,nsigma,npixels,dilate_size,mask_stars,fwhm,threshold,roundlo,roundhi,sharplo,aper_stars,aper_fact,aper_center,aper_ellip,aper_pa,dr,View,area_segmap_pix,area_psf_pix,ratio_segmap_psf,flag_area,flag_area_th,SN_gal,bck,ratio_SN_gal,flag_SN,flag_SN_th,perc_SN_flag,perc_20_SN_gal,perc_50_SN_gal,perc_80_SN_gal,flag_image,flag_bck,flag_object,flag_statmorph,index
193r,165.17214982708924,11.388870485931267,5000.0,0.0279,nan,5.472717706211736,10.888712135581297,19.18522049006304,148.07230909441836,147.82815816557127,24.96652011105363,31.16297699722463,11.171049278727258,15.380808824792142,0.4661742627104747,-1.7043883094819947,-0.47129630111212784,-0.10239745493462735,0.27748575806617737,2.7238187392188355,-0.029710593574139334,-0.012534101617493283,0.0024429967426710096,0.0,0.0810041827043707,-0.0960187688382042,0.29633333366095266,0.16337002741102877,14.001558179552966,0.651023322962145,320.08356041979005,319.61690575131695,0.5815546222413366,0.5394763243772357,0.0,0.0,0.27,0.34629548650952463,1.4589461,30.0,22.5,0.2,1.5,2.5,5.0,1.0,5.0,5.0,5.0,masking_sources,2.0,5.0,11.0,1.0,3.0,10.0,-0.5,0.5,0.2,5.0,0.5,10.0,0.0,0.0,10.0,Edge-on,1547.0,22.9,67.5,0.0,3.0,0.05119,0.005710000172257423,9.0,0.0,3.0,50.0,4.2,9.0,24.4,0.0,0.0,0.0,0.0,193
