GAL,ra,dec,radvel,z,mag,r20,r50,r80,flux_c,flux_e,rpetro_c,rpetro_e,rhalf_c,rhalf_e,Gini,M20,F(G_M20),S(G_M20),SN_per_pixel,C,A,S,M,I,D,Ao,As,Ser_A,Ser_R,Ser_n,Ser_xc,Ser_yc,Ser_ellip,Ser_theta,flag_morph,flag_sersic,ima_sc_pix2arc,ima_sc_arc2kpc,psf_arcsec,size_image_phy_kpc,zp_ima,eta,petro_extent_cas,snr,area_min,debleding,area_min_deblend,skybox_x,skybox_y,sky_method,nsigma,npixels,dilate_size,mask_stars,fwhm,threshold,roundlo,roundhi,sharplo,aper_stars,aper_fact,aper_center,aper_ellip,aper_pa,dr,View,area_segmap_pix,area_psf_pix,ratio_segmap_psf,flag_area,flag_area_th,SN_gal,bck,ratio_SN_gal,flag_SN,flag_SN_th,perc_SN_flag,perc_20_SN_gal,perc_50_SN_gal,perc_80_SN_gal,flag_image,flag_bck,flag_object,flag_statmorph,index
556r,127.95575248379559,28.536521552973372,5000.0,0.0201,nan,7.7889365488262206,27.284106528963488,44.945864084255,1427.528214342756,1408.1383319621846,55.16344861283664,65.46972740605062,28.734180373371487,34.727314961618255,0.48323037102633265,-2.3694704361356163,0.07403334882232837,-0.1779583233067814,0.33519455790519714,3.8060578410177426,0.17711019245790438,0.01532162811973693,0.13139418254764293,0.2380089847871348,0.03437261841149846,0.3163214848536617,0.34810227007286754,0.15775349326757745,31.194978919974993,0.6904028426102773,319.81649864427493,321.69549299050755,0.3581083403911092,1.4316069886630218,0.0,0.0,0.27,0.34629548650952463,1.536361,30.0,22.5,0.2,1.5,2.5,5.0,1.0,5.0,5.0,5.0,masking_sources,2.0,5.0,11.0,1.0,3.0,10.0,-0.5,0.5,0.2,5.0,0.5,10.0,0.0,0.0,10.0,Face-on,13021.0,25.4,512.0,0.0,3.0,0.05311,0.004050000105053186,13.1,0.0,3.0,50.0,4.7,13.1,33.7,0.0,0.0,0.0,0.0,556
