GAL,ra,dec,radvel,z,mag,r20,r50,r80,flux_c,flux_e,rpetro_c,rpetro_e,rhalf_c,rhalf_e,Gini,M20,F(G_M20),S(G_M20),SN_per_pixel,C,A,S,M,I,D,Ao,As,Ser_A,Ser_R,Ser_n,Ser_xc,Ser_yc,Ser_ellip,Ser_theta,flag_morph,flag_sersic,ima_sc_pix2arc,ima_sc_arc2kpc,psf_arcsec,size_image_phy_kpc,zp_ima,eta,petro_extent_cas,snr,area_min,debleding,area_min_deblend,skybox_x,skybox_y,sky_method,nsigma,npixels,dilate_size,mask_stars,fwhm,threshold,roundlo,roundhi,sharplo,aper_stars,aper_fact,aper_center,aper_ellip,aper_pa,dr,View,area_segmap_pix,area_psf_pix,ratio_segmap_psf,flag_area,flag_area_th,SN_gal,bck,ratio_SN_gal,flag_SN,flag_SN_th,perc_SN_flag,perc_20_SN_gal,perc_50_SN_gal,perc_80_SN_gal,flag_image,flag_bck,flag_object,flag_statmorph,index
353r,157.44402479546258,0.1455261492648803,5000.0,0.035,nan,5.78694933160706,12.790845842485835,23.95088018186233,165.55809122771814,166.76014221310143,29.836916499857075,34.932422483115985,13.245020725039517,16.4689555742419,0.51308943104288,-1.8834093188993146,-0.11500465834051887,-0.0808353585945536,0.21338650584220886,3.084358991363267,0.032725656219370486,-0.014912939171479525,0.0037981551817688553,0.0406080994526643,0.04905220689658648,-0.0363472090440069,0.2745272468115289,0.1002089719517235,13.478204405065767,0.956039934584644,319.4066757460453,319.6984168655704,0.3231898944265658,1.6902655121881558,1.0,0.0,0.27,0.34629548650952463,1.3574672,30.0,22.5,0.2,1.5,2.5,5.0,1.0,5.0,5.0,5.0,masking_sources,2.0,5.0,11.0,1.0,3.0,10.0,-0.5,0.5,0.2,5.0,0.5,10.0,0.0,0.0,10.0,Face-on,2897.0,19.9,145.9,0.0,3.0,0.0259,0.0035000001080334187,7.4,0.0,3.0,50.0,3.8,7.4,20.7,0.0,0.0,0.0,0.0,353
