GAL,ra,dec,radvel,z,mag,r20,r50,r80,flux_c,flux_e,rpetro_c,rpetro_e,rhalf_c,rhalf_e,Gini,M20,F(G_M20),S(G_M20),SN_per_pixel,C,A,S,M,I,D,Ao,As,Ser_A,Ser_R,Ser_n,Ser_xc,Ser_yc,Ser_ellip,Ser_theta,flag_morph,flag_sersic,ima_sc_pix2arc,ima_sc_arc2kpc,psf_arcsec,size_image_phy_kpc,zp_ima,eta,petro_extent_cas,snr,area_min,debleding,area_min_deblend,skybox_x,skybox_y,sky_method,nsigma,npixels,dilate_size,mask_stars,fwhm,threshold,roundlo,roundhi,sharplo,aper_stars,aper_fact,aper_center,aper_ellip,aper_pa,dr,View,area_segmap_pix,area_psf_pix,ratio_segmap_psf,flag_area,flag_area_th,SN_gal,bck,ratio_SN_gal,flag_SN,flag_SN_th,perc_SN_flag,perc_20_SN_gal,perc_50_SN_gal,perc_80_SN_gal,flag_image,flag_bck,flag_object,flag_statmorph,index
716r,188.27539022955264,10.688943476776435,5000.0,0.0664,nan,4.687091287793363,8.786743585331855,14.32570630245821,161.28318675031602,164.50596543596114,17.87448057622221,23.538819940248214,9.707937782791056,13.11222843680407,0.43783242551917384,-1.5965455308315333,-0.6863234408138368,-0.11546572752160106,0.36581647396087646,2.426063155730379,0.04403140572257896,0.026804610845038032,0.0013698630136986301,0.0,0.02814398410927051,0.06999070528370917,0.49217967098515175,0.2436217720096293,10.768894278203838,0.6946806098115371,320.1971120701093,319.70583702382487,0.4827378013866252,1.1171085520490114,0.0,0.0,0.27,0.34629548650952463,1.3090688,30.0,22.5,0.2,1.5,2.5,5.0,1.0,5.0,5.0,5.0,masking_sources,2.0,5.0,11.0,1.0,3.0,10.0,-0.5,0.5,0.2,5.0,0.5,10.0,0.0,0.0,10.0,Face-on,1783.0,18.5,96.6,0.0,3.0,0.03293,0.004310000222176313,7.6,0.0,3.0,50.0,3.9,7.6,33.5,0.0,0.0,0.0,0.0,716
