GAL,ra,dec,radvel,z,mag,r20,r50,r80,flux_c,flux_e,rpetro_c,rpetro_e,rhalf_c,rhalf_e,Gini,M20,F(G_M20),S(G_M20),SN_per_pixel,C,A,S,M,I,D,Ao,As,Ser_A,Ser_R,Ser_n,Ser_xc,Ser_yc,Ser_ellip,Ser_theta,flag_morph,flag_sersic,ima_sc_pix2arc,ima_sc_arc2kpc,psf_arcsec,size_image_phy_kpc,zp_ima,eta,petro_extent_cas,snr,area_min,debleding,area_min_deblend,skybox_x,skybox_y,sky_method,nsigma,npixels,dilate_size,mask_stars,fwhm,threshold,roundlo,roundhi,sharplo,aper_stars,aper_fact,aper_center,aper_ellip,aper_pa,dr,View,area_segmap_pix,area_psf_pix,ratio_segmap_psf,flag_area,flag_area_th,SN_gal,bck,ratio_SN_gal,flag_SN,flag_SN_th,perc_SN_flag,perc_20_SN_gal,perc_50_SN_gal,perc_80_SN_gal,flag_image,flag_bck,flag_object,flag_statmorph,index
658r,6.962775468761076,-0.8476066112759348,5000.0,0.0974,nan,3.9485172819140897,7.6351438879693445,12.853648680949533,98.69427796354876,98.05472648147648,16.772856085741438,20.455812509580515,7.774380501986205,10.011305235986173,0.45522362407613315,-1.524009447596039,-0.6505045136390857,-0.08816592538047766,0.3203032612800598,2.562961911580555,0.15669110546447582,0.03807660320700221,0.0,0.0,0.10589928591996901,0.14579964381931568,0.24397409156939967,0.21095501337921335,9.301227221156108,0.5507188518060033,321.277036767548,320.74791630519485,0.4671267040397504,0.9349196651628325,0.0,0.0,0.27,0.34629548650952463,1.1874231,30.0,22.5,0.2,1.5,2.5,5.0,1.0,5.0,5.0,5.0,masking_sources,2.0,5.0,11.0,1.0,3.0,10.0,-0.5,0.5,0.2,5.0,0.5,10.0,0.0,0.0,10.0,Face-on,1205.0,15.2,79.3,0.0,3.0,0.03583,0.002199999988079071,16.3,0.0,3.0,50.0,4.8,16.3,56.3,0.0,0.0,0.0,0.0,658
