GAL,ra,dec,radvel,z,mag,r20,r50,r80,flux_c,flux_e,rpetro_c,rpetro_e,rhalf_c,rhalf_e,Gini,M20,F(G_M20),S(G_M20),SN_per_pixel,C,A,S,M,I,D,Ao,As,Ser_A,Ser_R,Ser_n,Ser_xc,Ser_yc,Ser_ellip,Ser_theta,flag_morph,flag_sersic,ima_sc_pix2arc,ima_sc_arc2kpc,psf_arcsec,size_image_phy_kpc,zp_ima,eta,petro_extent_cas,snr,area_min,debleding,area_min_deblend,skybox_x,skybox_y,sky_method,nsigma,npixels,dilate_size,mask_stars,fwhm,threshold,roundlo,roundhi,sharplo,aper_stars,aper_fact,aper_center,aper_ellip,aper_pa,dr,View,area_segmap_pix,area_psf_pix,ratio_segmap_psf,flag_area,flag_area_th,SN_gal,bck,ratio_SN_gal,flag_SN,flag_SN_th,perc_SN_flag,perc_20_SN_gal,perc_50_SN_gal,perc_80_SN_gal,flag_image,flag_bck,flag_object,flag_statmorph,index
713r,179.63593566474833,10.740248237764634,5000.0,0.0807,nan,2.4414867501262996,5.467156176222437,11.656787056768033,86.96177914774898,87.03135153565663,14.103510212255703,16.205550437977315,6.466075920874915,7.624735399738182,0.5631865783092521,-1.942778940045443,0.17411936808229012,-0.03949156014015698,0.2986031472682953,3.394622456189561,0.035882166830180334,0.001304614130567722,0.003076923076923077,0.0,0.03252868041634833,0.07798609888797453,0.29966427068733076,0.23117884481456966,5.663165175478832,1.9569061727850054,320.20747732328704,319.8526235337987,0.3480164630821164,2.713165756620108,0.0,0.0,0.27,0.34629548650952463,1.2181469,30.0,22.5,0.2,1.5,2.5,5.0,1.0,5.0,5.0,5.0,masking_sources,2.0,5.0,11.0,1.0,3.0,10.0,-0.5,0.5,0.2,5.0,0.5,10.0,0.0,0.0,10.0,Face-on,1288.0,16.0,80.6,0.0,3.0,0.0226,0.0038499999791383743,5.9,0.0,3.0,50.0,3.6,5.9,16.1,0.0,0.0,0.0,0.0,713
