GAL,ra,dec,radvel,z,mag,r20,r50,r80,flux_c,flux_e,rpetro_c,rpetro_e,rhalf_c,rhalf_e,Gini,M20,F(G_M20),S(G_M20),SN_per_pixel,C,A,S,M,I,D,Ao,As,Ser_A,Ser_R,Ser_n,Ser_xc,Ser_yc,Ser_ellip,Ser_theta,flag_morph,flag_sersic,ima_sc_pix2arc,ima_sc_arc2kpc,psf_arcsec,size_image_phy_kpc,zp_ima,eta,petro_extent_cas,snr,area_min,debleding,area_min_deblend,skybox_x,skybox_y,sky_method,nsigma,npixels,dilate_size,mask_stars,fwhm,threshold,roundlo,roundhi,sharplo,aper_stars,aper_fact,aper_center,aper_ellip,aper_pa,dr,View,area_segmap_pix,area_psf_pix,ratio_segmap_psf,flag_area,flag_area_th,SN_gal,bck,ratio_SN_gal,flag_SN,flag_SN_th,perc_SN_flag,perc_20_SN_gal,perc_50_SN_gal,perc_80_SN_gal,flag_image,flag_bck,flag_object,flag_statmorph,index
158r,14.57418187435267,-9.900915205986056,5000.0,0.027,nan,8.902941926903353,17.590408958540994,27.850325966628535,200.81025754223242,200.95315574352298,34.22331843263178,41.6512117561291,17.751407948875734,22.522963775958367,0.4222758697115811,-1.6058532289860274,-0.7568781572403567,-0.13216048781459255,0.21838009357452393,2.4764837105046746,0.1906941451065954,0.045571193647384135,0.056291390728476824,0.2604193740422921,0.03829118122392802,0.2675905029156665,0.3152998069186633,0.08730681135665957,20.405865671895715,0.35230456226019313,321.2890927032365,317.84146666253616,0.42621641404968147,3.0925925787243975,0.0,0.0,0.27,0.34629548650952463,1.3261336,30.0,22.5,0.2,1.5,2.5,5.0,1.0,5.0,5.0,5.0,masking_sources,2.0,5.0,11.0,1.0,3.0,10.0,-0.5,0.5,0.2,5.0,0.5,10.0,0.0,0.0,10.0,Face-on,3095.0,18.9,163.4,0.0,3.0,0.04616,0.004370000213384628,10.6,0.0,3.0,50.0,5.0,10.6,19.7,0.0,0.0,0.0,0.0,158
