GAL,ra,dec,radvel,z,mag,r20,r50,r80,flux_c,flux_e,rpetro_c,rpetro_e,rhalf_c,rhalf_e,Gini,M20,F(G_M20),S(G_M20),SN_per_pixel,C,A,S,M,I,D,Ao,As,Ser_A,Ser_R,Ser_n,Ser_xc,Ser_yc,Ser_ellip,Ser_theta,flag_morph,flag_sersic,ima_sc_pix2arc,ima_sc_arc2kpc,psf_arcsec,size_image_phy_kpc,zp_ima,eta,petro_extent_cas,snr,area_min,debleding,area_min_deblend,skybox_x,skybox_y,sky_method,nsigma,npixels,dilate_size,mask_stars,fwhm,threshold,roundlo,roundhi,sharplo,aper_stars,aper_fact,aper_center,aper_ellip,aper_pa,dr,View,area_segmap_pix,area_psf_pix,ratio_segmap_psf,flag_area,flag_area_th,SN_gal,bck,ratio_SN_gal,flag_SN,flag_SN_th,perc_SN_flag,perc_20_SN_gal,perc_50_SN_gal,perc_80_SN_gal,flag_image,flag_bck,flag_object,flag_statmorph,index
262r,206.66215772336545,4.969904451055569,5000.0,0.0311,nan,3.0871868430458504,6.852444837259766,13.877408361114838,130.60436497901884,129.03046038642202,17.46523780710693,20.26484227016594,7.575851799088267,9.312271327621547,0.5433906768088915,-1.9200466055665366,0.06037614786162315,-0.055929708132946065,0.3315850496292114,3.263727267371197,0.05545633216650067,0.026227157558099165,0.0,0.0,0.04787883280070946,0.045767661015649254,0.3092006058130674,0.23262474157477628,8.55172267762385,1.5318117902897008,319.830528022246,319.61201407562424,0.4889166324604411,1.2335427990987533,0.0,0.0,0.27,0.34629548650952463,1.0993409,30.0,22.5,0.2,1.5,2.5,5.0,1.0,5.0,5.0,5.0,masking_sources,2.0,5.0,11.0,1.0,3.0,10.0,-0.5,0.5,0.2,5.0,0.5,10.0,0.0,0.0,10.0,Face-on,2394.0,13.0,183.9,0.0,3.0,0.01345,0.001610000035725534,8.3,0.0,3.0,50.0,4.1,8.3,33.1,0.0,0.0,0.0,0.0,262
