GAL,ra,dec,radvel,z,mag,r20,r50,r80,flux_c,flux_e,rpetro_c,rpetro_e,rhalf_c,rhalf_e,Gini,M20,F(G_M20),S(G_M20),SN_per_pixel,C,A,S,M,I,D,Ao,As,Ser_A,Ser_R,Ser_n,Ser_xc,Ser_yc,Ser_ellip,Ser_theta,flag_morph,flag_sersic,ima_sc_pix2arc,ima_sc_arc2kpc,psf_arcsec,size_image_phy_kpc,zp_ima,eta,petro_extent_cas,snr,area_min,debleding,area_min_deblend,skybox_x,skybox_y,sky_method,nsigma,npixels,dilate_size,mask_stars,fwhm,threshold,roundlo,roundhi,sharplo,aper_stars,aper_fact,aper_center,aper_ellip,aper_pa,dr,View,area_segmap_pix,area_psf_pix,ratio_segmap_psf,flag_area,flag_area_th,SN_gal,bck,ratio_SN_gal,flag_SN,flag_SN_th,perc_SN_flag,perc_20_SN_gal,perc_50_SN_gal,perc_80_SN_gal,flag_image,flag_bck,flag_object,flag_statmorph,index
366r,120.46937542282575,29.240344918135243,5000.0,0.0474,nan,5.958901282492203,13.276681510872809,25.43545962135143,93.80924641827993,95.89970234671219,28.71978053411381,55.36678419535722,14.710312554564469,23.495433113006815,0.586704727934329,-1.7933196494066328,0.1869589203137254,0.00456624938746375,0.15623725950717926,3.151366994965547,0.08509483030865118,0.011946414312383778,0.016981132075471698,0.01879998348484434,0.07122291335419252,0.11590162853649358,0.2120478311611232,0.08256601688336522,19.731251827407878,0.8010992659662124,319.6050963421744,319.1153351936734,0.768074337255825,1.3453760224578553,0.0,0.0,0.27,0.34629548650952463,1.5588589,30.0,22.5,0.2,1.5,2.5,5.0,1.0,5.0,5.0,5.0,masking_sources,2.0,5.0,11.0,1.0,3.0,10.0,-0.5,0.5,0.2,5.0,0.5,10.0,0.0,0.0,10.0,Edge-on,1985.0,26.2,75.8,0.0,3.0,0.02386,0.003659999929368496,6.5,0.0,3.0,50.0,3.8,6.5,17.6,0.0,0.0,0.0,0.0,366
