GAL,ra,dec,radvel,z,mag,r20,r50,r80,flux_c,flux_e,rpetro_c,rpetro_e,rhalf_c,rhalf_e,Gini,M20,F(G_M20),S(G_M20),SN_per_pixel,C,A,S,M,I,D,Ao,As,Ser_A,Ser_R,Ser_n,Ser_xc,Ser_yc,Ser_ellip,Ser_theta,flag_morph,flag_sersic,ima_sc_pix2arc,ima_sc_arc2kpc,psf_arcsec,size_image_phy_kpc,zp_ima,eta,petro_extent_cas,snr,area_min,debleding,area_min_deblend,skybox_x,skybox_y,sky_method,nsigma,npixels,dilate_size,mask_stars,fwhm,threshold,roundlo,roundhi,sharplo,aper_stars,aper_fact,aper_center,aper_ellip,aper_pa,dr,View,area_segmap_pix,area_psf_pix,ratio_segmap_psf,flag_area,flag_area_th,SN_gal,bck,ratio_SN_gal,flag_SN,flag_SN_th,perc_SN_flag,perc_20_SN_gal,perc_50_SN_gal,perc_80_SN_gal,flag_image,flag_bck,flag_object,flag_statmorph,index
810r,42.54239016478642,-8.357134909433107,5000.0,0.0835,nan,3.9347390511450486,8.05707139335993,14.057172171758332,123.51198330225878,123.48214534655051,17.577498728866107,17.89824283475138,8.678473431459755,8.829399566664224,0.4848167797020807,-1.8191249232766458,-0.2995033686439852,-0.09988975243039389,0.2986967861652374,2.764910142568626,0.044104459950454006,0.030355043394182393,0.0,0.0,0.02955104324080465,0.17815539932237434,0.3716122886683469,0.17525182064535932,7.542294156466341,0.9813051595425131,319.82322015844534,320.54892755571797,0.006043240304154153,0.21565978819748305,0.0,0.0,0.27,0.34629548650952463,1.3101085,30.0,22.5,0.2,1.5,2.5,5.0,1.0,5.0,5.0,5.0,masking_sources,2.0,5.0,11.0,1.0,3.0,10.0,-0.5,0.5,0.2,5.0,0.5,10.0,0.0,0.0,10.0,Face-on,2172.0,18.5,117.5,0.0,3.0,0.01822,0.0019600000232458115,9.3,0.0,3.0,50.0,4.1,9.3,38.4,0.0,0.0,0.0,0.0,810
