GAL,ra,dec,radvel,z,mag,r20,r50,r80,flux_c,flux_e,rpetro_c,rpetro_e,rhalf_c,rhalf_e,Gini,M20,F(G_M20),S(G_M20),SN_per_pixel,C,A,S,M,I,D,Ao,As,Ser_A,Ser_R,Ser_n,Ser_xc,Ser_yc,Ser_ellip,Ser_theta,flag_morph,flag_sersic,ima_sc_pix2arc,ima_sc_arc2kpc,psf_arcsec,size_image_phy_kpc,zp_ima,eta,petro_extent_cas,snr,area_min,debleding,area_min_deblend,skybox_x,skybox_y,sky_method,nsigma,npixels,dilate_size,mask_stars,fwhm,threshold,roundlo,roundhi,sharplo,aper_stars,aper_fact,aper_center,aper_ellip,aper_pa,dr,View,area_segmap_pix,area_psf_pix,ratio_segmap_psf,flag_area,flag_area_th,SN_gal,bck,ratio_SN_gal,flag_SN,flag_SN_th,perc_SN_flag,perc_20_SN_gal,perc_50_SN_gal,perc_80_SN_gal,flag_image,flag_bck,flag_object,flag_statmorph,index
1050r,49.716249322509825,-7.473110311984017,5000.0,0.1221,nan,3.535281294032784,8.6175106523708,18.59473075051846,279.2226395277158,290.1817810119675,22.715350511440374,39.31901734040161,10.347164533756201,13.687649635179108,0.6330937938868076,-2.045780941910696,0.5915404724838096,0.015399305022352816,0.24828767776489258,3.6048295945409037,0.013847957034553602,-0.015914672244619472,0.17434758467518047,0.02191225881255283,0.10453096249382195,0.1777246501799658,0.2701960213935863,0.2375619883862,8.903858891237219,1.8042873377780397,319.9853982914246,319.9894268795231,0.13857496775974504,1.3172071190357215,0.0,0.0,0.27,0.34629548650952463,1.1699805,30.0,22.5,0.2,1.5,2.5,5.0,1.0,5.0,5.0,5.0,masking_sources,2.0,5.0,11.0,1.0,3.0,10.0,-0.5,0.5,0.2,5.0,0.5,10.0,0.0,0.0,10.0,Face-on,3502.0,14.7,237.5,0.0,3.0,0.03003,0.004339999984949827,6.9,0.0,3.0,50.0,3.9,6.9,17.7,0.0,0.0,0.0,0.0,1050
