GAL,ra,dec,radvel,z,mag,r20,r50,r80,flux_c,flux_e,rpetro_c,rpetro_e,rhalf_c,rhalf_e,Gini,M20,F(G_M20),S(G_M20),SN_per_pixel,C,A,S,M,I,D,Ao,As,Ser_A,Ser_R,Ser_n,Ser_xc,Ser_yc,Ser_ellip,Ser_theta,flag_morph,flag_sersic,ima_sc_pix2arc,ima_sc_arc2kpc,psf_arcsec,size_image_phy_kpc,zp_ima,eta,petro_extent_cas,snr,area_min,debleding,area_min_deblend,skybox_x,skybox_y,sky_method,nsigma,npixels,dilate_size,mask_stars,fwhm,threshold,roundlo,roundhi,sharplo,aper_stars,aper_fact,aper_center,aper_ellip,aper_pa,dr,View,area_segmap_pix,area_psf_pix,ratio_segmap_psf,flag_area,flag_area_th,SN_gal,bck,ratio_SN_gal,flag_SN,flag_SN_th,perc_SN_flag,perc_20_SN_gal,perc_50_SN_gal,perc_80_SN_gal,flag_image,flag_bck,flag_object,flag_statmorph,index
153r,187.83593597666498,3.1248021484021593,5000.0,0.0174,nan,11.432697851871842,28.55374078709526,56.205995163754174,332.72600673998767,322.3759873784209,72.3462415428652,95.02291614576241,29.777226913875964,47.00341501460004,0.5795190726457135,-1.8300085629424974,0.1768153437154325,-0.007647308329750913,0.1796448677778244,3.4581695787861895,0.08559277749956574,0.0952456297746573,0.046357615894039736,0.2509585276052154,0.04647630043770031,0.11027535624447722,0.21883923273413364,0.08959147149903214,44.55235044799122,0.5875146671101865,319.80289796138504,318.4981653633124,0.8240256630733707,1.5553465648136013,0.0,0.0,0.27,0.34629548650952463,1.0909128,30.0,22.5,0.2,1.5,2.5,5.0,1.0,5.0,5.0,5.0,masking_sources,2.0,5.0,11.0,1.0,3.0,10.0,-0.5,0.5,0.2,5.0,0.5,10.0,0.0,0.0,10.0,Edge-on,8549.0,12.8,666.8,0.0,3.0,0.01656,0.0010400000028312206,16.0,0.0,3.0,50.0,5.4,16.0,56.8,0.0,0.0,0.0,0.0,153
