GAL,ra,dec,radvel,z,mag,r20,r50,r80,flux_c,flux_e,rpetro_c,rpetro_e,rhalf_c,rhalf_e,Gini,M20,F(G_M20),S(G_M20),SN_per_pixel,C,A,S,M,I,D,Ao,As,Ser_A,Ser_R,Ser_n,Ser_xc,Ser_yc,Ser_ellip,Ser_theta,flag_morph,flag_sersic,ima_sc_pix2arc,ima_sc_arc2kpc,psf_arcsec,size_image_phy_kpc,zp_ima,eta,petro_extent_cas,snr,area_min,debleding,area_min_deblend,skybox_x,skybox_y,sky_method,nsigma,npixels,dilate_size,mask_stars,fwhm,threshold,roundlo,roundhi,sharplo,aper_stars,aper_fact,aper_center,aper_ellip,aper_pa,dr,View,area_segmap_pix,area_psf_pix,ratio_segmap_psf,flag_area,flag_area_th,SN_gal,bck,ratio_SN_gal,flag_SN,flag_SN_th,perc_SN_flag,perc_20_SN_gal,perc_50_SN_gal,perc_80_SN_gal,flag_image,flag_bck,flag_object,flag_statmorph,index
1007r,356.4007475509849,-0.5001916952429002,5000.0,0.0802,nan,3.525546082110546,8.950147879252217,18.240694206161084,269.8677088517038,269.90845681245264,23.57427838456249,24.44568521522732,9.214446029165572,9.510393799528936,0.5673009867763951,-2.123130343990551,0.31946921292860697,-0.0604871409060555,0.3143570125102997,3.5690748352678896,0.023764951716043203,-0.007652464225012176,0.0013605442176870747,0.0,0.022114789288824984,0.000546152980963581,0.15206978320970727,0.2782390474265664,8.316105932152796,1.3522886465189297,319.6965450991024,319.69298342739427,0.06831378129543136,0.4471709144318159,0.0,0.0,0.27,0.34629548650952463,1.2820928,30.0,22.5,0.2,1.5,2.5,5.0,1.0,5.0,5.0,5.0,masking_sources,2.0,5.0,11.0,1.0,3.0,10.0,-0.5,0.5,0.2,5.0,0.5,10.0,0.0,0.0,10.0,Face-on,3675.0,17.7,207.5,0.0,3.0,0.02556,0.0020600000862032175,12.4,0.0,3.0,50.0,4.8,12.4,37.9,0.0,0.0,0.0,0.0,1007
