GAL,ra,dec,radvel,z,mag,r20,r50,r80,flux_c,flux_e,rpetro_c,rpetro_e,rhalf_c,rhalf_e,Gini,M20,F(G_M20),S(G_M20),SN_per_pixel,C,A,S,M,I,D,Ao,As,Ser_A,Ser_R,Ser_n,Ser_xc,Ser_yc,Ser_ellip,Ser_theta,flag_morph,flag_sersic,ima_sc_pix2arc,ima_sc_arc2kpc,psf_arcsec,size_image_phy_kpc,zp_ima,eta,petro_extent_cas,snr,area_min,debleding,area_min_deblend,skybox_x,skybox_y,sky_method,nsigma,npixels,dilate_size,mask_stars,fwhm,threshold,roundlo,roundhi,sharplo,aper_stars,aper_fact,aper_center,aper_ellip,aper_pa,dr,View,area_segmap_pix,area_psf_pix,ratio_segmap_psf,flag_area,flag_area_th,SN_gal,bck,ratio_SN_gal,flag_SN,flag_SN_th,perc_SN_flag,perc_20_SN_gal,perc_50_SN_gal,perc_80_SN_gal,flag_image,flag_bck,flag_object,flag_statmorph,index
388r,148.35293846637424,10.595333675603138,5000.0,0.057,nan,4.1245600350346745,7.304470366758346,11.728700843592701,76.63476460534656,76.6138998334735,15.044262936626222,15.988786091493012,7.377856723281922,7.93153079561352,0.4423177019074221,-1.588006423698553,-0.6700389239351634,-0.10983836800575103,0.288993239402771,2.2693613989872135,0.05496231856864987,0.008755689883483929,0.00392156862745098,0.0,0.05775738299839501,0.06526746725977423,0.16318642200912836,0.17584576092260382,7.192783169659224,0.5513358345179794,320.25392393001204,320.3454613831582,0.160038522000007,1.3769105042022483,1.0,0.0,0.27,0.34629548650952463,1.389232,30.0,22.5,0.2,1.5,2.5,5.0,1.0,5.0,5.0,5.0,masking_sources,2.0,5.0,11.0,1.0,3.0,10.0,-0.5,0.5,0.2,5.0,0.5,10.0,0.0,0.0,10.0,Face-on,958.0,20.8,46.1,0.0,3.0,0.03873,0.00394000019878149,9.8,0.0,3.0,50.0,4.3,9.8,34.2,0.0,0.0,0.0,0.0,388
