GAL,ra,dec,radvel,z,mag,r20,r50,r80,flux_c,flux_e,rpetro_c,rpetro_e,rhalf_c,rhalf_e,Gini,M20,F(G_M20),S(G_M20),SN_per_pixel,C,A,S,M,I,D,Ao,As,Ser_A,Ser_R,Ser_n,Ser_xc,Ser_yc,Ser_ellip,Ser_theta,flag_morph,flag_sersic,ima_sc_pix2arc,ima_sc_arc2kpc,psf_arcsec,size_image_phy_kpc,zp_ima,eta,petro_extent_cas,snr,area_min,debleding,area_min_deblend,skybox_x,skybox_y,sky_method,nsigma,npixels,dilate_size,mask_stars,fwhm,threshold,roundlo,roundhi,sharplo,aper_stars,aper_fact,aper_center,aper_ellip,aper_pa,dr,View,area_segmap_pix,area_psf_pix,ratio_segmap_psf,flag_area,flag_area_th,SN_gal,bck,ratio_SN_gal,flag_SN,flag_SN_th,perc_SN_flag,perc_20_SN_gal,perc_50_SN_gal,perc_80_SN_gal,flag_image,flag_bck,flag_object,flag_statmorph,index
1008r,212.1893972582327,13.844733268751378,5000.0,0.1311,nan,3.4086282712581495,7.777743442612581,16.506589899534813,146.34039865897597,146.02807103512566,21.34550053254228,25.533661270169315,7.975196378784863,10.758301514773871,0.5515460207525211,-2.0029934687852786,0.1582272765931778,-0.059385531616157894,0.29103854298591614,3.425388598995344,0.04973888850267558,-0.009277721309800183,0.011363636363636364,0.04506313656255261,0.024180860262286198,0.03594777770170729,0.25371372030530076,0.24003347997587712,8.261003287430981,1.3732892272641282,319.6758946279692,320.16547670182,0.4212071416259247,1.6327531897027079,0.0,0.0,0.27,0.34629548650952463,1.324663,30.0,22.5,0.2,1.5,2.5,5.0,1.0,5.0,5.0,5.0,masking_sources,2.0,5.0,11.0,1.0,3.0,10.0,-0.5,0.5,0.2,5.0,0.5,10.0,0.0,0.0,10.0,Face-on,1529.0,18.9,80.9,0.0,3.0,0.03987,0.00494999997317791,8.0,0.0,3.0,50.0,4.1,8.0,20.6,0.0,0.0,0.0,0.0,1008
