GAL,ra,dec,radvel,z,mag,r20,r50,r80,flux_c,flux_e,rpetro_c,rpetro_e,rhalf_c,rhalf_e,Gini,M20,F(G_M20),S(G_M20),SN_per_pixel,C,A,S,M,I,D,Ao,As,Ser_A,Ser_R,Ser_n,Ser_xc,Ser_yc,Ser_ellip,Ser_theta,flag_morph,flag_sersic,ima_sc_pix2arc,ima_sc_arc2kpc,psf_arcsec,size_image_phy_kpc,zp_ima,eta,petro_extent_cas,snr,area_min,debleding,area_min_deblend,skybox_x,skybox_y,sky_method,nsigma,npixels,dilate_size,mask_stars,fwhm,threshold,roundlo,roundhi,sharplo,aper_stars,aper_fact,aper_center,aper_ellip,aper_pa,dr,View,area_segmap_pix,area_psf_pix,ratio_segmap_psf,flag_area,flag_area_th,SN_gal,bck,ratio_SN_gal,flag_SN,flag_SN_th,perc_SN_flag,perc_20_SN_gal,perc_50_SN_gal,perc_80_SN_gal,flag_image,flag_bck,flag_object,flag_statmorph,index
913r,162.21161963734363,3.208281856390102,5000.0,0.1506,nan,4.954476312040388,9.36140652941902,15.158745222958416,120.03806042668279,119.72464656083646,19.59418562866956,22.792640964463633,9.402800555909321,11.101354486787631,0.4453620703928253,-1.6336619158658752,-0.623330043860463,-0.11317055661645958,0.2870197892189026,2.4283274869007916,0.16213528382249104,0.015324648312691883,0.001841620626151013,0.0,0.061182671064021484,0.21696446221061186,0.1960633841997492,0.16917213440105974,10.23087652866688,0.5171200903886458,319.475645204144,319.0657785447006,0.32320135921090604,0.31476440018774354,0.0,0.0,0.27,0.34629548650952463,1.273557,30.0,22.5,0.2,1.5,2.5,5.0,1.0,5.0,5.0,5.0,masking_sources,2.0,5.0,11.0,1.0,3.0,10.0,-0.5,0.5,0.2,5.0,0.5,10.0,0.0,0.0,10.0,Face-on,1489.0,17.5,85.2,0.0,3.0,0.04483,0.003590000094845891,12.5,0.0,3.0,50.0,4.5,12.5,36.1,0.0,0.0,0.0,0.0,913
