GAL,ra,dec,radvel,z,mag,r20,r50,r80,flux_c,flux_e,rpetro_c,rpetro_e,rhalf_c,rhalf_e,Gini,M20,F(G_M20),S(G_M20),SN_per_pixel,C,A,S,M,I,D,Ao,As,Ser_A,Ser_R,Ser_n,Ser_xc,Ser_yc,Ser_ellip,Ser_theta,flag_morph,flag_sersic,ima_sc_pix2arc,ima_sc_arc2kpc,psf_arcsec,size_image_phy_kpc,zp_ima,eta,petro_extent_cas,snr,area_min,debleding,area_min_deblend,skybox_x,skybox_y,sky_method,nsigma,npixels,dilate_size,mask_stars,fwhm,threshold,roundlo,roundhi,sharplo,aper_stars,aper_fact,aper_center,aper_ellip,aper_pa,dr,View,area_segmap_pix,area_psf_pix,ratio_segmap_psf,flag_area,flag_area_th,SN_gal,bck,ratio_SN_gal,flag_SN,flag_SN_th,perc_SN_flag,perc_20_SN_gal,perc_50_SN_gal,perc_80_SN_gal,flag_image,flag_bck,flag_object,flag_statmorph,index
702r,352.01235699131615,-9.034303767197546,5000.0,0.0969,nan,3.7198149808307255,7.143360939082199,12.594601259391402,75.7721574417568,75.8108488603663,15.760816984045938,20.510167434397538,7.302702039800387,9.415254339893877,0.49352390172992333,-1.6708305104490742,-0.3591711426956712,-0.07065677823979727,0.2685066759586334,2.6483154165700244,0.02259431495549105,0.013727837752385008,0.0025380710659898475,0.0,0.04944307187674921,-0.05206893913756419,0.1475815133117438,0.18614574696224936,8.159697758559519,0.7692594394609974,319.6125690965015,319.3857173503444,0.46963912061959767,1.1157288908311112,0.0,0.0,0.27,0.34629548650952463,1.5422051,30.0,22.5,0.2,1.5,2.5,5.0,1.0,5.0,5.0,5.0,masking_sources,2.0,5.0,11.0,1.0,3.0,10.0,-0.5,0.5,0.2,5.0,0.5,10.0,0.0,0.0,10.0,Face-on,902.0,25.6,35.2,0.0,3.0,0.03984,0.004679999779909849,8.5,0.0,3.0,50.0,4.3,8.5,26.1,0.0,0.0,0.0,0.0,702
