GAL,ra,dec,radvel,z,mag,r20,r50,r80,flux_c,flux_e,rpetro_c,rpetro_e,rhalf_c,rhalf_e,Gini,M20,F(G_M20),S(G_M20),SN_per_pixel,C,A,S,M,I,D,Ao,As,Ser_A,Ser_R,Ser_n,Ser_xc,Ser_yc,Ser_ellip,Ser_theta,flag_morph,flag_sersic,ima_sc_pix2arc,ima_sc_arc2kpc,psf_arcsec,size_image_phy_kpc,zp_ima,eta,petro_extent_cas,snr,area_min,debleding,area_min_deblend,skybox_x,skybox_y,sky_method,nsigma,npixels,dilate_size,mask_stars,fwhm,threshold,roundlo,roundhi,sharplo,aper_stars,aper_fact,aper_center,aper_ellip,aper_pa,dr,View,area_segmap_pix,area_psf_pix,ratio_segmap_psf,flag_area,flag_area_th,SN_gal,bck,ratio_SN_gal,flag_SN,flag_SN_th,perc_SN_flag,perc_20_SN_gal,perc_50_SN_gal,perc_80_SN_gal,flag_image,flag_bck,flag_object,flag_statmorph,index
797r,200.36740479320449,-0.9570819909241433,5000.0,0.0842,nan,3.339078211920941,6.465523476149694,11.022612627082493,76.42759287272847,77.01081228315914,14.265354917020584,17.91428932603195,6.515083196262149,8.643952618579902,0.4578365262932384,-1.7193635866734085,-0.5021902292837979,-0.11273337751729778,0.3267604112625122,2.59328976660568,0.009782424899022143,-0.008298744638027074,0.0,0.0,0.0031450215076975286,0.002685900650298005,0.1596276131530369,0.2657641925100949,7.73635097518316,0.6687043766454521,319.975360711678,319.99848101125514,0.5431938057972282,1.0225306194016188,0.0,0.0,0.27,0.34629548650952463,1.5270127,30.0,22.5,0.2,1.5,2.5,5.0,1.0,5.0,5.0,5.0,masking_sources,2.0,5.0,11.0,1.0,3.0,10.0,-0.5,0.5,0.2,5.0,0.5,10.0,0.0,0.0,10.0,Edge-on,750.0,25.1,29.9,0.0,3.0,0.05212,0.004720000084489584,11.0,0.0,3.0,50.0,4.3,11.0,33.3,0.0,0.0,0.0,0.0,797
