GAL,ra,dec,radvel,z,mag,r20,r50,r80,flux_c,flux_e,rpetro_c,rpetro_e,rhalf_c,rhalf_e,Gini,M20,F(G_M20),S(G_M20),SN_per_pixel,C,A,S,M,I,D,Ao,As,Ser_A,Ser_R,Ser_n,Ser_xc,Ser_yc,Ser_ellip,Ser_theta,flag_morph,flag_sersic,ima_sc_pix2arc,ima_sc_arc2kpc,psf_arcsec,size_image_phy_kpc,zp_ima,eta,petro_extent_cas,snr,area_min,debleding,area_min_deblend,skybox_x,skybox_y,sky_method,nsigma,npixels,dilate_size,mask_stars,fwhm,threshold,roundlo,roundhi,sharplo,aper_stars,aper_fact,aper_center,aper_ellip,aper_pa,dr,View,area_segmap_pix,area_psf_pix,ratio_segmap_psf,flag_area,flag_area_th,SN_gal,bck,ratio_SN_gal,flag_SN,flag_SN_th,perc_SN_flag,perc_20_SN_gal,perc_50_SN_gal,perc_80_SN_gal,flag_image,flag_bck,flag_object,flag_statmorph,index
139r,187.84175168555262,0.6099706337856461,5000.0,0.0219,nan,4.233679902205382,9.586366508737653,18.500742593849292,113.83923214270567,115.45786007764121,22.41744796145724,31.208103566617865,10.95140328415548,14.997543676448469,0.5380210057072985,-1.9411858208120258,0.04844575207386104,-0.06418403344264617,0.23509429395198822,3.2023557085156846,0.04915558634129573,0.007183618569270211,0.0035335689045936395,0.0,0.011345573452471109,0.051042618786951925,0.2234507947014931,0.09276958374938422,13.769358414172723,1.3616368458735364,320.00907211770857,319.99649047513384,0.5241546826771132,0.6345177200938874,0.0,0.0,0.27,0.34629548650952463,1.0928646,30.0,22.5,0.2,1.5,2.5,5.0,1.0,5.0,5.0,5.0,masking_sources,2.0,5.0,11.0,1.0,3.0,10.0,-0.5,0.5,0.2,5.0,0.5,10.0,0.0,0.0,10.0,Edge-on,4179.0,12.9,324.8,0.0,3.0,0.00854,0.0009500000160187483,9.0,0.0,3.0,50.0,4.3,9.0,30.4,0.0,0.0,0.0,0.0,139
