GAL,ra,dec,radvel,z,mag,r20,r50,r80,flux_c,flux_e,rpetro_c,rpetro_e,rhalf_c,rhalf_e,Gini,M20,F(G_M20),S(G_M20),SN_per_pixel,C,A,S,M,I,D,Ao,As,Ser_A,Ser_R,Ser_n,Ser_xc,Ser_yc,Ser_ellip,Ser_theta,flag_morph,flag_sersic,ima_sc_pix2arc,ima_sc_arc2kpc,psf_arcsec,size_image_phy_kpc,zp_ima,eta,petro_extent_cas,snr,area_min,debleding,area_min_deblend,skybox_x,skybox_y,sky_method,nsigma,npixels,dilate_size,mask_stars,fwhm,threshold,roundlo,roundhi,sharplo,aper_stars,aper_fact,aper_center,aper_ellip,aper_pa,dr,View,area_segmap_pix,area_psf_pix,ratio_segmap_psf,flag_area,flag_area_th,SN_gal,bck,ratio_SN_gal,flag_SN,flag_SN_th,perc_SN_flag,perc_20_SN_gal,perc_50_SN_gal,perc_80_SN_gal,flag_image,flag_bck,flag_object,flag_statmorph,index
918r,183.68789059345605,13.107407903810223,5000.0,0.1404,nan,3.953650831474706,7.609553095618618,12.921935885221668,86.00559694914948,86.39261592353739,16.328599189760826,18.86910898745139,8.403222304513674,9.452151390524781,0.47078410678657506,-1.6990960499644563,-0.45214510878108527,-0.09709808522635016,0.2743048369884491,2.5716463505982894,0.15068628763914468,0.018035514808129836,0.0,0.0,0.05203832502646893,0.2702008367206016,0.6647854081113902,0.16670577513728968,7.809544172588524,0.6969740895086414,319.3648250273893,319.37050419767144,0.23635177045355818,0.40745996059878464,1.0,0.0,0.27,0.34629548650952463,1.4305824,30.0,22.5,0.2,1.5,2.5,5.0,1.0,5.0,5.0,5.0,masking_sources,2.0,5.0,11.0,1.0,3.0,10.0,-0.5,0.5,0.2,5.0,0.5,10.0,0.0,0.0,10.0,Face-on,1335.0,22.0,60.5,0.0,3.0,0.02803,0.0022299999836832285,12.6,0.0,3.0,50.0,5.0,12.6,41.4,0.0,0.0,0.0,0.0,918
