GAL,ra,dec,radvel,z,mag,r20,r50,r80,flux_c,flux_e,rpetro_c,rpetro_e,rhalf_c,rhalf_e,Gini,M20,F(G_M20),S(G_M20),SN_per_pixel,C,A,S,M,I,D,Ao,As,Ser_A,Ser_R,Ser_n,Ser_xc,Ser_yc,Ser_ellip,Ser_theta,flag_morph,flag_sersic,ima_sc_pix2arc,ima_sc_arc2kpc,psf_arcsec,size_image_phy_kpc,zp_ima,eta,petro_extent_cas,snr,area_min,debleding,area_min_deblend,skybox_x,skybox_y,sky_method,nsigma,npixels,dilate_size,mask_stars,fwhm,threshold,roundlo,roundhi,sharplo,aper_stars,aper_fact,aper_center,aper_ellip,aper_pa,dr,View,area_segmap_pix,area_psf_pix,ratio_segmap_psf,flag_area,flag_area_th,SN_gal,bck,ratio_SN_gal,flag_SN,flag_SN_th,perc_SN_flag,perc_20_SN_gal,perc_50_SN_gal,perc_80_SN_gal,flag_image,flag_bck,flag_object,flag_statmorph,index
585r,350.15715560586733,-0.04167189614824326,5000.0,0.0689,nan,4.2646631563227055,8.607563383223257,16.088689559052956,89.2609559604507,88.63732155869533,20.88186186372308,26.03125814873586,8.695979266096128,12.285423158695552,0.4836458836617418,-1.5894157638364763,-0.46448775153569954,-0.0691193663481458,0.2645806074142456,2.88317968803055,0.23163527616127433,0.01186981345861869,0.0398406374501992,0.1262641367322853,0.20059897860827872,0.330994770483949,0.29422583137644787,0.15968197022667716,11.36872223396208,0.6665613880147734,319.2538286328065,317.37309135632376,0.6081163627848719,1.2918224661167035,0.0,0.0,0.27,0.34629548650952463,1.4663323,30.0,22.5,0.2,1.5,2.5,5.0,1.0,5.0,5.0,5.0,masking_sources,2.0,5.0,11.0,1.0,3.0,10.0,-0.5,0.5,0.2,5.0,0.5,10.0,0.0,0.0,10.0,Edge-on,1891.0,23.2,81.6,0.0,3.0,0.01438,0.0008999999845400453,15.9,0.0,3.0,50.0,5.1,15.9,84.1,0.0,0.0,0.0,0.0,585
