GAL,ra,dec,radvel,z,mag,r20,r50,r80,flux_c,flux_e,rpetro_c,rpetro_e,rhalf_c,rhalf_e,Gini,M20,F(G_M20),S(G_M20),SN_per_pixel,C,A,S,M,I,D,Ao,As,Ser_A,Ser_R,Ser_n,Ser_xc,Ser_yc,Ser_ellip,Ser_theta,flag_morph,flag_sersic,ima_sc_pix2arc,ima_sc_arc2kpc,psf_arcsec,size_image_phy_kpc,zp_ima,eta,petro_extent_cas,snr,area_min,debleding,area_min_deblend,skybox_x,skybox_y,sky_method,nsigma,npixels,dilate_size,mask_stars,fwhm,threshold,roundlo,roundhi,sharplo,aper_stars,aper_fact,aper_center,aper_ellip,aper_pa,dr,View,area_segmap_pix,area_psf_pix,ratio_segmap_psf,flag_area,flag_area_th,SN_gal,bck,ratio_SN_gal,flag_SN,flag_SN_th,perc_SN_flag,perc_20_SN_gal,perc_50_SN_gal,perc_80_SN_gal,flag_image,flag_bck,flag_object,flag_statmorph,index
960r,312.86591684100966,0.33661819022094996,5000.0,0.1402,nan,2.5216721450212183,5.375138611555448,11.612052002952243,94.23539515684215,94.93500363686307,13.801505132044317,15.649341885811149,6.428695782175939,7.169412601990876,0.5790234453626564,-1.8856104795467785,0.21289411687106696,-0.015866645747972474,0.2992822527885437,3.3161017547102665,0.016376092665068762,-0.006195250705230471,0.13685636856368563,0.048100213651487915,0.06279872824513812,0.06107621023400556,0.301820018062271,0.21467728693074953,4.940367325155543,2.093917619757731,319.99897322278537,320.0014562794282,0.09455714682842942,2.5213152292034593,1.0,0.0,0.27,0.34629548650952463,1.3836021,30.0,22.5,0.2,1.5,2.5,5.0,1.0,5.0,5.0,5.0,masking_sources,2.0,5.0,11.0,1.0,3.0,10.0,-0.5,0.5,0.2,5.0,0.5,10.0,0.0,0.0,10.0,Face-on,1113.0,20.6,54.0,0.0,3.0,0.03015,0.005520000122487545,5.5,0.0,3.0,50.0,3.5,5.5,12.9,0.0,0.0,0.0,0.0,960
