GAL,ra,dec,radvel,z,mag,r20,r50,r80,flux_c,flux_e,rpetro_c,rpetro_e,rhalf_c,rhalf_e,Gini,M20,F(G_M20),S(G_M20),SN_per_pixel,C,A,S,M,I,D,Ao,As,Ser_A,Ser_R,Ser_n,Ser_xc,Ser_yc,Ser_ellip,Ser_theta,flag_morph,flag_sersic,ima_sc_pix2arc,ima_sc_arc2kpc,psf_arcsec,size_image_phy_kpc,zp_ima,eta,petro_extent_cas,snr,area_min,debleding,area_min_deblend,skybox_x,skybox_y,sky_method,nsigma,npixels,dilate_size,mask_stars,fwhm,threshold,roundlo,roundhi,sharplo,aper_stars,aper_fact,aper_center,aper_ellip,aper_pa,dr,View,area_segmap_pix,area_psf_pix,ratio_segmap_psf,flag_area,flag_area_th,SN_gal,bck,ratio_SN_gal,flag_SN,flag_SN_th,perc_SN_flag,perc_20_SN_gal,perc_50_SN_gal,perc_80_SN_gal,flag_image,flag_bck,flag_object,flag_statmorph,index
171r,59.58986205619839,-5.156307335987449,5000.0,0.0368,nan,2.923423851274005,5.954490913941079,10.867691064878345,87.56753803519683,87.519447606532,13.709160161654212,16.953959695455282,6.340935859014209,8.129820865332379,0.5026886459474877,-1.7962950923324246,-0.2268587035735652,-0.07902325834619417,0.348074734210968,2.851227491757512,0.055028740445885176,0.007657437166511949,0.0,0.0,0.02360269276404066,0.12103962403522134,0.40160845849594135,0.3092865241598763,6.789021669121776,1.0104334767028864,319.9213037815589,320.01888016687036,0.522557611291553,2.8861187825279035,1.0,0.0,0.27,0.34629548650952463,1.4113284,30.0,22.5,0.2,1.5,2.5,5.0,1.0,5.0,5.0,5.0,masking_sources,2.0,5.0,11.0,1.0,3.0,10.0,-0.5,0.5,0.2,5.0,0.5,10.0,0.0,0.0,10.0,Edge-on,987.0,21.5,46.0,0.0,3.0,0.03118,0.00343000004068017,9.1,0.0,3.0,50.0,4.0,9.1,33.4,0.0,0.0,0.0,0.0,171
