GAL,ra,dec,radvel,z,mag,r20,r50,r80,flux_c,flux_e,rpetro_c,rpetro_e,rhalf_c,rhalf_e,Gini,M20,F(G_M20),S(G_M20),SN_per_pixel,C,A,S,M,I,D,Ao,As,Ser_A,Ser_R,Ser_n,Ser_xc,Ser_yc,Ser_ellip,Ser_theta,flag_morph,flag_sersic,ima_sc_pix2arc,ima_sc_arc2kpc,psf_arcsec,size_image_phy_kpc,zp_ima,eta,petro_extent_cas,snr,area_min,debleding,area_min_deblend,skybox_x,skybox_y,sky_method,nsigma,npixels,dilate_size,mask_stars,fwhm,threshold,roundlo,roundhi,sharplo,aper_stars,aper_fact,aper_center,aper_ellip,aper_pa,dr,View,area_segmap_pix,area_psf_pix,ratio_segmap_psf,flag_area,flag_area_th,SN_gal,bck,ratio_SN_gal,flag_SN,flag_SN_th,perc_SN_flag,perc_20_SN_gal,perc_50_SN_gal,perc_80_SN_gal,flag_image,flag_bck,flag_object,flag_statmorph,index
689r,149.6040614605584,10.567352486303317,5000.0,0.0417,nan,3.0147474020538905,7.448878836939587,16.34495486696504,223.68813567916627,225.50967810826225,19.976647378620974,29.618437557625594,8.383690638256677,12.74436047528196,0.5704658341316267,-2.106128931062946,0.32335322817817325,-0.05499074562743911,0.36704912781715393,3.670663980638311,0.03026678058514738,0.03430370784569667,0.0023014959723820483,0.0,0.011961118686480317,0.052288661806896765,0.20079984548626417,0.4016682028938674,9.457188653520403,1.5855928562486015,320.1997464102111,320.14181738229763,0.6300878186465942,0.8361195000481824,0.0,0.0,0.27,0.34629548650952463,1.3375828,30.0,22.5,0.2,1.5,2.5,5.0,1.0,5.0,5.0,5.0,masking_sources,2.0,5.0,11.0,1.0,3.0,10.0,-0.5,0.5,0.2,5.0,0.5,10.0,0.0,0.0,10.0,Edge-on,1832.0,19.3,95.0,0.0,3.0,0.04576,0.006130000110715628,7.5,0.0,3.0,50.0,4.0,7.5,21.0,0.0,0.0,0.0,0.0,689
