GAL,ra,dec,radvel,z,mag,r20,r50,r80,flux_c,flux_e,rpetro_c,rpetro_e,rhalf_c,rhalf_e,Gini,M20,F(G_M20),S(G_M20),SN_per_pixel,C,A,S,M,I,D,Ao,As,Ser_A,Ser_R,Ser_n,Ser_xc,Ser_yc,Ser_ellip,Ser_theta,flag_morph,flag_sersic,ima_sc_pix2arc,ima_sc_arc2kpc,psf_arcsec,size_image_phy_kpc,zp_ima,eta,petro_extent_cas,snr,area_min,debleding,area_min_deblend,skybox_x,skybox_y,sky_method,nsigma,npixels,dilate_size,mask_stars,fwhm,threshold,roundlo,roundhi,sharplo,aper_stars,aper_fact,aper_center,aper_ellip,aper_pa,dr,View,area_segmap_pix,area_psf_pix,ratio_segmap_psf,flag_area,flag_area_th,SN_gal,bck,ratio_SN_gal,flag_SN,flag_SN_th,perc_SN_flag,perc_20_SN_gal,perc_50_SN_gal,perc_80_SN_gal,flag_image,flag_bck,flag_object,flag_statmorph,index
290r,6.8331831391017746,-0.963764628334356,5000.0,0.0675,nan,6.747788120308175,12.309154463799517,19.531508239514924,89.15707187869855,89.03719798194169,24.600900451726073,26.262272425363083,12.497032874898677,13.531518990873204,0.47473728058838577,-1.401976535475215,-0.6384807220031661,-0.05188483064855304,0.1909513771533966,2.3078717191446723,0.3201347967528346,0.04825473367699837,0.09157509157509157,0.0959648573127357,0.2574329904620084,0.14000941856382332,0.4410526925979544,0.06546283119806379,12.628842040223427,0.38506601140992114,315.77051706163377,324.197355344981,0.15413262976212522,1.8474616443041985,0.0,0.0,0.27,0.34629548650952463,1.1543843,30.0,22.5,0.2,1.5,2.5,5.0,1.0,5.0,5.0,5.0,masking_sources,2.0,5.0,11.0,1.0,3.0,10.0,-0.5,0.5,0.2,5.0,0.5,10.0,0.0,0.0,10.0,Face-on,1955.0,14.4,136.2,0.0,3.0,0.02735,0.0027799999807029963,9.8,0.0,3.0,50.0,4.3,9.8,22.3,0.0,0.0,0.0,0.0,290
