GAL,ra,dec,radvel,z,mag,r20,r50,r80,flux_c,flux_e,rpetro_c,rpetro_e,rhalf_c,rhalf_e,Gini,M20,F(G_M20),S(G_M20),SN_per_pixel,C,A,S,M,I,D,Ao,As,Ser_A,Ser_R,Ser_n,Ser_xc,Ser_yc,Ser_ellip,Ser_theta,flag_morph,flag_sersic,ima_sc_pix2arc,ima_sc_arc2kpc,psf_arcsec,size_image_phy_kpc,zp_ima,eta,petro_extent_cas,snr,area_min,debleding,area_min_deblend,skybox_x,skybox_y,sky_method,nsigma,npixels,dilate_size,mask_stars,fwhm,threshold,roundlo,roundhi,sharplo,aper_stars,aper_fact,aper_center,aper_ellip,aper_pa,dr,View,area_segmap_pix,area_psf_pix,ratio_segmap_psf,flag_area,flag_area_th,SN_gal,bck,ratio_SN_gal,flag_SN,flag_SN_th,perc_SN_flag,perc_20_SN_gal,perc_50_SN_gal,perc_80_SN_gal,flag_image,flag_bck,flag_object,flag_statmorph,index
662r,153.48451245368915,10.044586463856144,5000.0,0.0697,nan,4.852139900365213,11.034568322700466,18.93024492870065,148.8863794248042,146.4986331495425,23.982213075187584,31.013451389851838,11.300621591341816,16.438586502648818,0.4308745008801237,-1.8245529934485059,-0.5627559961835731,-0.15404711021801992,0.30187368392944336,2.9561145942454967,-0.040110441326688194,-0.018973766427647493,0.20134228187919462,0.4443781796757404,0.10712203805315108,-0.13061019737428625,0.25771795846485496,0.16468544979708713,15.90746034388352,0.37223190333363626,322.02996515960353,318.73762522617267,0.62243950323116,2.709647896560143,0.0,0.0,0.27,0.34629548650952463,1.2215893,30.0,22.5,0.2,1.5,2.5,5.0,1.0,5.0,5.0,5.0,masking_sources,2.0,5.0,11.0,1.0,3.0,10.0,-0.5,0.5,0.2,5.0,0.5,10.0,0.0,0.0,10.0,Edge-on,1478.0,16.1,91.9,0.0,3.0,0.06474,0.004860000219196081,13.3,0.0,3.0,50.0,4.8,13.3,31.2,0.0,0.0,0.0,0.0,662
