GAL,ra,dec,radvel,z,mag,r20,r50,r80,flux_c,flux_e,rpetro_c,rpetro_e,rhalf_c,rhalf_e,Gini,M20,F(G_M20),S(G_M20),SN_per_pixel,C,A,S,M,I,D,Ao,As,Ser_A,Ser_R,Ser_n,Ser_xc,Ser_yc,Ser_ellip,Ser_theta,flag_morph,flag_sersic,ima_sc_pix2arc,ima_sc_arc2kpc,psf_arcsec,size_image_phy_kpc,zp_ima,eta,petro_extent_cas,snr,area_min,debleding,area_min_deblend,skybox_x,skybox_y,sky_method,nsigma,npixels,dilate_size,mask_stars,fwhm,threshold,roundlo,roundhi,sharplo,aper_stars,aper_fact,aper_center,aper_ellip,aper_pa,dr,View,area_segmap_pix,area_psf_pix,ratio_segmap_psf,flag_area,flag_area_th,SN_gal,bck,ratio_SN_gal,flag_SN,flag_SN_th,perc_SN_flag,perc_20_SN_gal,perc_50_SN_gal,perc_80_SN_gal,flag_image,flag_bck,flag_object,flag_statmorph,index
489r,126.36053215253507,30.24569192026222,5000.0,0.0556,nan,5.361530129776673,10.970445682631851,19.555161853432985,83.68483206089334,82.41376696600102,24.4195371958772,33.4117409981842,11.267456756172406,16.437589470394087,0.49106493262022016,-1.626740731900231,-0.40189725632304985,-0.06696267844011422,0.2159736454486847,2.809863319763777,0.06329089952300546,0.027848650491679092,0.0036133694670280035,0.0,0.03933820478095697,0.11416537804418112,0.29184181169208623,0.12193432095038989,14.830102655723982,0.571798698410132,320.29752334790857,319.533203529949,0.7084449152731934,0.11814576997006038,0.0,0.0,0.27,0.34629548650952463,1.6908287,30.0,22.5,0.2,1.5,2.5,5.0,1.0,5.0,5.0,5.0,masking_sources,2.0,5.0,11.0,1.0,3.0,10.0,-0.5,0.5,0.2,5.0,0.5,10.0,0.0,0.0,10.0,Edge-on,1428.0,30.8,46.4,0.0,3.0,0.02898,0.003370000049471855,8.6,0.0,3.0,50.0,4.1,8.6,25.8,0.0,0.0,0.0,0.0,489
