GAL,ra,dec,radvel,z,mag,r20,r50,r80,flux_c,flux_e,rpetro_c,rpetro_e,rhalf_c,rhalf_e,Gini,M20,F(G_M20),S(G_M20),SN_per_pixel,C,A,S,M,I,D,Ao,As,Ser_A,Ser_R,Ser_n,Ser_xc,Ser_yc,Ser_ellip,Ser_theta,flag_morph,flag_sersic,ima_sc_pix2arc,ima_sc_arc2kpc,psf_arcsec,size_image_phy_kpc,zp_ima,eta,petro_extent_cas,snr,area_min,debleding,area_min_deblend,skybox_x,skybox_y,sky_method,nsigma,npixels,dilate_size,mask_stars,fwhm,threshold,roundlo,roundhi,sharplo,aper_stars,aper_fact,aper_center,aper_ellip,aper_pa,dr,View,area_segmap_pix,area_psf_pix,ratio_segmap_psf,flag_area,flag_area_th,SN_gal,bck,ratio_SN_gal,flag_SN,flag_SN_th,perc_SN_flag,perc_20_SN_gal,perc_50_SN_gal,perc_80_SN_gal,flag_image,flag_bck,flag_object,flag_statmorph,index
602r,192.4683493139209,0.4128688893574646,5000.0,0.0693,nan,3.473261343231558,6.454485835276994,10.891543227534655,153.28119743809575,153.31738532587826,14.018690212186192,14.435411705968814,6.5824952632239,6.807440597382514,0.48079993610179134,-1.6327225366177434,-0.4485635984200367,-0.07795649584909298,0.4272941052913666,2.481759783762669,0.12108646662494225,0.004395779527712535,0.0018796992481203006,0.0,0.05823816206864293,-0.008833579232309085,0.18973765446902957,0.411729562880365,5.928430294194569,0.8434698512750097,320.70372945014043,319.23747143510667,0.08840670275426937,0.8972196090800376,2.0,0.0,0.27,0.34629548650952463,1.5115006,30.0,22.5,0.2,1.5,2.5,5.0,1.0,5.0,5.0,5.0,masking_sources,2.0,5.0,11.0,1.0,3.0,10.0,-0.5,0.5,0.2,5.0,0.5,10.0,0.0,0.0,10.0,Face-on,1104.0,24.6,44.9,0.0,3.0,0.05195,0.004579999949783087,11.3,0.0,3.0,50.0,4.7,11.3,43.8,0.0,0.0,0.0,0.0,602
