GAL,ra,dec,radvel,z,mag,r20,r50,r80,flux_c,flux_e,rpetro_c,rpetro_e,rhalf_c,rhalf_e,Gini,M20,F(G_M20),S(G_M20),SN_per_pixel,C,A,S,M,I,D,Ao,As,Ser_A,Ser_R,Ser_n,Ser_xc,Ser_yc,Ser_ellip,Ser_theta,flag_morph,flag_sersic,ima_sc_pix2arc,ima_sc_arc2kpc,psf_arcsec,size_image_phy_kpc,zp_ima,eta,petro_extent_cas,snr,area_min,debleding,area_min_deblend,skybox_x,skybox_y,sky_method,nsigma,npixels,dilate_size,mask_stars,fwhm,threshold,roundlo,roundhi,sharplo,aper_stars,aper_fact,aper_center,aper_ellip,aper_pa,dr,View,area_segmap_pix,area_psf_pix,ratio_segmap_psf,flag_area,flag_area_th,SN_gal,bck,ratio_SN_gal,flag_SN,flag_SN_th,perc_SN_flag,perc_20_SN_gal,perc_50_SN_gal,perc_80_SN_gal,flag_image,flag_bck,flag_object,flag_statmorph,index
917r,164.23872006270963,7.870673586512466,5000.0,0.1117,nan,2.6133831927176794,5.321641225346825,10.446211938563748,86.90784879911925,90.87811621858094,12.600263337555308,17.925617205394506,6.042283580367105,8.224570929945811,0.5369958218541764,-1.7760795998608947,-0.07104751911822671,-0.04224920074502986,0.32536840438842773,3.008778695376531,0.10799623538800988,0.006049586668115757,0.19298245614035087,0.034653753810929534,0.18264852095386194,0.3708479957952473,0.5779667344758965,0.3824006346860186,4.417921719489393,1.5873071441261535,320.3976489356388,320.11704684721695,0.296316045899426,0.317533802064846,0.0,0.0,0.27,0.34629548650952463,1.7182486,30.0,22.5,0.2,1.5,2.5,5.0,1.0,5.0,5.0,5.0,masking_sources,2.0,5.0,11.0,1.0,3.0,10.0,-0.5,0.5,0.2,5.0,0.5,10.0,0.0,0.0,10.0,Face-on,1124.0,31.8,35.3,0.0,3.0,0.03271,0.0033199999015778303,9.9,0.0,3.0,50.0,4.3,9.9,26.5,0.0,0.0,0.0,0.0,917
