GAL,ra,dec,radvel,z,mag,r20,r50,r80,flux_c,flux_e,rpetro_c,rpetro_e,rhalf_c,rhalf_e,Gini,M20,F(G_M20),S(G_M20),SN_per_pixel,C,A,S,M,I,D,Ao,As,Ser_A,Ser_R,Ser_n,Ser_xc,Ser_yc,Ser_ellip,Ser_theta,flag_morph,flag_sersic,ima_sc_pix2arc,ima_sc_arc2kpc,psf_arcsec,size_image_phy_kpc,zp_ima,eta,petro_extent_cas,snr,area_min,debleding,area_min_deblend,skybox_x,skybox_y,sky_method,nsigma,npixels,dilate_size,mask_stars,fwhm,threshold,roundlo,roundhi,sharplo,aper_stars,aper_fact,aper_center,aper_ellip,aper_pa,dr,View,area_segmap_pix,area_psf_pix,ratio_segmap_psf,flag_area,flag_area_th,SN_gal,bck,ratio_SN_gal,flag_SN,flag_SN_th,perc_SN_flag,perc_20_SN_gal,perc_50_SN_gal,perc_80_SN_gal,flag_image,flag_bck,flag_object,flag_statmorph,index
141r,129.8379026198472,7.509252462454972,5000.0,0.0301,nan,10.618186957263337,24.68954437782438,48.163281735811786,178.92361432827198,177.36554265046348,58.213696382003,89.48373690168737,24.97182048653483,41.12661938399489,0.541279645463562,-1.7151093714433665,-0.0920949605451149,-0.029533353621701675,0.13875135779380798,3.283328516392219,0.05923090133991326,0.037704540060858556,0.08793969849246232,0.2137265176242283,0.03738889858758429,0.1550449711047198,0.3208127151815466,0.04645262339241543,28.901920156786208,0.7567549503141122,318.62307303056457,319.9003662296361,0.6918083361536413,1.9971229826088939,0.0,0.0,0.27,0.34629548650952463,1.2022042,30.0,22.5,0.2,1.5,2.5,5.0,1.0,5.0,5.0,5.0,masking_sources,2.0,5.0,11.0,1.0,3.0,10.0,-0.5,0.5,0.2,5.0,0.5,10.0,0.0,0.0,10.0,Edge-on,3891.0,15.6,249.9,0.0,3.0,0.02672,0.00471000000834465,5.7,0.0,3.0,50.0,3.7,5.7,11.2,0.0,0.0,0.0,0.0,141
