GAL,ra,dec,radvel,z,mag,r20,r50,r80,flux_c,flux_e,rpetro_c,rpetro_e,rhalf_c,rhalf_e,Gini,M20,F(G_M20),S(G_M20),SN_per_pixel,C,A,S,M,I,D,Ao,As,Ser_A,Ser_R,Ser_n,Ser_xc,Ser_yc,Ser_ellip,Ser_theta,flag_morph,flag_sersic,ima_sc_pix2arc,ima_sc_arc2kpc,psf_arcsec,size_image_phy_kpc,zp_ima,eta,petro_extent_cas,snr,area_min,debleding,area_min_deblend,skybox_x,skybox_y,sky_method,nsigma,npixels,dilate_size,mask_stars,fwhm,threshold,roundlo,roundhi,sharplo,aper_stars,aper_fact,aper_center,aper_ellip,aper_pa,dr,View,area_segmap_pix,area_psf_pix,ratio_segmap_psf,flag_area,flag_area_th,SN_gal,bck,ratio_SN_gal,flag_SN,flag_SN_th,perc_SN_flag,perc_20_SN_gal,perc_50_SN_gal,perc_80_SN_gal,flag_image,flag_bck,flag_object,flag_statmorph,index
27r,177.10732325017327,12.395246407862045,5000.0,0.0222,nan,2.929386297751127,5.383198719589033,8.93896677536556,73.79142061186066,74.54485669768613,11.132364512577038,12.985482850043963,5.695996058930992,6.44338337930572,0.4950712811596066,-1.5747627902109576,-0.41808654464375383,-0.055771459491312625,0.3535579741001129,2.4225533863604514,0.16146620453836547,0.05865172614420754,1.0,0.0,0.020894200495986094,0.15567312772004627,0.277779948225412,0.31265120584210687,5.032571501156012,0.6432005998637375,319.8847092456177,320.1708781624796,0.20293504278941965,1.4334189290047368,0.0,0.0,0.27,0.34629548650952463,1.1185762,30.0,22.5,0.2,1.5,2.5,5.0,1.0,5.0,5.0,5.0,masking_sources,2.0,5.0,11.0,1.0,3.0,10.0,-0.5,0.5,0.2,5.0,0.5,10.0,0.0,0.0,10.0,Face-on,722.0,13.5,53.6,0.0,3.0,0.03742,0.004920000210404396,7.6,0.0,3.0,50.0,3.9,7.6,28.7,0.0,0.0,0.0,0.0,27
