GAL,ra,dec,radvel,z,mag,r20,r50,r80,flux_c,flux_e,rpetro_c,rpetro_e,rhalf_c,rhalf_e,Gini,M20,F(G_M20),S(G_M20),SN_per_pixel,C,A,S,M,I,D,Ao,As,Ser_A,Ser_R,Ser_n,Ser_xc,Ser_yc,Ser_ellip,Ser_theta,flag_morph,flag_sersic,ima_sc_pix2arc,ima_sc_arc2kpc,psf_arcsec,size_image_phy_kpc,zp_ima,eta,petro_extent_cas,snr,area_min,debleding,area_min_deblend,skybox_x,skybox_y,sky_method,nsigma,npixels,dilate_size,mask_stars,fwhm,threshold,roundlo,roundhi,sharplo,aper_stars,aper_fact,aper_center,aper_ellip,aper_pa,dr,View,area_segmap_pix,area_psf_pix,ratio_segmap_psf,flag_area,flag_area_th,SN_gal,bck,ratio_SN_gal,flag_SN,flag_SN_th,perc_SN_flag,perc_20_SN_gal,perc_50_SN_gal,perc_80_SN_gal,flag_image,flag_bck,flag_object,flag_statmorph,index
326r,230.4973495831094,-1.9315458888691746,5000.0,0.0372,nan,4.38397647478204,8.940494857827568,15.859591070290834,80.87751997407463,81.46685217845406,20.100716761429855,27.993601436201153,9.387022975288478,12.827363587791726,0.5101934265227798,-1.7577660414436314,-0.21641067199180375,-0.06623798750311277,0.22058932483196259,2.7921188506663217,0.04843950222665541,0.004062216271743261,0.002564102564102564,0.0,0.04669330957173969,0.06539955178681399,0.22027720566288617,0.12246469521466344,10.777889008968051,0.8391571181982547,320.11422693509155,320.69850841069433,0.5371947489269804,1.2438373998693513,0.0,0.0,0.27,0.34629548650952463,1.6112885,30.0,22.5,0.2,1.5,2.5,5.0,1.0,5.0,5.0,5.0,masking_sources,2.0,5.0,11.0,1.0,3.0,10.0,-0.5,0.5,0.2,5.0,0.5,10.0,0.0,0.0,10.0,Edge-on,1606.0,28.0,57.4,0.0,3.0,0.02186,0.002899999963119626,7.5,0.0,3.0,50.0,4.0,7.5,23.1,0.0,0.0,0.0,0.0,326
