GAL,ra,dec,radvel,z,mag,r20,r50,r80,flux_c,flux_e,rpetro_c,rpetro_e,rhalf_c,rhalf_e,Gini,M20,F(G_M20),S(G_M20),SN_per_pixel,C,A,S,M,I,D,Ao,As,Ser_A,Ser_R,Ser_n,Ser_xc,Ser_yc,Ser_ellip,Ser_theta,flag_morph,flag_sersic,ima_sc_pix2arc,ima_sc_arc2kpc,psf_arcsec,size_image_phy_kpc,zp_ima,eta,petro_extent_cas,snr,area_min,debleding,area_min_deblend,skybox_x,skybox_y,sky_method,nsigma,npixels,dilate_size,mask_stars,fwhm,threshold,roundlo,roundhi,sharplo,aper_stars,aper_fact,aper_center,aper_ellip,aper_pa,dr,View,area_segmap_pix,area_psf_pix,ratio_segmap_psf,flag_area,flag_area_th,SN_gal,bck,ratio_SN_gal,flag_SN,flag_SN_th,perc_SN_flag,perc_20_SN_gal,perc_50_SN_gal,perc_80_SN_gal,flag_image,flag_bck,flag_object,flag_statmorph,index
118r,168.83175509440647,4.206740777155642,5000.0,0.0242,nan,8.569798676764396,18.515093486326865,33.749202996747094,177.48591165653687,176.95977737207195,44.60332967581151,56.3181229596081,18.70139419985616,24.188427137655683,0.5393634192206371,-1.7848889059885351,-0.053223063007791005,-0.04112977290397568,0.14809782803058624,2.9764645085027164,-0.013607632298749586,0.012655463079569383,0.009669621273166801,0.032127855588615625,0.14150281444629717,-0.05091650817115823,0.2925418216059513,0.05814894596539739,19.986676753720864,0.7583752305030336,322.4067329739379,321.66249568743285,0.40780115275881185,1.0567050548151884,1.0,0.0,0.27,0.34629548650952463,1.1677877,30.0,22.5,0.2,1.5,2.5,5.0,1.0,5.0,5.0,5.0,masking_sources,2.0,5.0,11.0,1.0,3.0,10.0,-0.5,0.5,0.2,5.0,0.5,10.0,0.0,0.0,10.0,Face-on,4029.0,14.7,274.2,0.0,3.0,0.02277,0.003869999898597598,5.9,0.0,3.0,50.0,3.7,5.9,13.2,0.0,0.0,0.0,0.0,118
