GAL,ra,dec,radvel,z,mag,r20,r50,r80,flux_c,flux_e,rpetro_c,rpetro_e,rhalf_c,rhalf_e,Gini,M20,F(G_M20),S(G_M20),SN_per_pixel,C,A,S,M,I,D,Ao,As,Ser_A,Ser_R,Ser_n,Ser_xc,Ser_yc,Ser_ellip,Ser_theta,flag_morph,flag_sersic,ima_sc_pix2arc,ima_sc_arc2kpc,psf_arcsec,size_image_phy_kpc,zp_ima,eta,petro_extent_cas,snr,area_min,debleding,area_min_deblend,skybox_x,skybox_y,sky_method,nsigma,npixels,dilate_size,mask_stars,fwhm,threshold,roundlo,roundhi,sharplo,aper_stars,aper_fact,aper_center,aper_ellip,aper_pa,dr,View,area_segmap_pix,area_psf_pix,ratio_segmap_psf,flag_area,flag_area_th,SN_gal,bck,ratio_SN_gal,flag_SN,flag_SN_th,perc_SN_flag,perc_20_SN_gal,perc_50_SN_gal,perc_80_SN_gal,flag_image,flag_bck,flag_object,flag_statmorph,index
1148r,173.80405230532583,3.284590219581617,5000.0,0.1077,nan,3.5520522097230764,8.608241364872638,18.07037365616201,276.26768681414904,275.70033487573346,22.121736879852044,24.76775813648592,9.697774230497153,10.825430747807424,0.5656756472321364,-2.0347754963756555,0.25019387278740446,-0.04981490323640109,0.33560922741889954,3.532438961528456,0.055095720531039304,-0.00634319593301876,0.0017825311942959,0.0,0.02180101468408914,0.05948501467516842,0.2916884019796979,0.28408367087913006,8.73211772643348,1.7372074102871586,319.96264786295546,320.1071706336044,0.2466194420133052,2.678318245026114,0.0,0.0,0.27,0.34629548650952463,1.459753,30.0,22.5,0.2,1.5,2.5,5.0,1.0,5.0,5.0,5.0,masking_sources,2.0,5.0,11.0,1.0,3.0,10.0,-0.5,0.5,0.2,5.0,0.5,10.0,0.0,0.0,10.0,Face-on,3175.0,23.0,138.3,0.0,3.0,0.02835,0.0040799998678267,6.9,0.0,3.0,50.0,3.8,6.9,20.7,0.0,0.0,0.0,0.0,1148
