GAL,ra,dec,radvel,z,mag,r20,r50,r80,flux_c,flux_e,rpetro_c,rpetro_e,rhalf_c,rhalf_e,Gini,M20,F(G_M20),S(G_M20),SN_per_pixel,C,A,S,M,I,D,Ao,As,Ser_A,Ser_R,Ser_n,Ser_xc,Ser_yc,Ser_ellip,Ser_theta,flag_morph,flag_sersic,ima_sc_pix2arc,ima_sc_arc2kpc,psf_arcsec,size_image_phy_kpc,zp_ima,eta,petro_extent_cas,snr,area_min,debleding,area_min_deblend,skybox_x,skybox_y,sky_method,nsigma,npixels,dilate_size,mask_stars,fwhm,threshold,roundlo,roundhi,sharplo,aper_stars,aper_fact,aper_center,aper_ellip,aper_pa,dr,View,area_segmap_pix,area_psf_pix,ratio_segmap_psf,flag_area,flag_area_th,SN_gal,bck,ratio_SN_gal,flag_SN,flag_SN_th,perc_SN_flag,perc_20_SN_gal,perc_50_SN_gal,perc_80_SN_gal,flag_image,flag_bck,flag_object,flag_statmorph,index
362r,349.5290451789162,-1.0960223283745223,5000.0,0.0301,nan,6.648291623446522,13.765191199737272,24.88513788583422,174.3871913436778,171.18264815189866,30.444340621205644,38.08484808841154,14.320154827160897,19.307221176874716,0.4699286356123455,-1.495858191451339,-0.5972235270431119,-0.06969493935551407,0.25244706869125366,2.8661499509812094,0.11112672088925894,0.024467443849865773,0.0012594458438287153,0.08293012688050867,0.24770910941335403,0.13516097122865822,0.27148566521224843,0.11050044048845958,20.42128678760919,0.7708985032411991,315.76506940478623,318.5727281151719,0.6561116699131144,0.24867918738475614,0.0,0.0,0.27,0.34629548650952463,1.3948982,30.0,22.5,0.2,1.5,2.5,5.0,1.0,5.0,5.0,5.0,masking_sources,2.0,5.0,11.0,1.0,3.0,10.0,-0.5,0.5,0.2,5.0,0.5,10.0,0.0,0.0,10.0,Edge-on,4151.0,21.0,198.0,0.0,3.0,0.01455,0.0010900000343099236,13.3,0.0,3.0,50.0,4.9,13.3,58.3,0.0,0.0,0.0,0.0,362
