GAL,ra,dec,radvel,z,mag,r20,r50,r80,flux_c,flux_e,rpetro_c,rpetro_e,rhalf_c,rhalf_e,Gini,M20,F(G_M20),S(G_M20),SN_per_pixel,C,A,S,M,I,D,Ao,As,Ser_A,Ser_R,Ser_n,Ser_xc,Ser_yc,Ser_ellip,Ser_theta,flag_morph,flag_sersic,ima_sc_pix2arc,ima_sc_arc2kpc,psf_arcsec,size_image_phy_kpc,zp_ima,eta,petro_extent_cas,snr,area_min,debleding,area_min_deblend,skybox_x,skybox_y,sky_method,nsigma,npixels,dilate_size,mask_stars,fwhm,threshold,roundlo,roundhi,sharplo,aper_stars,aper_fact,aper_center,aper_ellip,aper_pa,dr,View,area_segmap_pix,area_psf_pix,ratio_segmap_psf,flag_area,flag_area_th,SN_gal,bck,ratio_SN_gal,flag_SN,flag_SN_th,perc_SN_flag,perc_20_SN_gal,perc_50_SN_gal,perc_80_SN_gal,flag_image,flag_bck,flag_object,flag_statmorph,index
922r,176.38820172945083,12.252195630167954,5000.0,0.1157,nan,2.4015765444563493,5.759528337829169,13.129505333322388,82.45199375715816,83.28395160659622,15.886844674247554,19.258466158065858,6.401513553007166,7.347776758255379,0.6050069432362046,-2.066995414778551,0.46721219146074855,-0.015355488850376076,0.2340964376926422,3.6887596532672626,-0.028514845253179266,-0.032241755063501916,0.01256281407035176,0.002919428215690322,0.006350841939792966,-0.1534200692588773,0.3396010913995622,0.18256630150188335,5.5175604138806245,1.9587599166532537,320.00147950453146,319.9985089060157,0.2322826973844547,0.2380462760595312,0.0,0.0,0.27,0.34629548650952463,1.0915672,30.0,22.5,0.2,1.5,2.5,5.0,1.0,5.0,5.0,5.0,masking_sources,2.0,5.0,11.0,1.0,3.0,10.0,-0.5,0.5,0.2,5.0,0.5,10.0,0.0,0.0,10.0,Face-on,918.0,12.8,71.5,0.0,3.0,0.03132,0.005799999926239252,5.4,0.0,3.0,50.0,3.5,5.4,13.0,0.0,0.0,0.0,0.0,922
