GAL,ra,dec,radvel,z,mag,r20,r50,r80,flux_c,flux_e,rpetro_c,rpetro_e,rhalf_c,rhalf_e,Gini,M20,F(G_M20),S(G_M20),SN_per_pixel,C,A,S,M,I,D,Ao,As,Ser_A,Ser_R,Ser_n,Ser_xc,Ser_yc,Ser_ellip,Ser_theta,flag_morph,flag_sersic,ima_sc_pix2arc,ima_sc_arc2kpc,psf_arcsec,size_image_phy_kpc,zp_ima,eta,petro_extent_cas,snr,area_min,debleding,area_min_deblend,skybox_x,skybox_y,sky_method,nsigma,npixels,dilate_size,mask_stars,fwhm,threshold,roundlo,roundhi,sharplo,aper_stars,aper_fact,aper_center,aper_ellip,aper_pa,dr,View,area_segmap_pix,area_psf_pix,ratio_segmap_psf,flag_area,flag_area_th,SN_gal,bck,ratio_SN_gal,flag_SN,flag_SN_th,perc_SN_flag,perc_20_SN_gal,perc_50_SN_gal,perc_80_SN_gal,flag_image,flag_bck,flag_object,flag_statmorph,index
699r,336.800270785897,-0.10396614541593302,5000.0,0.1027,nan,4.386310987880035,8.940110986542953,16.693830144876703,74.63539889442637,74.81931066664107,20.212596955162144,26.620377268146104,9.174905425270008,10.395700660779173,0.5556556250746265,-1.796880024178027,0.03573320087477416,-0.026667254536865526,0.17424751818180084,2.9022828530222973,0.1830247098528049,0.0021995805645183934,0.11599099099099099,0.061174511185171934,0.0872743674358625,0.3245239901144787,0.3732965187760377,0.09586496242588995,8.10814687775054,0.8459381426876453,319.41452233788743,320.1711544537232,0.06881904198096477,0.105138009700124,0.0,0.0,0.27,0.34629548650952463,1.1427349,30.0,22.5,0.2,1.5,2.5,5.0,1.0,5.0,5.0,5.0,masking_sources,2.0,5.0,11.0,1.0,3.0,10.0,-0.5,0.5,0.2,5.0,0.5,10.0,0.0,0.0,10.0,Face-on,1716.0,14.1,122.0,0.0,3.0,0.01947,0.0023799999617040157,8.2,0.0,3.0,50.0,4.5,8.2,23.2,0.0,0.0,0.0,0.0,699
