GAL,ra,dec,radvel,z,mag,r20,r50,r80,flux_c,flux_e,rpetro_c,rpetro_e,rhalf_c,rhalf_e,Gini,M20,F(G_M20),S(G_M20),SN_per_pixel,C,A,S,M,I,D,Ao,As,Ser_A,Ser_R,Ser_n,Ser_xc,Ser_yc,Ser_ellip,Ser_theta,flag_morph,flag_sersic,ima_sc_pix2arc,ima_sc_arc2kpc,psf_arcsec,size_image_phy_kpc,zp_ima,eta,petro_extent_cas,snr,area_min,debleding,area_min_deblend,skybox_x,skybox_y,sky_method,nsigma,npixels,dilate_size,mask_stars,fwhm,threshold,roundlo,roundhi,sharplo,aper_stars,aper_fact,aper_center,aper_ellip,aper_pa,dr,View,area_segmap_pix,area_psf_pix,ratio_segmap_psf,flag_area,flag_area_th,SN_gal,bck,ratio_SN_gal,flag_SN,flag_SN_th,perc_SN_flag,perc_20_SN_gal,perc_50_SN_gal,perc_80_SN_gal,flag_image,flag_bck,flag_object,flag_statmorph,index
803r,232.8572811474616,0.08041927985513915,5000.0,0.0819,nan,3.0944780535790053,6.8719135176448765,12.168976686640196,112.70313375844984,112.58054897571876,15.035903342937086,18.049851435405472,7.389518551118063,9.16252715645727,0.4881905479669389,-1.895126194260252,-0.23013433494129787,-0.10711389851490555,0.3471877872943878,2.973333260562473,0.050535965047383974,0.009191343295726719,0.0016891891891891893,0.0,0.017989870912087366,0.11528820221688368,0.23078156597992613,0.25739925612782627,7.41011588293011,0.9867852494234126,320.12691372049227,319.93374473508493,0.4062780044360654,1.9025287862818718,0.0,0.0,0.27,0.34629548650952463,1.3344653,30.0,22.5,0.2,1.5,2.5,5.0,1.0,5.0,5.0,5.0,masking_sources,2.0,5.0,11.0,1.0,3.0,10.0,-0.5,0.5,0.2,5.0,0.5,10.0,0.0,0.0,10.0,Face-on,1569.0,19.2,81.8,0.0,3.0,0.02285,0.0032399999909102917,7.1,0.0,3.0,50.0,4.0,7.1,27.5,0.0,0.0,0.0,0.0,803
