GAL,ra,dec,radvel,z,mag,r20,r50,r80,flux_c,flux_e,rpetro_c,rpetro_e,rhalf_c,rhalf_e,Gini,M20,F(G_M20),S(G_M20),SN_per_pixel,C,A,S,M,I,D,Ao,As,Ser_A,Ser_R,Ser_n,Ser_xc,Ser_yc,Ser_ellip,Ser_theta,flag_morph,flag_sersic,ima_sc_pix2arc,ima_sc_arc2kpc,psf_arcsec,size_image_phy_kpc,zp_ima,eta,petro_extent_cas,snr,area_min,debleding,area_min_deblend,skybox_x,skybox_y,sky_method,nsigma,npixels,dilate_size,mask_stars,fwhm,threshold,roundlo,roundhi,sharplo,aper_stars,aper_fact,aper_center,aper_ellip,aper_pa,dr,View,area_segmap_pix,area_psf_pix,ratio_segmap_psf,flag_area,flag_area_th,SN_gal,bck,ratio_SN_gal,flag_SN,flag_SN_th,perc_SN_flag,perc_20_SN_gal,perc_50_SN_gal,perc_80_SN_gal,flag_image,flag_bck,flag_object,flag_statmorph,index
723r,191.6430660063363,1.9818558978663483,5000.0,0.106,nan,5.4792923036961785,11.422320575857457,18.953058148495828,114.34874078818186,114.15528791150237,24.27585141099404,26.258164682854645,11.500587334006115,12.503562098755896,0.47444052286818206,-1.8325690975651938,-0.3415490271898194,-0.1120309869220617,0.22776436805725098,2.6947741284192084,0.1499601182056508,0.04075547790814952,0.0014492753623188406,0.0,0.01685459371384179,0.21247868580161008,0.24080953294417623,0.09394766194677558,12.020973601374974,0.5515872420836395,319.78241907774486,319.2997048856806,0.164009615629788,1.5386742626043404,0.0,0.0,0.27,0.34629548650952463,1.1007128,30.0,22.5,0.2,1.5,2.5,5.0,1.0,5.0,5.0,5.0,masking_sources,2.0,5.0,11.0,1.0,3.0,10.0,-0.5,0.5,0.2,5.0,0.5,10.0,0.0,0.0,10.0,Face-on,2834.0,13.1,217.1,0.0,3.0,0.0199,0.0010100000072270632,19.6,0.0,3.0,50.0,5.8,19.6,61.6,0.0,0.0,0.0,0.0,723
