GAL,ra,dec,radvel,z,mag,r20,r50,r80,flux_c,flux_e,rpetro_c,rpetro_e,rhalf_c,rhalf_e,Gini,M20,F(G_M20),S(G_M20),SN_per_pixel,C,A,S,M,I,D,Ao,As,Ser_A,Ser_R,Ser_n,Ser_xc,Ser_yc,Ser_ellip,Ser_theta,flag_morph,flag_sersic,ima_sc_pix2arc,ima_sc_arc2kpc,psf_arcsec,size_image_phy_kpc,zp_ima,eta,petro_extent_cas,snr,area_min,debleding,area_min_deblend,skybox_x,skybox_y,sky_method,nsigma,npixels,dilate_size,mask_stars,fwhm,threshold,roundlo,roundhi,sharplo,aper_stars,aper_fact,aper_center,aper_ellip,aper_pa,dr,View,area_segmap_pix,area_psf_pix,ratio_segmap_psf,flag_area,flag_area_th,SN_gal,bck,ratio_SN_gal,flag_SN,flag_SN_th,perc_SN_flag,perc_20_SN_gal,perc_50_SN_gal,perc_80_SN_gal,flag_image,flag_bck,flag_object,flag_statmorph,index
928r,152.1350117835769,1.3870250324752815,5000.0,0.0951,nan,3.555283453879517,7.099758483333986,11.661259807931389,125.91049449230334,126.77364292307516,14.596757531265247,17.88633799689408,8.052251495893495,9.960978676406825,0.45385678828482984,-1.7359009375168306,-0.5104295482909289,-0.11897200991285795,0.39274492859840393,2.5793561984712787,0.03956248001691648,0.0012139173957784518,0.0,0.0,0.027625836306649876,0.08999452399019184,0.4841622670052633,0.28090400209343425,8.193613426129014,0.9401977869792375,319.74450718999304,319.98797967153246,0.4546204272910166,2.612328411391576,0.0,0.0,0.27,0.34629548650952463,1.3498995,30.0,22.5,0.2,1.5,2.5,5.0,1.0,5.0,5.0,5.0,masking_sources,2.0,5.0,11.0,1.0,3.0,10.0,-0.5,0.5,0.2,5.0,0.5,10.0,0.0,0.0,10.0,Face-on,1473.0,19.6,75.0,0.0,3.0,0.02429,0.0028699999675154686,8.5,0.0,3.0,50.0,4.2,8.5,41.4,0.0,0.0,0.0,0.0,928
