GAL,ra,dec,radvel,z,mag,r20,r50,r80,flux_c,flux_e,rpetro_c,rpetro_e,rhalf_c,rhalf_e,Gini,M20,F(G_M20),S(G_M20),SN_per_pixel,C,A,S,M,I,D,Ao,As,Ser_A,Ser_R,Ser_n,Ser_xc,Ser_yc,Ser_ellip,Ser_theta,flag_morph,flag_sersic,ima_sc_pix2arc,ima_sc_arc2kpc,psf_arcsec,size_image_phy_kpc,zp_ima,eta,petro_extent_cas,snr,area_min,debleding,area_min_deblend,skybox_x,skybox_y,sky_method,nsigma,npixels,dilate_size,mask_stars,fwhm,threshold,roundlo,roundhi,sharplo,aper_stars,aper_fact,aper_center,aper_ellip,aper_pa,dr,View,area_segmap_pix,area_psf_pix,ratio_segmap_psf,flag_area,flag_area_th,SN_gal,bck,ratio_SN_gal,flag_SN,flag_SN_th,perc_SN_flag,perc_20_SN_gal,perc_50_SN_gal,perc_80_SN_gal,flag_image,flag_bck,flag_object,flag_statmorph,index
186r,201.9521800314946,3.0906092295142216,5000.0,0.019,nan,10.428635071302342,21.981120486818185,36.503624624332545,273.1029101264643,273.8253167513901,45.514234204047376,60.99903783808683,22.615744068410116,29.9236340054768,0.5683026246235847,-1.56845737699524,-0.059961045855554396,0.017604022975010458,0.1868063062429428,2.720542596762674,0.10521353718945385,0.058640700550009715,0.0021008403361344537,0.38383011914588644,0.09193015661000117,0.04596937334076818,0.16864893578567805,0.09694240967256584,25.163981698734485,0.7468379281885194,320.66001869028014,322.9681002049195,0.5368532078866358,1.557319432951604,0.0,0.0,0.27,0.34629548650952463,1.443711,30.0,22.5,0.2,1.5,2.5,5.0,1.0,5.0,5.0,5.0,masking_sources,2.0,5.0,11.0,1.0,3.0,10.0,-0.5,0.5,0.2,5.0,0.5,10.0,0.0,0.0,10.0,Edge-on,7761.0,22.5,345.6,0.0,3.0,0.01391,0.001610000035725534,8.6,0.0,3.0,50.0,4.4,8.6,27.4,0.0,0.0,0.0,0.0,186
