GAL,ra,dec,radvel,z,mag,r20,r50,r80,flux_c,flux_e,rpetro_c,rpetro_e,rhalf_c,rhalf_e,Gini,M20,F(G_M20),S(G_M20),SN_per_pixel,C,A,S,M,I,D,Ao,As,Ser_A,Ser_R,Ser_n,Ser_xc,Ser_yc,Ser_ellip,Ser_theta,flag_morph,flag_sersic,ima_sc_pix2arc,ima_sc_arc2kpc,psf_arcsec,size_image_phy_kpc,zp_ima,eta,petro_extent_cas,snr,area_min,debleding,area_min_deblend,skybox_x,skybox_y,sky_method,nsigma,npixels,dilate_size,mask_stars,fwhm,threshold,roundlo,roundhi,sharplo,aper_stars,aper_fact,aper_center,aper_ellip,aper_pa,dr,View,area_segmap_pix,area_psf_pix,ratio_segmap_psf,flag_area,flag_area_th,SN_gal,bck,ratio_SN_gal,flag_SN,flag_SN_th,perc_SN_flag,perc_20_SN_gal,perc_50_SN_gal,perc_80_SN_gal,flag_image,flag_bck,flag_object,flag_statmorph,index
786r,156.91143966461115,5.924023261742352,5000.0,0.0558,nan,2.9615915830342234,6.935166001838697,15.173445958678911,182.2202595302249,182.11003665151782,19.26929724005096,20.299537335085507,7.311023657313297,7.705771124267154,0.5895543272765403,-2.059824084963232,0.3857520108983943,-0.029656763806114372,0.30975013971328735,3.54779527557542,0.0421097922295104,0.035150295700633376,0.006906077348066298,0.005750267073770993,0.007709982553234686,0.0766302660516154,0.19264419606675512,0.3213327161069538,6.06694665584738,1.7046231266302838,319.9996470794339,319.99878323153416,0.10989067905257893,1.6115517962818604,0.0,0.0,0.27,0.34629548650952463,1.4029623,30.0,22.5,0.2,1.5,2.5,5.0,1.0,5.0,5.0,5.0,masking_sources,2.0,5.0,11.0,1.0,3.0,10.0,-0.5,0.5,0.2,5.0,0.5,10.0,0.0,0.0,10.0,Face-on,2221.0,21.2,104.7,0.0,3.0,0.02865,0.003539999946951866,8.1,0.0,3.0,50.0,4.2,8.1,20.9,0.0,0.0,0.0,0.0,786
