GAL,ra,dec,radvel,z,mag,r20,r50,r80,flux_c,flux_e,rpetro_c,rpetro_e,rhalf_c,rhalf_e,Gini,M20,F(G_M20),S(G_M20),SN_per_pixel,C,A,S,M,I,D,Ao,As,Ser_A,Ser_R,Ser_n,Ser_xc,Ser_yc,Ser_ellip,Ser_theta,flag_morph,flag_sersic,ima_sc_pix2arc,ima_sc_arc2kpc,psf_arcsec,size_image_phy_kpc,zp_ima,eta,petro_extent_cas,snr,area_min,debleding,area_min_deblend,skybox_x,skybox_y,sky_method,nsigma,npixels,dilate_size,mask_stars,fwhm,threshold,roundlo,roundhi,sharplo,aper_stars,aper_fact,aper_center,aper_ellip,aper_pa,dr,View,area_segmap_pix,area_psf_pix,ratio_segmap_psf,flag_area,flag_area_th,SN_gal,bck,ratio_SN_gal,flag_SN,flag_SN_th,perc_SN_flag,perc_20_SN_gal,perc_50_SN_gal,perc_80_SN_gal,flag_image,flag_bck,flag_object,flag_statmorph,index
266r,321.35245174866157,0.10317041725880294,5000.0,0.0335,nan,3.1120396526767173,6.189903485718969,10.906664477720938,137.78611891062656,137.81023089799453,13.877138776168616,15.545621111587689,6.393903039409412,7.152839379320468,0.5001785978896084,-1.7643393140442027,-0.2614287958138055,-0.07706635274143195,0.40335631370544434,2.7232341555727135,0.04663398808608008,0.00041448180024273803,0.0,0.0,0.01029489871599575,0.08208632100666226,0.30497479639754155,0.3661660890208648,6.335515477323721,0.9415720224477981,319.99843118215665,319.89721678411274,0.22403952306536415,2.7518193041291625,0.0,0.0,0.27,0.34629548650952463,1.2456651,30.0,22.5,0.2,1.5,2.5,5.0,1.0,5.0,5.0,5.0,masking_sources,2.0,5.0,11.0,1.0,3.0,10.0,-0.5,0.5,0.2,5.0,0.5,10.0,0.0,0.0,10.0,Face-on,1285.0,16.7,76.9,0.0,3.0,0.03624,0.0024999999441206455,14.5,0.0,3.0,50.0,5.1,14.5,55.6,0.0,0.0,0.0,0.0,266
