GAL,ra,dec,radvel,z,mag,r20,r50,r80,flux_c,flux_e,rpetro_c,rpetro_e,rhalf_c,rhalf_e,Gini,M20,F(G_M20),S(G_M20),SN_per_pixel,C,A,S,M,I,D,Ao,As,Ser_A,Ser_R,Ser_n,Ser_xc,Ser_yc,Ser_ellip,Ser_theta,flag_morph,flag_sersic,ima_sc_pix2arc,ima_sc_arc2kpc,psf_arcsec,size_image_phy_kpc,zp_ima,eta,petro_extent_cas,snr,area_min,debleding,area_min_deblend,skybox_x,skybox_y,sky_method,nsigma,npixels,dilate_size,mask_stars,fwhm,threshold,roundlo,roundhi,sharplo,aper_stars,aper_fact,aper_center,aper_ellip,aper_pa,dr,View,area_segmap_pix,area_psf_pix,ratio_segmap_psf,flag_area,flag_area_th,SN_gal,bck,ratio_SN_gal,flag_SN,flag_SN_th,perc_SN_flag,perc_20_SN_gal,perc_50_SN_gal,perc_80_SN_gal,flag_image,flag_bck,flag_object,flag_statmorph,index
431r,33.62391038915172,12.55860478667423,5000.0,0.0614,nan,4.678322634483888,9.075662783356497,15.709840741267913,69.61949576615825,69.75444375020521,20.05632814655758,25.355732898435058,9.195497865722565,11.681267330351034,0.4832880477793311,-1.4918590265985658,-0.5338658580595048,-0.05591323739566284,0.20936909317970276,2.630408066656808,0.2011784308224684,-0.005133575283113375,0.0009250693802035153,0.0,0.12209821035673576,0.14549226175838775,0.22571734865094786,0.09170910286090894,11.20473012258709,0.6690285004661642,318.3101534511683,319.64043607266893,0.4469202930873778,0.9248213139165594,2.0,0.0,0.27,0.34629548650952463,1.4426419,30.0,22.5,0.2,1.5,2.5,5.0,1.0,5.0,5.0,5.0,masking_sources,2.0,5.0,11.0,1.0,3.0,10.0,-0.5,0.5,0.2,5.0,0.5,10.0,0.0,0.0,10.0,Face-on,1996.0,22.4,89.0,0.0,3.0,0.01425,0.0010000000474974513,14.3,0.0,3.0,50.0,5.2,14.3,53.3,0.0,0.0,0.0,0.0,431
