GAL,ra,dec,radvel,z,mag,r20,r50,r80,flux_c,flux_e,rpetro_c,rpetro_e,rhalf_c,rhalf_e,Gini,M20,F(G_M20),S(G_M20),SN_per_pixel,C,A,S,M,I,D,Ao,As,Ser_A,Ser_R,Ser_n,Ser_xc,Ser_yc,Ser_ellip,Ser_theta,flag_morph,flag_sersic,ima_sc_pix2arc,ima_sc_arc2kpc,psf_arcsec,size_image_phy_kpc,zp_ima,eta,petro_extent_cas,snr,area_min,debleding,area_min_deblend,skybox_x,skybox_y,sky_method,nsigma,npixels,dilate_size,mask_stars,fwhm,threshold,roundlo,roundhi,sharplo,aper_stars,aper_fact,aper_center,aper_ellip,aper_pa,dr,View,area_segmap_pix,area_psf_pix,ratio_segmap_psf,flag_area,flag_area_th,SN_gal,bck,ratio_SN_gal,flag_SN,flag_SN_th,perc_SN_flag,perc_20_SN_gal,perc_50_SN_gal,perc_80_SN_gal,flag_image,flag_bck,flag_object,flag_statmorph,index
819r,176.16266817691186,2.918311106538022,5000.0,0.1018,nan,13.27357204114766,20.381520404625142,28.569249279679365,135.0172088426905,131.66825125195723,35.56946685227848,49.588648388619035,20.510962600653126,26.411922098139183,0.5754636085599613,-1.2300807487109031,-0.25900917877153606,0.07172774840354618,0.17336545884609222,1.6645550861168836,0.14557115964414855,0.07818787533513473,0.47186932849364793,0.191356119261753,0.32582755199023805,0.10273172349777045,0.22406807951981084,0.04685671954179362,25.008998311106282,0.22666131849067794,337.03055287459546,317.96095018408175,0.6025713819273658,3.0681420393181575,0.0,0.0,0.27,0.34629548650952463,1.6156262,30.0,22.5,0.2,1.5,2.5,5.0,1.0,5.0,5.0,5.0,masking_sources,2.0,5.0,11.0,1.0,3.0,10.0,-0.5,0.5,0.2,5.0,0.5,10.0,0.0,0.0,10.0,Edge-on,2723.0,28.1,96.8,0.0,3.0,0.02335,0.0033199999015778303,7.0,0.0,3.0,50.0,3.8,7.0,17.6,0.0,0.0,0.0,0.0,819
