GAL,ra,dec,radvel,z,mag,r20,r50,r80,flux_c,flux_e,rpetro_c,rpetro_e,rhalf_c,rhalf_e,Gini,M20,F(G_M20),S(G_M20),SN_per_pixel,C,A,S,M,I,D,Ao,As,Ser_A,Ser_R,Ser_n,Ser_xc,Ser_yc,Ser_ellip,Ser_theta,flag_morph,flag_sersic,ima_sc_pix2arc,ima_sc_arc2kpc,psf_arcsec,size_image_phy_kpc,zp_ima,eta,petro_extent_cas,snr,area_min,debleding,area_min_deblend,skybox_x,skybox_y,sky_method,nsigma,npixels,dilate_size,mask_stars,fwhm,threshold,roundlo,roundhi,sharplo,aper_stars,aper_fact,aper_center,aper_ellip,aper_pa,dr,View,area_segmap_pix,area_psf_pix,ratio_segmap_psf,flag_area,flag_area_th,SN_gal,bck,ratio_SN_gal,flag_SN,flag_SN_th,perc_SN_flag,perc_20_SN_gal,perc_50_SN_gal,perc_80_SN_gal,flag_image,flag_bck,flag_object,flag_statmorph,index
324r,138.8144034309577,9.546274327108687,5000.0,0.04,nan,3.948908710465756,7.294672941299299,12.47307031541382,104.79887750937056,104.75235026985604,15.82523035343457,20.86486332872838,7.658106807948581,10.06589837362149,0.47860997353069684,-1.580615120739901,-0.49551435235029917,-0.0728816279874564,0.32251131534576416,2.4974813832649723,0.040953007846378106,0.006425071505765088,0.002512562814070352,0.0,0.022259298391649415,0.10571982184427182,0.3400300647483597,0.22447730904910726,9.268371557652976,0.6717785686580409,319.9221076982544,320.26830811655105,0.4992007303727984,1.391114062946256,1.0,0.0,0.27,0.34629548650952463,1.070211,30.0,22.5,0.2,1.5,2.5,5.0,1.0,5.0,5.0,5.0,masking_sources,2.0,5.0,11.0,1.0,3.0,10.0,-0.5,0.5,0.2,5.0,0.5,10.0,0.0,0.0,10.0,Face-on,994.0,12.3,80.6,0.0,3.0,0.04763,0.005289999768137932,9.0,0.0,3.0,50.0,4.2,9.0,29.5,0.0,0.0,0.0,0.0,324
