GAL,ra,dec,radvel,z,mag,r20,r50,r80,flux_c,flux_e,rpetro_c,rpetro_e,rhalf_c,rhalf_e,Gini,M20,F(G_M20),S(G_M20),SN_per_pixel,C,A,S,M,I,D,Ao,As,Ser_A,Ser_R,Ser_n,Ser_xc,Ser_yc,Ser_ellip,Ser_theta,flag_morph,flag_sersic,ima_sc_pix2arc,ima_sc_arc2kpc,psf_arcsec,size_image_phy_kpc,zp_ima,eta,petro_extent_cas,snr,area_min,debleding,area_min_deblend,skybox_x,skybox_y,sky_method,nsigma,npixels,dilate_size,mask_stars,fwhm,threshold,roundlo,roundhi,sharplo,aper_stars,aper_fact,aper_center,aper_ellip,aper_pa,dr,View,area_segmap_pix,area_psf_pix,ratio_segmap_psf,flag_area,flag_area_th,SN_gal,bck,ratio_SN_gal,flag_SN,flag_SN_th,perc_SN_flag,perc_20_SN_gal,perc_50_SN_gal,perc_80_SN_gal,flag_image,flag_bck,flag_object,flag_statmorph,index
62r,144.1118801824868,9.606273471365062,5000.0,0.0187,nan,10.20650049327006,21.35149047774169,36.50640748243898,127.39577635350928,127.46193304770858,46.83839961062736,50.420368578728564,21.36203636411821,22.55955612484641,0.4960981392988443,-1.7663586415526915,-0.28022767187470565,-0.08138669326996834,0.11988188326358795,2.7674611808334544,0.28518407220392994,0.15083302056566172,0.04573643410852713,0.08673921293933638,0.08377068590705827,0.36085773046418534,0.36122119065752234,0.038200505965343655,15.507474875024968,0.6143493239255046,317.5650754820163,321.9196721909256,0.07364410922981025,0.9051693621911899,0.0,0.0,0.27,0.34629548650952463,1.2282887,30.0,22.5,0.2,1.5,2.5,5.0,1.0,5.0,5.0,5.0,masking_sources,2.0,5.0,11.0,1.0,3.0,10.0,-0.5,0.5,0.2,5.0,0.5,10.0,0.0,0.0,10.0,Face-on,2825.0,16.3,173.8,0.0,3.0,0.02443,0.004840000066906214,5.0,0.0,3.0,50.0,3.5,5.0,8.8,0.0,0.0,0.0,0.0,62
