GAL,ra,dec,radvel,z,mag,r20,r50,r80,flux_c,flux_e,rpetro_c,rpetro_e,rhalf_c,rhalf_e,Gini,M20,F(G_M20),S(G_M20),SN_per_pixel,C,A,S,M,I,D,Ao,As,Ser_A,Ser_R,Ser_n,Ser_xc,Ser_yc,Ser_ellip,Ser_theta,flag_morph,flag_sersic,ima_sc_pix2arc,ima_sc_arc2kpc,psf_arcsec,size_image_phy_kpc,zp_ima,eta,petro_extent_cas,snr,area_min,debleding,area_min_deblend,skybox_x,skybox_y,sky_method,nsigma,npixels,dilate_size,mask_stars,fwhm,threshold,roundlo,roundhi,sharplo,aper_stars,aper_fact,aper_center,aper_ellip,aper_pa,dr,View,area_segmap_pix,area_psf_pix,ratio_segmap_psf,flag_area,flag_area_th,SN_gal,bck,ratio_SN_gal,flag_SN,flag_SN_th,perc_SN_flag,perc_20_SN_gal,perc_50_SN_gal,perc_80_SN_gal,flag_image,flag_bck,flag_object,flag_statmorph,index
116r,177.41394012681886,3.221788199929015,5000.0,0.0199,nan,7.2065356865076415,14.032583378155284,23.251964696526915,177.6854418898421,177.8052729832018,29.35680293137279,31.85651103319461,14.102872668182611,15.850160622916139,0.4590452113378192,-1.6251358263916968,-0.5615070761883487,-0.0984391206440049,0.22956441342830658,2.5436655665542185,0.12184258118864816,0.0213556911172961,0.0032725572697522207,0.0052221446602302895,0.12722792652558065,0.09249133352048622,0.24523299738419949,0.10441389895586689,13.993066479204893,0.5865763185265721,317.6296747296953,321.3290125938001,0.20016751960473314,2.9331938254536545,0.0,0.0,0.27,0.34629548650952463,1.4896379,30.0,22.5,0.2,1.5,2.5,5.0,1.0,5.0,5.0,5.0,masking_sources,2.0,5.0,11.0,1.0,3.0,10.0,-0.5,0.5,0.2,5.0,0.5,10.0,0.0,0.0,10.0,Face-on,2589.0,23.9,108.3,0.0,3.0,0.03997,0.004530000034719706,8.8,0.0,3.0,50.0,3.9,8.8,21.2,0.0,0.0,0.0,0.0,116
