GAL,ra,dec,radvel,z,mag,r20,r50,r80,flux_c,flux_e,rpetro_c,rpetro_e,rhalf_c,rhalf_e,Gini,M20,F(G_M20),S(G_M20),SN_per_pixel,C,A,S,M,I,D,Ao,As,Ser_A,Ser_R,Ser_n,Ser_xc,Ser_yc,Ser_ellip,Ser_theta,flag_morph,flag_sersic,ima_sc_pix2arc,ima_sc_arc2kpc,psf_arcsec,size_image_phy_kpc,zp_ima,eta,petro_extent_cas,snr,area_min,debleding,area_min_deblend,skybox_x,skybox_y,sky_method,nsigma,npixels,dilate_size,mask_stars,fwhm,threshold,roundlo,roundhi,sharplo,aper_stars,aper_fact,aper_center,aper_ellip,aper_pa,dr,View,area_segmap_pix,area_psf_pix,ratio_segmap_psf,flag_area,flag_area_th,SN_gal,bck,ratio_SN_gal,flag_SN,flag_SN_th,perc_SN_flag,perc_20_SN_gal,perc_50_SN_gal,perc_80_SN_gal,flag_image,flag_bck,flag_object,flag_statmorph,index
859r,157.0927650895473,-0.06729743421900986,5000.0,0.0948,nan,2.153954763482894,4.348221455510014,8.109699931871367,80.16090172578257,80.15536829833094,10.191749932608209,10.265309961867564,4.652964770406611,4.687747487559412,0.5234726025927067,-1.786167686493647,-0.13099641042600396,-0.05703943185583743,0.4053674042224884,2.87884103471848,0.006034882244901079,0.06614379758208569,0.0,0.0,0.01862696790333948,-0.037301663735531475,0.20710171398278704,0.47192286744560413,3.5084175827048023,1.5819337353799652,320.0375660100622,320.21353041342167,0.11411597873779424,2.510092000126747,0.0,0.0,0.27,0.34629548650952463,1.3810238,30.0,22.5,0.2,1.5,2.5,5.0,1.0,5.0,5.0,5.0,masking_sources,2.0,5.0,11.0,1.0,3.0,10.0,-0.5,0.5,0.2,5.0,0.5,10.0,0.0,0.0,10.0,Face-on,770.0,20.5,37.5,0.0,3.0,0.03216,0.0035699999425560236,9.0,0.0,3.0,50.0,4.1,9.0,31.8,0.0,0.0,0.0,0.0,859
