GAL,ra,dec,radvel,z,mag,r20,r50,r80,flux_c,flux_e,rpetro_c,rpetro_e,rhalf_c,rhalf_e,Gini,M20,F(G_M20),S(G_M20),SN_per_pixel,C,A,S,M,I,D,Ao,As,Ser_A,Ser_R,Ser_n,Ser_xc,Ser_yc,Ser_ellip,Ser_theta,flag_morph,flag_sersic,ima_sc_pix2arc,ima_sc_arc2kpc,psf_arcsec,size_image_phy_kpc,zp_ima,eta,petro_extent_cas,snr,area_min,debleding,area_min_deblend,skybox_x,skybox_y,sky_method,nsigma,npixels,dilate_size,mask_stars,fwhm,threshold,roundlo,roundhi,sharplo,aper_stars,aper_fact,aper_center,aper_ellip,aper_pa,dr,View,area_segmap_pix,area_psf_pix,ratio_segmap_psf,flag_area,flag_area_th,SN_gal,bck,ratio_SN_gal,flag_SN,flag_SN_th,perc_SN_flag,perc_20_SN_gal,perc_50_SN_gal,perc_80_SN_gal,flag_image,flag_bck,flag_object,flag_statmorph,index
669r,13.509773307607977,-9.488077600162399,5000.0,0.0785,nan,4.18563341563802,7.742809748411287,12.864490078674041,113.4234602817022,113.17147570654836,16.355400164476684,19.64329428114912,7.821489279352461,9.907230549290405,0.435368459312108,-1.614189602362408,-0.6862927319679164,-0.12035758000938784,0.3397637903690338,2.438156934469189,0.08959017360563673,0.038536094195045556,0.0,0.0,0.07342765140890517,0.053033352023664215,0.20031318692728714,0.22926087793759994,9.110605342359872,0.5353251385002168,319.85569997508503,321.0191444992174,0.39917618936106436,2.1133397403392147,0.0,0.0,0.27,0.34629548650952463,1.1980432,30.0,22.5,0.2,1.5,2.5,5.0,1.0,5.0,5.0,5.0,masking_sources,2.0,5.0,11.0,1.0,3.0,10.0,-0.5,0.5,0.2,5.0,0.5,10.0,0.0,0.0,10.0,Face-on,1107.0,15.5,71.6,0.0,3.0,0.05021,0.003860000055283308,13.0,0.0,3.0,50.0,4.7,13.0,43.0,0.0,0.0,0.0,0.0,669
