GAL,ra,dec,radvel,z,mag,r20,r50,r80,flux_c,flux_e,rpetro_c,rpetro_e,rhalf_c,rhalf_e,Gini,M20,F(G_M20),S(G_M20),SN_per_pixel,C,A,S,M,I,D,Ao,As,Ser_A,Ser_R,Ser_n,Ser_xc,Ser_yc,Ser_ellip,Ser_theta,flag_morph,flag_sersic,ima_sc_pix2arc,ima_sc_arc2kpc,psf_arcsec,size_image_phy_kpc,zp_ima,eta,petro_extent_cas,snr,area_min,debleding,area_min_deblend,skybox_x,skybox_y,sky_method,nsigma,npixels,dilate_size,mask_stars,fwhm,threshold,roundlo,roundhi,sharplo,aper_stars,aper_fact,aper_center,aper_ellip,aper_pa,dr,View,area_segmap_pix,area_psf_pix,ratio_segmap_psf,flag_area,flag_area_th,SN_gal,bck,ratio_SN_gal,flag_SN,flag_SN_th,perc_SN_flag,perc_20_SN_gal,perc_50_SN_gal,perc_80_SN_gal,flag_image,flag_bck,flag_object,flag_statmorph,index
1089r,4.86539718258085,-10.870273048796603,5000.0,0.0883,nan,2.5191570831442975,5.277491153729135,10.201394927915208,110.37654633899646,110.74438111973302,12.806773648093348,17.650848480735647,5.542775719914676,7.9091354455420575,0.519627259469493,-1.8733928238306248,-0.08958383871138675,-0.07297061563765883,0.4062632918357849,3.0370215591182683,-0.005119335783846693,0.0006021535431968414,0.002967359050445104,0.0,0.0112056213831115,-0.11043143999725911,0.20892268015139923,0.47362682890285357,6.381443629284315,1.2428815042310257,319.9351813656213,320.14026770612423,0.5898031207102619,2.218478893483375,0.0,0.0,0.27,0.34629548650952463,1.3931893,30.0,22.5,0.2,1.5,2.5,5.0,1.0,5.0,5.0,5.0,masking_sources,2.0,5.0,11.0,1.0,3.0,10.0,-0.5,0.5,0.2,5.0,0.5,10.0,0.0,0.0,10.0,Edge-on,911.0,20.9,43.6,0.0,3.0,0.04385,0.004209999926388264,10.4,0.0,3.0,50.0,4.3,10.4,36.3,0.0,0.0,0.0,0.0,1089
