GAL,ra,dec,radvel,z,mag,r20,r50,r80,flux_c,flux_e,rpetro_c,rpetro_e,rhalf_c,rhalf_e,Gini,M20,F(G_M20),S(G_M20),SN_per_pixel,C,A,S,M,I,D,Ao,As,Ser_A,Ser_R,Ser_n,Ser_xc,Ser_yc,Ser_ellip,Ser_theta,flag_morph,flag_sersic,ima_sc_pix2arc,ima_sc_arc2kpc,psf_arcsec,size_image_phy_kpc,zp_ima,eta,petro_extent_cas,snr,area_min,debleding,area_min_deblend,skybox_x,skybox_y,sky_method,nsigma,npixels,dilate_size,mask_stars,fwhm,threshold,roundlo,roundhi,sharplo,aper_stars,aper_fact,aper_center,aper_ellip,aper_pa,dr,View,area_segmap_pix,area_psf_pix,ratio_segmap_psf,flag_area,flag_area_th,SN_gal,bck,ratio_SN_gal,flag_SN,flag_SN_th,perc_SN_flag,perc_20_SN_gal,perc_50_SN_gal,perc_80_SN_gal,flag_image,flag_bck,flag_object,flag_statmorph,index
933r,185.73559338207045,2.0636938132767084,5000.0,0.1241,nan,7.051434968947434,15.62165106678083,27.99109849290197,113.40564672969471,113.72155087842465,37.43808642074811,39.26200491564806,15.62351890768596,16.870003288182655,0.5134615475958868,-1.9271618713363878,-0.0828421625642437,-0.08654856799583,0.14041417837142944,2.993712186904029,0.07509072356749245,0.00648067620120306,0.0077836952068824255,0.04299302773977894,0.015021533050361826,0.10112067744670153,0.27084745657585335,0.052776929454548906,13.402725552789674,0.8246956391315191,319.6365682641424,320.2339903592087,0.11619481102466879,0.9037968018451317,1.0,0.0,0.27,0.34629548650952463,1.7682463,30.0,22.5,0.2,1.5,2.5,5.0,1.0,5.0,5.0,5.0,masking_sources,2.0,5.0,11.0,1.0,3.0,10.0,-0.5,0.5,0.2,5.0,0.5,10.0,0.0,0.0,10.0,Face-on,3007.0,33.7,89.3,0.0,3.0,0.02029,0.003220000071451068,6.3,0.0,3.0,50.0,3.9,6.3,12.9,0.0,0.0,0.0,0.0,933
