GAL,ra,dec,radvel,z,mag,r20,r50,r80,flux_c,flux_e,rpetro_c,rpetro_e,rhalf_c,rhalf_e,Gini,M20,F(G_M20),S(G_M20),SN_per_pixel,C,A,S,M,I,D,Ao,As,Ser_A,Ser_R,Ser_n,Ser_xc,Ser_yc,Ser_ellip,Ser_theta,flag_morph,flag_sersic,ima_sc_pix2arc,ima_sc_arc2kpc,psf_arcsec,size_image_phy_kpc,zp_ima,eta,petro_extent_cas,snr,area_min,debleding,area_min_deblend,skybox_x,skybox_y,sky_method,nsigma,npixels,dilate_size,mask_stars,fwhm,threshold,roundlo,roundhi,sharplo,aper_stars,aper_fact,aper_center,aper_ellip,aper_pa,dr,View,area_segmap_pix,area_psf_pix,ratio_segmap_psf,flag_area,flag_area_th,SN_gal,bck,ratio_SN_gal,flag_SN,flag_SN_th,perc_SN_flag,perc_20_SN_gal,perc_50_SN_gal,perc_80_SN_gal,flag_image,flag_bck,flag_object,flag_statmorph,index
454r,158.1992948526704,3.171914704707102,5000.0,0.0568,nan,6.349502426089029,13.828714700473038,26.704796245138883,171.82887787622192,170.78522599606032,36.42045121793172,45.1598887981736,13.994297413511523,22.515398631470674,0.5035805792468563,-1.7070177058567924,-0.28431286256930477,-0.06573068765970652,0.2549789547920227,3.119247876127709,0.07425517149321446,0.028935276789363782,0.023608768971332208,0.06580776030876377,0.046470640474265544,0.003400427601128455,0.26873622790794416,0.15371163526385587,21.117620906154436,0.5834661089513629,319.4377204584537,319.29183610636767,0.7638819791832248,2.4945155441944635,0.0,0.0,0.27,0.34629548650952463,1.3715847,30.0,22.5,0.2,1.5,2.5,5.0,1.0,5.0,5.0,5.0,masking_sources,2.0,5.0,11.0,1.0,3.0,10.0,-0.5,0.5,0.2,5.0,0.5,10.0,0.0,0.0,10.0,Edge-on,2315.0,20.3,114.2,0.0,3.0,0.03793,0.0035500000230968,10.7,0.0,3.0,50.0,4.3,10.7,31.3,0.0,0.0,0.0,0.0,454
