GAL,ra,dec,radvel,z,mag,r20,r50,r80,flux_c,flux_e,rpetro_c,rpetro_e,rhalf_c,rhalf_e,Gini,M20,F(G_M20),S(G_M20),SN_per_pixel,C,A,S,M,I,D,Ao,As,Ser_A,Ser_R,Ser_n,Ser_xc,Ser_yc,Ser_ellip,Ser_theta,flag_morph,flag_sersic,ima_sc_pix2arc,ima_sc_arc2kpc,psf_arcsec,size_image_phy_kpc,zp_ima,eta,petro_extent_cas,snr,area_min,debleding,area_min_deblend,skybox_x,skybox_y,sky_method,nsigma,npixels,dilate_size,mask_stars,fwhm,threshold,roundlo,roundhi,sharplo,aper_stars,aper_fact,aper_center,aper_ellip,aper_pa,dr,View,area_segmap_pix,area_psf_pix,ratio_segmap_psf,flag_area,flag_area_th,SN_gal,bck,ratio_SN_gal,flag_SN,flag_SN_th,perc_SN_flag,perc_20_SN_gal,perc_50_SN_gal,perc_80_SN_gal,flag_image,flag_bck,flag_object,flag_statmorph,index
629r,232.102034643181,-0.4302655478188099,5000.0,0.0804,nan,4.1975899104978485,8.160503346682672,14.749087846818634,66.54478880855211,66.58960457882878,18.681945874014744,20.274576125789757,8.347228386751848,8.998457354665888,0.5132971394623475,-1.770922691130077,-0.1919297347082365,-0.06499408599935669,0.20423631370067596,2.728825775108166,-0.13258126817264798,0.02412868207753096,0.0025220680958385876,0.0,0.027783677937915,-0.3458592239659317,0.27422978560465655,0.10389682272609803,7.662943151295083,0.8934879116469886,319.43346689473526,320.1274690809281,0.11950663758942873,0.6030776837286966,2.0,0.0,0.27,0.34629548650952463,1.4740192,30.0,22.5,0.2,1.5,2.5,5.0,1.0,5.0,5.0,5.0,masking_sources,2.0,5.0,11.0,1.0,3.0,10.0,-0.5,0.5,0.2,5.0,0.5,10.0,0.0,0.0,10.0,Face-on,1403.0,23.4,59.9,0.0,3.0,0.02019,0.0026000000070780516,7.8,0.0,3.0,50.0,4.1,7.8,24.2,0.0,0.0,0.0,0.0,629
