GAL,ra,dec,radvel,z,mag,r20,r50,r80,flux_c,flux_e,rpetro_c,rpetro_e,rhalf_c,rhalf_e,Gini,M20,F(G_M20),S(G_M20),SN_per_pixel,C,A,S,M,I,D,Ao,As,Ser_A,Ser_R,Ser_n,Ser_xc,Ser_yc,Ser_ellip,Ser_theta,flag_morph,flag_sersic,ima_sc_pix2arc,ima_sc_arc2kpc,psf_arcsec,size_image_phy_kpc,zp_ima,eta,petro_extent_cas,snr,area_min,debleding,area_min_deblend,skybox_x,skybox_y,sky_method,nsigma,npixels,dilate_size,mask_stars,fwhm,threshold,roundlo,roundhi,sharplo,aper_stars,aper_fact,aper_center,aper_ellip,aper_pa,dr,View,area_segmap_pix,area_psf_pix,ratio_segmap_psf,flag_area,flag_area_th,SN_gal,bck,ratio_SN_gal,flag_SN,flag_SN_th,perc_SN_flag,perc_20_SN_gal,perc_50_SN_gal,perc_80_SN_gal,flag_image,flag_bck,flag_object,flag_statmorph,index
582r,129.33884531180942,29.595160617534805,5000.0,0.0478,nan,4.832889556559874,10.360818501809025,19.70761916659514,236.83014434757527,236.02629827956446,24.60650273807488,35.809315214400655,11.462668720659458,16.78375514581571,0.5211284672421039,-1.7708827566717082,-0.15319233677809185,-0.05723552060768461,0.3212302029132843,3.0521364537515403,0.16620569953815767,0.024472278452235385,0.003179650238473768,0.0,0.06327047011485964,0.18350198558430955,0.29478309215621396,0.2379838537100656,14.298307728981245,1.0040880800321692,319.8568416959746,319.23632713826737,0.6356527257445445,2.2477593982770014,0.0,0.0,0.27,0.34629548650952463,1.5682926,30.0,22.5,0.2,1.5,2.5,5.0,1.0,5.0,5.0,5.0,masking_sources,2.0,5.0,11.0,1.0,3.0,10.0,-0.5,0.5,0.2,5.0,0.5,10.0,0.0,0.0,10.0,Edge-on,2796.0,26.5,105.5,0.0,3.0,0.03136,0.003719999920576811,8.4,0.0,3.0,50.0,4.2,8.4,28.8,0.0,0.0,0.0,0.0,582
