GAL,ra,dec,radvel,z,mag,r20,r50,r80,flux_c,flux_e,rpetro_c,rpetro_e,rhalf_c,rhalf_e,Gini,M20,F(G_M20),S(G_M20),SN_per_pixel,C,A,S,M,I,D,Ao,As,Ser_A,Ser_R,Ser_n,Ser_xc,Ser_yc,Ser_ellip,Ser_theta,flag_morph,flag_sersic,ima_sc_pix2arc,ima_sc_arc2kpc,psf_arcsec,size_image_phy_kpc,zp_ima,eta,petro_extent_cas,snr,area_min,debleding,area_min_deblend,skybox_x,skybox_y,sky_method,nsigma,npixels,dilate_size,mask_stars,fwhm,threshold,roundlo,roundhi,sharplo,aper_stars,aper_fact,aper_center,aper_ellip,aper_pa,dr,View,area_segmap_pix,area_psf_pix,ratio_segmap_psf,flag_area,flag_area_th,SN_gal,bck,ratio_SN_gal,flag_SN,flag_SN_th,perc_SN_flag,perc_20_SN_gal,perc_50_SN_gal,perc_80_SN_gal,flag_image,flag_bck,flag_object,flag_statmorph,index
182r,161.49387865971997,2.8324351872734534,5000.0,0.0224,nan,7.068997448045881,14.304845154591543,25.938506767320526,220.2293802124035,219.70009483565488,32.720812146967766,38.13783898804678,14.760944522491265,18.04270100910924,0.5002680779465107,-1.7665251282253371,-0.25947110030461307,-0.07728159565627624,0.2307387739419937,2.8229357302284788,0.04620016423596864,0.01576523848270811,0.00546448087431694,0.00038165625300208306,0.021057151457890992,0.08873908997936523,0.25155838993863144,0.11437625229551607,16.03768733596967,0.7925643231609492,320.3803385149296,319.70909698395326,0.38029949741999275,1.1323554951582335,0.0,0.0,0.27,0.34629548650952463,1.2703347,30.0,22.5,0.2,1.5,2.5,5.0,1.0,5.0,5.0,5.0,masking_sources,2.0,5.0,11.0,1.0,3.0,10.0,-0.5,0.5,0.2,5.0,0.5,10.0,0.0,0.0,10.0,Face-on,3645.0,17.4,209.7,0.0,3.0,0.02681,0.003269999986514449,8.2,0.0,3.0,50.0,4.0,8.2,25.7,0.0,0.0,0.0,0.0,182
