GAL,ra,dec,radvel,z,mag,r20,r50,r80,flux_c,flux_e,rpetro_c,rpetro_e,rhalf_c,rhalf_e,Gini,M20,F(G_M20),S(G_M20),SN_per_pixel,C,A,S,M,I,D,Ao,As,Ser_A,Ser_R,Ser_n,Ser_xc,Ser_yc,Ser_ellip,Ser_theta,flag_morph,flag_sersic,ima_sc_pix2arc,ima_sc_arc2kpc,psf_arcsec,size_image_phy_kpc,zp_ima,eta,petro_extent_cas,snr,area_min,debleding,area_min_deblend,skybox_x,skybox_y,sky_method,nsigma,npixels,dilate_size,mask_stars,fwhm,threshold,roundlo,roundhi,sharplo,aper_stars,aper_fact,aper_center,aper_ellip,aper_pa,dr,View,area_segmap_pix,area_psf_pix,ratio_segmap_psf,flag_area,flag_area_th,SN_gal,bck,ratio_SN_gal,flag_SN,flag_SN_th,perc_SN_flag,perc_20_SN_gal,perc_50_SN_gal,perc_80_SN_gal,flag_image,flag_bck,flag_object,flag_statmorph,index
1093r,216.33920999445363,0.2712351898765337,5000.0,0.1333,nan,4.407444776133683,8.75496895953775,14.678134419122816,87.90607034460785,91.220696090058,18.327513930001178,25.176911113358667,9.795361256488302,12.776810632649457,0.4805993282341891,-1.7699835644325477,-0.35443471508900837,-0.09723438050427693,0.23623117804527283,2.6124199055993067,0.1496863078370933,0.03418295257167797,0.0,0.0,0.022979356662115567,0.37211915970473725,0.6213785168748668,0.12222493918919321,8.553037413995115,0.6946072151819684,319.9123084275528,320.1233025557506,0.15306132354056093,2.200886533995036,0.0,0.0,0.27,0.34629548650952463,1.3194159,30.0,22.5,0.2,1.5,2.5,5.0,1.0,5.0,5.0,5.0,masking_sources,2.0,5.0,11.0,1.0,3.0,10.0,-0.5,0.5,0.2,5.0,0.5,10.0,0.0,0.0,10.0,Face-on,2150.0,18.8,114.6,0.0,3.0,0.01653,0.0017999999690800905,9.2,0.0,3.0,50.0,4.5,9.2,32.3,0.0,0.0,0.0,0.0,1093
