GAL,ra,dec,radvel,z,mag,r20,r50,r80,flux_c,flux_e,rpetro_c,rpetro_e,rhalf_c,rhalf_e,Gini,M20,F(G_M20),S(G_M20),SN_per_pixel,C,A,S,M,I,D,Ao,As,Ser_A,Ser_R,Ser_n,Ser_xc,Ser_yc,Ser_ellip,Ser_theta,flag_morph,flag_sersic,ima_sc_pix2arc,ima_sc_arc2kpc,psf_arcsec,size_image_phy_kpc,zp_ima,eta,petro_extent_cas,snr,area_min,debleding,area_min_deblend,skybox_x,skybox_y,sky_method,nsigma,npixels,dilate_size,mask_stars,fwhm,threshold,roundlo,roundhi,sharplo,aper_stars,aper_fact,aper_center,aper_ellip,aper_pa,dr,View,area_segmap_pix,area_psf_pix,ratio_segmap_psf,flag_area,flag_area_th,SN_gal,bck,ratio_SN_gal,flag_SN,flag_SN_th,perc_SN_flag,perc_20_SN_gal,perc_50_SN_gal,perc_80_SN_gal,flag_image,flag_bck,flag_object,flag_statmorph,index
1150r,141.67280400303946,7.976896711929119,5000.0,0.1159,nan,2.882595012463189,7.333393951475483,17.842549502121592,145.51208109262714,138.59489429767206,22.484931740520132,22.474293232333856,12.062471708316203,13.332413756860486,0.6083959150782251,-2.025980346488789,0.45556415975394504,-0.006299312234498922,0.2572654187679291,3.958366397306481,0.08499177178577975,-0.010087621967675856,0.006125574272588055,0.010398059943173705,0.07789879643844612,0.15673200945356794,0.8524747422531019,0.09435328407839312,9.402968647469164,3.014465598374505,319.9947981514506,319.99515624399413,0.3405035167157015,0.431301311329957,0.0,0.0,0.27,0.34629548650952463,1.2491745,30.0,22.5,0.2,1.5,2.5,5.0,1.0,5.0,5.0,5.0,masking_sources,2.0,5.0,11.0,1.0,3.0,10.0,-0.5,0.5,0.2,5.0,0.5,10.0,0.0,0.0,10.0,Face-on,1818.0,16.8,108.1,0.0,3.0,0.02703,0.004220000002533197,6.4,0.0,3.0,50.0,3.9,6.4,16.0,0.0,0.0,0.0,0.0,1150
