GAL,ra,dec,radvel,z,mag,r20,r50,r80,flux_c,flux_e,rpetro_c,rpetro_e,rhalf_c,rhalf_e,Gini,M20,F(G_M20),S(G_M20),SN_per_pixel,C,A,S,M,I,D,Ao,As,Ser_A,Ser_R,Ser_n,Ser_xc,Ser_yc,Ser_ellip,Ser_theta,flag_morph,flag_sersic,ima_sc_pix2arc,ima_sc_arc2kpc,psf_arcsec,size_image_phy_kpc,zp_ima,eta,petro_extent_cas,snr,area_min,debleding,area_min_deblend,skybox_x,skybox_y,sky_method,nsigma,npixels,dilate_size,mask_stars,fwhm,threshold,roundlo,roundhi,sharplo,aper_stars,aper_fact,aper_center,aper_ellip,aper_pa,dr,View,area_segmap_pix,area_psf_pix,ratio_segmap_psf,flag_area,flag_area_th,SN_gal,bck,ratio_SN_gal,flag_SN,flag_SN_th,perc_SN_flag,perc_20_SN_gal,perc_50_SN_gal,perc_80_SN_gal,flag_image,flag_bck,flag_object,flag_statmorph,index
654r,318.9134666486374,-7.662802716813366,5000.0,0.0879,nan,4.231390044643213,8.838730474121204,17.0643977060494,118.063181271394,119.50783327986088,21.2370947527029,25.46202399465816,12.369764180451368,14.129243900594462,0.5978906095261479,-1.7192662307855522,0.19101001508882032,0.025933697351694596,0.23902471363544464,3.028039521840191,0.26950389644041156,0.033157570565950915,0.015915119363395226,0.03735074382275575,0.08137694469028914,0.4940972586091888,0.9442966789827921,0.1610681178744054,9.303670926104513,1.0554785698824085,320.634474576293,320.70142911963353,0.4042167275453587,0.23046154263371407,1.0,0.0,0.27,0.34629548650952463,1.6404853,30.0,22.5,0.2,1.5,2.5,5.0,1.0,5.0,5.0,5.0,masking_sources,2.0,5.0,11.0,1.0,3.0,10.0,-0.5,0.5,0.2,5.0,0.5,10.0,0.0,0.0,10.0,Face-on,1862.0,29.0,64.2,0.0,3.0,0.02179,0.003019999945536256,7.2,0.0,3.0,50.0,3.8,7.2,24.7,0.0,0.0,0.0,0.0,654
