GAL,ra,dec,radvel,z,mag,r20,r50,r80,flux_c,flux_e,rpetro_c,rpetro_e,rhalf_c,rhalf_e,Gini,M20,F(G_M20),S(G_M20),SN_per_pixel,C,A,S,M,I,D,Ao,As,Ser_A,Ser_R,Ser_n,Ser_xc,Ser_yc,Ser_ellip,Ser_theta,flag_morph,flag_sersic,ima_sc_pix2arc,ima_sc_arc2kpc,psf_arcsec,size_image_phy_kpc,zp_ima,eta,petro_extent_cas,snr,area_min,debleding,area_min_deblend,skybox_x,skybox_y,sky_method,nsigma,npixels,dilate_size,mask_stars,fwhm,threshold,roundlo,roundhi,sharplo,aper_stars,aper_fact,aper_center,aper_ellip,aper_pa,dr,View,area_segmap_pix,area_psf_pix,ratio_segmap_psf,flag_area,flag_area_th,SN_gal,bck,ratio_SN_gal,flag_SN,flag_SN_th,perc_SN_flag,perc_20_SN_gal,perc_50_SN_gal,perc_80_SN_gal,flag_image,flag_bck,flag_object,flag_statmorph,index
440r,158.77710784511484,2.131599947691683,5000.0,0.0397,nan,3.0912356258820415,7.20711438422019,15.32300381519829,108.75538845708917,111.3615055808522,18.829639646494876,26.745714144994157,8.428891711083592,11.628546475527106,0.5658898985602635,-2.0563574773343523,0.26621072966601034,-0.05260268977481419,0.2515278458595276,3.4760589989618484,0.0060578788749193115,0.0288220422648511,0.019398642095053348,0.0069854992539214724,0.016548280629662553,0.01572620291335545,0.21557633469272486,0.16029211554022876,8.865185288714375,1.7032129918864465,320.1488820425245,319.9500625560501,0.47055534055882203,1.7915454129443273,0.0,0.0,0.27,0.34629548650952463,1.3369308,30.0,22.5,0.2,1.5,2.5,5.0,1.0,5.0,5.0,5.0,masking_sources,2.0,5.0,11.0,1.0,3.0,10.0,-0.5,0.5,0.2,5.0,0.5,10.0,0.0,0.0,10.0,Face-on,2239.0,19.3,116.3,0.0,3.0,0.01717,0.0024900001008063555,6.9,0.0,3.0,50.0,3.9,6.9,19.1,0.0,0.0,0.0,0.0,440
