GAL,ra,dec,radvel,z,mag,r20,r50,r80,flux_c,flux_e,rpetro_c,rpetro_e,rhalf_c,rhalf_e,Gini,M20,F(G_M20),S(G_M20),SN_per_pixel,C,A,S,M,I,D,Ao,As,Ser_A,Ser_R,Ser_n,Ser_xc,Ser_yc,Ser_ellip,Ser_theta,flag_morph,flag_sersic,ima_sc_pix2arc,ima_sc_arc2kpc,psf_arcsec,size_image_phy_kpc,zp_ima,eta,petro_extent_cas,snr,area_min,debleding,area_min_deblend,skybox_x,skybox_y,sky_method,nsigma,npixels,dilate_size,mask_stars,fwhm,threshold,roundlo,roundhi,sharplo,aper_stars,aper_fact,aper_center,aper_ellip,aper_pa,dr,View,area_segmap_pix,area_psf_pix,ratio_segmap_psf,flag_area,flag_area_th,SN_gal,bck,ratio_SN_gal,flag_SN,flag_SN_th,perc_SN_flag,perc_20_SN_gal,perc_50_SN_gal,perc_80_SN_gal,flag_image,flag_bck,flag_object,flag_statmorph,index
60r,16.205406409228257,-0.288182422844601,5000.0,0.0189,nan,9.373727097250187,18.27757556855824,31.06408089768935,93.7061940888135,92.66173001290589,37.83294392097578,53.93876921180236,20.427076830874967,24.61250214878957,0.5090723809680004,-1.5889132100261434,-0.3389748596602802,-0.04387727903531352,0.12020108103752136,2.6017310151819926,0.07303128900431362,0.0006296408920676778,0.007770961145194274,0.8697611379848391,0.1076390005442171,0.08589389936569415,0.3993639862143319,0.03428309951258904,20.95939550254068,0.5914636325131688,319.65948126390606,320.34470873811443,0.4644662264870193,1.8696868561943465,1.0,0.0,0.27,0.34629548650952463,1.2554162,30.0,22.5,0.2,1.5,2.5,5.0,1.0,5.0,5.0,5.0,masking_sources,2.0,5.0,11.0,1.0,3.0,10.0,-0.5,0.5,0.2,5.0,0.5,10.0,0.0,0.0,10.0,Face-on,3557.0,17.0,209.5,0.0,3.0,0.01507,0.0019000000320374966,7.9,0.0,3.0,50.0,4.1,7.9,17.7,0.0,0.0,0.0,0.0,60
