GAL,ra,dec,radvel,z,mag,r20,r50,r80,flux_c,flux_e,rpetro_c,rpetro_e,rhalf_c,rhalf_e,Gini,M20,F(G_M20),S(G_M20),SN_per_pixel,C,A,S,M,I,D,Ao,As,Ser_A,Ser_R,Ser_n,Ser_xc,Ser_yc,Ser_ellip,Ser_theta,flag_morph,flag_sersic,ima_sc_pix2arc,ima_sc_arc2kpc,psf_arcsec,size_image_phy_kpc,zp_ima,eta,petro_extent_cas,snr,area_min,debleding,area_min_deblend,skybox_x,skybox_y,sky_method,nsigma,npixels,dilate_size,mask_stars,fwhm,threshold,roundlo,roundhi,sharplo,aper_stars,aper_fact,aper_center,aper_ellip,aper_pa,dr,View,area_segmap_pix,area_psf_pix,ratio_segmap_psf,flag_area,flag_area_th,SN_gal,bck,ratio_SN_gal,flag_SN,flag_SN_th,perc_SN_flag,perc_20_SN_gal,perc_50_SN_gal,perc_80_SN_gal,flag_image,flag_bck,flag_object,flag_statmorph,index
685r,146.9212512248278,8.67393645149873,5000.0,0.0825,nan,3.3095477297961047,6.720903597864646,13.20656157237666,95.87988217262242,95.69539394792972,16.74898239627158,18.77957052424491,7.069557401151414,8.473360415418487,0.5279641829304796,-1.8243679964683706,-0.08229027294154445,-0.05790261040792877,0.2884538471698761,3.005105558492427,0.0620086733902102,0.037629151240531955,0.0030959752321981426,0.0,0.03503280322682825,0.07956221354850834,0.2226908313296934,0.19207343996343793,7.370934551814827,1.23127561230113,320.431265995812,319.914033334912,0.3496955599686438,2.5489448723343147,0.0,0.0,0.27,0.34629548650952463,1.2400554,30.0,22.5,0.2,1.5,2.5,5.0,1.0,5.0,5.0,5.0,masking_sources,2.0,5.0,11.0,1.0,3.0,10.0,-0.5,0.5,0.2,5.0,0.5,10.0,0.0,0.0,10.0,Face-on,1247.0,16.6,75.3,0.0,3.0,0.02871,0.004029999952763319,7.1,0.0,3.0,50.0,3.6,7.1,20.6,0.0,0.0,0.0,0.0,685
