GAL,ra,dec,radvel,z,mag,r20,r50,r80,flux_c,flux_e,rpetro_c,rpetro_e,rhalf_c,rhalf_e,Gini,M20,F(G_M20),S(G_M20),SN_per_pixel,C,A,S,M,I,D,Ao,As,Ser_A,Ser_R,Ser_n,Ser_xc,Ser_yc,Ser_ellip,Ser_theta,flag_morph,flag_sersic,ima_sc_pix2arc,ima_sc_arc2kpc,psf_arcsec,size_image_phy_kpc,zp_ima,eta,petro_extent_cas,snr,area_min,debleding,area_min_deblend,skybox_x,skybox_y,sky_method,nsigma,npixels,dilate_size,mask_stars,fwhm,threshold,roundlo,roundhi,sharplo,aper_stars,aper_fact,aper_center,aper_ellip,aper_pa,dr,View,area_segmap_pix,area_psf_pix,ratio_segmap_psf,flag_area,flag_area_th,SN_gal,bck,ratio_SN_gal,flag_SN,flag_SN_th,perc_SN_flag,perc_20_SN_gal,perc_50_SN_gal,perc_80_SN_gal,flag_image,flag_bck,flag_object,flag_statmorph,index
1143r,325.6670681166098,-8.534781850594324,5000.0,0.1275,nan,3.228871279268,6.742334892695808,12.5132213034668,132.68910573880535,128.48099063141103,15.790789803333892,18.928293162798163,7.752742834604881,9.975113606743147,0.4974723723131048,-1.8398380200222408,-0.22250400917471813,-0.09023983619311776,0.3789343535900116,2.9415919670294253,0.08801049321625819,0.010627798285532392,0.034403669724770644,0.022941721564635205,0.005092338623568157,0.37578703179135714,0.6391521126657375,0.42028243455016123,7.7771493672768015,0.8734018655267577,319.81356760302197,319.7297987019352,0.5913527391949954,1.8709817641459798,0.0,0.0,0.27,0.34629548650952463,1.6727461,30.0,22.5,0.2,1.5,2.5,5.0,1.0,5.0,5.0,5.0,masking_sources,2.0,5.0,11.0,1.0,3.0,10.0,-0.5,0.5,0.2,5.0,0.5,10.0,0.0,0.0,10.0,Edge-on,1095.0,30.1,36.3,0.0,3.0,0.04855,0.00430000014603138,11.3,0.0,3.0,50.0,4.6,11.3,37.1,0.0,0.0,0.0,0.0,1143
