GAL,ra,dec,radvel,z,mag,r20,r50,r80,flux_c,flux_e,rpetro_c,rpetro_e,rhalf_c,rhalf_e,Gini,M20,F(G_M20),S(G_M20),SN_per_pixel,C,A,S,M,I,D,Ao,As,Ser_A,Ser_R,Ser_n,Ser_xc,Ser_yc,Ser_ellip,Ser_theta,flag_morph,flag_sersic,ima_sc_pix2arc,ima_sc_arc2kpc,psf_arcsec,size_image_phy_kpc,zp_ima,eta,petro_extent_cas,snr,area_min,debleding,area_min_deblend,skybox_x,skybox_y,sky_method,nsigma,npixels,dilate_size,mask_stars,fwhm,threshold,roundlo,roundhi,sharplo,aper_stars,aper_fact,aper_center,aper_ellip,aper_pa,dr,View,area_segmap_pix,area_psf_pix,ratio_segmap_psf,flag_area,flag_area_th,SN_gal,bck,ratio_SN_gal,flag_SN,flag_SN_th,perc_SN_flag,perc_20_SN_gal,perc_50_SN_gal,perc_80_SN_gal,flag_image,flag_bck,flag_object,flag_statmorph,index
491r,118.13748734574128,29.128598004015288,5000.0,0.0633,nan,2.1879370206805486,4.087941792109583,6.913581973677528,99.12895032763024,99.78161330539518,8.623367252313036,10.06481228122619,4.496244288775466,5.280937604047027,0.4765464893759836,-1.6529394238787127,-0.45560785684093297,-0.08497755543691735,0.5438045859336853,2.4983414991759116,0.06207768119338166,0.07464768787413134,0.0,0.0,0.023520604038007153,0.14457219617847267,0.41323364163728066,0.8348702801198816,2.964916124037337,1.6020730318171301,319.80835066963834,319.9130002170843,0.11857360994033796,2.536378028130149,0.0,0.0,0.27,0.34629548650952463,1.4824288,30.0,22.5,0.2,1.5,2.5,5.0,1.0,5.0,5.0,5.0,masking_sources,2.0,5.0,11.0,1.0,3.0,10.0,-0.5,0.5,0.2,5.0,0.5,10.0,0.0,0.0,10.0,Face-on,790.0,23.7,33.4,0.0,3.0,0.03415,0.004189999774098396,8.1,0.0,3.0,50.0,4.3,8.1,32.6,0.0,0.0,0.0,0.0,491
