GAL,ra,dec,radvel,z,mag,r20,r50,r80,flux_c,flux_e,rpetro_c,rpetro_e,rhalf_c,rhalf_e,Gini,M20,F(G_M20),S(G_M20),SN_per_pixel,C,A,S,M,I,D,Ao,As,Ser_A,Ser_R,Ser_n,Ser_xc,Ser_yc,Ser_ellip,Ser_theta,flag_morph,flag_sersic,ima_sc_pix2arc,ima_sc_arc2kpc,psf_arcsec,size_image_phy_kpc,zp_ima,eta,petro_extent_cas,snr,area_min,debleding,area_min_deblend,skybox_x,skybox_y,sky_method,nsigma,npixels,dilate_size,mask_stars,fwhm,threshold,roundlo,roundhi,sharplo,aper_stars,aper_fact,aper_center,aper_ellip,aper_pa,dr,View,area_segmap_pix,area_psf_pix,ratio_segmap_psf,flag_area,flag_area_th,SN_gal,bck,ratio_SN_gal,flag_SN,flag_SN_th,perc_SN_flag,perc_20_SN_gal,perc_50_SN_gal,perc_80_SN_gal,flag_image,flag_bck,flag_object,flag_statmorph,index
42r,56.077461392083876,-6.031436437680902,5000.0,0.0171,nan,7.544094243883912,16.825949194784855,30.77929686996978,84.20419298011238,85.75307028205026,40.2017494209804,44.92130369944513,16.779696626022826,18.243022923689026,0.5231392782976377,-1.8796712859075786,-0.06784837129274113,-0.07036642322649206,0.10895568132400513,3.0532579466502945,-0.04008497198681124,-0.022600449713954182,0.3939393939393939,0.5251238818436766,0.07694633868558412,-0.04992826085604627,0.20896641970776902,0.03400982679768093,12.375066280514336,0.9841584409909634,317.9772185315187,319.61023063816504,0.11619652195144735,1.026139103756947,1.0,0.0,0.27,0.34629548650952463,1.2507629,30.0,22.5,0.2,1.5,2.5,5.0,1.0,5.0,5.0,5.0,masking_sources,2.0,5.0,11.0,1.0,3.0,10.0,-0.5,0.5,0.2,5.0,0.5,10.0,0.0,0.0,10.0,Face-on,2031.0,16.9,120.5,0.0,3.0,0.01808,0.0040699997916817665,4.4,0.0,3.0,50.0,3.3,4.4,8.8,0.0,0.0,0.0,0.0,42
