GAL,ra,dec,radvel,z,mag,r20,r50,r80,flux_c,flux_e,rpetro_c,rpetro_e,rhalf_c,rhalf_e,Gini,M20,F(G_M20),S(G_M20),SN_per_pixel,C,A,S,M,I,D,Ao,As,Ser_A,Ser_R,Ser_n,Ser_xc,Ser_yc,Ser_ellip,Ser_theta,flag_morph,flag_sersic,ima_sc_pix2arc,ima_sc_arc2kpc,psf_arcsec,size_image_phy_kpc,zp_ima,eta,petro_extent_cas,snr,area_min,debleding,area_min_deblend,skybox_x,skybox_y,sky_method,nsigma,npixels,dilate_size,mask_stars,fwhm,threshold,roundlo,roundhi,sharplo,aper_stars,aper_fact,aper_center,aper_ellip,aper_pa,dr,View,area_segmap_pix,area_psf_pix,ratio_segmap_psf,flag_area,flag_area_th,SN_gal,bck,ratio_SN_gal,flag_SN,flag_SN_th,perc_SN_flag,perc_20_SN_gal,perc_50_SN_gal,perc_80_SN_gal,flag_image,flag_bck,flag_object,flag_statmorph,index
1168r,133.76898938353872,2.684736661519322,5000.0,0.0583,nan,6.538313424414645,16.190284485060406,31.651143607628168,138.14244239262703,134.3746933712071,39.12832787169153,54.67430101620164,16.792568703118608,27.391374269282554,0.5673918916656622,-1.859392594495287,0.13714893173026166,-0.023737597885839345,0.19243092834949493,3.4246183553493186,0.08010883073096653,0.020391326689372474,0.012922465208747515,0.11215115794166915,0.073312013474395,0.006865353283645646,0.3873737107361132,0.11473337937273102,24.431594611766496,0.625463644165226,320.49878390474805,319.5964960496161,0.824023503476302,2.6278676019460656,0.0,0.0,0.27,0.34629548650952463,1.3896451,30.0,22.5,0.2,1.5,2.5,5.0,1.0,5.0,5.0,5.0,masking_sources,2.0,5.0,11.0,1.0,3.0,10.0,-0.5,0.5,0.2,5.0,0.5,10.0,0.0,0.0,10.0,Edge-on,2817.0,20.8,135.4,0.0,3.0,0.0239,0.0018599999602884054,12.8,0.0,3.0,50.0,4.8,12.8,38.0,0.0,0.0,0.0,0.0,1168
