GAL,ra,dec,radvel,z,mag,r20,r50,r80,flux_c,flux_e,rpetro_c,rpetro_e,rhalf_c,rhalf_e,Gini,M20,F(G_M20),S(G_M20),SN_per_pixel,C,A,S,M,I,D,Ao,As,Ser_A,Ser_R,Ser_n,Ser_xc,Ser_yc,Ser_ellip,Ser_theta,flag_morph,flag_sersic,ima_sc_pix2arc,ima_sc_arc2kpc,psf_arcsec,size_image_phy_kpc,zp_ima,eta,petro_extent_cas,snr,area_min,debleding,area_min_deblend,skybox_x,skybox_y,sky_method,nsigma,npixels,dilate_size,mask_stars,fwhm,threshold,roundlo,roundhi,sharplo,aper_stars,aper_fact,aper_center,aper_ellip,aper_pa,dr,View,area_segmap_pix,area_psf_pix,ratio_segmap_psf,flag_area,flag_area_th,SN_gal,bck,ratio_SN_gal,flag_SN,flag_SN_th,perc_SN_flag,perc_20_SN_gal,perc_50_SN_gal,perc_80_SN_gal,flag_image,flag_bck,flag_object,flag_statmorph,index
717r,174.733056303062,-2.747868338156701,5000.0,0.1039,nan,6.288202300591247,12.594147743540118,21.36369713175659,144.7137272138093,144.6771612910061,27.94420581384579,33.249100402958284,12.828782120770422,15.459687050457617,0.48467356364304054,-1.7323220922230287,-0.3603666500563909,-0.08796594281239087,0.21209897100925446,2.655749536538062,0.16206235148438927,0.019161177106368367,0.05563093622795115,0.047402703198029875,0.030106264200077996,0.2243362921717731,0.2843384488070992,0.1013700722193048,13.222786686543138,0.5846392628684046,318.8610036652557,320.59281120336027,0.26235147135378006,3.0083983318001177,1.0,0.0,0.27,0.34629548650952463,1.2924008,30.0,22.5,0.2,1.5,2.5,5.0,1.0,5.0,5.0,5.0,masking_sources,2.0,5.0,11.0,1.0,3.0,10.0,-0.5,0.5,0.2,5.0,0.5,10.0,0.0,0.0,10.0,Face-on,2737.0,18.0,152.1,0.0,3.0,0.02828,0.0032099999953061342,8.8,0.0,3.0,50.0,4.4,8.8,24.0,0.0,0.0,0.0,0.0,717
