GAL,ra,dec,radvel,z,mag,r20,r50,r80,flux_c,flux_e,rpetro_c,rpetro_e,rhalf_c,rhalf_e,Gini,M20,F(G_M20),S(G_M20),SN_per_pixel,C,A,S,M,I,D,Ao,As,Ser_A,Ser_R,Ser_n,Ser_xc,Ser_yc,Ser_ellip,Ser_theta,flag_morph,flag_sersic,ima_sc_pix2arc,ima_sc_arc2kpc,psf_arcsec,size_image_phy_kpc,zp_ima,eta,petro_extent_cas,snr,area_min,debleding,area_min_deblend,skybox_x,skybox_y,sky_method,nsigma,npixels,dilate_size,mask_stars,fwhm,threshold,roundlo,roundhi,sharplo,aper_stars,aper_fact,aper_center,aper_ellip,aper_pa,dr,View,area_segmap_pix,area_psf_pix,ratio_segmap_psf,flag_area,flag_area_th,SN_gal,bck,ratio_SN_gal,flag_SN,flag_SN_th,perc_SN_flag,perc_20_SN_gal,perc_50_SN_gal,perc_80_SN_gal,flag_image,flag_bck,flag_object,flag_statmorph,index
320r,151.50075939944963,8.094935704807762,5000.0,0.0317,nan,2.6234983999643724,5.827580400165883,12.655482121830039,228.26966378301012,229.6624498170732,15.34462277292041,19.92668146329182,6.566891842128786,8.204702401413524,0.5691029055824114,-1.9493588359845884,0.2079650559702566,-0.03454900167527053,0.41342848539352417,3.416989454895925,0.06298846017892434,0.004035054316675542,0.09178743961352658,0.043569697079541815,0.038621755592070484,0.16389666702616407,0.26219502984988374,0.5051037028779102,5.778878726196055,1.8866821725302567,320.42136663227063,319.97938411983273,0.2262212018005482,2.801209596382795,0.0,0.0,0.27,0.34629548650952463,1.2940066,30.0,22.5,0.2,1.5,2.5,5.0,1.0,5.0,5.0,5.0,masking_sources,2.0,5.0,11.0,1.0,3.0,10.0,-0.5,0.5,0.2,5.0,0.5,10.0,0.0,0.0,10.0,Face-on,1689.0,18.0,93.6,0.0,3.0,0.04986,0.0062699997797608376,7.9,0.0,3.0,50.0,4.0,7.9,20.4,0.0,0.0,0.0,0.0,320
