GAL,ra,dec,radvel,z,mag,r20,r50,r80,flux_c,flux_e,rpetro_c,rpetro_e,rhalf_c,rhalf_e,Gini,M20,F(G_M20),S(G_M20),SN_per_pixel,C,A,S,M,I,D,Ao,As,Ser_A,Ser_R,Ser_n,Ser_xc,Ser_yc,Ser_ellip,Ser_theta,flag_morph,flag_sersic,ima_sc_pix2arc,ima_sc_arc2kpc,psf_arcsec,size_image_phy_kpc,zp_ima,eta,petro_extent_cas,snr,area_min,debleding,area_min_deblend,skybox_x,skybox_y,sky_method,nsigma,npixels,dilate_size,mask_stars,fwhm,threshold,roundlo,roundhi,sharplo,aper_stars,aper_fact,aper_center,aper_ellip,aper_pa,dr,View,area_segmap_pix,area_psf_pix,ratio_segmap_psf,flag_area,flag_area_th,SN_gal,bck,ratio_SN_gal,flag_SN,flag_SN_th,perc_SN_flag,perc_20_SN_gal,perc_50_SN_gal,perc_80_SN_gal,flag_image,flag_bck,flag_object,flag_statmorph,index
562r,17.04678326677404,-0.6554586986332679,5000.0,0.0474,nan,4.730991042257304,9.966235335842349,18.194293211669734,176.22334809720098,175.75346254948332,23.590530663191554,30.743072048857798,10.41280391625913,15.58894480154032,0.47530479541771076,-1.7156324691706184,-0.41830796154709304,-0.09492116575118237,0.36261898279190063,2.924915317960673,0.0867514276449246,0.027960112616890815,0.0,0.0,0.10720180120881503,0.08036048718564283,0.18777276353853237,0.2786208749631299,14.978698543467837,0.6347703961687509,319.88293067376185,319.3575515562744,0.7277878905334698,1.3161345520588184,0.0,0.0,0.27,0.34629548650952463,1.2069651,30.0,22.5,0.2,1.5,2.5,5.0,1.0,5.0,5.0,5.0,masking_sources,2.0,5.0,11.0,1.0,3.0,10.0,-0.5,0.5,0.2,5.0,0.5,10.0,0.0,0.0,10.0,Edge-on,2031.0,15.7,129.4,0.0,3.0,0.02701,0.001979999942705035,13.7,0.0,3.0,50.0,4.7,13.7,70.1,0.0,0.0,0.0,0.0,562
