GAL,ra,dec,radvel,z,mag,r20,r50,r80,flux_c,flux_e,rpetro_c,rpetro_e,rhalf_c,rhalf_e,Gini,M20,F(G_M20),S(G_M20),SN_per_pixel,C,A,S,M,I,D,Ao,As,Ser_A,Ser_R,Ser_n,Ser_xc,Ser_yc,Ser_ellip,Ser_theta,flag_morph,flag_sersic,ima_sc_pix2arc,ima_sc_arc2kpc,psf_arcsec,size_image_phy_kpc,zp_ima,eta,petro_extent_cas,snr,area_min,debleding,area_min_deblend,skybox_x,skybox_y,sky_method,nsigma,npixels,dilate_size,mask_stars,fwhm,threshold,roundlo,roundhi,sharplo,aper_stars,aper_fact,aper_center,aper_ellip,aper_pa,dr,View,area_segmap_pix,area_psf_pix,ratio_segmap_psf,flag_area,flag_area_th,SN_gal,bck,ratio_SN_gal,flag_SN,flag_SN_th,perc_SN_flag,perc_20_SN_gal,perc_50_SN_gal,perc_80_SN_gal,flag_image,flag_bck,flag_object,flag_statmorph,index
2r,204.01219688935112,-1.6086287602079143,5000.0,0.0146,nan,4.2891081613880475,8.249632438728423,15.124086367538089,93.24332043356384,93.78706628067165,19.158053325758257,20.231434445331004,11.315995433307611,12.10918310532041,0.5121856325595556,-1.6848991710884271,-0.2570459932659199,-0.05413720854733134,0.23267489671707153,2.736510752490405,0.08513676673337782,0.018825948123361632,0.0049586776859504135,0.0,0.08783343106066042,0.5480412442780754,0.893776257305012,0.12642735131206767,8.058910108464659,0.9489534363465132,320.9421038876785,320.0297972114216,0.1756891722129315,0.9299090291425618,1.0,0.0,0.27,0.34629548650952463,1.421732,30.0,22.5,0.2,1.5,2.5,5.0,1.0,5.0,5.0,5.0,masking_sources,2.0,5.0,11.0,1.0,3.0,10.0,-0.5,0.5,0.2,5.0,0.5,10.0,0.0,0.0,10.0,Face-on,1304.0,21.8,59.9,0.0,3.0,0.02973,0.003590000094845891,8.3,0.0,3.0,50.0,4.4,8.3,23.2,0.0,0.0,0.0,0.0,2
