GAL,ra,dec,radvel,z,mag,r20,r50,r80,flux_c,flux_e,rpetro_c,rpetro_e,rhalf_c,rhalf_e,Gini,M20,F(G_M20),S(G_M20),SN_per_pixel,C,A,S,M,I,D,Ao,As,Ser_A,Ser_R,Ser_n,Ser_xc,Ser_yc,Ser_ellip,Ser_theta,flag_morph,flag_sersic,ima_sc_pix2arc,ima_sc_arc2kpc,psf_arcsec,size_image_phy_kpc,zp_ima,eta,petro_extent_cas,snr,area_min,debleding,area_min_deblend,skybox_x,skybox_y,sky_method,nsigma,npixels,dilate_size,mask_stars,fwhm,threshold,roundlo,roundhi,sharplo,aper_stars,aper_fact,aper_center,aper_ellip,aper_pa,dr,View,area_segmap_pix,area_psf_pix,ratio_segmap_psf,flag_area,flag_area_th,SN_gal,bck,ratio_SN_gal,flag_SN,flag_SN_th,perc_SN_flag,perc_20_SN_gal,perc_50_SN_gal,perc_80_SN_gal,flag_image,flag_bck,flag_object,flag_statmorph,index
244r,183.94023438071198,9.457644419693166,5000.0,0.0328,nan,6.647312833841763,14.52263199134211,27.178547031926804,130.65608995772848,130.53899534780945,36.65154249516322,43.03980688211403,14.505433433230193,18.75701266065016,0.5033469161897957,-1.6533523516324522,-0.3226595851792222,-0.05850252984901322,0.1707870066165924,3.057900588476305,0.2816545065339919,0.018848204789055332,0.026859504132231406,0.12753650090476915,0.1305630109101005,0.3439917111503567,0.35174558184286975,0.06804657113597552,17.326531262334765,0.682419469002678,318.9918560274694,317.3045693528525,0.47018982154236866,1.7950796029425953,0.0,0.0,0.27,0.34629548650952463,1.5055404,30.0,22.5,0.2,1.5,2.5,5.0,1.0,5.0,5.0,5.0,masking_sources,2.0,5.0,11.0,1.0,3.0,10.0,-0.5,0.5,0.2,5.0,0.5,10.0,0.0,0.0,10.0,Face-on,3552.0,24.4,145.5,0.0,3.0,0.01998,0.002139999996870756,9.3,0.0,3.0,50.0,4.6,9.3,21.9,0.0,0.0,0.0,0.0,244
