GAL,ra,dec,radvel,z,mag,r20,r50,r80,flux_c,flux_e,rpetro_c,rpetro_e,rhalf_c,rhalf_e,Gini,M20,F(G_M20),S(G_M20),SN_per_pixel,C,A,S,M,I,D,Ao,As,Ser_A,Ser_R,Ser_n,Ser_xc,Ser_yc,Ser_ellip,Ser_theta,flag_morph,flag_sersic,ima_sc_pix2arc,ima_sc_arc2kpc,psf_arcsec,size_image_phy_kpc,zp_ima,eta,petro_extent_cas,snr,area_min,debleding,area_min_deblend,skybox_x,skybox_y,sky_method,nsigma,npixels,dilate_size,mask_stars,fwhm,threshold,roundlo,roundhi,sharplo,aper_stars,aper_fact,aper_center,aper_ellip,aper_pa,dr,View,area_segmap_pix,area_psf_pix,ratio_segmap_psf,flag_area,flag_area_th,SN_gal,bck,ratio_SN_gal,flag_SN,flag_SN_th,perc_SN_flag,perc_20_SN_gal,perc_50_SN_gal,perc_80_SN_gal,flag_image,flag_bck,flag_object,flag_statmorph,index
659r,138.57137330881852,7.3524411319564855,5000.0,0.1316,nan,2.9697894385087427,5.215949121234303,10.251028757817483,73.12075663928869,74.95890658338914,12.536840951015254,16.62683032175236,5.78431407529922,6.9476645608868415,0.5828381357528413,-1.4316370394822793,-0.08282675966221609,0.05101220590727601,0.28104203939437866,2.6902089672114715,0.5194179800844809,0.012296288076092184,0.07758620689655173,0.027561986348357416,0.13352571726047646,0.23852652383837933,0.4576181721018466,0.1794747006844458,5.321822937890096,1.4003563556193825,318.0353303903626,318.48531974568846,0.21677718617841332,1.0679812370816588,0.0,0.0,0.27,0.34629548650952463,1.1641835,30.0,22.5,0.2,1.5,2.5,5.0,1.0,5.0,5.0,5.0,masking_sources,2.0,5.0,11.0,1.0,3.0,10.0,-0.5,0.5,0.2,5.0,0.5,10.0,0.0,0.0,10.0,Face-on,875.0,14.6,59.9,0.0,3.0,0.03265,0.004879999905824661,6.7,0.0,3.0,50.0,3.9,6.7,17.4,0.0,0.0,0.0,0.0,659
