GAL,ra,dec,radvel,z,mag,r20,r50,r80,flux_c,flux_e,rpetro_c,rpetro_e,rhalf_c,rhalf_e,Gini,M20,F(G_M20),S(G_M20),SN_per_pixel,C,A,S,M,I,D,Ao,As,Ser_A,Ser_R,Ser_n,Ser_xc,Ser_yc,Ser_ellip,Ser_theta,flag_morph,flag_sersic,ima_sc_pix2arc,ima_sc_arc2kpc,psf_arcsec,size_image_phy_kpc,zp_ima,eta,petro_extent_cas,snr,area_min,debleding,area_min_deblend,skybox_x,skybox_y,sky_method,nsigma,npixels,dilate_size,mask_stars,fwhm,threshold,roundlo,roundhi,sharplo,aper_stars,aper_fact,aper_center,aper_ellip,aper_pa,dr,View,area_segmap_pix,area_psf_pix,ratio_segmap_psf,flag_area,flag_area_th,SN_gal,bck,ratio_SN_gal,flag_SN,flag_SN_th,perc_SN_flag,perc_20_SN_gal,perc_50_SN_gal,perc_80_SN_gal,flag_image,flag_bck,flag_object,flag_statmorph,index
211r,187.93752188958615,0.5118985800463469,5000.0,0.0226,nan,3.767437450441428,8.616394918079846,17.436649572475822,90.5229988215493,90.1621423538054,21.691772926758226,23.43684471900341,9.564866453827975,10.506576152572336,0.5522819931968784,-1.9849016018307173,0.149332676393235,-0.05614214938956008,0.20168383419513702,3.3270849447445965,-0.010919603916432978,-0.007886057676460903,0.0008695652173913044,0.0,0.01367932440693127,-0.09861866568596139,0.2450331008715304,0.08764359617924365,9.448159012580248,1.5245528717866081,320.0718959815332,320.31680061817167,0.232649995458066,2.979403807724062,0.0,0.0,0.27,0.34629548650952463,1.0736836,30.0,22.5,0.2,1.5,2.5,5.0,1.0,5.0,5.0,5.0,masking_sources,2.0,5.0,11.0,1.0,3.0,10.0,-0.5,0.5,0.2,5.0,0.5,10.0,0.0,0.0,10.0,Face-on,3452.0,12.4,277.9,0.0,3.0,0.00807,0.0009599999757483602,8.4,0.0,3.0,50.0,4.3,8.4,27.0,0.0,0.0,0.0,0.0,211
