GAL,ra,dec,radvel,z,mag,r20,r50,r80,flux_c,flux_e,rpetro_c,rpetro_e,rhalf_c,rhalf_e,Gini,M20,F(G_M20),S(G_M20),SN_per_pixel,C,A,S,M,I,D,Ao,As,Ser_A,Ser_R,Ser_n,Ser_xc,Ser_yc,Ser_ellip,Ser_theta,flag_morph,flag_sersic,ima_sc_pix2arc,ima_sc_arc2kpc,psf_arcsec,size_image_phy_kpc,zp_ima,eta,petro_extent_cas,snr,area_min,debleding,area_min_deblend,skybox_x,skybox_y,sky_method,nsigma,npixels,dilate_size,mask_stars,fwhm,threshold,roundlo,roundhi,sharplo,aper_stars,aper_fact,aper_center,aper_ellip,aper_pa,dr,View,area_segmap_pix,area_psf_pix,ratio_segmap_psf,flag_area,flag_area_th,SN_gal,bck,ratio_SN_gal,flag_SN,flag_SN_th,perc_SN_flag,perc_20_SN_gal,perc_50_SN_gal,perc_80_SN_gal,flag_image,flag_bck,flag_object,flag_statmorph,index
541r,9.829014526913468,-0.45631892698555715,5000.0,0.0454,nan,7.316955531216237,15.230313839603548,25.809202864276006,399.7645892220326,399.3525398659599,32.82753751338906,37.43418739259203,15.409467221718348,17.570211496789447,0.526703331366399,-1.8012975894847687,-0.1045192802233803,-0.05594406688564785,0.3067825138568878,2.737220878186206,0.1584403841295332,0.050977654112719845,0.01266891891891892,0.02568314394340168,0.018048651775517618,0.16580016973324907,0.20002591013606813,0.20364583454769727,16.298547789549126,0.6292481174974465,320.27399246396726,319.6525735254195,0.21597090402215818,1.5393343949182807,0.0,0.0,0.27,0.34629548650952463,1.2212518,30.0,22.5,0.2,1.5,2.5,5.0,1.0,5.0,5.0,5.0,masking_sources,2.0,5.0,11.0,1.0,3.0,10.0,-0.5,0.5,0.2,5.0,0.5,10.0,0.0,0.0,10.0,Face-on,5142.0,16.1,320.0,0.0,3.0,0.03339,0.0020699999295175076,16.1,0.0,3.0,50.0,5.4,16.1,49.2,0.0,0.0,0.0,0.0,541
