GAL,ra,dec,radvel,z,mag,r20,r50,r80,flux_c,flux_e,rpetro_c,rpetro_e,rhalf_c,rhalf_e,Gini,M20,F(G_M20),S(G_M20),SN_per_pixel,C,A,S,M,I,D,Ao,As,Ser_A,Ser_R,Ser_n,Ser_xc,Ser_yc,Ser_ellip,Ser_theta,flag_morph,flag_sersic,ima_sc_pix2arc,ima_sc_arc2kpc,psf_arcsec,size_image_phy_kpc,zp_ima,eta,petro_extent_cas,snr,area_min,debleding,area_min_deblend,skybox_x,skybox_y,sky_method,nsigma,npixels,dilate_size,mask_stars,fwhm,threshold,roundlo,roundhi,sharplo,aper_stars,aper_fact,aper_center,aper_ellip,aper_pa,dr,View,area_segmap_pix,area_psf_pix,ratio_segmap_psf,flag_area,flag_area_th,SN_gal,bck,ratio_SN_gal,flag_SN,flag_SN_th,perc_SN_flag,perc_20_SN_gal,perc_50_SN_gal,perc_80_SN_gal,flag_image,flag_bck,flag_object,flag_statmorph,index
280r,326.69336257674667,-7.140394918820007,5000.0,0.0493,nan,2.98734037222545,5.721025501604149,9.726132794719016,73.15786729821266,73.22348947999627,12.261659915306804,16.04112463006638,5.84832379061693,7.746474864189412,0.4633547320826371,-1.6848064918143812,-0.4988231773635805,-0.10246691760038829,0.3600001037120819,2.5632774335267507,0.02944621578338892,0.007290585077280235,0.0,0.0,0.042918350985963694,0.03793716559167534,0.15533411521640395,0.3297762517503086,6.941559192348015,0.7435809071918997,319.4953874642634,320.17496237902446,0.5790414252849135,3.125258070063763,0.0,0.0,0.27,0.34629548650952463,1.4151605,30.0,22.5,0.2,1.5,2.5,5.0,1.0,5.0,5.0,5.0,masking_sources,2.0,5.0,11.0,1.0,3.0,10.0,-0.5,0.5,0.2,5.0,0.5,10.0,0.0,0.0,10.0,Edge-on,662.0,21.6,30.7,0.0,3.0,0.0478,0.004310000222176313,11.1,0.0,3.0,50.0,4.4,11.1,39.4,0.0,0.0,0.0,0.0,280
