GAL,ra,dec,radvel,z,mag,r20,r50,r80,flux_c,flux_e,rpetro_c,rpetro_e,rhalf_c,rhalf_e,Gini,M20,F(G_M20),S(G_M20),SN_per_pixel,C,A,S,M,I,D,Ao,As,Ser_A,Ser_R,Ser_n,Ser_xc,Ser_yc,Ser_ellip,Ser_theta,flag_morph,flag_sersic,ima_sc_pix2arc,ima_sc_arc2kpc,psf_arcsec,size_image_phy_kpc,zp_ima,eta,petro_extent_cas,snr,area_min,debleding,area_min_deblend,skybox_x,skybox_y,sky_method,nsigma,npixels,dilate_size,mask_stars,fwhm,threshold,roundlo,roundhi,sharplo,aper_stars,aper_fact,aper_center,aper_ellip,aper_pa,dr,View,area_segmap_pix,area_psf_pix,ratio_segmap_psf,flag_area,flag_area_th,SN_gal,bck,ratio_SN_gal,flag_SN,flag_SN_th,perc_SN_flag,perc_20_SN_gal,perc_50_SN_gal,perc_80_SN_gal,flag_image,flag_bck,flag_object,flag_statmorph,index
1039r,176.0810490106362,4.233523153825434,5000.0,0.1588,nan,3.3865356564315543,7.0704774711792355,16.19541698669807,193.34429523464468,207.95235754693766,18.94086729673579,41.73404511120558,9.300428536262164,11.948155675449845,0.6646298027723736,-1.7269450692914545,0.5266904567422275,0.09093814011313767,0.18560956418514252,3.3981824087856634,0.07175780686747738,-0.01983449391286378,0.2382608695652174,0.5657188931000023,0.10316952952187244,-0.21927427179081743,0.43520259683713464,0.2017833881114268,7.660540703048625,2.362755005534501,319.8452549011402,320.53254434033397,0.2073550097035992,1.479476294275906,0.0,0.0,0.27,0.34629548650952463,1.4454279,30.0,22.5,0.2,1.5,2.5,5.0,1.0,5.0,5.0,5.0,masking_sources,2.0,5.0,11.0,1.0,3.0,10.0,-0.5,0.5,0.2,5.0,0.5,10.0,0.0,0.0,10.0,Face-on,2386.0,22.5,106.0,0.0,3.0,0.03077,0.005369999911636114,5.7,0.0,3.0,50.0,3.6,5.7,13.4,0.0,0.0,0.0,0.0,1039
