GAL,ra,dec,radvel,z,mag,r20,r50,r80,flux_c,flux_e,rpetro_c,rpetro_e,rhalf_c,rhalf_e,Gini,M20,F(G_M20),S(G_M20),SN_per_pixel,C,A,S,M,I,D,Ao,As,Ser_A,Ser_R,Ser_n,Ser_xc,Ser_yc,Ser_ellip,Ser_theta,flag_morph,flag_sersic,ima_sc_pix2arc,ima_sc_arc2kpc,psf_arcsec,size_image_phy_kpc,zp_ima,eta,petro_extent_cas,snr,area_min,debleding,area_min_deblend,skybox_x,skybox_y,sky_method,nsigma,npixels,dilate_size,mask_stars,fwhm,threshold,roundlo,roundhi,sharplo,aper_stars,aper_fact,aper_center,aper_ellip,aper_pa,dr,View,area_segmap_pix,area_psf_pix,ratio_segmap_psf,flag_area,flag_area_th,SN_gal,bck,ratio_SN_gal,flag_SN,flag_SN_th,perc_SN_flag,perc_20_SN_gal,perc_50_SN_gal,perc_80_SN_gal,flag_image,flag_bck,flag_object,flag_statmorph,index
912r,168.20074579140433,9.39916562776509,5000.0,0.0689,nan,3.353106371577512,8.093163919106262,17.153753496835208,247.69838704046356,248.35658506720165,21.327399526773863,23.43069089345811,9.216582815620049,10.014655982171492,0.5771612051990579,-2.0426052847159752,0.3124734280435071,-0.039532541428453305,0.32002532482147217,3.5445591699087275,0.007767940694727563,-0.009099573503600047,0.035182679296346414,0.025948403208336083,0.045558467199760457,-0.16388189145583562,0.2409756087924414,0.2692877829666316,7.912100259307121,1.955971394628061,320.07614508147964,319.7425302016738,0.1678717498492958,1.5681155335080148,0.0,0.0,0.27,0.34629548650952463,1.4602654,30.0,22.5,0.2,1.5,2.5,5.0,1.0,5.0,5.0,5.0,masking_sources,2.0,5.0,11.0,1.0,3.0,10.0,-0.5,0.5,0.2,5.0,0.5,10.0,0.0,0.0,10.0,Face-on,2599.0,23.0,113.1,0.0,3.0,0.03151,0.00471000000834465,6.7,0.0,3.0,50.0,3.6,6.7,19.7,0.0,0.0,0.0,0.0,912
