GAL,ra,dec,radvel,z,mag,r20,r50,r80,flux_c,flux_e,rpetro_c,rpetro_e,rhalf_c,rhalf_e,Gini,M20,F(G_M20),S(G_M20),SN_per_pixel,C,A,S,M,I,D,Ao,As,Ser_A,Ser_R,Ser_n,Ser_xc,Ser_yc,Ser_ellip,Ser_theta,flag_morph,flag_sersic,ima_sc_pix2arc,ima_sc_arc2kpc,psf_arcsec,size_image_phy_kpc,zp_ima,eta,petro_extent_cas,snr,area_min,debleding,area_min_deblend,skybox_x,skybox_y,sky_method,nsigma,npixels,dilate_size,mask_stars,fwhm,threshold,roundlo,roundhi,sharplo,aper_stars,aper_fact,aper_center,aper_ellip,aper_pa,dr,View,area_segmap_pix,area_psf_pix,ratio_segmap_psf,flag_area,flag_area_th,SN_gal,bck,ratio_SN_gal,flag_SN,flag_SN_th,perc_SN_flag,perc_20_SN_gal,perc_50_SN_gal,perc_80_SN_gal,flag_image,flag_bck,flag_object,flag_statmorph,index
470r,223.92020431919437,0.10666897269796535,5000.0,0.0778,nan,6.086088247834328,11.854282018467895,20.82550713572195,83.48258965680948,83.37284458405033,27.086109266698287,29.481045245012286,11.904149338691871,13.572791124066683,0.47622204439665455,-1.7682367240580166,-0.37731283046435404,-0.10132508069137636,0.1696993112564087,2.6712867034712207,0.15134457368632814,0.018356135499266936,0.017105263157894738,0.035477559684609486,0.029309011655727777,0.2772991835148958,0.3066715141989518,0.06498106343672115,12.064873033344318,0.6376342803886045,320.1050238931317,319.78071597279995,0.23117049177947233,0.4019251787197256,0.0,0.0,0.27,0.34629548650952463,1.5193995,30.0,22.5,0.2,1.5,2.5,5.0,1.0,5.0,5.0,5.0,masking_sources,2.0,5.0,11.0,1.0,3.0,10.0,-0.5,0.5,0.2,5.0,0.5,10.0,0.0,0.0,10.0,Face-on,2745.0,24.9,110.4,0.0,3.0,0.01557,0.0012199999764561653,12.8,0.0,3.0,50.0,5.4,12.8,34.9,0.0,0.0,0.0,0.0,470
