GAL,ra,dec,radvel,z,mag,r20,r50,r80,flux_c,flux_e,rpetro_c,rpetro_e,rhalf_c,rhalf_e,Gini,M20,F(G_M20),S(G_M20),SN_per_pixel,C,A,S,M,I,D,Ao,As,Ser_A,Ser_R,Ser_n,Ser_xc,Ser_yc,Ser_ellip,Ser_theta,flag_morph,flag_sersic,ima_sc_pix2arc,ima_sc_arc2kpc,psf_arcsec,size_image_phy_kpc,zp_ima,eta,petro_extent_cas,snr,area_min,debleding,area_min_deblend,skybox_x,skybox_y,sky_method,nsigma,npixels,dilate_size,mask_stars,fwhm,threshold,roundlo,roundhi,sharplo,aper_stars,aper_fact,aper_center,aper_ellip,aper_pa,dr,View,area_segmap_pix,area_psf_pix,ratio_segmap_psf,flag_area,flag_area_th,SN_gal,bck,ratio_SN_gal,flag_SN,flag_SN_th,perc_SN_flag,perc_20_SN_gal,perc_50_SN_gal,perc_80_SN_gal,flag_image,flag_bck,flag_object,flag_statmorph,index
1101r,185.6304079632024,9.082074915284277,5000.0,0.0662,nan,2.3148205691173733,4.512907732174626,8.092190829639785,191.46366794639493,191.36936584492526,10.042811886444586,11.26183558227284,4.836675797998181,5.455609606705801,0.4993155953456538,-1.696841260556968,-0.312476809473035,-0.06853849582522137,0.6547901034355164,2.7177439147591635,0.024656374759853463,0.07722611907975088,0.0,0.0,0.006878420233395631,0.03338309264008546,0.1699481703570455,0.9067837185445593,4.563592242380909,1.449409503940611,320.05051417684354,319.9991116164731,0.2992186332653207,2.483533945682977,0.0,0.0,0.27,0.34629548650952463,1.2633486,30.0,22.5,0.2,1.5,2.5,5.0,1.0,5.0,5.0,5.0,masking_sources,2.0,5.0,11.0,1.0,3.0,10.0,-0.5,0.5,0.2,5.0,0.5,10.0,0.0,0.0,10.0,Face-on,1150.0,17.2,66.9,0.0,3.0,0.03889,0.0040799998678267,9.5,0.0,3.0,50.0,4.2,9.5,39.4,0.0,0.0,0.0,0.0,1101
