GAL,ra,dec,radvel,z,mag,r20,r50,r80,flux_c,flux_e,rpetro_c,rpetro_e,rhalf_c,rhalf_e,Gini,M20,F(G_M20),S(G_M20),SN_per_pixel,C,A,S,M,I,D,Ao,As,Ser_A,Ser_R,Ser_n,Ser_xc,Ser_yc,Ser_ellip,Ser_theta,flag_morph,flag_sersic,ima_sc_pix2arc,ima_sc_arc2kpc,psf_arcsec,size_image_phy_kpc,zp_ima,eta,petro_extent_cas,snr,area_min,debleding,area_min_deblend,skybox_x,skybox_y,sky_method,nsigma,npixels,dilate_size,mask_stars,fwhm,threshold,roundlo,roundhi,sharplo,aper_stars,aper_fact,aper_center,aper_ellip,aper_pa,dr,View,area_segmap_pix,area_psf_pix,ratio_segmap_psf,flag_area,flag_area_th,SN_gal,bck,ratio_SN_gal,flag_SN,flag_SN_th,perc_SN_flag,perc_20_SN_gal,perc_50_SN_gal,perc_80_SN_gal,flag_image,flag_bck,flag_object,flag_statmorph,index
1054r,147.93653451375113,8.332952298091689,5000.0,0.1421,nan,3.530781302634332,9.241493189853776,20.91191567103567,172.76358870468678,172.51737224712602,25.794576840249473,31.73051331126328,9.809196220582052,11.390156333715638,0.6054447713706199,-2.179450719333606,0.5473109667827574,-0.030553326330457597,0.21788184344768524,3.862615004059543,-0.0053856429936928645,0.0002520989469919571,0.007377049180327869,0.005362834284950705,0.025795652169321396,-0.01393682049353242,0.2553008833328797,0.17092523662287618,9.095610440624705,1.8137249117944658,320.41654542662286,320.04657457249465,0.30410483688694007,1.160255129358428,1.0,0.0,0.27,0.34629548650952463,1.1813695,30.0,22.5,0.2,1.5,2.5,5.0,1.0,5.0,5.0,5.0,masking_sources,2.0,5.0,11.0,1.0,3.0,10.0,-0.5,0.5,0.2,5.0,0.5,10.0,0.0,0.0,10.0,Face-on,1993.0,15.0,132.5,0.0,3.0,0.03136,0.00559999980032444,5.6,0.0,3.0,50.0,3.6,5.6,13.9,0.0,0.0,0.0,0.0,1054
