GAL,ra,dec,radvel,z,mag,r20,r50,r80,flux_c,flux_e,rpetro_c,rpetro_e,rhalf_c,rhalf_e,Gini,M20,F(G_M20),S(G_M20),SN_per_pixel,C,A,S,M,I,D,Ao,As,Ser_A,Ser_R,Ser_n,Ser_xc,Ser_yc,Ser_ellip,Ser_theta,flag_morph,flag_sersic,ima_sc_pix2arc,ima_sc_arc2kpc,psf_arcsec,size_image_phy_kpc,zp_ima,eta,petro_extent_cas,snr,area_min,debleding,area_min_deblend,skybox_x,skybox_y,sky_method,nsigma,npixels,dilate_size,mask_stars,fwhm,threshold,roundlo,roundhi,sharplo,aper_stars,aper_fact,aper_center,aper_ellip,aper_pa,dr,View,area_segmap_pix,area_psf_pix,ratio_segmap_psf,flag_area,flag_area_th,SN_gal,bck,ratio_SN_gal,flag_SN,flag_SN_th,perc_SN_flag,perc_20_SN_gal,perc_50_SN_gal,perc_80_SN_gal,flag_image,flag_bck,flag_object,flag_statmorph,index
508r,348.6508827271898,-0.6814009593109084,5000.0,0.0278,nan,15.89250684040563,29.777351352480682,48.179502962880846,372.46026438058965,370.68846307357,60.687267548919,73.04411150949119,30.207543611341393,37.07856436852402,0.447213063754205,-1.5424335636905644,-0.6773888747791239,-0.09865733223632553,0.16771459579467773,2.4083495415836924,0.11096070537062791,0.052845879365361066,0.12099644128113879,0.48532003060917234,0.020116044934533405,0.1417476610071357,0.20486867638654324,0.052311295146243136,34.61388062400126,0.4756101717947481,320.2715116008922,319.6950225204696,0.37060059738397866,1.9966857019362103,0.0,0.0,0.27,0.34629548650952463,1.462703,30.0,22.5,0.2,1.5,2.5,5.0,1.0,5.0,5.0,5.0,masking_sources,2.0,5.0,11.0,1.0,3.0,10.0,-0.5,0.5,0.2,5.0,0.5,10.0,0.0,0.0,10.0,Face-on,13736.0,23.1,595.9,0.0,3.0,0.01651,0.0008699999889358878,18.9,0.0,3.0,50.0,5.9,18.9,45.8,0.0,0.0,0.0,0.0,508
