GAL,ra,dec,radvel,z,mag,r20,r50,r80,flux_c,flux_e,rpetro_c,rpetro_e,rhalf_c,rhalf_e,Gini,M20,F(G_M20),S(G_M20),SN_per_pixel,C,A,S,M,I,D,Ao,As,Ser_A,Ser_R,Ser_n,Ser_xc,Ser_yc,Ser_ellip,Ser_theta,flag_morph,flag_sersic,ima_sc_pix2arc,ima_sc_arc2kpc,psf_arcsec,size_image_phy_kpc,zp_ima,eta,petro_extent_cas,snr,area_min,debleding,area_min_deblend,skybox_x,skybox_y,sky_method,nsigma,npixels,dilate_size,mask_stars,fwhm,threshold,roundlo,roundhi,sharplo,aper_stars,aper_fact,aper_center,aper_ellip,aper_pa,dr,View,area_segmap_pix,area_psf_pix,ratio_segmap_psf,flag_area,flag_area_th,SN_gal,bck,ratio_SN_gal,flag_SN,flag_SN_th,perc_SN_flag,perc_20_SN_gal,perc_50_SN_gal,perc_80_SN_gal,flag_image,flag_bck,flag_object,flag_statmorph,index
86r,316.6474347964524,-5.682996368784874,5000.0,0.0178,nan,3.6197811957085797,8.015922820975707,15.805333659167776,120.16489290641493,121.1621008519208,19.77367709782749,27.010579082414125,8.638353202044655,11.822635890443935,0.5393954698249133,-1.9361405884897374,0.05175300345670841,-0.06212202667340938,0.2688710689544678,3.2006067443089736,-0.0008037193453604176,0.031878305565834854,0.002304147465437788,0.0,0.01319335220205188,-0.03551719269625636,0.1802328041831081,0.17565894474573374,10.1172296542794,1.2256910504948932,319.8444555789035,319.965842866652,0.5242374142436395,1.9317193518578544,0.0,0.0,0.27,0.34629548650952463,1.2377092,30.0,22.5,0.2,1.5,2.5,5.0,1.0,5.0,5.0,5.0,masking_sources,2.0,5.0,11.0,1.0,3.0,10.0,-0.5,0.5,0.2,5.0,0.5,10.0,0.0,0.0,10.0,Edge-on,1617.0,16.5,98.0,0.0,3.0,0.02911,0.0038399999029934406,7.6,0.0,3.0,50.0,4.0,7.6,21.7,0.0,0.0,0.0,0.0,86
