GAL,ra,dec,radvel,z,mag,r20,r50,r80,flux_c,flux_e,rpetro_c,rpetro_e,rhalf_c,rhalf_e,Gini,M20,F(G_M20),S(G_M20),SN_per_pixel,C,A,S,M,I,D,Ao,As,Ser_A,Ser_R,Ser_n,Ser_xc,Ser_yc,Ser_ellip,Ser_theta,flag_morph,flag_sersic,ima_sc_pix2arc,ima_sc_arc2kpc,psf_arcsec,size_image_phy_kpc,zp_ima,eta,petro_extent_cas,snr,area_min,debleding,area_min_deblend,skybox_x,skybox_y,sky_method,nsigma,npixels,dilate_size,mask_stars,fwhm,threshold,roundlo,roundhi,sharplo,aper_stars,aper_fact,aper_center,aper_ellip,aper_pa,dr,View,area_segmap_pix,area_psf_pix,ratio_segmap_psf,flag_area,flag_area_th,SN_gal,bck,ratio_SN_gal,flag_SN,flag_SN_th,perc_SN_flag,perc_20_SN_gal,perc_50_SN_gal,perc_80_SN_gal,flag_image,flag_bck,flag_object,flag_statmorph,index
1051r,183.33710395657994,11.454378001146505,5000.0,0.1636,nan,2.993175088787115,7.665758438365637,17.045864771405714,156.3769931037383,158.50838403205282,20.899541445431115,25.42392734854149,8.720208565872447,10.358040293334248,0.5966212675402283,-2.1739408332049233,0.499816271735142,-0.03852272095065845,0.25396156311035156,3.777434583454269,0.02723764396614392,0.009479563552860823,0.006862745098039216,0.002160624698584068,0.009720204503480608,0.08154619888546215,0.27056029706879153,0.1973540595774457,7.938741005488609,1.9613547798735471,319.83366577837654,320.1228286236538,0.31554845283776833,1.0953723205841799,0.0,0.0,0.27,0.34629548650952463,1.1466268,30.0,22.5,0.2,1.5,2.5,5.0,1.0,5.0,5.0,5.0,masking_sources,2.0,5.0,11.0,1.0,3.0,10.0,-0.5,0.5,0.2,5.0,0.5,10.0,0.0,0.0,10.0,Face-on,1763.0,14.2,124.5,0.0,3.0,0.03096,0.005369999911636114,5.8,0.0,3.0,50.0,3.6,5.8,15.0,0.0,0.0,0.0,0.0,1051
