GAL,ra,dec,radvel,z,mag,r20,r50,r80,flux_c,flux_e,rpetro_c,rpetro_e,rhalf_c,rhalf_e,Gini,M20,F(G_M20),S(G_M20),SN_per_pixel,C,A,S,M,I,D,Ao,As,Ser_A,Ser_R,Ser_n,Ser_xc,Ser_yc,Ser_ellip,Ser_theta,flag_morph,flag_sersic,ima_sc_pix2arc,ima_sc_arc2kpc,psf_arcsec,size_image_phy_kpc,zp_ima,eta,petro_extent_cas,snr,area_min,debleding,area_min_deblend,skybox_x,skybox_y,sky_method,nsigma,npixels,dilate_size,mask_stars,fwhm,threshold,roundlo,roundhi,sharplo,aper_stars,aper_fact,aper_center,aper_ellip,aper_pa,dr,View,area_segmap_pix,area_psf_pix,ratio_segmap_psf,flag_area,flag_area_th,SN_gal,bck,ratio_SN_gal,flag_SN,flag_SN_th,perc_SN_flag,perc_20_SN_gal,perc_50_SN_gal,perc_80_SN_gal,flag_image,flag_bck,flag_object,flag_statmorph,index
194r,157.0657238637597,4.406462421209951,5000.0,0.0229,nan,9.952440424069268,22.442447845926075,39.08928530299099,297.80785648223747,298.37905258735196,52.436947384230336,67.10900281826484,22.43966824135808,31.24162942785827,0.49750374635908706,-1.874987197314058,-0.19799032778387637,-0.09509451153115789,0.1778828203678131,2.970640717210624,0.06937430149378893,0.04122083576360208,0.022552783109404992,0.17022425927524834,0.024554793810227606,0.10564105633282218,0.2450461945194063,0.05912719056503544,26.25435829635358,0.5860844493428281,320.9441507748088,321.50164284446834,0.46949161440786685,2.75811058103996,1.0,0.0,0.27,0.34629548650952463,1.2286558,30.0,22.5,0.2,1.5,2.5,5.0,1.0,5.0,5.0,5.0,masking_sources,2.0,5.0,11.0,1.0,3.0,10.0,-0.5,0.5,0.2,5.0,0.5,10.0,0.0,0.0,10.0,Face-on,4929.0,16.3,303.1,0.0,3.0,0.03615,0.0062699997797608376,5.8,0.0,3.0,50.0,3.7,5.8,10.9,0.0,0.0,0.0,0.0,194
