GAL,ra,dec,radvel,z,mag,r20,r50,r80,flux_c,flux_e,rpetro_c,rpetro_e,rhalf_c,rhalf_e,Gini,M20,F(G_M20),S(G_M20),SN_per_pixel,C,A,S,M,I,D,Ao,As,Ser_A,Ser_R,Ser_n,Ser_xc,Ser_yc,Ser_ellip,Ser_theta,flag_morph,flag_sersic,ima_sc_pix2arc,ima_sc_arc2kpc,psf_arcsec,size_image_phy_kpc,zp_ima,eta,petro_extent_cas,snr,area_min,debleding,area_min_deblend,skybox_x,skybox_y,sky_method,nsigma,npixels,dilate_size,mask_stars,fwhm,threshold,roundlo,roundhi,sharplo,aper_stars,aper_fact,aper_center,aper_ellip,aper_pa,dr,View,area_segmap_pix,area_psf_pix,ratio_segmap_psf,flag_area,flag_area_th,SN_gal,bck,ratio_SN_gal,flag_SN,flag_SN_th,perc_SN_flag,perc_20_SN_gal,perc_50_SN_gal,perc_80_SN_gal,flag_image,flag_bck,flag_object,flag_statmorph,index
333r,167.7265681785453,11.380165747200278,5000.0,0.0419,nan,8.832795297088309,16.7100794589368,25.713252749182388,149.6359977417966,149.31305552246016,32.847761223458654,39.302527857134685,16.78601742667914,20.45316340237296,0.44582575320167916,-1.3672796441213306,-0.805637728275606,-0.07568437486320262,0.2018018364906311,2.320294265581472,0.15792037349715157,0.04035617020194442,0.1958041958041958,0.31615615601365316,0.09383598784631308,0.17542917015849827,0.35610710262427164,0.06920628102673324,18.853436894628466,0.3649597268871029,320.63125310817844,317.47158938943556,0.39328984433674297,1.9967529719222872,0.0,0.0,0.27,0.34629548650952463,1.2541856,30.0,22.5,0.2,1.5,2.5,5.0,1.0,5.0,5.0,5.0,masking_sources,2.0,5.0,11.0,1.0,3.0,10.0,-0.5,0.5,0.2,5.0,0.5,10.0,0.0,0.0,10.0,Face-on,2462.0,16.9,145.3,0.0,3.0,0.04278,0.005499999970197678,7.8,0.0,3.0,50.0,4.3,7.8,14.5,0.0,0.0,0.0,0.0,333
