GAL,ra,dec,radvel,z,mag,r20,r50,r80,flux_c,flux_e,rpetro_c,rpetro_e,rhalf_c,rhalf_e,Gini,M20,F(G_M20),S(G_M20),SN_per_pixel,C,A,S,M,I,D,Ao,As,Ser_A,Ser_R,Ser_n,Ser_xc,Ser_yc,Ser_ellip,Ser_theta,flag_morph,flag_sersic,ima_sc_pix2arc,ima_sc_arc2kpc,psf_arcsec,size_image_phy_kpc,zp_ima,eta,petro_extent_cas,snr,area_min,debleding,area_min_deblend,skybox_x,skybox_y,sky_method,nsigma,npixels,dilate_size,mask_stars,fwhm,threshold,roundlo,roundhi,sharplo,aper_stars,aper_fact,aper_center,aper_ellip,aper_pa,dr,View,area_segmap_pix,area_psf_pix,ratio_segmap_psf,flag_area,flag_area_th,SN_gal,bck,ratio_SN_gal,flag_SN,flag_SN_th,perc_SN_flag,perc_20_SN_gal,perc_50_SN_gal,perc_80_SN_gal,flag_image,flag_bck,flag_object,flag_statmorph,index
452r,174.10515468235536,-2.9437436934805445,5000.0,0.0498,nan,4.234663203406969,8.496468458934277,15.291100999505154,105.05328884739231,104.9393331504711,19.15463435333351,27.68042052409686,8.902498218434314,13.349943801435856,0.510256480087346,-1.422200601924111,-0.448645406434228,-0.01953196838097887,0.3077918589115143,2.788099408508322,-0.04682150010992004,0.0034642682424576134,1.0,0.6047585776024975,0.07621447705993958,-0.32254075578361385,0.18021997579373195,0.21907040528992158,12.678180871861876,0.7905087081872441,320.9658923579114,320.24950022798,0.7385635292166038,0.16022691527312816,2.0,0.0,0.27,0.34629548650952463,1.2396024,30.0,22.5,0.2,1.5,2.5,5.0,1.0,5.0,5.0,5.0,masking_sources,2.0,5.0,11.0,1.0,3.0,10.0,-0.5,0.5,0.2,5.0,0.5,10.0,0.0,0.0,10.0,Edge-on,1521.0,16.6,91.9,0.0,3.0,0.02346,0.00203999993391335,11.5,0.0,3.0,50.0,4.6,11.5,47.7,0.0,0.0,0.0,0.0,452
