GAL,ra,dec,radvel,z,mag,r20,r50,r80,flux_c,flux_e,rpetro_c,rpetro_e,rhalf_c,rhalf_e,Gini,M20,F(G_M20),S(G_M20),SN_per_pixel,C,A,S,M,I,D,Ao,As,Ser_A,Ser_R,Ser_n,Ser_xc,Ser_yc,Ser_ellip,Ser_theta,flag_morph,flag_sersic,ima_sc_pix2arc,ima_sc_arc2kpc,psf_arcsec,size_image_phy_kpc,zp_ima,eta,petro_extent_cas,snr,area_min,debleding,area_min_deblend,skybox_x,skybox_y,sky_method,nsigma,npixels,dilate_size,mask_stars,fwhm,threshold,roundlo,roundhi,sharplo,aper_stars,aper_fact,aper_center,aper_ellip,aper_pa,dr,View,area_segmap_pix,area_psf_pix,ratio_segmap_psf,flag_area,flag_area_th,SN_gal,bck,ratio_SN_gal,flag_SN,flag_SN_th,perc_SN_flag,perc_20_SN_gal,perc_50_SN_gal,perc_80_SN_gal,flag_image,flag_bck,flag_object,flag_statmorph,index
275r,161.49809538057784,12.05160163769799,5000.0,0.0392,nan,6.896201872878372,14.914518230830897,24.84618326437011,263.87095286788156,263.60996154870054,31.683618489712742,36.15932177799691,15.33832741343403,17.889669168224962,0.4675329713079566,-1.8703614194476115,-0.3495513283484204,-0.12412259570834094,0.25585559010505676,2.783248590536309,0.17240759684685852,0.002026279547028505,0.024163568773234202,0.10469904675857407,0.017761028617736957,0.27317317281342407,0.47223281931258243,0.13540436712910417,15.015078505139044,0.6468610096743196,318.90733736713184,320.3524494731622,0.2691102703643138,2.4309431923633715,0.0,0.0,0.27,0.34629548650952463,1.7242436,30.0,22.5,0.2,1.5,2.5,5.0,1.0,5.0,5.0,5.0,masking_sources,2.0,5.0,11.0,1.0,3.0,10.0,-0.5,0.5,0.2,5.0,0.5,10.0,0.0,0.0,10.0,Face-on,3373.0,32.0,105.3,0.0,3.0,0.043,0.00471000000834465,9.1,0.0,3.0,50.0,4.4,9.1,23.1,0.0,0.0,0.0,0.0,275
