GAL,ra,dec,radvel,z,mag,r20,r50,r80,flux_c,flux_e,rpetro_c,rpetro_e,rhalf_c,rhalf_e,Gini,M20,F(G_M20),S(G_M20),SN_per_pixel,C,A,S,M,I,D,Ao,As,Ser_A,Ser_R,Ser_n,Ser_xc,Ser_yc,Ser_ellip,Ser_theta,flag_morph,flag_sersic,ima_sc_pix2arc,ima_sc_arc2kpc,psf_arcsec,size_image_phy_kpc,zp_ima,eta,petro_extent_cas,snr,area_min,debleding,area_min_deblend,skybox_x,skybox_y,sky_method,nsigma,npixels,dilate_size,mask_stars,fwhm,threshold,roundlo,roundhi,sharplo,aper_stars,aper_fact,aper_center,aper_ellip,aper_pa,dr,View,area_segmap_pix,area_psf_pix,ratio_segmap_psf,flag_area,flag_area_th,SN_gal,bck,ratio_SN_gal,flag_SN,flag_SN_th,perc_SN_flag,perc_20_SN_gal,perc_50_SN_gal,perc_80_SN_gal,flag_image,flag_bck,flag_object,flag_statmorph,index
209r,31.196650283430298,0.835035831384746,5000.0,0.02,nan,8.95773156066287,23.1035055172885,41.13686232559405,299.30172945248387,293.97184837340075,53.5147707671305,71.35738647199685,23.466019839080523,36.16054785017746,0.5720167314630229,-1.9953717898968029,0.25427547114044824,-0.038060114647262944,0.21439656615257263,3.31016559787237,0.06701236744767892,0.04572145767799174,0.23439099283520984,0.3735991756983696,0.0825128406014395,0.06875095617379519,0.20774779096268953,0.1411423228696494,28.953853177693468,0.62498931447543,319.93069495707414,319.18059179672457,0.7124472726871998,0.48155740078384374,0.0,0.0,0.27,0.34629548650952463,1.1681291,30.0,22.5,0.2,1.5,2.5,5.0,1.0,5.0,5.0,5.0,masking_sources,2.0,5.0,11.0,1.0,3.0,10.0,-0.5,0.5,0.2,5.0,0.5,10.0,0.0,0.0,10.0,Edge-on,5533.0,14.7,376.4,0.0,3.0,0.02761,0.00215999991632998,12.8,0.0,3.0,50.0,4.8,12.8,33.4,0.0,0.0,0.0,0.0,209
