GAL,ra,dec,radvel,z,mag,r20,r50,r80,flux_c,flux_e,rpetro_c,rpetro_e,rhalf_c,rhalf_e,Gini,M20,F(G_M20),S(G_M20),SN_per_pixel,C,A,S,M,I,D,Ao,As,Ser_A,Ser_R,Ser_n,Ser_xc,Ser_yc,Ser_ellip,Ser_theta,flag_morph,flag_sersic,ima_sc_pix2arc,ima_sc_arc2kpc,psf_arcsec,size_image_phy_kpc,zp_ima,eta,petro_extent_cas,snr,area_min,debleding,area_min_deblend,skybox_x,skybox_y,sky_method,nsigma,npixels,dilate_size,mask_stars,fwhm,threshold,roundlo,roundhi,sharplo,aper_stars,aper_fact,aper_center,aper_ellip,aper_pa,dr,View,area_segmap_pix,area_psf_pix,ratio_segmap_psf,flag_area,flag_area_th,SN_gal,bck,ratio_SN_gal,flag_SN,flag_SN_th,perc_SN_flag,perc_20_SN_gal,perc_50_SN_gal,perc_80_SN_gal,flag_image,flag_bck,flag_object,flag_statmorph,index
382r,221.02119833766474,-2.6493849082893215,5000.0,0.0423,nan,2.3609920588174407,4.697957769396068,8.236560854715378,90.37428292022908,89.93711806577538,10.225581655643053,11.094745517240787,5.115527611172141,5.689382184974913,0.48047265426255753,-1.7493333437401388,-0.36937235418842373,-0.0944894070599474,0.4525209367275238,2.7132569258430754,0.045316166049885045,0.05624897536592342,0.0035842293906810036,0.0,0.01489783357181155,0.053452838478874234,0.2647983645354178,0.4096036349150132,4.741898643779837,1.440717186846278,320.13115745911074,320.0126228085212,0.318900388745518,0.8320749393010283,0.0,0.0,0.27,0.34629548650952463,1.2857671,30.0,22.5,0.2,1.5,2.5,5.0,1.0,5.0,5.0,5.0,masking_sources,2.0,5.0,11.0,1.0,3.0,10.0,-0.5,0.5,0.2,5.0,0.5,10.0,0.0,0.0,10.0,Face-on,1244.0,17.8,69.8,0.0,3.0,0.01497,0.0018599999602884054,8.0,0.0,3.0,50.0,3.9,8.0,38.1,0.0,0.0,0.0,0.0,382
