GAL,ra,dec,radvel,z,mag,r20,r50,r80,flux_c,flux_e,rpetro_c,rpetro_e,rhalf_c,rhalf_e,Gini,M20,F(G_M20),S(G_M20),SN_per_pixel,C,A,S,M,I,D,Ao,As,Ser_A,Ser_R,Ser_n,Ser_xc,Ser_yc,Ser_ellip,Ser_theta,flag_morph,flag_sersic,ima_sc_pix2arc,ima_sc_arc2kpc,psf_arcsec,size_image_phy_kpc,zp_ima,eta,petro_extent_cas,snr,area_min,debleding,area_min_deblend,skybox_x,skybox_y,sky_method,nsigma,npixels,dilate_size,mask_stars,fwhm,threshold,roundlo,roundhi,sharplo,aper_stars,aper_fact,aper_center,aper_ellip,aper_pa,dr,View,area_segmap_pix,area_psf_pix,ratio_segmap_psf,flag_area,flag_area_th,SN_gal,bck,ratio_SN_gal,flag_SN,flag_SN_th,perc_SN_flag,perc_20_SN_gal,perc_50_SN_gal,perc_80_SN_gal,flag_image,flag_bck,flag_object,flag_statmorph,index
847r,325.61288847380234,-7.405773900736767,5000.0,0.0533,nan,4.39900743067463,9.742201594688046,18.90600394534854,278.52039417211495,275.00358136038983,24.235271668230215,30.646138928547337,10.354573083556353,14.982246290325373,0.4985527206072909,-1.9154609977688017,-0.16474956154013043,-0.09968188528864552,0.391765296459198,3.1662252430610716,0.0231706668221846,0.022538410483867642,0.001303780964797914,0.0,0.011036859539689666,-0.003896321062995817,0.22063403441955562,0.3194589404442042,13.160541345879233,1.0319693965123113,319.9002682448413,319.8510701757036,0.6153112137099926,1.6112388263675093,0.0,0.0,0.27,0.34629548650952463,1.4340216,30.0,22.5,0.2,1.5,2.5,5.0,1.0,5.0,5.0,5.0,masking_sources,2.0,5.0,11.0,1.0,3.0,10.0,-0.5,0.5,0.2,5.0,0.5,10.0,0.0,0.0,10.0,Edge-on,2590.0,22.2,116.9,0.0,3.0,0.03568,0.004129999782890081,8.6,0.0,3.0,50.0,4.1,8.6,34.5,0.0,0.0,0.0,0.0,847
