GAL,ra,dec,radvel,z,mag,r20,r50,r80,flux_c,flux_e,rpetro_c,rpetro_e,rhalf_c,rhalf_e,Gini,M20,F(G_M20),S(G_M20),SN_per_pixel,C,A,S,M,I,D,Ao,As,Ser_A,Ser_R,Ser_n,Ser_xc,Ser_yc,Ser_ellip,Ser_theta,flag_morph,flag_sersic,ima_sc_pix2arc,ima_sc_arc2kpc,psf_arcsec,size_image_phy_kpc,zp_ima,eta,petro_extent_cas,snr,area_min,debleding,area_min_deblend,skybox_x,skybox_y,sky_method,nsigma,npixels,dilate_size,mask_stars,fwhm,threshold,roundlo,roundhi,sharplo,aper_stars,aper_fact,aper_center,aper_ellip,aper_pa,dr,View,area_segmap_pix,area_psf_pix,ratio_segmap_psf,flag_area,flag_area_th,SN_gal,bck,ratio_SN_gal,flag_SN,flag_SN_th,perc_SN_flag,perc_20_SN_gal,perc_50_SN_gal,perc_80_SN_gal,flag_image,flag_bck,flag_object,flag_statmorph,index
44r,180.04210048672283,10.704368494587188,5000.0,0.0232,nan,3.9397747808735315,7.414952059244804,12.234068069088636,67.59422943204106,67.47989514847255,15.145837576283807,18.2061866160361,7.665443047951108,9.295346595212088,0.46433870202704175,-1.3605010936030923,-0.7186961670992003,-0.05641433700405851,0.27697500586509705,2.46049748328261,0.08025415167872615,0.002057892470980353,0.002173913043478261,0.0,0.08741003747391575,-0.040754065295154476,0.33241234076301207,0.16103038569573713,8.381828735273979,0.6572319552583161,319.84977085028004,318.7903544986825,0.47745446612791836,1.680760757831325,0.0,0.0,0.27,0.34629548650952463,1.3272718,30.0,22.5,0.2,1.5,2.5,5.0,1.0,5.0,5.0,5.0,masking_sources,2.0,5.0,11.0,1.0,3.0,10.0,-0.5,0.5,0.2,5.0,0.5,10.0,0.0,0.0,10.0,Face-on,770.0,19.0,40.6,0.0,3.0,0.04228,0.004129999782890081,10.2,0.0,3.0,50.0,4.6,10.2,31.8,0.0,0.0,0.0,0.0,44
