GAL,ra,dec,radvel,z,mag,r20,r50,r80,flux_c,flux_e,rpetro_c,rpetro_e,rhalf_c,rhalf_e,Gini,M20,F(G_M20),S(G_M20),SN_per_pixel,C,A,S,M,I,D,Ao,As,Ser_A,Ser_R,Ser_n,Ser_xc,Ser_yc,Ser_ellip,Ser_theta,flag_morph,flag_sersic,ima_sc_pix2arc,ima_sc_arc2kpc,psf_arcsec,size_image_phy_kpc,zp_ima,eta,petro_extent_cas,snr,area_min,debleding,area_min_deblend,skybox_x,skybox_y,sky_method,nsigma,npixels,dilate_size,mask_stars,fwhm,threshold,roundlo,roundhi,sharplo,aper_stars,aper_fact,aper_center,aper_ellip,aper_pa,dr,View,area_segmap_pix,area_psf_pix,ratio_segmap_psf,flag_area,flag_area_th,SN_gal,bck,ratio_SN_gal,flag_SN,flag_SN_th,perc_SN_flag,perc_20_SN_gal,perc_50_SN_gal,perc_80_SN_gal,flag_image,flag_bck,flag_object,flag_statmorph,index
459r,148.59901068995256,11.783167401409669,5000.0,0.0575,nan,4.3795410936087595,9.114156162799423,15.664234667201876,139.52000567523612,138.52786233242222,19.586211640142288,26.29613149001794,9.349886977473343,13.473495927764535,0.4822584825478686,-1.4224413666393105,-0.5870686443070081,-0.04728345224047431,0.37216901779174805,2.7674028749482305,0.1164548285510558,0.04472909058406356,0.19230769230769232,0.4035988165526617,0.020599463718888454,0.15079892622201096,0.2610648788551337,0.31230159210161756,12.57490419325989,0.5793914282594104,319.33995554038563,319.75623218825376,0.7332070839540635,3.0870938131758825,0.0,0.0,0.27,0.34629548650952463,1.1312099,30.0,22.5,0.2,1.5,2.5,5.0,1.0,5.0,5.0,5.0,masking_sources,2.0,5.0,11.0,1.0,3.0,10.0,-0.5,0.5,0.2,5.0,0.5,10.0,0.0,0.0,10.0,Edge-on,1200.0,13.8,87.0,0.0,3.0,0.0439,0.0048699998296797276,9.0,0.0,3.0,50.0,3.9,9.0,38.1,0.0,0.0,0.0,0.0,459
