GAL,ra,dec,radvel,z,mag,r20,r50,r80,flux_c,flux_e,rpetro_c,rpetro_e,rhalf_c,rhalf_e,Gini,M20,F(G_M20),S(G_M20),SN_per_pixel,C,A,S,M,I,D,Ao,As,Ser_A,Ser_R,Ser_n,Ser_xc,Ser_yc,Ser_ellip,Ser_theta,flag_morph,flag_sersic,ima_sc_pix2arc,ima_sc_arc2kpc,psf_arcsec,size_image_phy_kpc,zp_ima,eta,petro_extent_cas,snr,area_min,debleding,area_min_deblend,skybox_x,skybox_y,sky_method,nsigma,npixels,dilate_size,mask_stars,fwhm,threshold,roundlo,roundhi,sharplo,aper_stars,aper_fact,aper_center,aper_ellip,aper_pa,dr,View,area_segmap_pix,area_psf_pix,ratio_segmap_psf,flag_area,flag_area_th,SN_gal,bck,ratio_SN_gal,flag_SN,flag_SN_th,perc_SN_flag,perc_20_SN_gal,perc_50_SN_gal,perc_80_SN_gal,flag_image,flag_bck,flag_object,flag_statmorph,index
111r,149.50357861177423,11.592504200650184,5000.0,0.0183,nan,7.40419450221157,17.045713127084593,33.02753215050682,164.33040530469262,162.1199649417324,45.75603756570046,58.51985169281548,17.068788990826604,29.057833306485957,0.5542308782678607,-1.6210626187217512,-0.09316075779991628,-0.0036391345171413736,0.21688014268875122,3.2469915259966258,-0.12874652353499694,0.01898917160438012,1.0,0.8808461736525445,0.06343204997680671,-0.10993849797371259,0.16762260631392925,0.14127383614683411,26.826759354210864,0.4492529308403143,319.10742920262317,319.64858210934096,0.836748707707586,2.9283358218879516,0.0,0.0,0.27,0.34629548650952463,1.3104416,30.0,22.5,0.2,1.5,2.5,5.0,1.0,5.0,5.0,5.0,masking_sources,2.0,5.0,11.0,1.0,3.0,10.0,-0.5,0.5,0.2,5.0,0.5,10.0,0.0,0.0,10.0,Edge-on,2050.0,18.5,110.8,0.0,3.0,0.0517,0.005710000172257423,9.1,0.0,3.0,50.0,4.1,9.1,20.2,0.0,0.0,0.0,0.0,111
