GAL,ra,dec,radvel,z,mag,r20,r50,r80,flux_c,flux_e,rpetro_c,rpetro_e,rhalf_c,rhalf_e,Gini,M20,F(G_M20),S(G_M20),SN_per_pixel,C,A,S,M,I,D,Ao,As,Ser_A,Ser_R,Ser_n,Ser_xc,Ser_yc,Ser_ellip,Ser_theta,flag_morph,flag_sersic,ima_sc_pix2arc,ima_sc_arc2kpc,psf_arcsec,size_image_phy_kpc,zp_ima,eta,petro_extent_cas,snr,area_min,debleding,area_min_deblend,skybox_x,skybox_y,sky_method,nsigma,npixels,dilate_size,mask_stars,fwhm,threshold,roundlo,roundhi,sharplo,aper_stars,aper_fact,aper_center,aper_ellip,aper_pa,dr,View,area_segmap_pix,area_psf_pix,ratio_segmap_psf,flag_area,flag_area_th,SN_gal,bck,ratio_SN_gal,flag_SN,flag_SN_th,perc_SN_flag,perc_20_SN_gal,perc_50_SN_gal,perc_80_SN_gal,flag_image,flag_bck,flag_object,flag_statmorph,index
792r,159.88216396320965,13.627049822787757,5000.0,0.1052,nan,4.0261324107855305,8.783948317213472,16.081572751717705,82.5170874544315,82.19263796236254,20.80791297623559,26.688003263279814,8.864926753688891,10.570826010794326,0.5497825534603251,-1.9569106458852386,0.1175627172270799,-0.05472585185232626,0.19540168344974518,3.007202329957445,0.05101935842867445,0.012661680347438791,0.014752370916754479,0.004299473999814821,0.02392482919999239,0.0784568906378637,0.17155589186370387,0.11878671530636371,8.8647547165934,0.8881749852248619,319.67354643004614,320.11973052021165,0.3135295809688538,0.021021013696968918,1.0,0.0,0.27,0.34629548650952463,1.2738599,30.0,22.5,0.2,1.5,2.5,5.0,1.0,5.0,5.0,5.0,masking_sources,2.0,5.0,11.0,1.0,3.0,10.0,-0.5,0.5,0.2,5.0,0.5,10.0,0.0,0.0,10.0,Face-on,1303.0,17.5,74.5,0.0,3.0,0.02972,0.004800000227987766,6.2,0.0,3.0,50.0,3.7,6.2,16.3,0.0,0.0,0.0,0.0,792
