GAL,ra,dec,radvel,z,mag,r20,r50,r80,flux_c,flux_e,rpetro_c,rpetro_e,rhalf_c,rhalf_e,Gini,M20,F(G_M20),S(G_M20),SN_per_pixel,C,A,S,M,I,D,Ao,As,Ser_A,Ser_R,Ser_n,Ser_xc,Ser_yc,Ser_ellip,Ser_theta,flag_morph,flag_sersic,ima_sc_pix2arc,ima_sc_arc2kpc,psf_arcsec,size_image_phy_kpc,zp_ima,eta,petro_extent_cas,snr,area_min,debleding,area_min_deblend,skybox_x,skybox_y,sky_method,nsigma,npixels,dilate_size,mask_stars,fwhm,threshold,roundlo,roundhi,sharplo,aper_stars,aper_fact,aper_center,aper_ellip,aper_pa,dr,View,area_segmap_pix,area_psf_pix,ratio_segmap_psf,flag_area,flag_area_th,SN_gal,bck,ratio_SN_gal,flag_SN,flag_SN_th,perc_SN_flag,perc_20_SN_gal,perc_50_SN_gal,perc_80_SN_gal,flag_image,flag_bck,flag_object,flag_statmorph,index
692r,213.40564612086106,5.1063370946125906,5000.0,0.0968,nan,6.101403728494558,11.107297967887169,17.018365791028927,74.57932094814325,74.56722447726959,22.040379126346703,22.100964172993027,11.102995922162009,11.156943699218818,0.42221409172236146,-1.6080411490729167,-0.7556677296667793,-0.1325257689159976,0.2023501992225647,2.2274404549626823,0.010675357977615272,-0.023665118878046208,0.018018018018018018,0.0,0.030922039613793112,-0.018708614937430423,0.08370360254041999,0.0726521232997805,10.856039891890578,0.4416248669980669,320.0608261522494,320.1868881679936,0.04746011634345355,1.554579945070131,0.0,0.0,0.27,0.34629548650952463,1.2722114,30.0,22.5,0.2,1.5,2.5,5.0,1.0,5.0,5.0,5.0,masking_sources,2.0,5.0,11.0,1.0,3.0,10.0,-0.5,0.5,0.2,5.0,0.5,10.0,0.0,0.0,10.0,Face-on,1402.0,17.4,80.4,0.0,3.0,0.03727,0.004379999823868275,8.5,0.0,3.0,50.0,4.3,8.5,17.9,0.0,0.0,0.0,0.0,692
