GAL,ra,dec,radvel,z,mag,r20,r50,r80,flux_c,flux_e,rpetro_c,rpetro_e,rhalf_c,rhalf_e,Gini,M20,F(G_M20),S(G_M20),SN_per_pixel,C,A,S,M,I,D,Ao,As,Ser_A,Ser_R,Ser_n,Ser_xc,Ser_yc,Ser_ellip,Ser_theta,flag_morph,flag_sersic,ima_sc_pix2arc,ima_sc_arc2kpc,psf_arcsec,size_image_phy_kpc,zp_ima,eta,petro_extent_cas,snr,area_min,debleding,area_min_deblend,skybox_x,skybox_y,sky_method,nsigma,npixels,dilate_size,mask_stars,fwhm,threshold,roundlo,roundhi,sharplo,aper_stars,aper_fact,aper_center,aper_ellip,aper_pa,dr,View,area_segmap_pix,area_psf_pix,ratio_segmap_psf,flag_area,flag_area_th,SN_gal,bck,ratio_SN_gal,flag_SN,flag_SN_th,perc_SN_flag,perc_20_SN_gal,perc_50_SN_gal,perc_80_SN_gal,flag_image,flag_bck,flag_object,flag_statmorph,index
322r,179.25807272634282,-2.481491323166742,5000.0,0.0192,nan,8.553909422014607,19.34248984965138,36.86985262528578,373.1309341502332,368.8182501860467,46.956066124069615,62.36062686542769,20.443265958339566,30.506558263891456,0.5374610267112326,-1.5896777992787503,-0.19792120287922454,-0.015878797655625998,0.26100268959999084,3.1725337724821783,0.03426819220389911,0.018011408405931247,0.000407000407000407,0.36071947227808077,0.14176535971128157,-0.3823485820909498,0.19546000759288076,0.14030588433053126,29.037523769409745,0.8044856607160422,322.75995155008945,319.1473308942232,0.7287911460790656,0.05320563643280757,2.0,0.0,0.27,0.34629548650952463,1.2263101,30.0,22.5,0.2,1.5,2.5,5.0,1.0,5.0,5.0,5.0,masking_sources,2.0,5.0,11.0,1.0,3.0,10.0,-0.5,0.5,0.2,5.0,0.5,10.0,0.0,0.0,10.0,Edge-on,8303.0,16.2,512.5,0.0,3.0,0.01312,0.001129999989643693,11.6,0.0,3.0,50.0,4.8,11.6,49.7,0.0,0.0,0.0,0.0,322
