GAL,ra,dec,radvel,z,mag,r20,r50,r80,flux_c,flux_e,rpetro_c,rpetro_e,rhalf_c,rhalf_e,Gini,M20,F(G_M20),S(G_M20),SN_per_pixel,C,A,S,M,I,D,Ao,As,Ser_A,Ser_R,Ser_n,Ser_xc,Ser_yc,Ser_ellip,Ser_theta,flag_morph,flag_sersic,ima_sc_pix2arc,ima_sc_arc2kpc,psf_arcsec,size_image_phy_kpc,zp_ima,eta,petro_extent_cas,snr,area_min,debleding,area_min_deblend,skybox_x,skybox_y,sky_method,nsigma,npixels,dilate_size,mask_stars,fwhm,threshold,roundlo,roundhi,sharplo,aper_stars,aper_fact,aper_center,aper_ellip,aper_pa,dr,View,area_segmap_pix,area_psf_pix,ratio_segmap_psf,flag_area,flag_area_th,SN_gal,bck,ratio_SN_gal,flag_SN,flag_SN_th,perc_SN_flag,perc_20_SN_gal,perc_50_SN_gal,perc_80_SN_gal,flag_image,flag_bck,flag_object,flag_statmorph,index
1167r,310.7346384905916,-5.192207299508449,5000.0,0.029,nan,7.8381516190710645,14.108160234979687,22.096234489746706,83.810351475972,83.96341849014576,28.61188839452902,31.520987527636652,14.090571185356985,15.5697126400712,0.4411058397213942,-1.4726625105419426,-0.755970973573532,-0.09500530764114978,0.15907064080238342,2.250523049915301,0.18702234854489874,0.026073103982345337,0.20987654320987653,0.3238700885266855,0.008381178782710559,0.19725788554298948,0.16543473446048607,0.052489141998787056,13.876712978835352,0.40582903094921147,319.5722844081233,319.9004691626193,0.17326880791534924,0.4368178781689952,0.0,0.0,0.27,0.34629548650952463,1.3245078,30.0,22.5,0.2,1.5,2.5,5.0,1.0,5.0,5.0,5.0,masking_sources,2.0,5.0,11.0,1.0,3.0,10.0,-0.5,0.5,0.2,5.0,0.5,10.0,0.0,0.0,10.0,Face-on,1823.0,18.9,96.5,0.0,3.0,0.03147,0.004040000028908253,7.8,0.0,3.0,50.0,4.2,7.8,14.5,0.0,0.0,0.0,0.0,1167
