GAL,ra,dec,radvel,z,mag,r20,r50,r80,flux_c,flux_e,rpetro_c,rpetro_e,rhalf_c,rhalf_e,Gini,M20,F(G_M20),S(G_M20),SN_per_pixel,C,A,S,M,I,D,Ao,As,Ser_A,Ser_R,Ser_n,Ser_xc,Ser_yc,Ser_ellip,Ser_theta,flag_morph,flag_sersic,ima_sc_pix2arc,ima_sc_arc2kpc,psf_arcsec,size_image_phy_kpc,zp_ima,eta,petro_extent_cas,snr,area_min,debleding,area_min_deblend,skybox_x,skybox_y,sky_method,nsigma,npixels,dilate_size,mask_stars,fwhm,threshold,roundlo,roundhi,sharplo,aper_stars,aper_fact,aper_center,aper_ellip,aper_pa,dr,View,area_segmap_pix,area_psf_pix,ratio_segmap_psf,flag_area,flag_area_th,SN_gal,bck,ratio_SN_gal,flag_SN,flag_SN_th,perc_SN_flag,perc_20_SN_gal,perc_50_SN_gal,perc_80_SN_gal,flag_image,flag_bck,flag_object,flag_statmorph,index
413r,215.137262729024,-0.2484381979331522,5000.0,0.0635,nan,5.5370279991257565,11.771641995759763,21.67417789747199,93.58215977513456,93.14067360275551,27.376313026639153,34.557252181138736,12.093152679527936,14.430416635721683,0.5251178078978497,-1.899504525350471,-0.044310214837767425,-0.0711644992048443,0.16062326729297638,2.963329570172339,0.12480515751672676,0.023167529333491883,0.013266998341625208,0.008487201837151832,0.041361573669379405,0.22916942718285643,0.30453636709799486,0.06897583935999152,12.510331307145758,0.8138664974909839,319.6784960354532,320.0188008908876,0.3013794141796509,2.520824787687898,0.0,0.0,0.27,0.34629548650952463,1.3066068,30.0,22.5,0.2,1.5,2.5,5.0,1.0,5.0,5.0,5.0,masking_sources,2.0,5.0,11.0,1.0,3.0,10.0,-0.5,0.5,0.2,5.0,0.5,10.0,0.0,0.0,10.0,Face-on,2798.0,18.4,152.1,0.0,3.0,0.01593,0.001820000004954636,8.8,0.0,3.0,50.0,4.7,8.8,22.7,0.0,0.0,0.0,0.0,413
