GAL,ra,dec,radvel,z,mag,r20,r50,r80,flux_c,flux_e,rpetro_c,rpetro_e,rhalf_c,rhalf_e,Gini,M20,F(G_M20),S(G_M20),SN_per_pixel,C,A,S,M,I,D,Ao,As,Ser_A,Ser_R,Ser_n,Ser_xc,Ser_yc,Ser_ellip,Ser_theta,flag_morph,flag_sersic,ima_sc_pix2arc,ima_sc_arc2kpc,psf_arcsec,size_image_phy_kpc,zp_ima,eta,petro_extent_cas,snr,area_min,debleding,area_min_deblend,skybox_x,skybox_y,sky_method,nsigma,npixels,dilate_size,mask_stars,fwhm,threshold,roundlo,roundhi,sharplo,aper_stars,aper_fact,aper_center,aper_ellip,aper_pa,dr,View,area_segmap_pix,area_psf_pix,ratio_segmap_psf,flag_area,flag_area_th,SN_gal,bck,ratio_SN_gal,flag_SN,flag_SN_th,perc_SN_flag,perc_20_SN_gal,perc_50_SN_gal,perc_80_SN_gal,flag_image,flag_bck,flag_object,flag_statmorph,index
85r,40.34083143429976,0.058113026100240016,5000.0,0.0227,nan,2.345673319457555,4.630681982712915,8.29304648146379,81.41114417712171,81.27275383816684,10.380199909409061,11.41508438576029,4.918592446561693,5.474416103339464,0.49949222569880664,-1.742193678296368,-0.2801732637315242,-0.0746676178413766,0.41685622930526733,2.742232857500317,0.03897576342039367,0.06865499310564172,0.0,0.0,0.07153393362892095,0.005999940670753321,0.2615976075620335,0.37664213209930014,4.746187320691221,1.1707469951953884,319.6435428531666,319.6815880032821,0.28429358140279415,2.963416541463359,0.0,0.0,0.27,0.34629548650952463,1.0787399,30.0,22.5,0.2,1.5,2.5,5.0,1.0,5.0,5.0,5.0,masking_sources,2.0,5.0,11.0,1.0,3.0,10.0,-0.5,0.5,0.2,5.0,0.5,10.0,0.0,0.0,10.0,Face-on,909.0,12.5,72.5,0.0,3.0,0.02405,0.0028800000436604023,8.4,0.0,3.0,50.0,4.0,8.4,35.4,0.0,0.0,0.0,0.0,85
