GAL,ra,dec,radvel,z,mag,r20,r50,r80,flux_c,flux_e,rpetro_c,rpetro_e,rhalf_c,rhalf_e,Gini,M20,F(G_M20),S(G_M20),SN_per_pixel,C,A,S,M,I,D,Ao,As,Ser_A,Ser_R,Ser_n,Ser_xc,Ser_yc,Ser_ellip,Ser_theta,flag_morph,flag_sersic,ima_sc_pix2arc,ima_sc_arc2kpc,psf_arcsec,size_image_phy_kpc,zp_ima,eta,petro_extent_cas,snr,area_min,debleding,area_min_deblend,skybox_x,skybox_y,sky_method,nsigma,npixels,dilate_size,mask_stars,fwhm,threshold,roundlo,roundhi,sharplo,aper_stars,aper_fact,aper_center,aper_ellip,aper_pa,dr,View,area_segmap_pix,area_psf_pix,ratio_segmap_psf,flag_area,flag_area_th,SN_gal,bck,ratio_SN_gal,flag_SN,flag_SN_th,perc_SN_flag,perc_20_SN_gal,perc_50_SN_gal,perc_80_SN_gal,flag_image,flag_bck,flag_object,flag_statmorph,index
860r,153.63695271709148,6.773199722242066,5000.0,0.1432,nan,3.225380898829522,6.828277443448759,11.576965045264755,88.98622015856654,90.07656190601003,14.275814989532282,19.57219382336364,9.200745824407175,10.612688536191223,0.47869409459812673,-1.7744970607241677,-0.36073776865742424,-0.09974793778851387,0.31303396821022034,2.7750685617306514,0.04955094877472256,-0.03807893398019502,0.005780346820809248,0.0,0.06276893696547865,-0.3816185743697362,0.5673700212522347,0.21392757272333798,7.882648199256297,0.7955648706448488,320.0838097429943,319.5447232279937,0.4546211901443821,1.579954645952055,1.0,0.0,0.27,0.34629548650952463,1.1986878,30.0,22.5,0.2,1.5,2.5,5.0,1.0,5.0,5.0,5.0,masking_sources,2.0,5.0,11.0,1.0,3.0,10.0,-0.5,0.5,0.2,5.0,0.5,10.0,0.0,0.0,10.0,Face-on,792.0,15.5,51.2,0.0,3.0,0.06094,0.00634999992325902,9.6,0.0,3.0,50.0,4.3,9.6,24.4,0.0,0.0,0.0,0.0,860
