GAL,ra,dec,radvel,z,mag,r20,r50,r80,flux_c,flux_e,rpetro_c,rpetro_e,rhalf_c,rhalf_e,Gini,M20,F(G_M20),S(G_M20),SN_per_pixel,C,A,S,M,I,D,Ao,As,Ser_A,Ser_R,Ser_n,Ser_xc,Ser_yc,Ser_ellip,Ser_theta,flag_morph,flag_sersic,ima_sc_pix2arc,ima_sc_arc2kpc,psf_arcsec,size_image_phy_kpc,zp_ima,eta,petro_extent_cas,snr,area_min,debleding,area_min_deblend,skybox_x,skybox_y,sky_method,nsigma,npixels,dilate_size,mask_stars,fwhm,threshold,roundlo,roundhi,sharplo,aper_stars,aper_fact,aper_center,aper_ellip,aper_pa,dr,View,area_segmap_pix,area_psf_pix,ratio_segmap_psf,flag_area,flag_area_th,SN_gal,bck,ratio_SN_gal,flag_SN,flag_SN_th,perc_SN_flag,perc_20_SN_gal,perc_50_SN_gal,perc_80_SN_gal,flag_image,flag_bck,flag_object,flag_statmorph,index
688r,223.76974474977425,-0.7963730960490385,5000.0,0.0764,nan,3.473181115102603,7.025400138147364,12.93661944024484,117.91168745940192,118.00757983377125,16.40075163243303,18.013227190207118,7.493048369419037,8.20288161894853,0.5174554893731451,-1.7392769862179727,-0.19327637615387694,-0.05647856660488454,0.31083232164382935,2.855466858206974,0.1199974104089986,0.03612524031610524,0.0,0.0,0.05281368073173773,0.21006874906047793,0.17684321569121136,0.21257348090239606,7.037576812082021,1.2402876880432054,320.5170863911185,319.9818660103208,0.18049174367649407,0.14358628073906848,0.0,0.0,0.27,0.34629548650952463,1.5125611,30.0,22.5,0.2,1.5,2.5,5.0,1.0,5.0,5.0,5.0,masking_sources,2.0,5.0,11.0,1.0,3.0,10.0,-0.5,0.5,0.2,5.0,0.5,10.0,0.0,0.0,10.0,Face-on,2705.0,24.6,109.7,0.0,3.0,0.01041,0.0009699999936856329,10.8,0.0,3.0,50.0,4.6,10.8,46.9,0.0,0.0,0.0,0.0,688
