GAL,ra,dec,radvel,z,mag,r20,r50,r80,flux_c,flux_e,rpetro_c,rpetro_e,rhalf_c,rhalf_e,Gini,M20,F(G_M20),S(G_M20),SN_per_pixel,C,A,S,M,I,D,Ao,As,Ser_A,Ser_R,Ser_n,Ser_xc,Ser_yc,Ser_ellip,Ser_theta,flag_morph,flag_sersic,ima_sc_pix2arc,ima_sc_arc2kpc,psf_arcsec,size_image_phy_kpc,zp_ima,eta,petro_extent_cas,snr,area_min,debleding,area_min_deblend,skybox_x,skybox_y,sky_method,nsigma,npixels,dilate_size,mask_stars,fwhm,threshold,roundlo,roundhi,sharplo,aper_stars,aper_fact,aper_center,aper_ellip,aper_pa,dr,View,area_segmap_pix,area_psf_pix,ratio_segmap_psf,flag_area,flag_area_th,SN_gal,bck,ratio_SN_gal,flag_SN,flag_SN_th,perc_SN_flag,perc_20_SN_gal,perc_50_SN_gal,perc_80_SN_gal,flag_image,flag_bck,flag_object,flag_statmorph,index
212r,199.36652215592153,-2.439560294742937,5000.0,0.0356,nan,3.130044397254969,5.909438619378513,10.461415710343895,84.88535843492545,84.92924523586808,13.19290807475557,14.105199391483495,6.0997270399754395,6.650385087362976,0.49447984930734085,-1.6721504897551318,-0.3535244565283566,-0.06989386726169589,0.3369862139225006,2.6201998124391492,0.05976152059019412,0.0016720024666215063,0.0022222222222222222,0.0,0.01722624268825016,0.04416617057367423,0.16078670052795654,0.27328261187959024,5.583739134043072,0.9744868625948713,320.12360891562065,319.8164567601452,0.2122116339606864,2.0349101800450473,0.0,0.0,0.27,0.34629548650952463,1.4787598,30.0,22.5,0.2,1.5,2.5,5.0,1.0,5.0,5.0,5.0,masking_sources,2.0,5.0,11.0,1.0,3.0,10.0,-0.5,0.5,0.2,5.0,0.5,10.0,0.0,0.0,10.0,Face-on,851.0,23.6,36.1,0.0,3.0,0.03843,0.004720000084489584,8.1,0.0,3.0,50.0,4.0,8.1,29.2,0.0,0.0,0.0,0.0,212
