GAL,ra,dec,radvel,z,mag,r20,r50,r80,flux_c,flux_e,rpetro_c,rpetro_e,rhalf_c,rhalf_e,Gini,M20,F(G_M20),S(G_M20),SN_per_pixel,C,A,S,M,I,D,Ao,As,Ser_A,Ser_R,Ser_n,Ser_xc,Ser_yc,Ser_ellip,Ser_theta,flag_morph,flag_sersic,ima_sc_pix2arc,ima_sc_arc2kpc,psf_arcsec,size_image_phy_kpc,zp_ima,eta,petro_extent_cas,snr,area_min,debleding,area_min_deblend,skybox_x,skybox_y,sky_method,nsigma,npixels,dilate_size,mask_stars,fwhm,threshold,roundlo,roundhi,sharplo,aper_stars,aper_fact,aper_center,aper_ellip,aper_pa,dr,View,area_segmap_pix,area_psf_pix,ratio_segmap_psf,flag_area,flag_area_th,SN_gal,bck,ratio_SN_gal,flag_SN,flag_SN_th,perc_SN_flag,perc_20_SN_gal,perc_50_SN_gal,perc_80_SN_gal,flag_image,flag_bck,flag_object,flag_statmorph,index
6r,10.455739922949805,-1.0282894813880423,5000.0,0.0192,nan,3.3265995839841236,6.87997535384799,12.775950336208146,67.76420424670414,67.97589683104084,15.911956847930293,21.949971579641346,7.227420403432784,10.101536478038904,0.5060503585906359,-1.4910072738505553,-0.4217826841979173,-0.03326015606049776,0.25656047463417053,2.9219634301683337,0.3039473214619338,0.006437425778795672,0.005780346820809248,0.0,0.19586936017638285,0.33371299904002033,0.41189498143966646,0.1562221844671356,8.33777259728476,0.837244193623677,318.3723961603054,318.6886747951583,0.5035933943125661,0.28632431004100134,0.0,0.0,0.27,0.34629548650952463,1.3354713,30.0,22.5,0.2,1.5,2.5,5.0,1.0,5.0,5.0,5.0,masking_sources,2.0,5.0,11.0,1.0,3.0,10.0,-0.5,0.5,0.2,5.0,0.5,10.0,0.0,0.0,10.0,Edge-on,1113.0,19.2,57.9,0.0,3.0,0.02636,0.002309999894350767,11.4,0.0,3.0,50.0,4.4,11.4,36.3,0.0,0.0,0.0,0.0,6
