GAL,ra,dec,radvel,z,mag,r20,r50,r80,flux_c,flux_e,rpetro_c,rpetro_e,rhalf_c,rhalf_e,Gini,M20,F(G_M20),S(G_M20),SN_per_pixel,C,A,S,M,I,D,Ao,As,Ser_A,Ser_R,Ser_n,Ser_xc,Ser_yc,Ser_ellip,Ser_theta,flag_morph,flag_sersic,ima_sc_pix2arc,ima_sc_arc2kpc,psf_arcsec,size_image_phy_kpc,zp_ima,eta,petro_extent_cas,snr,area_min,debleding,area_min_deblend,skybox_x,skybox_y,sky_method,nsigma,npixels,dilate_size,mask_stars,fwhm,threshold,roundlo,roundhi,sharplo,aper_stars,aper_fact,aper_center,aper_ellip,aper_pa,dr,View,area_segmap_pix,area_psf_pix,ratio_segmap_psf,flag_area,flag_area_th,SN_gal,bck,ratio_SN_gal,flag_SN,flag_SN_th,perc_SN_flag,perc_20_SN_gal,perc_50_SN_gal,perc_80_SN_gal,flag_image,flag_bck,flag_object,flag_statmorph,index
546r,115.12681549738627,23.352967694777984,5000.0,0.076,nan,5.607688142781008,11.600669249256915,18.655929290508602,117.21834082164139,115.98712523123862,24.160853583480872,27.38377223733467,11.609393837193737,13.58971534679307,0.44045028582138807,-1.7570578178428902,-0.562130017419006,-0.13518525371698756,0.2326386719942093,2.610165167847882,0.1564697804102426,-0.0017424784908556675,0.004062288422477996,0.009468685150490427,0.06796879998678408,0.1637272365362531,0.24617421330944514,0.10804166781184293,12.26513957269451,0.47699932674468665,318.2490202393162,318.82353123962525,0.3086850442684054,0.11915628756067381,0.0,0.0,0.27,0.34629548650952463,1.7147948,30.0,22.5,0.2,1.5,2.5,5.0,1.0,5.0,5.0,5.0,masking_sources,2.0,5.0,11.0,1.0,3.0,10.0,-0.5,0.5,0.2,5.0,0.5,10.0,0.0,0.0,10.0,Face-on,1740.0,31.7,54.9,0.0,3.0,0.04043,0.004519999958574772,8.9,0.0,3.0,50.0,4.5,8.9,20.7,0.0,0.0,0.0,0.0,546
