GAL,ra,dec,radvel,z,mag,r20,r50,r80,flux_c,flux_e,rpetro_c,rpetro_e,rhalf_c,rhalf_e,Gini,M20,F(G_M20),S(G_M20),SN_per_pixel,C,A,S,M,I,D,Ao,As,Ser_A,Ser_R,Ser_n,Ser_xc,Ser_yc,Ser_ellip,Ser_theta,flag_morph,flag_sersic,ima_sc_pix2arc,ima_sc_arc2kpc,psf_arcsec,size_image_phy_kpc,zp_ima,eta,petro_extent_cas,snr,area_min,debleding,area_min_deblend,skybox_x,skybox_y,sky_method,nsigma,npixels,dilate_size,mask_stars,fwhm,threshold,roundlo,roundhi,sharplo,aper_stars,aper_fact,aper_center,aper_ellip,aper_pa,dr,View,area_segmap_pix,area_psf_pix,ratio_segmap_psf,flag_area,flag_area_th,SN_gal,bck,ratio_SN_gal,flag_SN,flag_SN_th,perc_SN_flag,perc_20_SN_gal,perc_50_SN_gal,perc_80_SN_gal,flag_image,flag_bck,flag_object,flag_statmorph,index
165r,311.84259382790117,-0.1396288242304262,5000.0,0.0248,nan,11.068438188072918,21.583651260626286,35.163979742269134,144.29820551761614,142.504910612682,45.320215358198155,50.36509192411609,21.576515894259717,25.292516827558646,0.4501742467033694,-1.622316443407216,-0.6073721835371204,-0.10682948139726736,0.13660506904125214,2.5100583855382568,0.05202786928866028,-0.021735413340292473,0.008471157724889069,0.030068282526812457,0.03116463463310004,0.06949014011266696,0.2687306432081005,0.03771217956493256,22.08658384507407,0.4428265331034927,319.18139041545174,320.490663593304,0.2669851006176728,2.109345588947537,0.0,0.0,0.27,0.34629548650952463,1.4139938,30.0,22.5,0.2,1.5,2.5,5.0,1.0,5.0,5.0,5.0,masking_sources,2.0,5.0,11.0,1.0,3.0,10.0,-0.5,0.5,0.2,5.0,0.5,10.0,0.0,0.0,10.0,Face-on,4497.0,21.5,208.8,0.0,3.0,0.02026,0.0026599999982863665,7.6,0.0,3.0,50.0,4.5,7.6,14.2,0.0,0.0,0.0,0.0,165
