GAL,ra,dec,radvel,z,mag,r20,r50,r80,flux_c,flux_e,rpetro_c,rpetro_e,rhalf_c,rhalf_e,Gini,M20,F(G_M20),S(G_M20),SN_per_pixel,C,A,S,M,I,D,Ao,As,Ser_A,Ser_R,Ser_n,Ser_xc,Ser_yc,Ser_ellip,Ser_theta,flag_morph,flag_sersic,ima_sc_pix2arc,ima_sc_arc2kpc,psf_arcsec,size_image_phy_kpc,zp_ima,eta,petro_extent_cas,snr,area_min,debleding,area_min_deblend,skybox_x,skybox_y,sky_method,nsigma,npixels,dilate_size,mask_stars,fwhm,threshold,roundlo,roundhi,sharplo,aper_stars,aper_fact,aper_center,aper_ellip,aper_pa,dr,View,area_segmap_pix,area_psf_pix,ratio_segmap_psf,flag_area,flag_area_th,SN_gal,bck,ratio_SN_gal,flag_SN,flag_SN_th,perc_SN_flag,perc_20_SN_gal,perc_50_SN_gal,perc_80_SN_gal,flag_image,flag_bck,flag_object,flag_statmorph,index
748r,118.07470431348813,29.191086510058536,5000.0,0.0578,nan,3.218564760388999,6.956703214631497,12.932533737403302,208.53982149767768,208.66131225950744,16.554766839918063,19.48208567612037,7.1208468411362755,8.396070185445875,0.5136893501619185,-1.888752974557481,-0.10833190533016879,-0.08098420680319052,0.41737136244773865,3.0201068404608566,0.018450890579789544,0.03615769197615152,0.0,0.0,0.0060213495642699845,0.01884741382081071,0.1653776416920991,0.43761365510965733,7.309081451722256,1.0525134641947322,319.99645576663835,320.00065411374817,0.3142492218075173,2.329747705057028,0.0,0.0,0.27,0.34629548650952463,1.5044271,30.0,22.5,0.2,1.5,2.5,5.0,1.0,5.0,5.0,5.0,masking_sources,2.0,5.0,11.0,1.0,3.0,10.0,-0.5,0.5,0.2,5.0,0.5,10.0,0.0,0.0,10.0,Face-on,1499.0,24.4,61.5,0.0,3.0,0.05515,0.004100000020116568,13.4,0.0,3.0,50.0,4.9,13.4,41.2,0.0,0.0,0.0,0.0,748
