GAL,ra,dec,radvel,z,mag,r20,r50,r80,flux_c,flux_e,rpetro_c,rpetro_e,rhalf_c,rhalf_e,Gini,M20,F(G_M20),S(G_M20),SN_per_pixel,C,A,S,M,I,D,Ao,As,Ser_A,Ser_R,Ser_n,Ser_xc,Ser_yc,Ser_ellip,Ser_theta,flag_morph,flag_sersic,ima_sc_pix2arc,ima_sc_arc2kpc,psf_arcsec,size_image_phy_kpc,zp_ima,eta,petro_extent_cas,snr,area_min,debleding,area_min_deblend,skybox_x,skybox_y,sky_method,nsigma,npixels,dilate_size,mask_stars,fwhm,threshold,roundlo,roundhi,sharplo,aper_stars,aper_fact,aper_center,aper_ellip,aper_pa,dr,View,area_segmap_pix,area_psf_pix,ratio_segmap_psf,flag_area,flag_area_th,SN_gal,bck,ratio_SN_gal,flag_SN,flag_SN_th,perc_SN_flag,perc_20_SN_gal,perc_50_SN_gal,perc_80_SN_gal,flag_image,flag_bck,flag_object,flag_statmorph,index
876r,191.21573947193494,1.850416471342273,5000.0,0.0826,nan,2.1515369022104887,4.8746932189386,10.664157833201264,127.4392224455217,127.8342865867571,12.705391642335728,14.19515715635722,7.315922048034196,8.36072198282159,0.5805200902960665,-1.9694978044294456,0.27843642543513525,-0.026045305422587095,0.3800605833530426,3.47588882425708,0.017961844669664967,-0.0022383544893512302,0.0,0.0,0.01075124643335666,0.00922484507395825,0.1485262912047419,0.07938747455761924,10.590744219505176,3.4493367467383664,319.9957897310511,319.9884578969703,0.21535018328436334,1.8786032159084436,1.0,0.0,0.27,0.34629548650952463,1.0962093,30.0,22.5,0.2,1.5,2.5,5.0,1.0,5.0,5.0,5.0,masking_sources,2.0,5.0,11.0,1.0,3.0,10.0,-0.5,0.5,0.2,5.0,0.5,10.0,0.0,0.0,10.0,Face-on,7554.0,12.9,583.5,0.0,3.0,0.00677,0.0010900000343099236,6.2,0.0,3.0,50.0,4.1,6.2,12.9,0.0,0.0,0.0,0.0,876
