GAL,ra,dec,radvel,z,mag,r20,r50,r80,flux_c,flux_e,rpetro_c,rpetro_e,rhalf_c,rhalf_e,Gini,M20,F(G_M20),S(G_M20),SN_per_pixel,C,A,S,M,I,D,Ao,As,Ser_A,Ser_R,Ser_n,Ser_xc,Ser_yc,Ser_ellip,Ser_theta,flag_morph,flag_sersic,ima_sc_pix2arc,ima_sc_arc2kpc,psf_arcsec,size_image_phy_kpc,zp_ima,eta,petro_extent_cas,snr,area_min,debleding,area_min_deblend,skybox_x,skybox_y,sky_method,nsigma,npixels,dilate_size,mask_stars,fwhm,threshold,roundlo,roundhi,sharplo,aper_stars,aper_fact,aper_center,aper_ellip,aper_pa,dr,View,area_segmap_pix,area_psf_pix,ratio_segmap_psf,flag_area,flag_area_th,SN_gal,bck,ratio_SN_gal,flag_SN,flag_SN_th,perc_SN_flag,perc_20_SN_gal,perc_50_SN_gal,perc_80_SN_gal,flag_image,flag_bck,flag_object,flag_statmorph,index
1080r,148.0846161339624,13.01672524942039,5000.0,0.0413,nan,3.8743625884042405,9.932231120457962,20.947385514876984,512.994434795627,518.6295980674953,25.954967174058485,40.17732154632006,10.652560154938339,14.64307820004645,0.5898982459969899,-2.2122111724220734,0.4930586601735971,-0.05049808942964823,0.36644065380096436,3.6646478154696864,0.029742810503547976,0.026989200242279673,0.006329113924050633,0.005568249951372499,0.002248809792711564,0.05769138504002708,0.13645487437305612,0.4255122358208266,12.374728552649694,1.407088153835314,320.0047881291077,319.98964826107965,0.48392257155604695,2.89388641018638,0.0,0.0,0.27,0.34629548650952463,1.1178571,30.0,22.5,0.2,1.5,2.5,5.0,1.0,5.0,5.0,5.0,masking_sources,2.0,5.0,11.0,1.0,3.0,10.0,-0.5,0.5,0.2,5.0,0.5,10.0,0.0,0.0,10.0,Face-on,3670.0,13.5,272.6,0.0,3.0,0.05495,0.006570000201463699,8.4,0.0,3.0,50.0,4.4,8.4,21.1,0.0,0.0,0.0,0.0,1080
