GAL,ra,dec,radvel,z,mag,r20,r50,r80,flux_c,flux_e,rpetro_c,rpetro_e,rhalf_c,rhalf_e,Gini,M20,F(G_M20),S(G_M20),SN_per_pixel,C,A,S,M,I,D,Ao,As,Ser_A,Ser_R,Ser_n,Ser_xc,Ser_yc,Ser_ellip,Ser_theta,flag_morph,flag_sersic,ima_sc_pix2arc,ima_sc_arc2kpc,psf_arcsec,size_image_phy_kpc,zp_ima,eta,petro_extent_cas,snr,area_min,debleding,area_min_deblend,skybox_x,skybox_y,sky_method,nsigma,npixels,dilate_size,mask_stars,fwhm,threshold,roundlo,roundhi,sharplo,aper_stars,aper_fact,aper_center,aper_ellip,aper_pa,dr,View,area_segmap_pix,area_psf_pix,ratio_segmap_psf,flag_area,flag_area_th,SN_gal,bck,ratio_SN_gal,flag_SN,flag_SN_th,perc_SN_flag,perc_20_SN_gal,perc_50_SN_gal,perc_80_SN_gal,flag_image,flag_bck,flag_object,flag_statmorph,index
106r,170.75055086728028,-0.6153864838161196,5000.0,0.0238,nan,4.326781051675675,8.026171989840742,13.307679069840884,117.38829598549499,117.58964237641732,16.52665540683491,17.569940017453536,8.52052536794775,8.976068368345148,0.4610513712021582,-1.6536081610936142,-0.531845256911442,-0.10041067690187577,0.30974850058555603,2.4396869983889418,0.05438120934120819,0.023775342080959282,0.00145985401459854,0.0,0.0383864701382205,0.02016282758750202,0.3289681128880521,0.18975875221652888,7.725996779136892,0.8422829123350571,320.3627353394993,320.6066957843082,0.13051037935880805,2.7515595911907376,0.0,0.0,0.27,0.34629548650952463,1.6401061,30.0,22.5,0.2,1.5,2.5,5.0,1.0,5.0,5.0,5.0,masking_sources,2.0,5.0,11.0,1.0,3.0,10.0,-0.5,0.5,0.2,5.0,0.5,10.0,0.0,0.0,10.0,Face-on,1604.0,29.0,55.3,0.0,3.0,0.02629,0.0032599999103695154,8.1,0.0,3.0,50.0,3.9,8.1,32.9,0.0,0.0,0.0,0.0,106
