GAL,ra,dec,radvel,z,mag,r20,r50,r80,flux_c,flux_e,rpetro_c,rpetro_e,rhalf_c,rhalf_e,Gini,M20,F(G_M20),S(G_M20),SN_per_pixel,C,A,S,M,I,D,Ao,As,Ser_A,Ser_R,Ser_n,Ser_xc,Ser_yc,Ser_ellip,Ser_theta,flag_morph,flag_sersic,ima_sc_pix2arc,ima_sc_arc2kpc,psf_arcsec,size_image_phy_kpc,zp_ima,eta,petro_extent_cas,snr,area_min,debleding,area_min_deblend,skybox_x,skybox_y,sky_method,nsigma,npixels,dilate_size,mask_stars,fwhm,threshold,roundlo,roundhi,sharplo,aper_stars,aper_fact,aper_center,aper_ellip,aper_pa,dr,View,area_segmap_pix,area_psf_pix,ratio_segmap_psf,flag_area,flag_area_th,SN_gal,bck,ratio_SN_gal,flag_SN,flag_SN_th,perc_SN_flag,perc_20_SN_gal,perc_50_SN_gal,perc_80_SN_gal,flag_image,flag_bck,flag_object,flag_statmorph,index
1183r,143.4073529573538,8.463807250204098,5000.0,0.011,nan,6.198352215512063,13.479369298332939,25.044039484639434,139.21913715859256,138.21731121012408,31.487350257260115,39.345992660460176,13.676142156413444,17.414037286529602,0.5139073348239405,-1.8885280471446,-0.10740875595028676,-0.08073713707739832,0.1793200969696045,3.0321406442378245,-1.7621620368672704,-0.35360605547816837,0.020037570444583593,0.011714329599190049,0.06571767412372966,-3.898015550475074,0.18868802960219375,0.07097930568834951,15.331460725329412,0.996081666561666,320.3445914526004,319.6213515134318,0.35637988361161604,2.8071653931010037,2.0,0.0,0.27,0.34629548650952463,1.3042965,30.0,22.5,0.2,1.5,2.5,5.0,1.0,5.0,5.0,5.0,masking_sources,2.0,5.0,11.0,1.0,3.0,10.0,-0.5,0.5,0.2,5.0,0.5,10.0,0.0,0.0,10.0,Face-on,3036.0,18.3,165.6,0.0,3.0,0.02345,0.0029299999587237835,8.0,0.0,3.0,50.0,4.2,8.0,19.2,0.0,0.0,0.0,0.0,1183
