GAL,ra,dec,radvel,z,mag,r20,r50,r80,flux_c,flux_e,rpetro_c,rpetro_e,rhalf_c,rhalf_e,Gini,M20,F(G_M20),S(G_M20),SN_per_pixel,C,A,S,M,I,D,Ao,As,Ser_A,Ser_R,Ser_n,Ser_xc,Ser_yc,Ser_ellip,Ser_theta,flag_morph,flag_sersic,ima_sc_pix2arc,ima_sc_arc2kpc,psf_arcsec,size_image_phy_kpc,zp_ima,eta,petro_extent_cas,snr,area_min,debleding,area_min_deblend,skybox_x,skybox_y,sky_method,nsigma,npixels,dilate_size,mask_stars,fwhm,threshold,roundlo,roundhi,sharplo,aper_stars,aper_fact,aper_center,aper_ellip,aper_pa,dr,View,area_segmap_pix,area_psf_pix,ratio_segmap_psf,flag_area,flag_area_th,SN_gal,bck,ratio_SN_gal,flag_SN,flag_SN_th,perc_SN_flag,perc_20_SN_gal,perc_50_SN_gal,perc_80_SN_gal,flag_image,flag_bck,flag_object,flag_statmorph,index
391r,214.6944580968434,0.5606910585065512,5000.0,0.053,nan,2.2418997292375558,4.332474250171022,7.616015613820204,113.65540905042688,113.75332181704665,9.535420633260362,12.185650272610822,5.475645557538142,7.047509257513099,0.5080442045459233,-1.6588183722304415,-0.2956200555419839,-0.05461199123956734,0.5090709924697876,2.6555582060643523,0.10682249717994367,0.08125051143443526,0.0,0.0,0.03436563405840432,0.34244028840807716,0.7658864267875879,0.5539330481111483,3.9290559160277216,1.9465885088467754,320.1790868458312,320.06619342077215,0.17113071745739236,2.336797117011795,0.0,0.0,0.27,0.34629548650952463,1.3083862,30.0,22.5,0.2,1.5,2.5,5.0,1.0,5.0,5.0,5.0,masking_sources,2.0,5.0,11.0,1.0,3.0,10.0,-0.5,0.5,0.2,5.0,0.5,10.0,0.0,0.0,10.0,Face-on,1648.0,18.4,89.4,0.0,3.0,0.01419,0.0018899999558925629,7.5,0.0,3.0,50.0,3.9,7.5,29.9,0.0,0.0,0.0,0.0,391
