GAL,ra,dec,radvel,z,mag,r20,r50,r80,flux_c,flux_e,rpetro_c,rpetro_e,rhalf_c,rhalf_e,Gini,M20,F(G_M20),S(G_M20),SN_per_pixel,C,A,S,M,I,D,Ao,As,Ser_A,Ser_R,Ser_n,Ser_xc,Ser_yc,Ser_ellip,Ser_theta,flag_morph,flag_sersic,ima_sc_pix2arc,ima_sc_arc2kpc,psf_arcsec,size_image_phy_kpc,zp_ima,eta,petro_extent_cas,snr,area_min,debleding,area_min_deblend,skybox_x,skybox_y,sky_method,nsigma,npixels,dilate_size,mask_stars,fwhm,threshold,roundlo,roundhi,sharplo,aper_stars,aper_fact,aper_center,aper_ellip,aper_pa,dr,View,area_segmap_pix,area_psf_pix,ratio_segmap_psf,flag_area,flag_area_th,SN_gal,bck,ratio_SN_gal,flag_SN,flag_SN_th,perc_SN_flag,perc_20_SN_gal,perc_50_SN_gal,perc_80_SN_gal,flag_image,flag_bck,flag_object,flag_statmorph,index
334r,347.13479576630516,-9.577376503171696,5000.0,0.0324,nan,9.014096950310666,20.394936810799916,34.572774172534686,192.26507633914002,191.7475941641089,43.51489425305374,58.790920616370336,20.46372163990541,29.44659203971619,0.4532515480834991,-1.9342172108974824,-0.3759923098347242,-0.14713715971208602,0.17996032536029816,2.919060023109644,0.021793908586596154,0.025113570763438925,0.1044776119402985,0.2523172329990875,0.0111920698344889,0.05710765180432615,0.2552552381869045,0.0616118107219226,26.330018534365998,0.4504361172258452,319.90437428689984,319.8741577099017,0.5920139940518725,2.2559392063574166,0.0,0.0,0.27,0.34629548650952463,1.4054364,30.0,22.5,0.2,1.5,2.5,5.0,1.0,5.0,5.0,5.0,masking_sources,2.0,5.0,11.0,1.0,3.0,10.0,-0.5,0.5,0.2,5.0,0.5,10.0,0.0,0.0,10.0,Edge-on,3693.0,21.3,173.5,0.0,3.0,0.03552,0.004840000066906214,7.3,0.0,3.0,50.0,4.3,7.3,12.9,0.0,0.0,0.0,0.0,334
