GAL,ra,dec,radvel,z,mag,r20,r50,r80,flux_c,flux_e,rpetro_c,rpetro_e,rhalf_c,rhalf_e,Gini,M20,F(G_M20),S(G_M20),SN_per_pixel,C,A,S,M,I,D,Ao,As,Ser_A,Ser_R,Ser_n,Ser_xc,Ser_yc,Ser_ellip,Ser_theta,flag_morph,flag_sersic,ima_sc_pix2arc,ima_sc_arc2kpc,psf_arcsec,size_image_phy_kpc,zp_ima,eta,petro_extent_cas,snr,area_min,debleding,area_min_deblend,skybox_x,skybox_y,sky_method,nsigma,npixels,dilate_size,mask_stars,fwhm,threshold,roundlo,roundhi,sharplo,aper_stars,aper_fact,aper_center,aper_ellip,aper_pa,dr,View,area_segmap_pix,area_psf_pix,ratio_segmap_psf,flag_area,flag_area_th,SN_gal,bck,ratio_SN_gal,flag_SN,flag_SN_th,perc_SN_flag,perc_20_SN_gal,perc_50_SN_gal,perc_80_SN_gal,flag_image,flag_bck,flag_object,flag_statmorph,index
951r,164.99204252760194,2.2738149063404856,5000.0,0.0993,nan,5.665342244388749,11.231670892273861,19.261965659386917,157.50391213211827,153.83356728563567,23.856899807169203,31.482210929430583,11.445652177402069,16.365432113860102,0.42897369982879374,-1.7018438989440772,-0.6572023638792253,-0.13887233912272096,0.3045123219490051,2.6573722672649036,0.08417534165215254,-0.003740446638506224,0.009615384615384616,0.0,0.041494189651071885,0.09047496574132653,0.20970733909020875,0.1823995791978905,15.278519743919837,0.4475240985038375,319.4576326869309,320.41889788077054,0.6138120097632404,0.6545915648331355,0.0,0.0,0.27,0.34629548650952463,1.4141246,30.0,22.5,0.2,1.5,2.5,5.0,1.0,5.0,5.0,5.0,masking_sources,2.0,5.0,11.0,1.0,3.0,10.0,-0.5,0.5,0.2,5.0,0.5,10.0,0.0,0.0,10.0,Edge-on,1724.0,21.5,80.0,0.0,3.0,0.05029,0.003930000122636557,12.8,0.0,3.0,50.0,4.6,12.8,37.7,0.0,0.0,0.0,0.0,951
