GAL,ra,dec,radvel,z,mag,r20,r50,r80,flux_c,flux_e,rpetro_c,rpetro_e,rhalf_c,rhalf_e,Gini,M20,F(G_M20),S(G_M20),SN_per_pixel,C,A,S,M,I,D,Ao,As,Ser_A,Ser_R,Ser_n,Ser_xc,Ser_yc,Ser_ellip,Ser_theta,flag_morph,flag_sersic,ima_sc_pix2arc,ima_sc_arc2kpc,psf_arcsec,size_image_phy_kpc,zp_ima,eta,petro_extent_cas,snr,area_min,debleding,area_min_deblend,skybox_x,skybox_y,sky_method,nsigma,npixels,dilate_size,mask_stars,fwhm,threshold,roundlo,roundhi,sharplo,aper_stars,aper_fact,aper_center,aper_ellip,aper_pa,dr,View,area_segmap_pix,area_psf_pix,ratio_segmap_psf,flag_area,flag_area_th,SN_gal,bck,ratio_SN_gal,flag_SN,flag_SN_th,perc_SN_flag,perc_20_SN_gal,perc_50_SN_gal,perc_80_SN_gal,flag_image,flag_bck,flag_object,flag_statmorph,index
311r,25.111714609705178,0.2551516761253574,5000.0,0.0558,nan,3.9323200301102124,8.807088556608152,18.247858803347018,93.26471339797224,93.29865683129431,24.215829255501383,24.603508742835466,8.967884484412274,9.106072859801998,0.5540158565410479,-1.9885036963283298,0.16041155143371988,-0.054926315814000426,0.18542666733264923,3.3328152818777186,0.20690435237210061,0.012043935731434566,0.025996533795493933,0.04800716791710789,0.030163708572314672,0.2409061346948015,0.2674174015908258,0.11403517587013831,7.558902276087123,1.1858493648090325,319.7708862027561,320.3318283383223,0.04979368618368697,0.46128066114129096,0.0,0.0,0.27,0.34629548650952463,1.2703807,30.0,22.5,0.2,1.5,2.5,5.0,1.0,5.0,5.0,5.0,masking_sources,2.0,5.0,11.0,1.0,3.0,10.0,-0.5,0.5,0.2,5.0,0.5,10.0,0.0,0.0,10.0,Face-on,2662.0,17.4,153.1,0.0,3.0,0.0157,0.0011399999493733048,13.8,0.0,3.0,50.0,5.7,13.8,30.9,0.0,0.0,0.0,0.0,311
