GAL,ra,dec,radvel,z,mag,r20,r50,r80,flux_c,flux_e,rpetro_c,rpetro_e,rhalf_c,rhalf_e,Gini,M20,F(G_M20),S(G_M20),SN_per_pixel,C,A,S,M,I,D,Ao,As,Ser_A,Ser_R,Ser_n,Ser_xc,Ser_yc,Ser_ellip,Ser_theta,flag_morph,flag_sersic,ima_sc_pix2arc,ima_sc_arc2kpc,psf_arcsec,size_image_phy_kpc,zp_ima,eta,petro_extent_cas,snr,area_min,debleding,area_min_deblend,skybox_x,skybox_y,sky_method,nsigma,npixels,dilate_size,mask_stars,fwhm,threshold,roundlo,roundhi,sharplo,aper_stars,aper_fact,aper_center,aper_ellip,aper_pa,dr,View,area_segmap_pix,area_psf_pix,ratio_segmap_psf,flag_area,flag_area_th,SN_gal,bck,ratio_SN_gal,flag_SN,flag_SN_th,perc_SN_flag,perc_20_SN_gal,perc_50_SN_gal,perc_80_SN_gal,flag_image,flag_bck,flag_object,flag_statmorph,index
632r,175.918250055401,1.5518275370136099,5000.0,0.0747,nan,4.542100613095704,8.68808293430378,13.81670052653752,169.27091938097954,169.05521107454678,17.495832285496594,19.544222715591985,8.812517140691238,9.964285878839178,0.42336796794874393,-1.6777858372895331,-0.7016229734120714,-0.14107794311398866,0.37790271639823914,2.41573797162768,0.10284197224573516,0.0317477662258904,0.0,0.0,0.0509773321761324,0.15289528377577033,0.16726172000921996,0.26428019352343,9.108804325737905,0.5975009818540833,319.14033672791874,320.0161601946251,0.2451256435094441,1.085457862474379,2.0,0.0,0.27,0.34629548650952463,1.4209836,30.0,22.5,0.2,1.5,2.5,5.0,1.0,5.0,5.0,5.0,masking_sources,2.0,5.0,11.0,1.0,3.0,10.0,-0.5,0.5,0.2,5.0,0.5,10.0,0.0,0.0,10.0,Face-on,1509.0,21.8,69.4,0.0,3.0,0.05332,0.0029700000304728746,17.9,0.0,3.0,50.0,5.3,17.9,61.5,0.0,0.0,0.0,0.0,632
