GAL,ra,dec,radvel,z,mag,r20,r50,r80,flux_c,flux_e,rpetro_c,rpetro_e,rhalf_c,rhalf_e,Gini,M20,F(G_M20),S(G_M20),SN_per_pixel,C,A,S,M,I,D,Ao,As,Ser_A,Ser_R,Ser_n,Ser_xc,Ser_yc,Ser_ellip,Ser_theta,flag_morph,flag_sersic,ima_sc_pix2arc,ima_sc_arc2kpc,psf_arcsec,size_image_phy_kpc,zp_ima,eta,petro_extent_cas,snr,area_min,debleding,area_min_deblend,skybox_x,skybox_y,sky_method,nsigma,npixels,dilate_size,mask_stars,fwhm,threshold,roundlo,roundhi,sharplo,aper_stars,aper_fact,aper_center,aper_ellip,aper_pa,dr,View,area_segmap_pix,area_psf_pix,ratio_segmap_psf,flag_area,flag_area_th,SN_gal,bck,ratio_SN_gal,flag_SN,flag_SN_th,perc_SN_flag,perc_20_SN_gal,perc_50_SN_gal,perc_80_SN_gal,flag_image,flag_bck,flag_object,flag_statmorph,index
915r,4.305017552231751,-10.092185714268624,5000.0,0.1453,nan,3.3390473237831393,7.896913955117786,15.347947714148168,70.02103256534141,70.23916196132848,19.4353083440713,21.027849965488848,8.918351236780435,10.04052845941111,0.633726503986189,-1.0933540891086053,-0.06535942151610108,0.14841302056023098,0.21826434135437012,3.3121386836684152,0.04702650860449435,0.027970004045406997,0.0023923444976076554,0.0,0.32150735382201223,0.2876788471191611,0.5567922652914692,0.13883028285777888,9.890264383938607,1.0591829314185155,320.11346698654165,320.0582764168014,0.4325179467510083,0.48664674307852723,0.0,0.0,0.27,0.34629548650952463,1.502138,30.0,22.5,0.2,1.5,2.5,5.0,1.0,5.0,5.0,5.0,masking_sources,2.0,5.0,11.0,1.0,3.0,10.0,-0.5,0.5,0.2,5.0,0.5,10.0,0.0,0.0,10.0,Face-on,1021.0,24.3,42.0,0.0,3.0,0.0265,0.0035800000187009573,7.4,0.0,3.0,50.0,3.9,7.4,23.6,0.0,0.0,0.0,0.0,915
