GAL,ra,dec,radvel,z,mag,r20,r50,r80,flux_c,flux_e,rpetro_c,rpetro_e,rhalf_c,rhalf_e,Gini,M20,F(G_M20),S(G_M20),SN_per_pixel,C,A,S,M,I,D,Ao,As,Ser_A,Ser_R,Ser_n,Ser_xc,Ser_yc,Ser_ellip,Ser_theta,flag_morph,flag_sersic,ima_sc_pix2arc,ima_sc_arc2kpc,psf_arcsec,size_image_phy_kpc,zp_ima,eta,petro_extent_cas,snr,area_min,debleding,area_min_deblend,skybox_x,skybox_y,sky_method,nsigma,npixels,dilate_size,mask_stars,fwhm,threshold,roundlo,roundhi,sharplo,aper_stars,aper_fact,aper_center,aper_ellip,aper_pa,dr,View,area_segmap_pix,area_psf_pix,ratio_segmap_psf,flag_area,flag_area_th,SN_gal,bck,ratio_SN_gal,flag_SN,flag_SN_th,perc_SN_flag,perc_20_SN_gal,perc_50_SN_gal,perc_80_SN_gal,flag_image,flag_bck,flag_object,flag_statmorph,index
473r,205.47005937631496,1.826246748799848,5000.0,0.0336,nan,8.381077312277965,17.395096148942457,31.017484262591005,313.81463339580995,313.09055451213146,39.18780838337041,45.673497780309816,17.589797552334574,20.88117565528227,0.49032148271107595,-1.861338509471139,-0.243001073516675,-0.10030778493252318,0.2232457399368286,2.8415336183711712,-0.015376520707232328,-0.00769170331193219,0.008447984552256819,0.0030821705978010274,0.00396408433100784,-0.05558041470555611,0.210085545194298,0.1115454294416537,18.56717951822559,0.7225812613296769,320.1828362176771,320.0203973318705,0.307452221660632,2.1483922231245396,0.0,0.0,0.27,0.34629548650952463,1.368031,30.0,22.5,0.2,1.5,2.5,5.0,1.0,5.0,5.0,5.0,masking_sources,2.0,5.0,11.0,1.0,3.0,10.0,-0.5,0.5,0.2,5.0,0.5,10.0,0.0,0.0,10.0,Face-on,4723.0,20.2,234.2,0.0,3.0,0.03426,0.004430000204592943,7.7,0.0,3.0,50.0,4.2,7.7,20.1,0.0,0.0,0.0,0.0,473
