GAL,ra,dec,radvel,z,mag,r20,r50,r80,flux_c,flux_e,rpetro_c,rpetro_e,rhalf_c,rhalf_e,Gini,M20,F(G_M20),S(G_M20),SN_per_pixel,C,A,S,M,I,D,Ao,As,Ser_A,Ser_R,Ser_n,Ser_xc,Ser_yc,Ser_ellip,Ser_theta,flag_morph,flag_sersic,ima_sc_pix2arc,ima_sc_arc2kpc,psf_arcsec,size_image_phy_kpc,zp_ima,eta,petro_extent_cas,snr,area_min,debleding,area_min_deblend,skybox_x,skybox_y,sky_method,nsigma,npixels,dilate_size,mask_stars,fwhm,threshold,roundlo,roundhi,sharplo,aper_stars,aper_fact,aper_center,aper_ellip,aper_pa,dr,View,area_segmap_pix,area_psf_pix,ratio_segmap_psf,flag_area,flag_area_th,SN_gal,bck,ratio_SN_gal,flag_SN,flag_SN_th,perc_SN_flag,perc_20_SN_gal,perc_50_SN_gal,perc_80_SN_gal,flag_image,flag_bck,flag_object,flag_statmorph,index
465r,190.10475686707179,2.4338218879599594,5000.0,0.0461,nan,2.0979777829193105,4.284919759497288,8.033180424141127,159.221952211683,157.68319611033417,10.03560601270409,11.406900037293655,5.209584912835023,6.241683205198288,0.5144809156164925,-1.7720356269926127,-0.18529877819248153,-0.06397684569164563,0.6116887331008911,2.9154331823017547,0.06050051043772959,0.0932416119964985,0.0,0.0,0.019891598102251908,0.10022978244032159,0.12512126441048652,0.4093295684160947,6.157904562767115,2.5069836667738814,320.0463305452404,319.9191061327459,0.39314284203939404,2.3921207976354966,0.0,0.0,0.27,0.34629548650952463,1.1087583,30.0,22.5,0.2,1.5,2.5,5.0,1.0,5.0,5.0,5.0,masking_sources,2.0,5.0,11.0,1.0,3.0,10.0,-0.5,0.5,0.2,5.0,0.5,10.0,0.0,0.0,10.0,Face-on,3827.0,13.2,288.9,0.0,3.0,0.00773,0.0010400000028312206,7.4,0.0,3.0,50.0,4.2,7.4,22.6,0.0,0.0,0.0,0.0,465
