GAL,ra,dec,radvel,z,mag,r20,r50,r80,flux_c,flux_e,rpetro_c,rpetro_e,rhalf_c,rhalf_e,Gini,M20,F(G_M20),S(G_M20),SN_per_pixel,C,A,S,M,I,D,Ao,As,Ser_A,Ser_R,Ser_n,Ser_xc,Ser_yc,Ser_ellip,Ser_theta,flag_morph,flag_sersic,ima_sc_pix2arc,ima_sc_arc2kpc,psf_arcsec,size_image_phy_kpc,zp_ima,eta,petro_extent_cas,snr,area_min,debleding,area_min_deblend,skybox_x,skybox_y,sky_method,nsigma,npixels,dilate_size,mask_stars,fwhm,threshold,roundlo,roundhi,sharplo,aper_stars,aper_fact,aper_center,aper_ellip,aper_pa,dr,View,area_segmap_pix,area_psf_pix,ratio_segmap_psf,flag_area,flag_area_th,SN_gal,bck,ratio_SN_gal,flag_SN,flag_SN_th,perc_SN_flag,perc_20_SN_gal,perc_50_SN_gal,perc_80_SN_gal,flag_image,flag_bck,flag_object,flag_statmorph,index
5r,13.922168624874818,-0.9418765717419658,5000.0,0.015,nan,3.287786520333659,6.414427302433153,11.942150990172552,69.66164783788676,72.5679095588113,14.473793704443528,21.937550119477386,7.426419179025946,10.411681791566563,0.5365355959755713,-1.6792802685536539,-0.1404075738132402,-0.029249717313142354,0.2539232671260834,2.800894736560278,0.054605914010697545,0.006593045565750905,0.0027247956403269754,0.0,0.024460246906198087,0.029349011001762848,0.20680466058901953,0.13124728885632347,8.75324654588443,1.4769541921263443,319.59912250735533,320.2173501054985,0.5194873168256129,1.8505953350734106,0.0,0.0,0.27,0.34629548650952463,1.2256874,30.0,22.5,0.2,1.5,2.5,5.0,1.0,5.0,5.0,5.0,masking_sources,2.0,5.0,11.0,1.0,3.0,10.0,-0.5,0.5,0.2,5.0,0.5,10.0,0.0,0.0,10.0,Edge-on,1571.0,16.2,97.1,0.0,3.0,0.01508,0.0023399998899549246,6.5,0.0,3.0,50.0,3.8,6.5,19.9,0.0,0.0,0.0,0.0,5
