GAL,ra,dec,radvel,z,mag,r20,r50,r80,flux_c,flux_e,rpetro_c,rpetro_e,rhalf_c,rhalf_e,Gini,M20,F(G_M20),S(G_M20),SN_per_pixel,C,A,S,M,I,D,Ao,As,Ser_A,Ser_R,Ser_n,Ser_xc,Ser_yc,Ser_ellip,Ser_theta,flag_morph,flag_sersic,ima_sc_pix2arc,ima_sc_arc2kpc,psf_arcsec,size_image_phy_kpc,zp_ima,eta,petro_extent_cas,snr,area_min,debleding,area_min_deblend,skybox_x,skybox_y,sky_method,nsigma,npixels,dilate_size,mask_stars,fwhm,threshold,roundlo,roundhi,sharplo,aper_stars,aper_fact,aper_center,aper_ellip,aper_pa,dr,View,area_segmap_pix,area_psf_pix,ratio_segmap_psf,flag_area,flag_area_th,SN_gal,bck,ratio_SN_gal,flag_SN,flag_SN_th,perc_SN_flag,perc_20_SN_gal,perc_50_SN_gal,perc_80_SN_gal,flag_image,flag_bck,flag_object,flag_statmorph,index
352r,168.65802698777927,7.993829559774164,5000.0,0.0699,nan,4.317453260044549,8.890255768967537,15.142221727493627,87.84983829740344,90.0213124977312,18.995938625014524,26.31827609861472,8.970501222768092,11.569148306620434,0.5533918954451078,-1.621067473524056,-0.09731035839454538,-0.0044704023291871064,0.2404077649116516,2.724809782972417,0.3302763522366479,0.030803650031157113,0.050505050505050504,0.07905666850172613,0.14112145177140442,0.49828001009204514,0.27441516773334096,0.13828863121020218,10.901067477892758,0.5947457461578486,321.88562067813126,322.98902398238187,0.5211628044186088,0.7639766081435682,0.0,0.0,0.27,0.34629548650952463,1.2483685,30.0,22.5,0.2,1.5,2.5,5.0,1.0,5.0,5.0,5.0,masking_sources,2.0,5.0,11.0,1.0,3.0,10.0,-0.5,0.5,0.2,5.0,0.5,10.0,0.0,0.0,10.0,Edge-on,1013.0,16.8,60.3,0.0,3.0,0.05029,0.005049999803304672,10.0,0.0,3.0,50.0,4.1,10.0,24.5,0.0,0.0,0.0,0.0,352
