GAL,ra,dec,radvel,z,mag,r20,r50,r80,flux_c,flux_e,rpetro_c,rpetro_e,rhalf_c,rhalf_e,Gini,M20,F(G_M20),S(G_M20),SN_per_pixel,C,A,S,M,I,D,Ao,As,Ser_A,Ser_R,Ser_n,Ser_xc,Ser_yc,Ser_ellip,Ser_theta,flag_morph,flag_sersic,ima_sc_pix2arc,ima_sc_arc2kpc,psf_arcsec,size_image_phy_kpc,zp_ima,eta,petro_extent_cas,snr,area_min,debleding,area_min_deblend,skybox_x,skybox_y,sky_method,nsigma,npixels,dilate_size,mask_stars,fwhm,threshold,roundlo,roundhi,sharplo,aper_stars,aper_fact,aper_center,aper_ellip,aper_pa,dr,View,area_segmap_pix,area_psf_pix,ratio_segmap_psf,flag_area,flag_area_th,SN_gal,bck,ratio_SN_gal,flag_SN,flag_SN_th,perc_SN_flag,perc_20_SN_gal,perc_50_SN_gal,perc_80_SN_gal,flag_image,flag_bck,flag_object,flag_statmorph,index
475r,27.458173398607517,-8.775475779194174,5000.0,0.041,nan,2.962634892944675,6.263822986879708,11.594029498563552,87.36175122882877,87.46776683052924,14.402594821895299,18.406998064978428,6.799454460804221,8.76435293881158,0.5164912219983545,-1.8509317333282755,-0.12067275991164994,-0.07295320115425935,0.3184451758861542,2.962781337491699,0.027095477974563374,-0.00025719484119007477,0.0,0.0,0.038370047210673934,0.013181497083941542,0.24147220383578114,0.217363249330903,7.667133896232809,1.2045364044912168,320.36378952133197,320.3231440643925,0.49699404835047856,2.208475023271569,0.0,0.0,0.27,0.34629548650952463,1.1484724,30.0,22.5,0.2,1.5,2.5,5.0,1.0,5.0,5.0,5.0,masking_sources,2.0,5.0,11.0,1.0,3.0,10.0,-0.5,0.5,0.2,5.0,0.5,10.0,0.0,0.0,10.0,Face-on,1497.0,14.2,105.3,0.0,3.0,0.01695,0.002050000010058284,8.2,0.0,3.0,50.0,4.0,8.2,31.4,0.0,0.0,0.0,0.0,475
