GAL,ra,dec,radvel,z,mag,r20,r50,r80,flux_c,flux_e,rpetro_c,rpetro_e,rhalf_c,rhalf_e,Gini,M20,F(G_M20),S(G_M20),SN_per_pixel,C,A,S,M,I,D,Ao,As,Ser_A,Ser_R,Ser_n,Ser_xc,Ser_yc,Ser_ellip,Ser_theta,flag_morph,flag_sersic,ima_sc_pix2arc,ima_sc_arc2kpc,psf_arcsec,size_image_phy_kpc,zp_ima,eta,petro_extent_cas,snr,area_min,debleding,area_min_deblend,skybox_x,skybox_y,sky_method,nsigma,npixels,dilate_size,mask_stars,fwhm,threshold,roundlo,roundhi,sharplo,aper_stars,aper_fact,aper_center,aper_ellip,aper_pa,dr,View,area_segmap_pix,area_psf_pix,ratio_segmap_psf,flag_area,flag_area_th,SN_gal,bck,ratio_SN_gal,flag_SN,flag_SN_th,perc_SN_flag,perc_20_SN_gal,perc_50_SN_gal,perc_80_SN_gal,flag_image,flag_bck,flag_object,flag_statmorph,index
1136r,173.26505485125924,2.368263305354363,5000.0,0.0987,nan,3.4766182344983663,7.6057412232664525,14.377560648989936,145.16668992540332,145.63939861646284,18.3928693658917,24.613129385593066,7.870514170742416,11.269433675383368,0.5047263521778802,-1.9007726856950191,-0.144369085532845,-0.09152831465550632,0.35270383954048157,3.082641022971337,0.06781029771082343,0.022142731065061882,0.0,0.0,0.011050192626347646,0.08074745155367903,0.22597262831634202,0.2992998792820318,10.114652460159016,0.939177680256913,319.92407337013407,319.8144645769327,0.6172313793794513,0.3117284721076785,0.0,0.0,0.27,0.34629548650952463,1.4488147,30.0,22.5,0.2,1.5,2.5,5.0,1.0,5.0,5.0,5.0,masking_sources,2.0,5.0,11.0,1.0,3.0,10.0,-0.5,0.5,0.2,5.0,0.5,10.0,0.0,0.0,10.0,Edge-on,1509.0,22.6,66.7,0.0,3.0,0.03724,0.003220000071451068,11.6,0.0,3.0,50.0,4.6,11.6,39.7,0.0,0.0,0.0,0.0,1136
