GAL,ra,dec,radvel,z,mag,r20,r50,r80,flux_c,flux_e,rpetro_c,rpetro_e,rhalf_c,rhalf_e,Gini,M20,F(G_M20),S(G_M20),SN_per_pixel,C,A,S,M,I,D,Ao,As,Ser_A,Ser_R,Ser_n,Ser_xc,Ser_yc,Ser_ellip,Ser_theta,flag_morph,flag_sersic,ima_sc_pix2arc,ima_sc_arc2kpc,psf_arcsec,size_image_phy_kpc,zp_ima,eta,petro_extent_cas,snr,area_min,debleding,area_min_deblend,skybox_x,skybox_y,sky_method,nsigma,npixels,dilate_size,mask_stars,fwhm,threshold,roundlo,roundhi,sharplo,aper_stars,aper_fact,aper_center,aper_ellip,aper_pa,dr,View,area_segmap_pix,area_psf_pix,ratio_segmap_psf,flag_area,flag_area_th,SN_gal,bck,ratio_SN_gal,flag_SN,flag_SN_th,perc_SN_flag,perc_20_SN_gal,perc_50_SN_gal,perc_80_SN_gal,flag_image,flag_bck,flag_object,flag_statmorph,index
798r,194.48042581265838,-1.708387087206472,5000.0,0.0778,nan,2.21769855530649,4.56629101908683,9.17890562915207,104.82363287787159,107.37778557004974,11.22591321412333,15.879904441410524,5.475468943938139,7.38427012144803,0.5549781309031202,-1.846054397281808,0.06645744528673792,-0.03417321162808229,0.40259554982185364,3.084441956093975,0.024754623700842596,0.06792065776963085,0.0,0.0,0.010891590413308885,0.07191663132907809,0.23834447169171608,0.3019051052498767,6.27811073490474,2.030818985566261,319.99327421251263,319.9945305802195,0.4852241379408834,1.533017029143619,0.0,0.0,0.27,0.34629548650952463,1.340444,30.0,22.5,0.2,1.5,2.5,5.0,1.0,5.0,5.0,5.0,masking_sources,2.0,5.0,11.0,1.0,3.0,10.0,-0.5,0.5,0.2,5.0,0.5,10.0,0.0,0.0,10.0,Face-on,2287.0,19.4,118.1,0.0,3.0,0.01061,0.0010100000072270632,10.6,0.0,3.0,50.0,4.6,10.6,37.5,0.0,0.0,0.0,0.0,798
