GAL,ra,dec,radvel,z,mag,r20,r50,r80,flux_c,flux_e,rpetro_c,rpetro_e,rhalf_c,rhalf_e,Gini,M20,F(G_M20),S(G_M20),SN_per_pixel,C,A,S,M,I,D,Ao,As,Ser_A,Ser_R,Ser_n,Ser_xc,Ser_yc,Ser_ellip,Ser_theta,flag_morph,flag_sersic,ima_sc_pix2arc,ima_sc_arc2kpc,psf_arcsec,size_image_phy_kpc,zp_ima,eta,petro_extent_cas,snr,area_min,debleding,area_min_deblend,skybox_x,skybox_y,sky_method,nsigma,npixels,dilate_size,mask_stars,fwhm,threshold,roundlo,roundhi,sharplo,aper_stars,aper_fact,aper_center,aper_ellip,aper_pa,dr,View,area_segmap_pix,area_psf_pix,ratio_segmap_psf,flag_area,flag_area_th,SN_gal,bck,ratio_SN_gal,flag_SN,flag_SN_th,perc_SN_flag,perc_20_SN_gal,perc_50_SN_gal,perc_80_SN_gal,flag_image,flag_bck,flag_object,flag_statmorph,index
56r,144.37488149252425,9.552206891856995,5000.0,0.0112,nan,12.305313896657628,27.456713797028478,55.17844174362388,284.2178478570398,271.73093257469617,69.60623792908358,96.1911678942068,27.602369514529222,43.70131436684278,0.5346160071076989,-1.7827537210045035,-0.07820243616076983,-0.0455329201830042,0.1576596200466156,3.2583836754628583,0.020873444744083924,0.07722940236405941,0.03581840899625156,0.01564764290133512,0.04063724230487513,0.03419538248016169,0.272557690853087,0.06435249943482653,37.03187870827287,0.6196614335118251,318.8198264191563,320.93703824673497,0.7359132600362336,2.8740890619103414,0.0,0.0,0.27,0.34629548650952463,1.6158139,30.0,22.5,0.2,1.5,2.5,5.0,1.0,5.0,5.0,5.0,masking_sources,2.0,5.0,11.0,1.0,3.0,10.0,-0.5,0.5,0.2,5.0,0.5,10.0,0.0,0.0,10.0,Edge-on,5639.0,28.1,200.5,0.0,3.0,0.02828,0.0044200001284480095,6.4,0.0,3.0,50.0,3.8,6.4,13.8,0.0,0.0,0.0,0.0,56
