GAL,ra,dec,radvel,z,mag,r20,r50,r80,flux_c,flux_e,rpetro_c,rpetro_e,rhalf_c,rhalf_e,Gini,M20,F(G_M20),S(G_M20),SN_per_pixel,C,A,S,M,I,D,Ao,As,Ser_A,Ser_R,Ser_n,Ser_xc,Ser_yc,Ser_ellip,Ser_theta,flag_morph,flag_sersic,ima_sc_pix2arc,ima_sc_arc2kpc,psf_arcsec,size_image_phy_kpc,zp_ima,eta,petro_extent_cas,snr,area_min,debleding,area_min_deblend,skybox_x,skybox_y,sky_method,nsigma,npixels,dilate_size,mask_stars,fwhm,threshold,roundlo,roundhi,sharplo,aper_stars,aper_fact,aper_center,aper_ellip,aper_pa,dr,View,area_segmap_pix,area_psf_pix,ratio_segmap_psf,flag_area,flag_area_th,SN_gal,bck,ratio_SN_gal,flag_SN,flag_SN_th,perc_SN_flag,perc_20_SN_gal,perc_50_SN_gal,perc_80_SN_gal,flag_image,flag_bck,flag_object,flag_statmorph,index
34r,136.21095622018316,0.7433641942698228,5000.0,0.0127,nan,3.556824067462567,7.452891845964693,14.17416522034777,127.17679495709994,127.66777817985457,17.955897748587493,19.689411917006613,7.982303406889644,8.71434895307289,0.5348147161216911,-1.8474727662981525,-0.032368528153009724,-0.05433214555496907,0.28680893778800964,3.0021755336971068,0.056264429832258836,0.03154793127172072,0.007246376811594203,0.0,0.02575895322254331,0.06566861468428972,0.19078391469430084,0.17810666098335623,7.343819394390185,1.3677193989710683,319.55846138891883,319.73473693256653,0.07570891943591157,1.408487566856879,0.0,0.0,0.27,0.34629548650952463,1.3598812,30.0,22.5,0.2,1.5,2.5,5.0,1.0,5.0,5.0,5.0,masking_sources,2.0,5.0,11.0,1.0,3.0,10.0,-0.5,0.5,0.2,5.0,0.5,10.0,0.0,0.0,10.0,Face-on,2364.0,19.9,118.7,0.0,3.0,0.01757,0.0017399999778717756,10.1,0.0,3.0,50.0,4.5,10.1,33.0,0.0,0.0,0.0,0.0,34
