GAL,ra,dec,radvel,z,mag,r20,r50,r80,flux_c,flux_e,rpetro_c,rpetro_e,rhalf_c,rhalf_e,Gini,M20,F(G_M20),S(G_M20),SN_per_pixel,C,A,S,M,I,D,Ao,As,Ser_A,Ser_R,Ser_n,Ser_xc,Ser_yc,Ser_ellip,Ser_theta,flag_morph,flag_sersic,ima_sc_pix2arc,ima_sc_arc2kpc,psf_arcsec,size_image_phy_kpc,zp_ima,eta,petro_extent_cas,snr,area_min,debleding,area_min_deblend,skybox_x,skybox_y,sky_method,nsigma,npixels,dilate_size,mask_stars,fwhm,threshold,roundlo,roundhi,sharplo,aper_stars,aper_fact,aper_center,aper_ellip,aper_pa,dr,View,area_segmap_pix,area_psf_pix,ratio_segmap_psf,flag_area,flag_area_th,SN_gal,bck,ratio_SN_gal,flag_SN,flag_SN_th,perc_SN_flag,perc_20_SN_gal,perc_50_SN_gal,perc_80_SN_gal,flag_image,flag_bck,flag_object,flag_statmorph,index
1085r,218.3811158157869,1.1812184952117064,5000.0,0.1556,nan,3.6591929110700647,7.236469484721871,12.505872946166233,75.46494491668395,75.47919075367967,15.53022899935959,15.684112547527794,7.429980114980859,7.50193660355094,0.48515122345017675,-1.7548796678952703,-0.3423698340702028,-0.0906285626217676,0.26446273922920227,2.6686435311503875,0.11757553633789225,0.004329871379476042,0.017142857142857144,0.006390877696250853,0.0028617938860646514,0.17817387494241543,0.23803217344538177,0.1480436392030857,6.554869817973984,0.8516460464171101,319.9156563688628,319.9080865733412,0.01089218082056824,2.506992363990875,0.0,0.0,0.27,0.34629548650952463,1.2527202,30.0,22.5,0.2,1.5,2.5,5.0,1.0,5.0,5.0,5.0,masking_sources,2.0,5.0,11.0,1.0,3.0,10.0,-0.5,0.5,0.2,5.0,0.5,10.0,0.0,0.0,10.0,Face-on,1367.0,16.9,80.9,0.0,3.0,0.02136,0.002259999979287386,9.4,0.0,3.0,50.0,4.4,9.4,33.7,0.0,0.0,0.0,0.0,1085
