GAL,ra,dec,radvel,z,mag,r20,r50,r80,flux_c,flux_e,rpetro_c,rpetro_e,rhalf_c,rhalf_e,Gini,M20,F(G_M20),S(G_M20),SN_per_pixel,C,A,S,M,I,D,Ao,As,Ser_A,Ser_R,Ser_n,Ser_xc,Ser_yc,Ser_ellip,Ser_theta,flag_morph,flag_sersic,ima_sc_pix2arc,ima_sc_arc2kpc,psf_arcsec,size_image_phy_kpc,zp_ima,eta,petro_extent_cas,snr,area_min,debleding,area_min_deblend,skybox_x,skybox_y,sky_method,nsigma,npixels,dilate_size,mask_stars,fwhm,threshold,roundlo,roundhi,sharplo,aper_stars,aper_fact,aper_center,aper_ellip,aper_pa,dr,View,area_segmap_pix,area_psf_pix,ratio_segmap_psf,flag_area,flag_area_th,SN_gal,bck,ratio_SN_gal,flag_SN,flag_SN_th,perc_SN_flag,perc_20_SN_gal,perc_50_SN_gal,perc_80_SN_gal,flag_image,flag_bck,flag_object,flag_statmorph,index
351r,315.5669049983821,9.58797786744169,5000.0,0.0471,nan,7.169095069616016,15.281127267200757,29.79050277351159,92.06417508132154,90.10142054023592,39.27947476522616,47.01735605761761,15.22084509985547,23.348362156115552,0.48004924037462665,-1.6727184829932487,-0.42456235143127685,-0.0842591211651812,0.16086475551128387,3.0930674661744066,0.08766336232326136,-0.02002270278425143,0.07210884353741497,0.09181910109946588,0.09603647104636648,0.16002745972688917,0.2760027551630647,0.0613978505951845,19.98813907639277,0.5146990974786135,320.1878536044968,320.1851525597997,0.6646635037591825,2.5182353957869688,0.0,0.0,0.27,0.34629548650952463,1.7378352,30.0,22.5,0.2,1.5,2.5,5.0,1.0,5.0,5.0,5.0,masking_sources,2.0,5.0,11.0,1.0,3.0,10.0,-0.5,0.5,0.2,5.0,0.5,10.0,0.0,0.0,10.0,Edge-on,2554.0,32.5,78.5,0.0,3.0,0.0225,0.0020800000056624413,10.8,0.0,3.0,50.0,4.9,10.8,23.3,0.0,0.0,0.0,0.0,351
