GAL,ra,dec,radvel,z,mag,r20,r50,r80,flux_c,flux_e,rpetro_c,rpetro_e,rhalf_c,rhalf_e,Gini,M20,F(G_M20),S(G_M20),SN_per_pixel,C,A,S,M,I,D,Ao,As,Ser_A,Ser_R,Ser_n,Ser_xc,Ser_yc,Ser_ellip,Ser_theta,flag_morph,flag_sersic,ima_sc_pix2arc,ima_sc_arc2kpc,psf_arcsec,size_image_phy_kpc,zp_ima,eta,petro_extent_cas,snr,area_min,debleding,area_min_deblend,skybox_x,skybox_y,sky_method,nsigma,npixels,dilate_size,mask_stars,fwhm,threshold,roundlo,roundhi,sharplo,aper_stars,aper_fact,aper_center,aper_ellip,aper_pa,dr,View,area_segmap_pix,area_psf_pix,ratio_segmap_psf,flag_area,flag_area_th,SN_gal,bck,ratio_SN_gal,flag_SN,flag_SN_th,perc_SN_flag,perc_20_SN_gal,perc_50_SN_gal,perc_80_SN_gal,flag_image,flag_bck,flag_object,flag_statmorph,index
727r,3.3854104898398303,-0.47836072393005863,5000.0,0.1233,nan,3.1455048386632574,6.339246738214773,10.480814212195845,71.45837853341474,71.51327371596211,13.552710410508807,14.11285885906735,6.436744990286113,6.705792011371076,0.4607630074029946,-1.7841508456559583,-0.442806577315598,-0.11884159021721358,0.30652299523353577,2.6135233247896283,0.045425932331485494,0.0017443529508359885,0.0,0.0,0.039516686265216816,0.06508760432645656,0.30350271708972104,0.20186766280556478,6.0037110540539835,0.6769663949595582,319.52912521398883,320.189707597852,0.08413956851837516,1.2105334004951362,2.0,0.0,0.27,0.34629548650952463,1.215329,30.0,22.5,0.2,1.5,2.5,5.0,1.0,5.0,5.0,5.0,masking_sources,2.0,5.0,11.0,1.0,3.0,10.0,-0.5,0.5,0.2,5.0,0.5,10.0,0.0,0.0,10.0,Face-on,931.0,15.9,58.5,0.0,3.0,0.03509,0.0022799998987466097,15.4,0.0,3.0,50.0,4.8,15.4,51.2,0.0,0.0,0.0,0.0,727
