GAL,ra,dec,radvel,z,mag,r20,r50,r80,flux_c,flux_e,rpetro_c,rpetro_e,rhalf_c,rhalf_e,Gini,M20,F(G_M20),S(G_M20),SN_per_pixel,C,A,S,M,I,D,Ao,As,Ser_A,Ser_R,Ser_n,Ser_xc,Ser_yc,Ser_ellip,Ser_theta,flag_morph,flag_sersic,ima_sc_pix2arc,ima_sc_arc2kpc,psf_arcsec,size_image_phy_kpc,zp_ima,eta,petro_extent_cas,snr,area_min,debleding,area_min_deblend,skybox_x,skybox_y,sky_method,nsigma,npixels,dilate_size,mask_stars,fwhm,threshold,roundlo,roundhi,sharplo,aper_stars,aper_fact,aper_center,aper_ellip,aper_pa,dr,View,area_segmap_pix,area_psf_pix,ratio_segmap_psf,flag_area,flag_area_th,SN_gal,bck,ratio_SN_gal,flag_SN,flag_SN_th,perc_SN_flag,perc_20_SN_gal,perc_50_SN_gal,perc_80_SN_gal,flag_image,flag_bck,flag_object,flag_statmorph,index
949r,187.7078979178556,4.891679092597839,5000.0,0.0789,nan,8.57679522674384,18.166766692444096,31.411968496460414,324.67575747254,325.09698341672754,40.42125918708955,41.315727329484446,18.260312928094756,19.087983981479574,0.4807936129062808,-1.845977774604917,-0.30080901831270257,-0.10760523389286553,0.2206534445285797,2.8188505595712856,0.1296186114094435,0.016406933438794753,0.03546981953951462,0.06277615091473712,0.019766916827537392,0.15977882874915822,0.25389998468842007,0.10530991198365637,16.777904118007083,0.7305302749730566,319.74178585923266,319.8632613081674,0.09521323173573461,2.9044589887606644,1.0,0.0,0.27,0.34629548650952463,1.2587045,30.0,22.5,0.2,1.5,2.5,5.0,1.0,5.0,5.0,5.0,masking_sources,2.0,5.0,11.0,1.0,3.0,10.0,-0.5,0.5,0.2,5.0,0.5,10.0,0.0,0.0,10.0,Face-on,4800.0,17.1,281.2,0.0,3.0,0.03803,0.004629999864846468,8.2,0.0,3.0,50.0,4.3,8.2,18.1,0.0,0.0,0.0,0.0,949
