GAL,ra,dec,radvel,z,mag,r20,r50,r80,flux_c,flux_e,rpetro_c,rpetro_e,rhalf_c,rhalf_e,Gini,M20,F(G_M20),S(G_M20),SN_per_pixel,C,A,S,M,I,D,Ao,As,Ser_A,Ser_R,Ser_n,Ser_xc,Ser_yc,Ser_ellip,Ser_theta,flag_morph,flag_sersic,ima_sc_pix2arc,ima_sc_arc2kpc,psf_arcsec,size_image_phy_kpc,zp_ima,eta,petro_extent_cas,snr,area_min,debleding,area_min_deblend,skybox_x,skybox_y,sky_method,nsigma,npixels,dilate_size,mask_stars,fwhm,threshold,roundlo,roundhi,sharplo,aper_stars,aper_fact,aper_center,aper_ellip,aper_pa,dr,View,area_segmap_pix,area_psf_pix,ratio_segmap_psf,flag_area,flag_area_th,SN_gal,bck,ratio_SN_gal,flag_SN,flag_SN_th,perc_SN_flag,perc_20_SN_gal,perc_50_SN_gal,perc_80_SN_gal,flag_image,flag_bck,flag_object,flag_statmorph,index
511r,351.0912053551602,0.30333506042630426,5000.0,0.0799,nan,6.939023063663963,13.163359916457527,21.56297044295385,92.28520554262377,93.6181404172353,24.14908015029158,37.01754122167373,13.397517590666126,16.036729648205778,0.5559193740323768,-0.9326539269068819,-0.5618699271932655,0.0937212844519964,0.15266582369804382,2.4620512830606787,0.25634572163258607,0.03288402962829068,0.10337972166998012,0.11346625673393472,0.1489144805112122,0.4520368129408033,0.2971392587716435,0.07015639043693953,13.382177428001555,0.40947238495887917,320.725667694676,319.44437901919855,0.2865233872986674,1.9786516934272977,0.0,0.0,0.27,0.34629548650952463,1.22123,30.0,22.5,0.2,1.5,2.5,5.0,1.0,5.0,5.0,5.0,masking_sources,2.0,5.0,11.0,1.0,3.0,10.0,-0.5,0.5,0.2,5.0,0.5,10.0,0.0,0.0,10.0,Face-on,2036.0,16.1,126.7,0.0,3.0,0.03094,0.0025500000920146704,12.2,0.0,3.0,50.0,5.5,12.2,25.8,0.0,0.0,0.0,0.0,511
