GAL,ra,dec,radvel,z,mag,r20,r50,r80,flux_c,flux_e,rpetro_c,rpetro_e,rhalf_c,rhalf_e,Gini,M20,F(G_M20),S(G_M20),SN_per_pixel,C,A,S,M,I,D,Ao,As,Ser_A,Ser_R,Ser_n,Ser_xc,Ser_yc,Ser_ellip,Ser_theta,flag_morph,flag_sersic,ima_sc_pix2arc,ima_sc_arc2kpc,psf_arcsec,size_image_phy_kpc,zp_ima,eta,petro_extent_cas,snr,area_min,debleding,area_min_deblend,skybox_x,skybox_y,sky_method,nsigma,npixels,dilate_size,mask_stars,fwhm,threshold,roundlo,roundhi,sharplo,aper_stars,aper_fact,aper_center,aper_ellip,aper_pa,dr,View,area_segmap_pix,area_psf_pix,ratio_segmap_psf,flag_area,flag_area_th,SN_gal,bck,ratio_SN_gal,flag_SN,flag_SN_th,perc_SN_flag,perc_20_SN_gal,perc_50_SN_gal,perc_80_SN_gal,flag_image,flag_bck,flag_object,flag_statmorph,index
1200r,323.7301790470258,0.6846521239738658,5000.0,0.0618,nan,4.6528974035221715,9.602177626355003,17.534557311755478,148.6303053019205,148.36685486778416,22.16214376765878,31.556083691489118,9.854464252176085,15.079110426566182,0.4978640987163187,-1.7049074818553973,-0.3140718264284321,-0.07109668224874477,0.3167854845523834,2.880856647262852,0.14066519703703378,0.004130764989695246,0.005747126436781609,0.0,0.019432305096742073,0.10702737539140979,0.16844129555908344,0.22812314941271064,14.307238853998951,0.6370629013769599,320.33419631534355,319.42353269232234,0.6982012670719685,1.5718896130262987,0.0,0.0,0.27,0.34629548650952463,1.211921,30.0,22.5,0.2,1.5,2.5,5.0,1.0,5.0,5.0,5.0,masking_sources,2.0,5.0,11.0,1.0,3.0,10.0,-0.5,0.5,0.2,5.0,0.5,10.0,0.0,0.0,10.0,Edge-on,1771.0,15.8,111.9,0.0,3.0,0.03472,0.0024399999529123306,14.2,0.0,3.0,50.0,5.0,14.2,51.8,0.0,0.0,0.0,0.0,1200
