GAL,ra,dec,radvel,z,mag,r20,r50,r80,flux_c,flux_e,rpetro_c,rpetro_e,rhalf_c,rhalf_e,Gini,M20,F(G_M20),S(G_M20),SN_per_pixel,C,A,S,M,I,D,Ao,As,Ser_A,Ser_R,Ser_n,Ser_xc,Ser_yc,Ser_ellip,Ser_theta,flag_morph,flag_sersic,ima_sc_pix2arc,ima_sc_arc2kpc,psf_arcsec,size_image_phy_kpc,zp_ima,eta,petro_extent_cas,snr,area_min,debleding,area_min_deblend,skybox_x,skybox_y,sky_method,nsigma,npixels,dilate_size,mask_stars,fwhm,threshold,roundlo,roundhi,sharplo,aper_stars,aper_fact,aper_center,aper_ellip,aper_pa,dr,View,area_segmap_pix,area_psf_pix,ratio_segmap_psf,flag_area,flag_area_th,SN_gal,bck,ratio_SN_gal,flag_SN,flag_SN_th,perc_SN_flag,perc_20_SN_gal,perc_50_SN_gal,perc_80_SN_gal,flag_image,flag_bck,flag_object,flag_statmorph,index
68r,146.4916410306416,5.251514684521984,5000.0,0.0213,nan,3.2498579633395424,6.155463266437533,10.130392366371199,196.07903852079096,195.98935559712385,12.963864698947303,14.451785386185566,6.2638412726721215,7.1602971983128265,0.44530374724065996,-1.664690551309807,-0.6021158991010367,-0.11754127686380983,0.5505778193473816,2.4688094313597935,0.06506770993151524,0.004371920667830337,0.0,0.0,0.03197568895253676,0.07718523551865948,0.14029668117114327,0.6653304500060628,6.319503450488347,0.7578818482370295,320.09569474108537,320.34064696039854,0.32592506705286817,1.415266774308267,0.0,0.0,0.27,0.34629548650952463,1.5611677,30.0,22.5,0.2,1.5,2.5,5.0,1.0,5.0,5.0,5.0,masking_sources,2.0,5.0,11.0,1.0,3.0,10.0,-0.5,0.5,0.2,5.0,0.5,10.0,0.0,0.0,10.0,Face-on,1098.0,26.3,41.8,0.0,3.0,0.05424,0.0035699999425560236,15.2,0.0,3.0,50.0,5.0,15.2,75.8,0.0,0.0,0.0,0.0,68
