GAL,ra,dec,radvel,z,mag,r20,r50,r80,flux_c,flux_e,rpetro_c,rpetro_e,rhalf_c,rhalf_e,Gini,M20,F(G_M20),S(G_M20),SN_per_pixel,C,A,S,M,I,D,Ao,As,Ser_A,Ser_R,Ser_n,Ser_xc,Ser_yc,Ser_ellip,Ser_theta,flag_morph,flag_sersic,ima_sc_pix2arc,ima_sc_arc2kpc,psf_arcsec,size_image_phy_kpc,zp_ima,eta,petro_extent_cas,snr,area_min,debleding,area_min_deblend,skybox_x,skybox_y,sky_method,nsigma,npixels,dilate_size,mask_stars,fwhm,threshold,roundlo,roundhi,sharplo,aper_stars,aper_fact,aper_center,aper_ellip,aper_pa,dr,View,area_segmap_pix,area_psf_pix,ratio_segmap_psf,flag_area,flag_area_th,SN_gal,bck,ratio_SN_gal,flag_SN,flag_SN_th,perc_SN_flag,perc_20_SN_gal,perc_50_SN_gal,perc_80_SN_gal,flag_image,flag_bck,flag_object,flag_statmorph,index
73r,14.948144922112922,-9.114777260838016,5000.0,0.0191,nan,10.150238909782264,23.94303130502571,51.856313425115566,108.65118784952233,108.71425901286928,64.6925444630142,73.27976476476898,22.159792712729036,27.70517091811423,0.5744086613541546,-0.9945517519217476,-0.4274527622151636,0.10342188122349011,0.10141783952713013,3.5416268705264176,0.1701703404013668,0.06701669741678817,0.035807291666666664,0.03826907322505818,0.05399911342614762,0.3206261114942937,0.5470219520400702,0.03179723268469196,17.015372401511158,0.8164792080659068,320.0024340334,318.27405549298993,0.3977607483527744,0.6245876517722565,0.0,0.0,0.27,0.34629548650952463,1.470306,30.0,22.5,0.2,1.5,2.5,5.0,1.0,5.0,5.0,5.0,masking_sources,2.0,5.0,11.0,1.0,3.0,10.0,-0.5,0.5,0.2,5.0,0.5,10.0,0.0,0.0,10.0,Face-on,1981.0,23.3,85.1,0.0,3.0,0.02309,0.004519999958574772,5.1,0.0,3.0,50.0,3.4,5.1,9.3,0.0,0.0,0.0,0.0,73
