GAL,ra,dec,radvel,z,mag,r20,r50,r80,flux_c,flux_e,rpetro_c,rpetro_e,rhalf_c,rhalf_e,Gini,M20,F(G_M20),S(G_M20),SN_per_pixel,C,A,S,M,I,D,Ao,As,Ser_A,Ser_R,Ser_n,Ser_xc,Ser_yc,Ser_ellip,Ser_theta,flag_morph,flag_sersic,ima_sc_pix2arc,ima_sc_arc2kpc,psf_arcsec,size_image_phy_kpc,zp_ima,eta,petro_extent_cas,snr,area_min,debleding,area_min_deblend,skybox_x,skybox_y,sky_method,nsigma,npixels,dilate_size,mask_stars,fwhm,threshold,roundlo,roundhi,sharplo,aper_stars,aper_fact,aper_center,aper_ellip,aper_pa,dr,View,area_segmap_pix,area_psf_pix,ratio_segmap_psf,flag_area,flag_area_th,SN_gal,bck,ratio_SN_gal,flag_SN,flag_SN_th,perc_SN_flag,perc_20_SN_gal,perc_50_SN_gal,perc_80_SN_gal,flag_image,flag_bck,flag_object,flag_statmorph,index
1031r,143.68258470646634,3.2528481177500748,5000.0,0.0852,nan,2.7221987282085838,6.3118143485509695,14.435277401971097,346.96903232987756,343.3969272192302,17.80466830810471,18.032194329228485,7.287628934777593,8.010913781082833,0.5945622255731118,-2.013590270239532,0.3785010738628989,-0.018272444245914343,0.48781925439834595,3.6225265368039676,0.01553509563042477,0.03777611222720862,0.0,0.0,0.0063201976832835596,0.05217353901644249,0.2547630217907981,0.4809919824765235,7.386834452296783,2.188485808771505,320.0012051705295,319.9947300007682,0.2469384101234009,2.7450201736836077,0.0,0.0,0.27,0.34629548650952463,1.2618096,30.0,22.5,0.2,1.5,2.5,5.0,1.0,5.0,5.0,5.0,masking_sources,2.0,5.0,11.0,1.0,3.0,10.0,-0.5,0.5,0.2,5.0,0.5,10.0,0.0,0.0,10.0,Face-on,4195.0,17.2,244.6,0.0,3.0,0.02076,0.0022899999748915434,9.0,0.0,3.0,50.0,4.3,9.0,29.5,0.0,0.0,0.0,0.0,1031
