GAL,ra,dec,radvel,z,mag,r20,r50,r80,flux_c,flux_e,rpetro_c,rpetro_e,rhalf_c,rhalf_e,Gini,M20,F(G_M20),S(G_M20),SN_per_pixel,C,A,S,M,I,D,Ao,As,Ser_A,Ser_R,Ser_n,Ser_xc,Ser_yc,Ser_ellip,Ser_theta,flag_morph,flag_sersic,ima_sc_pix2arc,ima_sc_arc2kpc,psf_arcsec,size_image_phy_kpc,zp_ima,eta,petro_extent_cas,snr,area_min,debleding,area_min_deblend,skybox_x,skybox_y,sky_method,nsigma,npixels,dilate_size,mask_stars,fwhm,threshold,roundlo,roundhi,sharplo,aper_stars,aper_fact,aper_center,aper_ellip,aper_pa,dr,View,area_segmap_pix,area_psf_pix,ratio_segmap_psf,flag_area,flag_area_th,SN_gal,bck,ratio_SN_gal,flag_SN,flag_SN_th,perc_SN_flag,perc_20_SN_gal,perc_50_SN_gal,perc_80_SN_gal,flag_image,flag_bck,flag_object,flag_statmorph,index
328r,150.6314437184205,6.834910773151555,5000.0,0.0369,nan,7.00161602615886,14.936986240184192,24.500017250596485,159.35526373254072,159.3295979332466,30.603780462254235,42.326105904994066,15.155673969975808,21.558913161044398,0.49871306191138737,-1.265812380077233,-0.6141623641451099,-0.009221989538461928,0.2474438101053238,2.719840500523846,0.10441279887809267,0.01185449068281616,0.17964071856287425,0.268304494905125,0.07261673107950847,0.04170908566981593,0.35888967546624406,0.11933696780676095,19.724741152645493,0.4422226569213585,319.5686154428829,320.5362820353406,0.6682260262406069,2.211436216344954,0.0,0.0,0.27,0.34629548650952463,1.2685142,30.0,22.5,0.2,1.5,2.5,5.0,1.0,5.0,5.0,5.0,masking_sources,2.0,5.0,11.0,1.0,3.0,10.0,-0.5,0.5,0.2,5.0,0.5,10.0,0.0,0.0,10.0,Edge-on,1901.0,17.3,109.7,0.0,3.0,0.05184,0.005539999809116125,9.4,0.0,3.0,50.0,4.2,9.4,21.8,0.0,0.0,0.0,0.0,328
