GAL,ra,dec,radvel,z,mag,r20,r50,r80,flux_c,flux_e,rpetro_c,rpetro_e,rhalf_c,rhalf_e,Gini,M20,F(G_M20),S(G_M20),SN_per_pixel,C,A,S,M,I,D,Ao,As,Ser_A,Ser_R,Ser_n,Ser_xc,Ser_yc,Ser_ellip,Ser_theta,flag_morph,flag_sersic,ima_sc_pix2arc,ima_sc_arc2kpc,psf_arcsec,size_image_phy_kpc,zp_ima,eta,petro_extent_cas,snr,area_min,debleding,area_min_deblend,skybox_x,skybox_y,sky_method,nsigma,npixels,dilate_size,mask_stars,fwhm,threshold,roundlo,roundhi,sharplo,aper_stars,aper_fact,aper_center,aper_ellip,aper_pa,dr,View,area_segmap_pix,area_psf_pix,ratio_segmap_psf,flag_area,flag_area_th,SN_gal,bck,ratio_SN_gal,flag_SN,flag_SN_th,perc_SN_flag,perc_20_SN_gal,perc_50_SN_gal,perc_80_SN_gal,flag_image,flag_bck,flag_object,flag_statmorph,index
551r,6.866226363455884,-10.959509930706293,5000.0,0.0778,nan,3.025120497307726,6.138923575100458,12.025938182202848,151.9076039490082,157.3715426545673,14.34737110007087,20.884119639410613,7.220076237374518,9.09366866987271,0.5701912915388185,-1.8700320452105295,0.15837910044804904,-0.022445075660833314,0.3375149667263031,2.9968814441374887,0.07595480717033234,0.002519674635188106,0.07567567567567568,0.03184186990915912,0.024183146651410355,0.18312972453277698,0.24654281001621525,0.3414725938034268,6.383575718026099,1.9560990865251529,319.79514616438325,319.94007057750207,0.36367156713626997,1.6607553168035125,0.0,0.0,0.27,0.34629548650952463,1.7349423,30.0,22.5,0.2,1.5,2.5,5.0,1.0,5.0,5.0,5.0,masking_sources,2.0,5.0,11.0,1.0,3.0,10.0,-0.5,0.5,0.2,5.0,0.5,10.0,0.0,0.0,10.0,Face-on,1862.0,32.4,57.4,0.0,3.0,0.02938,0.004110000096261501,7.1,0.0,3.0,50.0,4.0,7.1,17.6,0.0,0.0,0.0,0.0,551
