GAL,ra,dec,radvel,z,mag,r20,r50,r80,flux_c,flux_e,rpetro_c,rpetro_e,rhalf_c,rhalf_e,Gini,M20,F(G_M20),S(G_M20),SN_per_pixel,C,A,S,M,I,D,Ao,As,Ser_A,Ser_R,Ser_n,Ser_xc,Ser_yc,Ser_ellip,Ser_theta,flag_morph,flag_sersic,ima_sc_pix2arc,ima_sc_arc2kpc,psf_arcsec,size_image_phy_kpc,zp_ima,eta,petro_extent_cas,snr,area_min,debleding,area_min_deblend,skybox_x,skybox_y,sky_method,nsigma,npixels,dilate_size,mask_stars,fwhm,threshold,roundlo,roundhi,sharplo,aper_stars,aper_fact,aper_center,aper_ellip,aper_pa,dr,View,area_segmap_pix,area_psf_pix,ratio_segmap_psf,flag_area,flag_area_th,SN_gal,bck,ratio_SN_gal,flag_SN,flag_SN_th,perc_SN_flag,perc_20_SN_gal,perc_50_SN_gal,perc_80_SN_gal,flag_image,flag_bck,flag_object,flag_statmorph,index
161r,6.097811120137832,-0.5144885273005414,5000.0,0.041,nan,6.175368438651279,13.3156060106317,23.02838349752807,70.81872599567834,70.0577853249654,29.36454074833791,38.98904812666356,13.348591585722966,19.676722169216383,0.49552412990708905,-1.7335375030532116,-0.30581406734403327,-0.07739282431637828,0.16679084300994873,2.858002897045533,0.07789285697510955,0.023126691761935936,0.057971014492753624,0.23222847561649207,0.1254494753830211,0.102752235457979,0.18001482215295014,0.06384905113714326,16.699508098886998,0.46884914496353725,319.88034965287943,317.447982659484,0.5794421753397475,1.413302182280803,0.0,0.0,0.27,0.34629548650952463,1.1702954,30.0,22.5,0.2,1.5,2.5,5.0,1.0,5.0,5.0,5.0,masking_sources,2.0,5.0,11.0,1.0,3.0,10.0,-0.5,0.5,0.2,5.0,0.5,10.0,0.0,0.0,10.0,Edge-on,1933.0,14.8,131.0,0.0,3.0,0.02282,0.0022799998987466097,10.0,0.0,3.0,50.0,4.5,10.0,21.5,0.0,0.0,0.0,0.0,161
