GAL,ra,dec,radvel,z,mag,r20,r50,r80,flux_c,flux_e,rpetro_c,rpetro_e,rhalf_c,rhalf_e,Gini,M20,F(G_M20),S(G_M20),SN_per_pixel,C,A,S,M,I,D,Ao,As,Ser_A,Ser_R,Ser_n,Ser_xc,Ser_yc,Ser_ellip,Ser_theta,flag_morph,flag_sersic,ima_sc_pix2arc,ima_sc_arc2kpc,psf_arcsec,size_image_phy_kpc,zp_ima,eta,petro_extent_cas,snr,area_min,debleding,area_min_deblend,skybox_x,skybox_y,sky_method,nsigma,npixels,dilate_size,mask_stars,fwhm,threshold,roundlo,roundhi,sharplo,aper_stars,aper_fact,aper_center,aper_ellip,aper_pa,dr,View,area_segmap_pix,area_psf_pix,ratio_segmap_psf,flag_area,flag_area_th,SN_gal,bck,ratio_SN_gal,flag_SN,flag_SN_th,perc_SN_flag,perc_20_SN_gal,perc_50_SN_gal,perc_80_SN_gal,flag_image,flag_bck,flag_object,flag_statmorph,index
40r,24.979141859713742,-0.25483625108249297,5000.0,0.0172,nan,7.121505513072342,15.079021589321975,29.230906458928757,88.17247198449824,86.67193893023502,37.04485890270505,51.56966754857867,16.318580867530553,24.730992461075417,0.5038430014042252,-1.7331875378247201,-0.264878179336554,-0.06910849636745314,0.15220725536346436,3.066352341667975,0.16420039419278298,0.03236223823920027,0.03307888040712468,0.06745465394329637,0.045559201602569564,0.12483955772740571,0.1250088675855935,0.04695872038111763,24.557694873002667,0.7365665003059233,321.44337620672496,320.6999722275675,0.7219399703537499,0.7959007249188813,0.0,0.0,0.27,0.34629548650952463,1.1900895,30.0,22.5,0.2,1.5,2.5,5.0,1.0,5.0,5.0,5.0,masking_sources,2.0,5.0,11.0,1.0,3.0,10.0,-0.5,0.5,0.2,5.0,0.5,10.0,0.0,0.0,10.0,Edge-on,3271.0,15.3,214.4,0.0,3.0,0.01433,0.001290000043809414,11.1,0.0,3.0,50.0,4.7,11.1,29.0,0.0,0.0,0.0,0.0,40
