GAL,ra,dec,radvel,z,mag,r20,r50,r80,flux_c,flux_e,rpetro_c,rpetro_e,rhalf_c,rhalf_e,Gini,M20,F(G_M20),S(G_M20),SN_per_pixel,C,A,S,M,I,D,Ao,As,Ser_A,Ser_R,Ser_n,Ser_xc,Ser_yc,Ser_ellip,Ser_theta,flag_morph,flag_sersic,ima_sc_pix2arc,ima_sc_arc2kpc,psf_arcsec,size_image_phy_kpc,zp_ima,eta,petro_extent_cas,snr,area_min,debleding,area_min_deblend,skybox_x,skybox_y,sky_method,nsigma,npixels,dilate_size,mask_stars,fwhm,threshold,roundlo,roundhi,sharplo,aper_stars,aper_fact,aper_center,aper_ellip,aper_pa,dr,View,area_segmap_pix,area_psf_pix,ratio_segmap_psf,flag_area,flag_area_th,SN_gal,bck,ratio_SN_gal,flag_SN,flag_SN_th,perc_SN_flag,perc_20_SN_gal,perc_50_SN_gal,perc_80_SN_gal,flag_image,flag_bck,flag_object,flag_statmorph,index
672r,17.590266958820198,0.03805203235981738,5000.0,0.0513,nan,11.915749433053712,25.32190078948835,43.54167693893069,268.2409126853486,268.25687233328597,54.690371479334615,58.876057667174074,25.36064125993953,27.8795083004366,0.4818489288564171,-1.7921383048814394,-0.3328959568778975,-0.09907678481066715,0.1468208283185959,2.8139189449613,0.19394326180724553,0.002423199967613038,0.013761467889908258,0.051552847485422,0.05319268650773295,0.2654836494893966,0.34198497665857847,0.04770186163848269,22.556851550979964,0.6298415493806695,319.1883492430238,321.1850581308114,0.10062357676182948,0.33600579766470023,1.0,0.0,0.27,0.34629548650952463,1.3377382,30.0,22.5,0.2,1.5,2.5,5.0,1.0,5.0,5.0,5.0,masking_sources,2.0,5.0,11.0,1.0,3.0,10.0,-0.5,0.5,0.2,5.0,0.5,10.0,0.0,0.0,10.0,Face-on,7960.0,19.3,412.9,0.0,3.0,0.02046,0.0022700000554323196,9.0,0.0,3.0,50.0,4.6,9.0,18.7,0.0,0.0,0.0,0.0,672
