GAL,ra,dec,radvel,z,mag,r20,r50,r80,flux_c,flux_e,rpetro_c,rpetro_e,rhalf_c,rhalf_e,Gini,M20,F(G_M20),S(G_M20),SN_per_pixel,C,A,S,M,I,D,Ao,As,Ser_A,Ser_R,Ser_n,Ser_xc,Ser_yc,Ser_ellip,Ser_theta,flag_morph,flag_sersic,ima_sc_pix2arc,ima_sc_arc2kpc,psf_arcsec,size_image_phy_kpc,zp_ima,eta,petro_extent_cas,snr,area_min,debleding,area_min_deblend,skybox_x,skybox_y,sky_method,nsigma,npixels,dilate_size,mask_stars,fwhm,threshold,roundlo,roundhi,sharplo,aper_stars,aper_fact,aper_center,aper_ellip,aper_pa,dr,View,area_segmap_pix,area_psf_pix,ratio_segmap_psf,flag_area,flag_area_th,SN_gal,bck,ratio_SN_gal,flag_SN,flag_SN_th,perc_SN_flag,perc_20_SN_gal,perc_50_SN_gal,perc_80_SN_gal,flag_image,flag_bck,flag_object,flag_statmorph,index
509r,202.7180400389588,12.096545085803914,5000.0,0.0468,nan,8.653475988224033,18.304352552964087,28.32603651682679,328.81261515109054,328.31778559752496,36.2346741104163,37.57767672575746,18.467923077406084,19.13383952459636,0.44127944209505476,-1.639891081483761,-0.6392222421612326,-0.11807821265213861,0.2552054524421692,2.574976088806208,0.23139383254755852,0.007883952302795039,0.07390817469204927,0.22697044878791456,0.11086762746902744,0.19257123199613985,0.312437756201445,0.10526148586588963,18.99036119761154,0.34038606357456863,320.4028654747212,315.40918407473714,0.09076907588304185,2.650043159668268,0.0,0.0,0.27,0.34629548650952463,1.2876958,30.0,22.5,0.2,1.5,2.5,5.0,1.0,5.0,5.0,5.0,masking_sources,2.0,5.0,11.0,1.0,3.0,10.0,-0.5,0.5,0.2,5.0,0.5,10.0,0.0,0.0,10.0,Face-on,4202.0,17.9,235.2,0.0,3.0,0.05546,0.004730000160634518,11.7,0.0,3.0,50.0,5.0,11.7,22.0,0.0,0.0,0.0,0.0,509
