GAL,ra,dec,radvel,z,mag,r20,r50,r80,flux_c,flux_e,rpetro_c,rpetro_e,rhalf_c,rhalf_e,Gini,M20,F(G_M20),S(G_M20),SN_per_pixel,C,A,S,M,I,D,Ao,As,Ser_A,Ser_R,Ser_n,Ser_xc,Ser_yc,Ser_ellip,Ser_theta,flag_morph,flag_sersic,ima_sc_pix2arc,ima_sc_arc2kpc,psf_arcsec,size_image_phy_kpc,zp_ima,eta,petro_extent_cas,snr,area_min,debleding,area_min_deblend,skybox_x,skybox_y,sky_method,nsigma,npixels,dilate_size,mask_stars,fwhm,threshold,roundlo,roundhi,sharplo,aper_stars,aper_fact,aper_center,aper_ellip,aper_pa,dr,View,area_segmap_pix,area_psf_pix,ratio_segmap_psf,flag_area,flag_area_th,SN_gal,bck,ratio_SN_gal,flag_SN,flag_SN_th,perc_SN_flag,perc_20_SN_gal,perc_50_SN_gal,perc_80_SN_gal,flag_image,flag_bck,flag_object,flag_statmorph,index
479r,157.83983921875046,0.23123486146513492,5000.0,0.0285,nan,4.513453170405186,10.052843836015107,20.076031610235486,100.56703387196991,101.54376617359864,24.17941679599847,33.984877870440755,11.177973909732652,15.28772953036854,0.6994546520371522,-1.2224938672566021,0.3494887775927289,0.1955334579681129,0.21689289808273315,3.240844650234822,0.05342057687110944,0.03159645670760061,0.0071301247771836,0.0,0.28759229947276865,0.2845671004462476,0.452429057220308,0.32993303577230354,11.842280634616385,1.1830928232138778,320.6743445020602,321.42972620305926,0.5593641692933443,0.8487449948141292,1.0,0.0,0.27,0.34629548650952463,1.3357922,30.0,22.5,0.2,1.5,2.5,5.0,1.0,5.0,5.0,5.0,masking_sources,2.0,5.0,11.0,1.0,3.0,10.0,-0.5,0.5,0.2,5.0,0.5,10.0,0.0,0.0,10.0,Edge-on,1366.0,19.2,71.1,0.0,3.0,0.02802,0.0036299999337643385,7.7,0.0,3.0,50.0,3.9,7.7,21.2,0.0,0.0,0.0,0.0,479
