GAL,ra,dec,radvel,z,mag,r20,r50,r80,flux_c,flux_e,rpetro_c,rpetro_e,rhalf_c,rhalf_e,Gini,M20,F(G_M20),S(G_M20),SN_per_pixel,C,A,S,M,I,D,Ao,As,Ser_A,Ser_R,Ser_n,Ser_xc,Ser_yc,Ser_ellip,Ser_theta,flag_morph,flag_sersic,ima_sc_pix2arc,ima_sc_arc2kpc,psf_arcsec,size_image_phy_kpc,zp_ima,eta,petro_extent_cas,snr,area_min,debleding,area_min_deblend,skybox_x,skybox_y,sky_method,nsigma,npixels,dilate_size,mask_stars,fwhm,threshold,roundlo,roundhi,sharplo,aper_stars,aper_fact,aper_center,aper_ellip,aper_pa,dr,View,area_segmap_pix,area_psf_pix,ratio_segmap_psf,flag_area,flag_area_th,SN_gal,bck,ratio_SN_gal,flag_SN,flag_SN_th,perc_SN_flag,perc_20_SN_gal,perc_50_SN_gal,perc_80_SN_gal,flag_image,flag_bck,flag_object,flag_statmorph,index
952r,198.08985518784507,-1.1462704163789728,5000.0,0.1102,nan,4.334733966055166,9.06697800779166,15.142958214451776,98.24110581424577,98.3347926184851,19.947712114019676,21.736802054692465,9.078981719908036,9.903422260030117,0.499960462740206,-1.8251340861837582,-0.22037778771063588,-0.0857327798667385,0.2424076944589615,2.716241375564719,-0.03519456204728903,0.00523265384762379,0.004878048780487805,0.0,0.02944622707562182,-0.08641063425558806,0.14655882332744086,0.14267874872447966,8.769345564488576,0.6797872395602318,319.658083835719,320.3652616121913,0.214755001811052,2.8758127930439334,0.0,0.0,0.27,0.34629548650952463,1.5137784,30.0,22.5,0.2,1.5,2.5,5.0,1.0,5.0,5.0,5.0,masking_sources,2.0,5.0,11.0,1.0,3.0,10.0,-0.5,0.5,0.2,5.0,0.5,10.0,0.0,0.0,10.0,Face-on,1311.0,24.7,53.1,0.0,3.0,0.03742,0.004920000210404396,7.6,0.0,3.0,50.0,3.8,7.6,22.3,0.0,0.0,0.0,0.0,952
