GAL,ra,dec,radvel,z,mag,r20,r50,r80,flux_c,flux_e,rpetro_c,rpetro_e,rhalf_c,rhalf_e,Gini,M20,F(G_M20),S(G_M20),SN_per_pixel,C,A,S,M,I,D,Ao,As,Ser_A,Ser_R,Ser_n,Ser_xc,Ser_yc,Ser_ellip,Ser_theta,flag_morph,flag_sersic,ima_sc_pix2arc,ima_sc_arc2kpc,psf_arcsec,size_image_phy_kpc,zp_ima,eta,petro_extent_cas,snr,area_min,debleding,area_min_deblend,skybox_x,skybox_y,sky_method,nsigma,npixels,dilate_size,mask_stars,fwhm,threshold,roundlo,roundhi,sharplo,aper_stars,aper_fact,aper_center,aper_ellip,aper_pa,dr,View,area_segmap_pix,area_psf_pix,ratio_segmap_psf,flag_area,flag_area_th,SN_gal,bck,ratio_SN_gal,flag_SN,flag_SN_th,perc_SN_flag,perc_20_SN_gal,perc_50_SN_gal,perc_80_SN_gal,flag_image,flag_bck,flag_object,flag_statmorph,index
215r,315.8381479352985,-0.030079170759109108,5000.0,0.0544,nan,5.0625235792074275,10.40704609990964,18.761573300251378,49.190292869466745,48.93463655955649,24.43500015342975,27.569693563623805,10.573407097127204,11.90996309215623,0.5469109539244629,-1.5126124516573483,-0.20455034907536618,0.004188713604846794,0.1498463898897171,2.844510977299499,0.17036692015842964,8.523514973013947e-05,0.016835016835016835,0.06712878968652729,0.1297734355016364,0.36299611512401797,0.23529797839292255,0.04837837501666295,13.039850797898028,0.6542003723553304,319.3399027782894,318.8166698783333,0.36474524944122616,2.9580059964651877,1.0,0.0,0.27,0.34629548650952463,1.4136652,30.0,22.5,0.2,1.5,2.5,5.0,1.0,5.0,5.0,5.0,masking_sources,2.0,5.0,11.0,1.0,3.0,10.0,-0.5,0.5,0.2,5.0,0.5,10.0,0.0,0.0,10.0,Face-on,1271.0,21.5,59.0,0.0,3.0,0.02453,0.0032500000670552254,7.5,0.0,3.0,50.0,4.2,7.5,14.9,0.0,0.0,0.0,0.0,215
