GAL,ra,dec,radvel,z,mag,r20,r50,r80,flux_c,flux_e,rpetro_c,rpetro_e,rhalf_c,rhalf_e,Gini,M20,F(G_M20),S(G_M20),SN_per_pixel,C,A,S,M,I,D,Ao,As,Ser_A,Ser_R,Ser_n,Ser_xc,Ser_yc,Ser_ellip,Ser_theta,flag_morph,flag_sersic,ima_sc_pix2arc,ima_sc_arc2kpc,psf_arcsec,size_image_phy_kpc,zp_ima,eta,petro_extent_cas,snr,area_min,debleding,area_min_deblend,skybox_x,skybox_y,sky_method,nsigma,npixels,dilate_size,mask_stars,fwhm,threshold,roundlo,roundhi,sharplo,aper_stars,aper_fact,aper_center,aper_ellip,aper_pa,dr,View,area_segmap_pix,area_psf_pix,ratio_segmap_psf,flag_area,flag_area_th,SN_gal,bck,ratio_SN_gal,flag_SN,flag_SN_th,perc_SN_flag,perc_20_SN_gal,perc_50_SN_gal,perc_80_SN_gal,flag_image,flag_bck,flag_object,flag_statmorph,index
270r,142.10318735452222,3.938104883198651,5000.0,0.0318,nan,7.243769285893474,16.848515965629815,32.969209276391545,180.9229735842682,180.55915214799762,43.10842830293309,45.333148027437986,17.85636755287288,20.016025534319255,0.5546768865756211,-2.0170911354181027,0.18349474539406962,-0.05824555011325144,0.1490418165922165,3.2907196084997055,-0.0256290655406971,-0.011146212225721973,0.007876496534341524,0.047450113953756555,0.013148421247457642,-0.06518348183222251,0.4020975506915806,0.06517817397334492,14.844264443064594,1.085504304794016,320.46056964423076,320.19082932494314,0.18645382197006274,0.10823441036613246,1.0,0.0,0.27,0.34629548650952463,1.7300198,30.0,22.5,0.2,1.5,2.5,5.0,1.0,5.0,5.0,5.0,masking_sources,2.0,5.0,11.0,1.0,3.0,10.0,-0.5,0.5,0.2,5.0,0.5,10.0,0.0,0.0,10.0,Face-on,3611.0,32.2,112.0,0.0,3.0,0.0226,0.0035200000274926424,6.4,0.0,3.0,50.0,3.8,6.4,14.7,0.0,0.0,0.0,0.0,270
