GAL,ra,dec,radvel,z,mag,r20,r50,r80,flux_c,flux_e,rpetro_c,rpetro_e,rhalf_c,rhalf_e,Gini,M20,F(G_M20),S(G_M20),SN_per_pixel,C,A,S,M,I,D,Ao,As,Ser_A,Ser_R,Ser_n,Ser_xc,Ser_yc,Ser_ellip,Ser_theta,flag_morph,flag_sersic,ima_sc_pix2arc,ima_sc_arc2kpc,psf_arcsec,size_image_phy_kpc,zp_ima,eta,petro_extent_cas,snr,area_min,debleding,area_min_deblend,skybox_x,skybox_y,sky_method,nsigma,npixels,dilate_size,mask_stars,fwhm,threshold,roundlo,roundhi,sharplo,aper_stars,aper_fact,aper_center,aper_ellip,aper_pa,dr,View,area_segmap_pix,area_psf_pix,ratio_segmap_psf,flag_area,flag_area_th,SN_gal,bck,ratio_SN_gal,flag_SN,flag_SN_th,perc_SN_flag,perc_20_SN_gal,perc_50_SN_gal,perc_80_SN_gal,flag_image,flag_bck,flag_object,flag_statmorph,index
758r,241.7855835459686,27.484847186904545,5000.0,0.0893,nan,3.200843226530343,6.283300638998748,11.35674700599776,142.77484662284098,143.5257901324661,14.129191556330259,17.598506233239274,6.790950047051089,8.423009293190573,0.5020194683905909,-1.7294428696141058,-0.27649972282400004,-0.07039328516967575,0.40735694766044617,2.7499477384108904,0.08380145525730237,0.0027553404850990297,0.0,0.0,0.035896549772779084,0.14105319597412416,0.33519441398506705,0.37393348277278604,6.848096489033035,1.1610272898703151,319.617385857684,320.03158544381483,0.3908669176469359,1.478693216230536,0.0,0.0,0.27,0.34629548650952463,1.4656353,30.0,22.5,0.2,1.5,2.5,5.0,1.0,5.0,5.0,5.0,masking_sources,2.0,5.0,11.0,1.0,3.0,10.0,-0.5,0.5,0.2,5.0,0.5,10.0,0.0,0.0,10.0,Face-on,1527.0,23.1,66.0,0.0,3.0,0.02855,0.003229999914765358,8.8,0.0,3.0,50.0,4.0,8.8,33.5,0.0,0.0,0.0,0.0,758
