GAL,ra,dec,radvel,z,mag,r20,r50,r80,flux_c,flux_e,rpetro_c,rpetro_e,rhalf_c,rhalf_e,Gini,M20,F(G_M20),S(G_M20),SN_per_pixel,C,A,S,M,I,D,Ao,As,Ser_A,Ser_R,Ser_n,Ser_xc,Ser_yc,Ser_ellip,Ser_theta,flag_morph,flag_sersic,ima_sc_pix2arc,ima_sc_arc2kpc,psf_arcsec,size_image_phy_kpc,zp_ima,eta,petro_extent_cas,snr,area_min,debleding,area_min_deblend,skybox_x,skybox_y,sky_method,nsigma,npixels,dilate_size,mask_stars,fwhm,threshold,roundlo,roundhi,sharplo,aper_stars,aper_fact,aper_center,aper_ellip,aper_pa,dr,View,area_segmap_pix,area_psf_pix,ratio_segmap_psf,flag_area,flag_area_th,SN_gal,bck,ratio_SN_gal,flag_SN,flag_SN_th,perc_SN_flag,perc_20_SN_gal,perc_50_SN_gal,perc_80_SN_gal,flag_image,flag_bck,flag_object,flag_statmorph,index
865r,192.46176764834226,-2.722129164216225,5000.0,0.0711,nan,3.1457858726961088,7.014858497359785,14.37329062391924,282.28806298407983,282.8016838168045,17.834362246626718,18.94837079185357,7.762984327076522,8.222130390090495,0.5645197876144112,-1.9669765493032592,0.19748769735849425,-0.041535150614885996,0.4168051779270172,3.2991352461817747,0.00037920156786004714,0.019808147627387685,0.0024479804161566705,0.0,0.008004760881057232,-0.10229557760593018,0.23436727224983508,0.43382742891364423,6.68847512227773,1.8239438430295754,319.969296787762,320.1720904502483,0.1140149901913429,1.5187733557383232,0.0,0.0,0.27,0.34629548650952463,1.6288263,30.0,22.5,0.2,1.5,2.5,5.0,1.0,5.0,5.0,5.0,masking_sources,2.0,5.0,11.0,1.0,3.0,10.0,-0.5,0.5,0.2,5.0,0.5,10.0,0.0,0.0,10.0,Face-on,2581.0,28.6,90.3,0.0,3.0,0.03413,0.0040699997916817665,8.4,0.0,3.0,50.0,4.1,8.4,25.5,0.0,0.0,0.0,0.0,865
