GAL,ra,dec,radvel,z,mag,r20,r50,r80,flux_c,flux_e,rpetro_c,rpetro_e,rhalf_c,rhalf_e,Gini,M20,F(G_M20),S(G_M20),SN_per_pixel,C,A,S,M,I,D,Ao,As,Ser_A,Ser_R,Ser_n,Ser_xc,Ser_yc,Ser_ellip,Ser_theta,flag_morph,flag_sersic,ima_sc_pix2arc,ima_sc_arc2kpc,psf_arcsec,size_image_phy_kpc,zp_ima,eta,petro_extent_cas,snr,area_min,debleding,area_min_deblend,skybox_x,skybox_y,sky_method,nsigma,npixels,dilate_size,mask_stars,fwhm,threshold,roundlo,roundhi,sharplo,aper_stars,aper_fact,aper_center,aper_ellip,aper_pa,dr,View,area_segmap_pix,area_psf_pix,ratio_segmap_psf,flag_area,flag_area_th,SN_gal,bck,ratio_SN_gal,flag_SN,flag_SN_th,perc_SN_flag,perc_20_SN_gal,perc_50_SN_gal,perc_80_SN_gal,flag_image,flag_bck,flag_object,flag_statmorph,index
1111r,180.52103372139376,2.2230917607478573,5000.0,0.0476,nan,3.2811795765240923,8.659549165901327,18.734786727370057,637.7841120778619,638.7331059773412,22.90164164549936,24.416118323603133,10.721937446548802,11.35583679117299,0.5784607093149527,-2.152487892566172,0.3950546206573735,-0.053519714844894706,0.4757433533668518,3.783093769476083,0.00791110598899392,-0.003033241644826119,0.0,0.0,0.004751914479266819,-0.008805584773998275,0.12252196601418795,0.367744585658601,10.453901644483368,2.5423917261889737,319.9935665957539,320.00359115224103,0.10006808960599996,1.4610467935693763,0.0,0.0,0.27,0.34629548650952463,1.1964611,30.0,22.5,0.2,1.5,2.5,5.0,1.0,5.0,5.0,5.0,masking_sources,2.0,5.0,11.0,1.0,3.0,10.0,-0.5,0.5,0.2,5.0,0.5,10.0,0.0,0.0,10.0,Face-on,9745.0,15.4,631.9,0.0,3.0,0.01581,0.002319999970495701,6.8,0.0,3.0,50.0,3.9,6.8,22.1,0.0,0.0,0.0,0.0,1111
