GAL,ra,dec,radvel,z,mag,r20,r50,r80,flux_c,flux_e,rpetro_c,rpetro_e,rhalf_c,rhalf_e,Gini,M20,F(G_M20),S(G_M20),SN_per_pixel,C,A,S,M,I,D,Ao,As,Ser_A,Ser_R,Ser_n,Ser_xc,Ser_yc,Ser_ellip,Ser_theta,flag_morph,flag_sersic,ima_sc_pix2arc,ima_sc_arc2kpc,psf_arcsec,size_image_phy_kpc,zp_ima,eta,petro_extent_cas,snr,area_min,debleding,area_min_deblend,skybox_x,skybox_y,sky_method,nsigma,npixels,dilate_size,mask_stars,fwhm,threshold,roundlo,roundhi,sharplo,aper_stars,aper_fact,aper_center,aper_ellip,aper_pa,dr,View,area_segmap_pix,area_psf_pix,ratio_segmap_psf,flag_area,flag_area_th,SN_gal,bck,ratio_SN_gal,flag_SN,flag_SN_th,perc_SN_flag,perc_20_SN_gal,perc_50_SN_gal,perc_80_SN_gal,flag_image,flag_bck,flag_object,flag_statmorph,index
284r,141.20863236416696,11.491979838218622,5000.0,0.0396,nan,6.951663218666217,13.905566447085562,23.72767365130993,140.68005284713695,140.19993834203567,31.897150922643906,32.7821777960186,13.967217309591303,14.74275661892201,0.5078540827690285,-1.4788905829697883,-0.42125111629524525,-0.029790249091462384,0.18518182635307312,2.6658321820854836,0.253946135219401,0.00508643699669453,0.028037383177570093,0.34724238078676095,0.14677208542155903,0.3298851554184311,0.49563435196663264,0.08339758997939145,12.878590916649337,0.6020963010308027,317.5190191504135,320.37161706715324,0.1899298828025979,2.0809358442957278,0.0,0.0,0.27,0.34629548650952463,1.2982962,30.0,22.5,0.2,1.5,2.5,5.0,1.0,5.0,5.0,5.0,masking_sources,2.0,5.0,11.0,1.0,3.0,10.0,-0.5,0.5,0.2,5.0,0.5,10.0,0.0,0.0,10.0,Face-on,2378.0,18.2,130.9,0.0,3.0,0.03378,0.004889999981969595,6.9,0.0,3.0,50.0,3.8,6.9,15.1,0.0,0.0,0.0,0.0,284
