GAL,ra,dec,radvel,z,mag,r20,r50,r80,flux_c,flux_e,rpetro_c,rpetro_e,rhalf_c,rhalf_e,Gini,M20,F(G_M20),S(G_M20),SN_per_pixel,C,A,S,M,I,D,Ao,As,Ser_A,Ser_R,Ser_n,Ser_xc,Ser_yc,Ser_ellip,Ser_theta,flag_morph,flag_sersic,ima_sc_pix2arc,ima_sc_arc2kpc,psf_arcsec,size_image_phy_kpc,zp_ima,eta,petro_extent_cas,snr,area_min,debleding,area_min_deblend,skybox_x,skybox_y,sky_method,nsigma,npixels,dilate_size,mask_stars,fwhm,threshold,roundlo,roundhi,sharplo,aper_stars,aper_fact,aper_center,aper_ellip,aper_pa,dr,View,area_segmap_pix,area_psf_pix,ratio_segmap_psf,flag_area,flag_area_th,SN_gal,bck,ratio_SN_gal,flag_SN,flag_SN_th,perc_SN_flag,perc_20_SN_gal,perc_50_SN_gal,perc_80_SN_gal,flag_image,flag_bck,flag_object,flag_statmorph,index
341r,210.41891435908445,-0.3951588245812359,5000.0,0.0256,nan,10.98305104678129,22.934311603862238,39.00395971318135,285.1996557478107,284.45465263369357,51.22372444729262,55.234652222734056,22.66904693709871,24.748118169051146,0.49701467359348467,-1.5833434806039843,-0.40252033365368955,-0.0550402169464041,0.16323193907737732,2.751928485388123,0.22725576835828276,0.030540052524729692,0.1,0.13833767856727566,0.07801717384149934,0.36666203772159417,0.29419381291007896,0.049681483990679606,24.507623939115607,0.414325758222062,317.3693947721648,324.354085552176,0.180535135319575,0.9455701110663746,0.0,0.0,0.27,0.34629548650952463,1.4536499,30.0,22.5,0.2,1.5,2.5,5.0,1.0,5.0,5.0,5.0,masking_sources,2.0,5.0,11.0,1.0,3.0,10.0,-0.5,0.5,0.2,5.0,0.5,10.0,0.0,0.0,10.0,Face-on,5878.0,22.8,258.2,0.0,3.0,0.02884,0.0044999998062849045,6.4,0.0,3.0,50.0,4.0,6.4,12.3,0.0,0.0,0.0,0.0,341
