GAL,ra,dec,radvel,z,mag,r20,r50,r80,flux_c,flux_e,rpetro_c,rpetro_e,rhalf_c,rhalf_e,Gini,M20,F(G_M20),S(G_M20),SN_per_pixel,C,A,S,M,I,D,Ao,As,Ser_A,Ser_R,Ser_n,Ser_xc,Ser_yc,Ser_ellip,Ser_theta,flag_morph,flag_sersic,ima_sc_pix2arc,ima_sc_arc2kpc,psf_arcsec,size_image_phy_kpc,zp_ima,eta,petro_extent_cas,snr,area_min,debleding,area_min_deblend,skybox_x,skybox_y,sky_method,nsigma,npixels,dilate_size,mask_stars,fwhm,threshold,roundlo,roundhi,sharplo,aper_stars,aper_fact,aper_center,aper_ellip,aper_pa,dr,View,area_segmap_pix,area_psf_pix,ratio_segmap_psf,flag_area,flag_area_th,SN_gal,bck,ratio_SN_gal,flag_SN,flag_SN_th,perc_SN_flag,perc_20_SN_gal,perc_50_SN_gal,perc_80_SN_gal,flag_image,flag_bck,flag_object,flag_statmorph,index
1145r,148.06025948240963,1.6039223391591555,5000.0,0.1232,nan,2.7017666114231194,5.849111619730647,10.982802790842983,107.90396795421512,107.98939681206278,13.62079059056732,14.662124946325717,6.622396698303884,7.120028738419304,0.51991589883544,-1.8757254088157496,-0.08653859245525775,-0.07300909197830369,0.35066553950309753,3.0453267752858384,0.02277175312857384,-0.0038276543616475867,0.0,0.0,0.008373207792330237,0.047929307795616466,0.3107697691868506,0.25399508342451305,5.637148508672796,1.5207206301686431,320.0071726466117,319.9950105580089,0.11234565729340854,0.8838863174855752,0.0,0.0,0.27,0.34629548650952463,1.2737076,30.0,22.5,0.2,1.5,2.5,5.0,1.0,5.0,5.0,5.0,masking_sources,2.0,5.0,11.0,1.0,3.0,10.0,-0.5,0.5,0.2,5.0,0.5,10.0,0.0,0.0,10.0,Face-on,1423.0,17.5,81.4,0.0,3.0,0.02321,0.002739999908953905,8.5,0.0,3.0,50.0,3.9,8.5,31.5,0.0,0.0,0.0,0.0,1145
