GAL,ra,dec,radvel,z,mag,r20,r50,r80,flux_c,flux_e,rpetro_c,rpetro_e,rhalf_c,rhalf_e,Gini,M20,F(G_M20),S(G_M20),SN_per_pixel,C,A,S,M,I,D,Ao,As,Ser_A,Ser_R,Ser_n,Ser_xc,Ser_yc,Ser_ellip,Ser_theta,flag_morph,flag_sersic,ima_sc_pix2arc,ima_sc_arc2kpc,psf_arcsec,size_image_phy_kpc,zp_ima,eta,petro_extent_cas,snr,area_min,debleding,area_min_deblend,skybox_x,skybox_y,sky_method,nsigma,npixels,dilate_size,mask_stars,fwhm,threshold,roundlo,roundhi,sharplo,aper_stars,aper_fact,aper_center,aper_ellip,aper_pa,dr,View,area_segmap_pix,area_psf_pix,ratio_segmap_psf,flag_area,flag_area_th,SN_gal,bck,ratio_SN_gal,flag_SN,flag_SN_th,perc_SN_flag,perc_20_SN_gal,perc_50_SN_gal,perc_80_SN_gal,flag_image,flag_bck,flag_object,flag_statmorph,index
707r,196.17696568746666,1.0459376385178352,5000.0,0.0976,nan,3.069903261562473,6.580898946659146,13.16866344751912,88.11094983824646,88.21411183351765,16.34554689861562,17.1020015288908,6.987889900787286,7.393007130672836,0.5513768282245799,-1.885552915990722,0.07600347049324085,-0.04322879538037633,0.2617276608943939,3.1620850412919443,0.0961967828921428,0.044568017904314486,0.008547008547008548,0.0,0.03936513353460224,0.24276215395109235,0.4004229252935976,0.2016393879225464,5.529423081367337,1.3122498003634426,319.5368176322031,319.8078469072313,0.06414353005392212,1.498131487440833,0.0,0.0,0.27,0.34629548650952463,1.3672327,30.0,22.5,0.2,1.5,2.5,5.0,1.0,5.0,5.0,5.0,masking_sources,2.0,5.0,11.0,1.0,3.0,10.0,-0.5,0.5,0.2,5.0,0.5,10.0,0.0,0.0,10.0,Face-on,1104.0,20.1,54.8,0.0,3.0,0.03149,0.004679999779909849,6.7,0.0,3.0,50.0,3.9,6.7,17.8,0.0,0.0,0.0,0.0,707
