GAL,ra,dec,radvel,z,mag,r20,r50,r80,flux_c,flux_e,rpetro_c,rpetro_e,rhalf_c,rhalf_e,Gini,M20,F(G_M20),S(G_M20),SN_per_pixel,C,A,S,M,I,D,Ao,As,Ser_A,Ser_R,Ser_n,Ser_xc,Ser_yc,Ser_ellip,Ser_theta,flag_morph,flag_sersic,ima_sc_pix2arc,ima_sc_arc2kpc,psf_arcsec,size_image_phy_kpc,zp_ima,eta,petro_extent_cas,snr,area_min,debleding,area_min_deblend,skybox_x,skybox_y,sky_method,nsigma,npixels,dilate_size,mask_stars,fwhm,threshold,roundlo,roundhi,sharplo,aper_stars,aper_fact,aper_center,aper_ellip,aper_pa,dr,View,area_segmap_pix,area_psf_pix,ratio_segmap_psf,flag_area,flag_area_th,SN_gal,bck,ratio_SN_gal,flag_SN,flag_SN_th,perc_SN_flag,perc_20_SN_gal,perc_50_SN_gal,perc_80_SN_gal,flag_image,flag_bck,flag_object,flag_statmorph,index
533r,230.2926238381598,-0.43846416262725496,5000.0,0.0688,nan,6.945931015415178,14.918348739141235,24.57506053469272,153.59664231435772,156.63369268870315,30.89094341862844,39.12447045743672,15.633678016224513,19.333857957674823,0.5138373282026552,-1.8004454091875801,-0.16879655682986439,-0.0685629569564451,0.1919744312763214,2.7438206527545446,0.15425868647067417,0.03306737420996785,0.06896551724137931,0.21885355495812445,0.05017481084919941,0.22868821991980717,0.26468565812855144,0.08304234204079426,14.40984789159557,0.6617907322613648,319.59212981264636,320.64483163558526,0.2713655153241644,3.107545862856302,1.0,0.0,0.27,0.34629548650952463,1.4648733,30.0,22.5,0.2,1.5,2.5,5.0,1.0,5.0,5.0,5.0,masking_sources,2.0,5.0,11.0,1.0,3.0,10.0,-0.5,0.5,0.2,5.0,0.5,10.0,0.0,0.0,10.0,Face-on,3475.0,23.1,150.3,0.0,3.0,0.02468,0.0026499999221414328,9.3,0.0,3.0,50.0,4.3,9.3,23.3,0.0,0.0,0.0,0.0,533
