GAL,ra,dec,radvel,z,mag,r20,r50,r80,flux_c,flux_e,rpetro_c,rpetro_e,rhalf_c,rhalf_e,Gini,M20,F(G_M20),S(G_M20),SN_per_pixel,C,A,S,M,I,D,Ao,As,Ser_A,Ser_R,Ser_n,Ser_xc,Ser_yc,Ser_ellip,Ser_theta,flag_morph,flag_sersic,ima_sc_pix2arc,ima_sc_arc2kpc,psf_arcsec,size_image_phy_kpc,zp_ima,eta,petro_extent_cas,snr,area_min,debleding,area_min_deblend,skybox_x,skybox_y,sky_method,nsigma,npixels,dilate_size,mask_stars,fwhm,threshold,roundlo,roundhi,sharplo,aper_stars,aper_fact,aper_center,aper_ellip,aper_pa,dr,View,area_segmap_pix,area_psf_pix,ratio_segmap_psf,flag_area,flag_area_th,SN_gal,bck,ratio_SN_gal,flag_SN,flag_SN_th,perc_SN_flag,perc_20_SN_gal,perc_50_SN_gal,perc_80_SN_gal,flag_image,flag_bck,flag_object,flag_statmorph,index
936r,328.8120802441929,-7.549494971452219,5000.0,0.0938,nan,2.395161008696057,4.979101073834184,9.799547135184755,87.3052570682784,89.10812886229871,12.034330239373956,18.560593328276447,6.227701759034227,9.344896518524886,0.5388154672281275,-1.8320201477254423,-0.02327347484703779,-0.04822348797799031,0.3748463988304138,3.0593564654437237,0.08765312654367578,0.007272994531998725,0.0,0.0,0.033956634949858344,0.32011481928882457,0.64695362871045,0.3099313794356144,7.0174483560542535,1.8798395505728005,320.1544469358015,319.8514073014233,0.6350048178033829,0.2531667906591075,0.0,0.0,0.27,0.34629548650952463,1.2341337,30.0,22.5,0.2,1.5,2.5,5.0,1.0,5.0,5.0,5.0,masking_sources,2.0,5.0,11.0,1.0,3.0,10.0,-0.5,0.5,0.2,5.0,0.5,10.0,0.0,0.0,10.0,Edge-on,2809.0,16.4,171.2,0.0,3.0,0.00648,0.0006799999973736703,9.6,0.0,3.0,50.0,4.4,9.6,33.7,0.0,0.0,0.0,0.0,936
