GAL,ra,dec,radvel,z,mag,r20,r50,r80,flux_c,flux_e,rpetro_c,rpetro_e,rhalf_c,rhalf_e,Gini,M20,F(G_M20),S(G_M20),SN_per_pixel,C,A,S,M,I,D,Ao,As,Ser_A,Ser_R,Ser_n,Ser_xc,Ser_yc,Ser_ellip,Ser_theta,flag_morph,flag_sersic,ima_sc_pix2arc,ima_sc_arc2kpc,psf_arcsec,size_image_phy_kpc,zp_ima,eta,petro_extent_cas,snr,area_min,debleding,area_min_deblend,skybox_x,skybox_y,sky_method,nsigma,npixels,dilate_size,mask_stars,fwhm,threshold,roundlo,roundhi,sharplo,aper_stars,aper_fact,aper_center,aper_ellip,aper_pa,dr,View,area_segmap_pix,area_psf_pix,ratio_segmap_psf,flag_area,flag_area_th,SN_gal,bck,ratio_SN_gal,flag_SN,flag_SN_th,perc_SN_flag,perc_20_SN_gal,perc_50_SN_gal,perc_80_SN_gal,flag_image,flag_bck,flag_object,flag_statmorph,index
238r,162.36814331163117,7.119665871712708,5000.0,0.0437,nan,6.427289790828314,13.129088095692698,22.797321176028095,85.56904638749583,85.48752370627241,29.80022918164354,33.15725792262298,13.082490466248705,14.05085406064554,0.5121783511146166,-1.7551257204239834,-0.2084150377288272,-0.06390590753546321,0.1488737016916275,2.7492796806133124,0.1047479962882068,0.02055218620725066,0.04006284367635507,0.03001777404387085,0.04574712404152976,0.14294273878425756,0.20145605858503976,0.05875246406541772,11.909528057420832,0.6734390801477996,320.9631607164527,319.58307624511906,0.17886318599401405,2.6995035146012003,0.0,0.0,0.27,0.34629548650952463,1.3619395,30.0,22.5,0.2,1.5,2.5,5.0,1.0,5.0,5.0,5.0,masking_sources,2.0,5.0,11.0,1.0,3.0,10.0,-0.5,0.5,0.2,5.0,0.5,10.0,0.0,0.0,10.0,Face-on,1967.0,20.0,98.4,0.0,3.0,0.02488,0.003980000037699938,6.3,0.0,3.0,50.0,3.7,6.3,13.8,0.0,0.0,0.0,0.0,238
