GAL,ra,dec,radvel,z,mag,r20,r50,r80,flux_c,flux_e,rpetro_c,rpetro_e,rhalf_c,rhalf_e,Gini,M20,F(G_M20),S(G_M20),SN_per_pixel,C,A,S,M,I,D,Ao,As,Ser_A,Ser_R,Ser_n,Ser_xc,Ser_yc,Ser_ellip,Ser_theta,flag_morph,flag_sersic,ima_sc_pix2arc,ima_sc_arc2kpc,psf_arcsec,size_image_phy_kpc,zp_ima,eta,petro_extent_cas,snr,area_min,debleding,area_min_deblend,skybox_x,skybox_y,sky_method,nsigma,npixels,dilate_size,mask_stars,fwhm,threshold,roundlo,roundhi,sharplo,aper_stars,aper_fact,aper_center,aper_ellip,aper_pa,dr,View,area_segmap_pix,area_psf_pix,ratio_segmap_psf,flag_area,flag_area_th,SN_gal,bck,ratio_SN_gal,flag_SN,flag_SN_th,perc_SN_flag,perc_20_SN_gal,perc_50_SN_gal,perc_80_SN_gal,flag_image,flag_bck,flag_object,flag_statmorph,index
539r,141.95018195494674,-0.47500505117321284,5000.0,0.0702,nan,4.629742570969345,8.770981589495408,14.221539708907022,119.33467326439353,119.31038553752323,18.187824732903774,20.485703717662545,8.8875769385774,9.851300912283108,0.4589951627419285,-1.6961748826466672,-0.5125247507533137,-0.10836309757337756,0.2989599406719208,2.436948873896658,0.08711836655731152,0.03674780551901388,0.0014326647564469914,0.0,0.06681443170342052,0.11742104799556234,0.11117278771467375,0.15829022088351283,9.663542352198604,0.6597815556503417,320.0991839680347,319.5836510239383,0.18824203141687795,2.26554435556221,0.0,0.0,0.27,0.34629548650952463,1.239502,30.0,22.5,0.2,1.5,2.5,5.0,1.0,5.0,5.0,5.0,masking_sources,2.0,5.0,11.0,1.0,3.0,10.0,-0.5,0.5,0.2,5.0,0.5,10.0,0.0,0.0,10.0,Face-on,1760.0,16.6,106.3,0.0,3.0,0.03135,0.0016899999463930726,18.5,0.0,3.0,50.0,5.9,18.5,65.2,0.0,0.0,0.0,0.0,539
