GAL,ra,dec,radvel,z,mag,r20,r50,r80,flux_c,flux_e,rpetro_c,rpetro_e,rhalf_c,rhalf_e,Gini,M20,F(G_M20),S(G_M20),SN_per_pixel,C,A,S,M,I,D,Ao,As,Ser_A,Ser_R,Ser_n,Ser_xc,Ser_yc,Ser_ellip,Ser_theta,flag_morph,flag_sersic,ima_sc_pix2arc,ima_sc_arc2kpc,psf_arcsec,size_image_phy_kpc,zp_ima,eta,petro_extent_cas,snr,area_min,debleding,area_min_deblend,skybox_x,skybox_y,sky_method,nsigma,npixels,dilate_size,mask_stars,fwhm,threshold,roundlo,roundhi,sharplo,aper_stars,aper_fact,aper_center,aper_ellip,aper_pa,dr,View,area_segmap_pix,area_psf_pix,ratio_segmap_psf,flag_area,flag_area_th,SN_gal,bck,ratio_SN_gal,flag_SN,flag_SN_th,perc_SN_flag,perc_20_SN_gal,perc_50_SN_gal,perc_80_SN_gal,flag_image,flag_bck,flag_object,flag_statmorph,index
250r,187.27969906817864,-1.193409294948877,5000.0,0.032,nan,2.5877038570444655,5.237554504271519,9.943539782056042,83.54577976457904,83.53167067451994,12.394394202284362,13.422138440913695,5.452983335509389,5.9992098791113335,0.5242627351071263,-1.8004617823265148,-0.11717944606745023,-0.05824407998733061,0.3459587097167969,2.9231322122387207,0.07735149353714312,-0.002866157215354459,0.002631578947368421,0.0,0.04324469610906617,0.12132825130871083,0.21261785351765497,0.3218058409547379,4.710571860193377,1.303705292486112,320.1705072913986,319.6387073479206,0.1964144481558572,0.012643957291708077,0.0,0.0,0.27,0.34629548650952463,1.3524245,30.0,22.5,0.2,1.5,2.5,5.0,1.0,5.0,5.0,5.0,masking_sources,2.0,5.0,11.0,1.0,3.0,10.0,-0.5,0.5,0.2,5.0,0.5,10.0,0.0,0.0,10.0,Face-on,776.0,19.7,39.4,0.0,3.0,0.04076,0.005499999970197678,7.4,0.0,3.0,50.0,3.8,7.4,23.4,0.0,0.0,0.0,0.0,250
