GAL,ra,dec,radvel,z,mag,r20,r50,r80,flux_c,flux_e,rpetro_c,rpetro_e,rhalf_c,rhalf_e,Gini,M20,F(G_M20),S(G_M20),SN_per_pixel,C,A,S,M,I,D,Ao,As,Ser_A,Ser_R,Ser_n,Ser_xc,Ser_yc,Ser_ellip,Ser_theta,flag_morph,flag_sersic,ima_sc_pix2arc,ima_sc_arc2kpc,psf_arcsec,size_image_phy_kpc,zp_ima,eta,petro_extent_cas,snr,area_min,debleding,area_min_deblend,skybox_x,skybox_y,sky_method,nsigma,npixels,dilate_size,mask_stars,fwhm,threshold,roundlo,roundhi,sharplo,aper_stars,aper_fact,aper_center,aper_ellip,aper_pa,dr,View,area_segmap_pix,area_psf_pix,ratio_segmap_psf,flag_area,flag_area_th,SN_gal,bck,ratio_SN_gal,flag_SN,flag_SN_th,perc_SN_flag,perc_20_SN_gal,perc_50_SN_gal,perc_80_SN_gal,flag_image,flag_bck,flag_object,flag_statmorph,index
577r,353.0791961029022,0.1100829833452396,5000.0,0.0905,nan,5.211951182403313,10.656966288838161,17.976321658468343,70.82180403248813,70.29070792125592,23.078227226204184,30.41444731060593,10.780171164405706,15.054657120668283,0.45560248229790495,-1.6980832293226098,-0.5279960347048016,-0.11198711140091691,0.20836113393306732,2.6885024562810056,0.16130054537470515,0.00981637282538205,0.05454545454545454,0.17642495783557222,0.09926831168903053,0.20866760297469336,0.1740433894538873,0.08994498509244932,14.43604709867115,0.478452441348811,321.15471917289955,318.65631127149265,0.6142362752740497,2.1670887642190784,0.0,0.0,0.27,0.34629548650952463,1.2123375,30.0,22.5,0.2,1.5,2.5,5.0,1.0,5.0,5.0,5.0,masking_sources,2.0,5.0,11.0,1.0,3.0,10.0,-0.5,0.5,0.2,5.0,0.5,10.0,0.0,0.0,10.0,Edge-on,1628.0,15.8,102.8,0.0,3.0,0.02284,0.0018899999558925629,12.1,0.0,3.0,50.0,4.7,12.1,36.4,0.0,0.0,0.0,0.0,577
