GAL,ra,dec,radvel,z,mag,r20,r50,r80,flux_c,flux_e,rpetro_c,rpetro_e,rhalf_c,rhalf_e,Gini,M20,F(G_M20),S(G_M20),SN_per_pixel,C,A,S,M,I,D,Ao,As,Ser_A,Ser_R,Ser_n,Ser_xc,Ser_yc,Ser_ellip,Ser_theta,flag_morph,flag_sersic,ima_sc_pix2arc,ima_sc_arc2kpc,psf_arcsec,size_image_phy_kpc,zp_ima,eta,petro_extent_cas,snr,area_min,debleding,area_min_deblend,skybox_x,skybox_y,sky_method,nsigma,npixels,dilate_size,mask_stars,fwhm,threshold,roundlo,roundhi,sharplo,aper_stars,aper_fact,aper_center,aper_ellip,aper_pa,dr,View,area_segmap_pix,area_psf_pix,ratio_segmap_psf,flag_area,flag_area_th,SN_gal,bck,ratio_SN_gal,flag_SN,flag_SN_th,perc_SN_flag,perc_20_SN_gal,perc_50_SN_gal,perc_80_SN_gal,flag_image,flag_bck,flag_object,flag_statmorph,index
841r,175.35308927069437,12.194138695637298,5000.0,0.1087,nan,3.033859714907788,5.903266118245668,10.612860991164354,75.10681211378208,75.17599879153477,13.986559587619848,17.930721997765396,5.950790544712161,8.537106153858348,0.4612843670543317,-1.7454458259998438,-0.4670484256631666,-0.11294544643018997,0.35875773429870605,2.719184902958825,0.010201778475050051,0.016567065111469673,0.0030303030303030303,0.0,0.007289146283315714,-0.01634865238843543,0.16022330998358472,0.31031443477600595,7.798870302071339,0.6014188856507007,320.0776125215327,320.0131684981693,0.6161114914846971,2.796222198831994,0.0,0.0,0.27,0.34629548650952463,1.1063898,30.0,22.5,0.2,1.5,2.5,5.0,1.0,5.0,5.0,5.0,masking_sources,2.0,5.0,11.0,1.0,3.0,10.0,-0.5,0.5,0.2,5.0,0.5,10.0,0.0,0.0,10.0,Edge-on,575.0,13.2,43.6,0.0,3.0,0.07153,0.005619999952614307,12.7,0.0,3.0,50.0,5.2,12.7,34.8,0.0,0.0,0.0,0.0,841
