GAL,ra,dec,radvel,z,mag,r20,r50,r80,flux_c,flux_e,rpetro_c,rpetro_e,rhalf_c,rhalf_e,Gini,M20,F(G_M20),S(G_M20),SN_per_pixel,C,A,S,M,I,D,Ao,As,Ser_A,Ser_R,Ser_n,Ser_xc,Ser_yc,Ser_ellip,Ser_theta,flag_morph,flag_sersic,ima_sc_pix2arc,ima_sc_arc2kpc,psf_arcsec,size_image_phy_kpc,zp_ima,eta,petro_extent_cas,snr,area_min,debleding,area_min_deblend,skybox_x,skybox_y,sky_method,nsigma,npixels,dilate_size,mask_stars,fwhm,threshold,roundlo,roundhi,sharplo,aper_stars,aper_fact,aper_center,aper_ellip,aper_pa,dr,View,area_segmap_pix,area_psf_pix,ratio_segmap_psf,flag_area,flag_area_th,SN_gal,bck,ratio_SN_gal,flag_SN,flag_SN_th,perc_SN_flag,perc_20_SN_gal,perc_50_SN_gal,perc_80_SN_gal,flag_image,flag_bck,flag_object,flag_statmorph,index
634r,120.38253220208611,22.454376773092427,5000.0,0.0783,nan,3.254072303877222,6.980073759369896,13.433040829008018,107.49815606331023,108.47370967653762,16.324158745717845,19.92342202539149,7.900618341243765,9.194345116918768,0.5540010658110168,-1.8869495057276937,0.08996128323382546,-0.04082492614324279,0.2728534936904907,3.078735681249505,0.061902239056392416,0.03090470014011764,0.006195786864931847,0.0006731616261282894,0.026406039728814768,0.15624596931384943,0.3412479822813833,0.21728464498164662,6.838633414911511,1.3104515902076934,320.1361373975782,319.81065457053194,0.3099995118528122,0.317010878695691,0.0,0.0,0.27,0.34629548650952463,1.5292225,30.0,22.5,0.2,1.5,2.5,5.0,1.0,5.0,5.0,5.0,masking_sources,2.0,5.0,11.0,1.0,3.0,10.0,-0.5,0.5,0.2,5.0,0.5,10.0,0.0,0.0,10.0,Face-on,1775.0,25.2,70.5,0.0,3.0,0.0215,0.003220000071451068,6.7,0.0,3.0,50.0,3.8,6.7,19.7,0.0,0.0,0.0,0.0,634
