GAL,ra,dec,radvel,z,mag,r20,r50,r80,flux_c,flux_e,rpetro_c,rpetro_e,rhalf_c,rhalf_e,Gini,M20,F(G_M20),S(G_M20),SN_per_pixel,C,A,S,M,I,D,Ao,As,Ser_A,Ser_R,Ser_n,Ser_xc,Ser_yc,Ser_ellip,Ser_theta,flag_morph,flag_sersic,ima_sc_pix2arc,ima_sc_arc2kpc,psf_arcsec,size_image_phy_kpc,zp_ima,eta,petro_extent_cas,snr,area_min,debleding,area_min_deblend,skybox_x,skybox_y,sky_method,nsigma,npixels,dilate_size,mask_stars,fwhm,threshold,roundlo,roundhi,sharplo,aper_stars,aper_fact,aper_center,aper_ellip,aper_pa,dr,View,area_segmap_pix,area_psf_pix,ratio_segmap_psf,flag_area,flag_area_th,SN_gal,bck,ratio_SN_gal,flag_SN,flag_SN_th,perc_SN_flag,perc_20_SN_gal,perc_50_SN_gal,perc_80_SN_gal,flag_image,flag_bck,flag_object,flag_statmorph,index
773r,170.97717531573588,8.380221601847909,5000.0,0.1228,nan,3.4196491056660645,6.417300950488794,10.410336521687245,79.0386414800512,79.07593762134655,13.174847013515965,16.38786834543536,6.4977436412159655,8.2688639319558,0.428308070784603,-1.6549452500337942,-0.6929979913427959,-0.1330123996779405,0.351956844329834,2.4174161188102943,0.06281815369524768,-0.0055420655640939075,0.0,0.0,0.06421902092232244,0.02983569287585489,0.199744314829535,0.2626011681040679,7.577383874439103,0.5381107558331457,319.44759206945133,320.53346466810694,0.4598031085404852,2.9554008597282775,0.0,0.0,0.27,0.34629548650952463,1.3289417,30.0,22.5,0.2,1.5,2.5,5.0,1.0,5.0,5.0,5.0,masking_sources,2.0,5.0,11.0,1.0,3.0,10.0,-0.5,0.5,0.2,5.0,0.5,10.0,0.0,0.0,10.0,Face-on,710.0,19.0,37.3,0.0,3.0,0.05799,0.004490000195801258,12.9,0.0,3.0,50.0,4.7,12.9,40.7,0.0,0.0,0.0,0.0,773
