GAL,ra,dec,radvel,z,mag,r20,r50,r80,flux_c,flux_e,rpetro_c,rpetro_e,rhalf_c,rhalf_e,Gini,M20,F(G_M20),S(G_M20),SN_per_pixel,C,A,S,M,I,D,Ao,As,Ser_A,Ser_R,Ser_n,Ser_xc,Ser_yc,Ser_ellip,Ser_theta,flag_morph,flag_sersic,ima_sc_pix2arc,ima_sc_arc2kpc,psf_arcsec,size_image_phy_kpc,zp_ima,eta,petro_extent_cas,snr,area_min,debleding,area_min_deblend,skybox_x,skybox_y,sky_method,nsigma,npixels,dilate_size,mask_stars,fwhm,threshold,roundlo,roundhi,sharplo,aper_stars,aper_fact,aper_center,aper_ellip,aper_pa,dr,View,area_segmap_pix,area_psf_pix,ratio_segmap_psf,flag_area,flag_area_th,SN_gal,bck,ratio_SN_gal,flag_SN,flag_SN_th,perc_SN_flag,perc_20_SN_gal,perc_50_SN_gal,perc_80_SN_gal,flag_image,flag_bck,flag_object,flag_statmorph,index
494r,222.67593490703837,2.0923883467400866,5000.0,0.0448,nan,9.749266677277614,19.27715270820488,31.174440687222916,138.64348050285213,138.5361134863036,40.41214139231974,45.49381247749603,19.379701794037448,22.3664409551894,0.6142381389344589,-1.7448846977139976,0.28968388324137173,0.03855678456286854,0.15122674405574799,2.5241336015773874,0.28437498427470037,0.07360618971070508,0.029567053854276663,0.08271304553681003,0.05614228978185836,0.31107539948544427,0.31345066520770365,0.07537131091117691,16.7765700436309,0.5935629567726882,321.13654785963826,321.57854323193664,0.1790705102606641,1.5581978276871884,2.0,0.0,0.27,0.34629548650952463,1.4167438,30.0,22.5,0.2,1.5,2.5,5.0,1.0,5.0,5.0,5.0,masking_sources,2.0,5.0,11.0,1.0,3.0,10.0,-0.5,0.5,0.2,5.0,0.5,10.0,0.0,0.0,10.0,Face-on,4267.0,21.6,197.3,0.0,3.0,0.01684,0.0015699999639764428,10.7,0.0,3.0,50.0,4.8,10.7,24.6,0.0,0.0,0.0,0.0,494
