GAL,ra,dec,radvel,z,mag,r20,r50,r80,flux_c,flux_e,rpetro_c,rpetro_e,rhalf_c,rhalf_e,Gini,M20,F(G_M20),S(G_M20),SN_per_pixel,C,A,S,M,I,D,Ao,As,Ser_A,Ser_R,Ser_n,Ser_xc,Ser_yc,Ser_ellip,Ser_theta,flag_morph,flag_sersic,ima_sc_pix2arc,ima_sc_arc2kpc,psf_arcsec,size_image_phy_kpc,zp_ima,eta,petro_extent_cas,snr,area_min,debleding,area_min_deblend,skybox_x,skybox_y,sky_method,nsigma,npixels,dilate_size,mask_stars,fwhm,threshold,roundlo,roundhi,sharplo,aper_stars,aper_fact,aper_center,aper_ellip,aper_pa,dr,View,area_segmap_pix,area_psf_pix,ratio_segmap_psf,flag_area,flag_area_th,SN_gal,bck,ratio_SN_gal,flag_SN,flag_SN_th,perc_SN_flag,perc_20_SN_gal,perc_50_SN_gal,perc_80_SN_gal,flag_image,flag_bck,flag_object,flag_statmorph,index
1063r,173.6704166245715,4.5263441546960115,5000.0,0.1002,nan,6.176193000371772,16.958434974650732,38.1960463392683,851.705919622443,854.4281424249095,46.51057983238639,50.41413330272987,19.479645166235155,21.09312837031869,0.5883184065336627,-2.249432838112995,0.5110330691539362,-0.057235942029380205,0.2692601978778839,3.9564877635434703,0.031378588725871064,0.007542570894562838,0.006746626686656672,0.04627752294731202,0.003908850685132148,0.10998736027354969,0.20780071342723977,0.1908832648121122,16.618694920120927,1.9703511994459861,319.99580550308985,319.9849826133477,0.09618429967455248,2.5890187290503452,0.0,0.0,0.27,0.34629548650952463,1.3767612,30.0,22.5,0.2,1.5,2.5,5.0,1.0,5.0,5.0,5.0,masking_sources,2.0,5.0,11.0,1.0,3.0,10.0,-0.5,0.5,0.2,5.0,0.5,10.0,0.0,0.0,10.0,Face-on,12151.0,20.4,595.0,0.0,3.0,0.02402,0.0035699999425560236,6.7,0.0,3.0,50.0,3.9,6.7,17.4,0.0,0.0,0.0,0.0,1063
