GAL,ra,dec,radvel,z,mag,r20,r50,r80,flux_c,flux_e,rpetro_c,rpetro_e,rhalf_c,rhalf_e,Gini,M20,F(G_M20),S(G_M20),SN_per_pixel,C,A,S,M,I,D,Ao,As,Ser_A,Ser_R,Ser_n,Ser_xc,Ser_yc,Ser_ellip,Ser_theta,flag_morph,flag_sersic,ima_sc_pix2arc,ima_sc_arc2kpc,psf_arcsec,size_image_phy_kpc,zp_ima,eta,petro_extent_cas,snr,area_min,debleding,area_min_deblend,skybox_x,skybox_y,sky_method,nsigma,npixels,dilate_size,mask_stars,fwhm,threshold,roundlo,roundhi,sharplo,aper_stars,aper_fact,aper_center,aper_ellip,aper_pa,dr,View,area_segmap_pix,area_psf_pix,ratio_segmap_psf,flag_area,flag_area_th,SN_gal,bck,ratio_SN_gal,flag_SN,flag_SN_th,perc_SN_flag,perc_20_SN_gal,perc_50_SN_gal,perc_80_SN_gal,flag_image,flag_bck,flag_object,flag_statmorph,index
530r,21.178015679451907,-8.69045301283788,5000.0,0.0627,nan,3.5492609337540846,7.679522742302472,14.669526609516609,136.09389908959974,137.73904445059875,17.570372909119428,21.804238458224585,8.51228560936185,9.996728401833236,0.5507053837230185,-1.899634005073523,0.08243801494489222,-0.04585079681943144,0.2823859751224518,3.081390851794246,0.07587941723209114,0.025096662649577176,0.15568181818181817,0.04035119318581346,0.060959778445721494,0.19187897984062782,0.32665837866323505,0.19305021429538502,8.066073824488099,1.2284759336531983,320.2856892373493,319.62400215327045,0.2644296664245657,2.2578342583572617,1.0,0.0,0.27,0.34629548650952463,1.108894,30.0,22.5,0.2,1.5,2.5,5.0,1.0,5.0,5.0,5.0,masking_sources,2.0,5.0,11.0,1.0,3.0,10.0,-0.5,0.5,0.2,5.0,0.5,10.0,0.0,0.0,10.0,Face-on,1740.0,13.2,131.3,0.0,3.0,0.03124,0.004819999914616346,6.5,0.0,3.0,50.0,3.7,6.5,18.0,0.0,0.0,0.0,0.0,530
