GAL,ra,dec,radvel,z,mag,r20,r50,r80,flux_c,flux_e,rpetro_c,rpetro_e,rhalf_c,rhalf_e,Gini,M20,F(G_M20),S(G_M20),SN_per_pixel,C,A,S,M,I,D,Ao,As,Ser_A,Ser_R,Ser_n,Ser_xc,Ser_yc,Ser_ellip,Ser_theta,flag_morph,flag_sersic,ima_sc_pix2arc,ima_sc_arc2kpc,psf_arcsec,size_image_phy_kpc,zp_ima,eta,petro_extent_cas,snr,area_min,debleding,area_min_deblend,skybox_x,skybox_y,sky_method,nsigma,npixels,dilate_size,mask_stars,fwhm,threshold,roundlo,roundhi,sharplo,aper_stars,aper_fact,aper_center,aper_ellip,aper_pa,dr,View,area_segmap_pix,area_psf_pix,ratio_segmap_psf,flag_area,flag_area_th,SN_gal,bck,ratio_SN_gal,flag_SN,flag_SN_th,perc_SN_flag,perc_20_SN_gal,perc_50_SN_gal,perc_80_SN_gal,flag_image,flag_bck,flag_object,flag_statmorph,index
895r,351.784057698499,-9.430079992538436,5000.0,0.0978,nan,2.446827443313507,4.897906621419211,9.164097955517164,92.49715707726513,92.50518114580929,11.414573708834354,14.419367980272202,5.242115053025952,6.75337846046958,0.5101576912438553,-1.789692161237725,-0.19446276060517276,-0.07071109608062698,0.40744754672050476,2.8674318994608186,0.019525867946615795,0.06834026845929385,0.0,0.0,0.02511672973485614,-0.0024920569138393092,0.30455524418952185,0.47831229476404635,5.169345971009076,1.3138562143099566,320.15192547742737,319.91764615162316,0.4960706322952321,2.917149041239419,0.0,0.0,0.27,0.34629548650952463,1.4802052,30.0,22.5,0.2,1.5,2.5,5.0,1.0,5.0,5.0,5.0,masking_sources,2.0,5.0,11.0,1.0,3.0,10.0,-0.5,0.5,0.2,5.0,0.5,10.0,0.0,0.0,10.0,Face-on,816.0,23.6,34.6,0.0,3.0,0.03709,0.003930000122636557,9.5,0.0,3.0,50.0,4.2,9.5,34.6,0.0,0.0,0.0,0.0,895
