GAL,ra,dec,radvel,z,mag,r20,r50,r80,flux_c,flux_e,rpetro_c,rpetro_e,rhalf_c,rhalf_e,Gini,M20,F(G_M20),S(G_M20),SN_per_pixel,C,A,S,M,I,D,Ao,As,Ser_A,Ser_R,Ser_n,Ser_xc,Ser_yc,Ser_ellip,Ser_theta,flag_morph,flag_sersic,ima_sc_pix2arc,ima_sc_arc2kpc,psf_arcsec,size_image_phy_kpc,zp_ima,eta,petro_extent_cas,snr,area_min,debleding,area_min_deblend,skybox_x,skybox_y,sky_method,nsigma,npixels,dilate_size,mask_stars,fwhm,threshold,roundlo,roundhi,sharplo,aper_stars,aper_fact,aper_center,aper_ellip,aper_pa,dr,View,area_segmap_pix,area_psf_pix,ratio_segmap_psf,flag_area,flag_area_th,SN_gal,bck,ratio_SN_gal,flag_SN,flag_SN_th,perc_SN_flag,perc_20_SN_gal,perc_50_SN_gal,perc_80_SN_gal,flag_image,flag_bck,flag_object,flag_statmorph,index
224r,147.06977842172412,12.44658119936004,5000.0,0.029,nan,8.836360209876924,17.492382762574376,28.2025482761852,97.31215546244506,96.06311155399852,38.36792560701511,49.49045110658909,17.343699216473535,23.234036020608492,0.4628633452909814,-1.5563272014858638,-0.5902916901799382,-0.08509476916846354,0.14635594189167023,2.5200746997352446,0.15016101498082848,0.08763350156147019,0.026458616010854818,0.322955376274698,0.01627678511452575,0.18390996661915082,0.1898423426508038,0.0502781186138403,18.12123856932407,0.4611862405169843,321.78432469855454,321.75164526036355,0.5247802299263462,0.5518744834230879,0.0,0.0,0.27,0.34629548650952463,1.3593496,30.0,22.5,0.2,1.5,2.5,5.0,1.0,5.0,5.0,5.0,masking_sources,2.0,5.0,11.0,1.0,3.0,10.0,-0.5,0.5,0.2,5.0,0.5,10.0,0.0,0.0,10.0,Edge-on,1980.0,19.9,99.5,0.0,3.0,0.03132,0.005849999841302633,5.4,0.0,3.0,50.0,3.6,5.4,9.2,0.0,0.0,0.0,0.0,224
