GAL,ra,dec,radvel,z,mag,r20,r50,r80,flux_c,flux_e,rpetro_c,rpetro_e,rhalf_c,rhalf_e,Gini,M20,F(G_M20),S(G_M20),SN_per_pixel,C,A,S,M,I,D,Ao,As,Ser_A,Ser_R,Ser_n,Ser_xc,Ser_yc,Ser_ellip,Ser_theta,flag_morph,flag_sersic,ima_sc_pix2arc,ima_sc_arc2kpc,psf_arcsec,size_image_phy_kpc,zp_ima,eta,petro_extent_cas,snr,area_min,debleding,area_min_deblend,skybox_x,skybox_y,sky_method,nsigma,npixels,dilate_size,mask_stars,fwhm,threshold,roundlo,roundhi,sharplo,aper_stars,aper_fact,aper_center,aper_ellip,aper_pa,dr,View,area_segmap_pix,area_psf_pix,ratio_segmap_psf,flag_area,flag_area_th,SN_gal,bck,ratio_SN_gal,flag_SN,flag_SN_th,perc_SN_flag,perc_20_SN_gal,perc_50_SN_gal,perc_80_SN_gal,flag_image,flag_bck,flag_object,flag_statmorph,index
985r,124.94145410415972,6.200286101827694,5000.0,0.0921,nan,4.245126592070125,8.987907654505056,16.975501018438006,173.57597137515754,172.5106410445065,21.77501587465053,29.74326409184447,9.248024457606663,14.371884966455923,0.4942326352303117,-1.8321836002084921,-0.24384522066547198,-0.0923832115509719,0.36121636629104614,3.0096597765952096,0.051688587349083416,0.01734129149699509,0.0037735849056603774,0.0,0.01372009654251724,0.03132816241387968,0.15067028348663572,0.32736689177115574,13.277455949053769,0.6892923363999787,319.78247776997904,320.09285103931177,0.7288342870796183,0.5531390883740742,0.0,0.0,0.27,0.34629548650952463,1.3668882,30.0,22.5,0.2,1.5,2.5,5.0,1.0,5.0,5.0,5.0,masking_sources,2.0,5.0,11.0,1.0,3.0,10.0,-0.5,0.5,0.2,5.0,0.5,10.0,0.0,0.0,10.0,Edge-on,1499.0,20.1,74.5,0.0,3.0,0.05105,0.004530000034719706,11.3,0.0,3.0,50.0,4.3,11.3,38.1,0.0,0.0,0.0,0.0,985
