GAL,ra,dec,radvel,z,mag,r20,r50,r80,flux_c,flux_e,rpetro_c,rpetro_e,rhalf_c,rhalf_e,Gini,M20,F(G_M20),S(G_M20),SN_per_pixel,C,A,S,M,I,D,Ao,As,Ser_A,Ser_R,Ser_n,Ser_xc,Ser_yc,Ser_ellip,Ser_theta,flag_morph,flag_sersic,ima_sc_pix2arc,ima_sc_arc2kpc,psf_arcsec,size_image_phy_kpc,zp_ima,eta,petro_extent_cas,snr,area_min,debleding,area_min_deblend,skybox_x,skybox_y,sky_method,nsigma,npixels,dilate_size,mask_stars,fwhm,threshold,roundlo,roundhi,sharplo,aper_stars,aper_fact,aper_center,aper_ellip,aper_pa,dr,View,area_segmap_pix,area_psf_pix,ratio_segmap_psf,flag_area,flag_area_th,SN_gal,bck,ratio_SN_gal,flag_SN,flag_SN_th,perc_SN_flag,perc_20_SN_gal,perc_50_SN_gal,perc_80_SN_gal,flag_image,flag_bck,flag_object,flag_statmorph,index
416r,179.395540010704,5.688830739505825,5000.0,0.0398,nan,6.01651538555838,11.330585618458905,17.577786879409356,98.91465865748594,99.11152850946397,21.38526448824479,23.13779595380849,11.543250795433144,12.910217039249448,0.39762600436093787,-1.6612687905425019,-0.8404920065674037,-0.16426661756807934,0.2333926260471344,2.3280958148540893,0.03987797768447522,-0.004164576353313553,0.013636363636363636,0.0,0.0373421737913927,0.06191089547086063,0.2823460650953676,0.09918050084231161,11.391942359889748,0.39210831947135927,319.1432974985174,320.36748679215157,0.22131580778387297,2.511602236651859,0.0,0.0,0.27,0.34629548650952463,1.213126,30.0,22.5,0.2,1.5,2.5,5.0,1.0,5.0,5.0,5.0,masking_sources,2.0,5.0,11.0,1.0,3.0,10.0,-0.5,0.5,0.2,5.0,0.5,10.0,0.0,0.0,10.0,Face-on,1325.0,15.9,83.6,0.0,3.0,0.05347,0.0052999998442828655,10.1,0.0,3.0,50.0,4.1,10.1,18.4,0.0,0.0,0.0,0.0,416
