GAL,ra,dec,radvel,z,mag,r20,r50,r80,flux_c,flux_e,rpetro_c,rpetro_e,rhalf_c,rhalf_e,Gini,M20,F(G_M20),S(G_M20),SN_per_pixel,C,A,S,M,I,D,Ao,As,Ser_A,Ser_R,Ser_n,Ser_xc,Ser_yc,Ser_ellip,Ser_theta,flag_morph,flag_sersic,ima_sc_pix2arc,ima_sc_arc2kpc,psf_arcsec,size_image_phy_kpc,zp_ima,eta,petro_extent_cas,snr,area_min,debleding,area_min_deblend,skybox_x,skybox_y,sky_method,nsigma,npixels,dilate_size,mask_stars,fwhm,threshold,roundlo,roundhi,sharplo,aper_stars,aper_fact,aper_center,aper_ellip,aper_pa,dr,View,area_segmap_pix,area_psf_pix,ratio_segmap_psf,flag_area,flag_area_th,SN_gal,bck,ratio_SN_gal,flag_SN,flag_SN_th,perc_SN_flag,perc_20_SN_gal,perc_50_SN_gal,perc_80_SN_gal,flag_image,flag_bck,flag_object,flag_statmorph,index
1181r,181.09773033826642,10.016820977718957,5000.0,0.0228,nan,11.35364141803397,24.223969878161178,38.539328276694945,134.1466767378987,132.99428979749152,47.81763895200384,52.59810265035708,23.14921210109751,25.162740956417924,0.45606277610866974,-1.1769417345491147,-0.8868686362195479,-0.03909275275474389,0.12050000578165054,2.653844835197059,-0.12607829113308996,-0.05699864634021551,0.03388822829964328,0.065358167838749,0.015827116575477116,-0.16952978101816077,0.19512588317492338,0.027334119275689555,19.931767149319274,0.6558526669762973,320.7338307441663,319.694480886906,0.15335822760379192,2.471259061428006,1.0,0.0,0.27,0.34629548650952463,1.1427997,30.0,22.5,0.2,1.5,2.5,5.0,1.0,5.0,5.0,5.0,masking_sources,2.0,5.0,11.0,1.0,3.0,10.0,-0.5,0.5,0.2,5.0,0.5,10.0,0.0,0.0,10.0,Face-on,3132.0,14.1,222.6,0.0,3.0,0.02301,0.0050200000405311584,4.6,0.0,3.0,50.0,3.3,4.6,7.1,0.0,0.0,0.0,0.0,1181
