GAL,ra,dec,radvel,z,mag,r20,r50,r80,flux_c,flux_e,rpetro_c,rpetro_e,rhalf_c,rhalf_e,Gini,M20,F(G_M20),S(G_M20),SN_per_pixel,C,A,S,M,I,D,Ao,As,Ser_A,Ser_R,Ser_n,Ser_xc,Ser_yc,Ser_ellip,Ser_theta,flag_morph,flag_sersic,ima_sc_pix2arc,ima_sc_arc2kpc,psf_arcsec,size_image_phy_kpc,zp_ima,eta,petro_extent_cas,snr,area_min,debleding,area_min_deblend,skybox_x,skybox_y,sky_method,nsigma,npixels,dilate_size,mask_stars,fwhm,threshold,roundlo,roundhi,sharplo,aper_stars,aper_fact,aper_center,aper_ellip,aper_pa,dr,View,area_segmap_pix,area_psf_pix,ratio_segmap_psf,flag_area,flag_area_th,SN_gal,bck,ratio_SN_gal,flag_SN,flag_SN_th,perc_SN_flag,perc_20_SN_gal,perc_50_SN_gal,perc_80_SN_gal,flag_image,flag_bck,flag_object,flag_statmorph,index
181r,207.8952859235281,2.554143215414682,5000.0,0.0424,nan,3.632347960135397,7.18758401446915,12.102579263739562,86.48681003782738,86.08495831521017,15.54817877267073,19.24939359720089,7.300252293344078,9.973621781362459,0.4462973493335433,-1.491503781628841,-0.7172160001301737,-0.09248464980620108,0.35993221402168274,2.6134524532646815,0.055019598800331505,0.007237875235842935,0.0,0.0,0.07309336102468822,0.07916334319514239,0.2369963839585702,0.3093242747488133,9.58682571471515,0.5031205654591578,319.9464994947186,319.93852552911807,0.6909360840454499,3.1276101935199065,0.0,0.0,0.27,0.34629548650952463,1.3255465,30.0,22.5,0.2,1.5,2.5,5.0,1.0,5.0,5.0,5.0,masking_sources,2.0,5.0,11.0,1.0,3.0,10.0,-0.5,0.5,0.2,5.0,0.5,10.0,0.0,0.0,10.0,Edge-on,734.0,18.9,38.8,0.0,3.0,0.05557,0.005009999964386225,11.1,0.0,3.0,50.0,4.5,11.1,38.2,0.0,0.0,0.0,0.0,181
