GAL,ra,dec,radvel,z,mag,r20,r50,r80,flux_c,flux_e,rpetro_c,rpetro_e,rhalf_c,rhalf_e,Gini,M20,F(G_M20),S(G_M20),SN_per_pixel,C,A,S,M,I,D,Ao,As,Ser_A,Ser_R,Ser_n,Ser_xc,Ser_yc,Ser_ellip,Ser_theta,flag_morph,flag_sersic,ima_sc_pix2arc,ima_sc_arc2kpc,psf_arcsec,size_image_phy_kpc,zp_ima,eta,petro_extent_cas,snr,area_min,debleding,area_min_deblend,skybox_x,skybox_y,sky_method,nsigma,npixels,dilate_size,mask_stars,fwhm,threshold,roundlo,roundhi,sharplo,aper_stars,aper_fact,aper_center,aper_ellip,aper_pa,dr,View,area_segmap_pix,area_psf_pix,ratio_segmap_psf,flag_area,flag_area_th,SN_gal,bck,ratio_SN_gal,flag_SN,flag_SN_th,perc_SN_flag,perc_20_SN_gal,perc_50_SN_gal,perc_80_SN_gal,flag_image,flag_bck,flag_object,flag_statmorph,index
442r,165.14246063418403,9.224812513072798,5000.0,0.0375,nan,2.5335323043724394,5.714481082059452,11.431656402875593,157.35026292391083,157.29508102173307,14.607745184565577,15.223869911578415,5.956849762329101,6.223169999553189,0.549902480106888,-1.9467997405020474,0.11114949669701435,-0.053201708623965505,0.39505240321159363,3.2719135815852556,-0.003954587496506891,-0.003055714048074632,0.0032258064516129032,0.0,0.010209078979289996,-0.0389487165234929,0.16711296156520375,0.4233796206212304,5.227579796781488,1.4131288509087074,319.9979576395846,319.9222276371232,0.10168602478467945,2.985195731168194,0.0,0.0,0.27,0.34629548650952463,1.1433147,30.0,22.5,0.2,1.5,2.5,5.0,1.0,5.0,5.0,5.0,masking_sources,2.0,5.0,11.0,1.0,3.0,10.0,-0.5,0.5,0.2,5.0,0.5,10.0,0.0,0.0,10.0,Face-on,1218.0,14.1,86.5,0.0,3.0,0.04748,0.005179999861866236,9.2,0.0,3.0,50.0,4.1,9.2,26.9,0.0,0.0,0.0,0.0,442
