GAL,ra,dec,radvel,z,mag,r20,r50,r80,flux_c,flux_e,rpetro_c,rpetro_e,rhalf_c,rhalf_e,Gini,M20,F(G_M20),S(G_M20),SN_per_pixel,C,A,S,M,I,D,Ao,As,Ser_A,Ser_R,Ser_n,Ser_xc,Ser_yc,Ser_ellip,Ser_theta,flag_morph,flag_sersic,ima_sc_pix2arc,ima_sc_arc2kpc,psf_arcsec,size_image_phy_kpc,zp_ima,eta,petro_extent_cas,snr,area_min,debleding,area_min_deblend,skybox_x,skybox_y,sky_method,nsigma,npixels,dilate_size,mask_stars,fwhm,threshold,roundlo,roundhi,sharplo,aper_stars,aper_fact,aper_center,aper_ellip,aper_pa,dr,View,area_segmap_pix,area_psf_pix,ratio_segmap_psf,flag_area,flag_area_th,SN_gal,bck,ratio_SN_gal,flag_SN,flag_SN_th,perc_SN_flag,perc_20_SN_gal,perc_50_SN_gal,perc_80_SN_gal,flag_image,flag_bck,flag_object,flag_statmorph,index
592r,356.43311422967093,16.09819470731625,5000.0,0.0743,nan,5.242133701537214,10.852043718855697,18.08626889022297,115.3709900523279,116.9269459455894,22.069554237320375,34.85115275320866,11.547621568181182,15.069158109562382,0.5329101060826227,-1.688358558049289,-0.15206249416286033,-0.034100834547054704,0.199201300740242,2.689204448702953,0.2004636659678387,0.0090128271957644,0.09371554575523705,0.1140008488912689,0.14052993969094912,0.40915522773118934,0.3737145419859174,0.11168312253428832,12.158588900734369,0.6365393292808406,321.17212701119263,320.1972044761882,0.38548638949339176,0.13979895192158506,0.0,0.0,0.27,0.34629548650952463,1.362091,30.0,22.5,0.2,1.5,2.5,5.0,1.0,5.0,5.0,5.0,masking_sources,2.0,5.0,11.0,1.0,3.0,10.0,-0.5,0.5,0.2,5.0,0.5,10.0,0.0,0.0,10.0,Face-on,2323.0,20.0,116.2,0.0,3.0,0.02704,0.0018599999602884054,14.5,0.0,3.0,50.0,4.9,14.5,40.3,0.0,0.0,0.0,0.0,592
