GAL,ra,dec,radvel,z,mag,r20,r50,r80,flux_c,flux_e,rpetro_c,rpetro_e,rhalf_c,rhalf_e,Gini,M20,F(G_M20),S(G_M20),SN_per_pixel,C,A,S,M,I,D,Ao,As,Ser_A,Ser_R,Ser_n,Ser_xc,Ser_yc,Ser_ellip,Ser_theta,flag_morph,flag_sersic,ima_sc_pix2arc,ima_sc_arc2kpc,psf_arcsec,size_image_phy_kpc,zp_ima,eta,petro_extent_cas,snr,area_min,debleding,area_min_deblend,skybox_x,skybox_y,sky_method,nsigma,npixels,dilate_size,mask_stars,fwhm,threshold,roundlo,roundhi,sharplo,aper_stars,aper_fact,aper_center,aper_ellip,aper_pa,dr,View,area_segmap_pix,area_psf_pix,ratio_segmap_psf,flag_area,flag_area_th,SN_gal,bck,ratio_SN_gal,flag_SN,flag_SN_th,perc_SN_flag,perc_20_SN_gal,perc_50_SN_gal,perc_80_SN_gal,flag_image,flag_bck,flag_object,flag_statmorph,index
644r,216.21088397809385,-0.13999744097968586,5000.0,0.1035,nan,4.217694802446902,8.432589224535096,14.870887785247838,80.48958883602182,80.48597721321451,18.91397564373782,19.78320464507406,8.667517911501673,9.092330700767485,0.49819646987159794,-1.7153310109867257,-0.30520308352178915,-0.07221650535427299,0.22700729966163635,2.7363087300928863,0.13584023961550912,0.0250745078331149,0.004618937644341801,0.0,0.055407275770164376,0.19711707062385883,0.2817135657612448,0.11752817910639453,8.063359419506682,0.8332860348158394,319.92553230430815,320.5278269373375,0.14403809798232595,1.5582629081769188,0.0,0.0,0.27,0.34629548650952463,1.2940224,30.0,22.5,0.2,1.5,2.5,5.0,1.0,5.0,5.0,5.0,masking_sources,2.0,5.0,11.0,1.0,3.0,10.0,-0.5,0.5,0.2,5.0,0.5,10.0,0.0,0.0,10.0,Face-on,1677.0,18.0,93.0,0.0,3.0,0.0201,0.0019099999917671084,10.5,0.0,3.0,50.0,4.7,10.5,33.9,0.0,0.0,0.0,0.0,644
