GAL,ra,dec,radvel,z,mag,r20,r50,r80,flux_c,flux_e,rpetro_c,rpetro_e,rhalf_c,rhalf_e,Gini,M20,F(G_M20),S(G_M20),SN_per_pixel,C,A,S,M,I,D,Ao,As,Ser_A,Ser_R,Ser_n,Ser_xc,Ser_yc,Ser_ellip,Ser_theta,flag_morph,flag_sersic,ima_sc_pix2arc,ima_sc_arc2kpc,psf_arcsec,size_image_phy_kpc,zp_ima,eta,petro_extent_cas,snr,area_min,debleding,area_min_deblend,skybox_x,skybox_y,sky_method,nsigma,npixels,dilate_size,mask_stars,fwhm,threshold,roundlo,roundhi,sharplo,aper_stars,aper_fact,aper_center,aper_ellip,aper_pa,dr,View,area_segmap_pix,area_psf_pix,ratio_segmap_psf,flag_area,flag_area_th,SN_gal,bck,ratio_SN_gal,flag_SN,flag_SN_th,perc_SN_flag,perc_20_SN_gal,perc_50_SN_gal,perc_80_SN_gal,flag_image,flag_bck,flag_object,flag_statmorph,index
619r,346.31181175788197,0.8148376146715294,5000.0,0.0691,nan,3.94557484573131,7.671136309087454,13.368923825168716,88.89603686830623,88.83473274118775,16.96248406614154,18.311973181737653,7.944553816138775,8.628177545375454,0.49978269053561125,-1.7083727505519213,-0.30217336571624287,-0.0696789486964619,0.2651248574256897,2.649930812829804,0.05674158936220369,0.04073747138715026,0.002663115845539281,0.0,0.007343527693326451,0.10964886585544355,0.1944172142652933,0.1493128962128937,7.941100103826253,0.8481452509108306,320.12273582720434,320.15535562046455,0.20817643855736223,1.733211527929772,0.0,0.0,0.27,0.34629548650952463,1.160383,30.0,22.5,0.2,1.5,2.5,5.0,1.0,5.0,5.0,5.0,masking_sources,2.0,5.0,11.0,1.0,3.0,10.0,-0.5,0.5,0.2,5.0,0.5,10.0,0.0,0.0,10.0,Face-on,1521.0,14.5,104.8,0.0,3.0,0.02099,0.0021899999119341373,9.6,0.0,3.0,50.0,4.8,9.6,36.1,0.0,0.0,0.0,0.0,619
