GAL,ra,dec,radvel,z,mag,r20,r50,r80,flux_c,flux_e,rpetro_c,rpetro_e,rhalf_c,rhalf_e,Gini,M20,F(G_M20),S(G_M20),SN_per_pixel,C,A,S,M,I,D,Ao,As,Ser_A,Ser_R,Ser_n,Ser_xc,Ser_yc,Ser_ellip,Ser_theta,flag_morph,flag_sersic,ima_sc_pix2arc,ima_sc_arc2kpc,psf_arcsec,size_image_phy_kpc,zp_ima,eta,petro_extent_cas,snr,area_min,debleding,area_min_deblend,skybox_x,skybox_y,sky_method,nsigma,npixels,dilate_size,mask_stars,fwhm,threshold,roundlo,roundhi,sharplo,aper_stars,aper_fact,aper_center,aper_ellip,aper_pa,dr,View,area_segmap_pix,area_psf_pix,ratio_segmap_psf,flag_area,flag_area_th,SN_gal,bck,ratio_SN_gal,flag_SN,flag_SN_th,perc_SN_flag,perc_20_SN_gal,perc_50_SN_gal,perc_80_SN_gal,flag_image,flag_bck,flag_object,flag_statmorph,index
1159r,171.63178389211052,-3.2710214875148726,5000.0,0.0802,nan,6.478649114599172,12.753927334793016,20.365246658593115,81.45779650267633,81.4588893189058,26.383543770960625,32.4288753031724,12.668434143210327,15.499621121910367,0.44891490450802984,-1.716608315824687,-0.5482616598187442,-0.12118280043668198,0.17135587334632874,2.487026077206649,-0.05560779301109484,0.011423354365050419,0.006394884092725819,0.010017914303113783,0.05687955060438711,-0.10229312730219828,0.1757518844734873,0.06409610506495475,13.816084337916832,0.47781853477413977,319.7577086575407,320.45798339060946,0.37923630782716145,1.5522187422172042,1.0,0.0,0.27,0.34629548650952463,1.4973022,30.0,22.5,0.2,1.5,2.5,5.0,1.0,5.0,5.0,5.0,masking_sources,2.0,5.0,11.0,1.0,3.0,10.0,-0.5,0.5,0.2,5.0,0.5,10.0,0.0,0.0,10.0,Face-on,1569.0,24.2,65.0,0.0,3.0,0.03323,0.005210000090301037,6.4,0.0,3.0,50.0,3.7,6.4,12.2,0.0,0.0,0.0,0.0,1159
