GAL,ra,dec,radvel,z,mag,r20,r50,r80,flux_c,flux_e,rpetro_c,rpetro_e,rhalf_c,rhalf_e,Gini,M20,F(G_M20),S(G_M20),SN_per_pixel,C,A,S,M,I,D,Ao,As,Ser_A,Ser_R,Ser_n,Ser_xc,Ser_yc,Ser_ellip,Ser_theta,flag_morph,flag_sersic,ima_sc_pix2arc,ima_sc_arc2kpc,psf_arcsec,size_image_phy_kpc,zp_ima,eta,petro_extent_cas,snr,area_min,debleding,area_min_deblend,skybox_x,skybox_y,sky_method,nsigma,npixels,dilate_size,mask_stars,fwhm,threshold,roundlo,roundhi,sharplo,aper_stars,aper_fact,aper_center,aper_ellip,aper_pa,dr,View,area_segmap_pix,area_psf_pix,ratio_segmap_psf,flag_area,flag_area_th,SN_gal,bck,ratio_SN_gal,flag_SN,flag_SN_th,perc_SN_flag,perc_20_SN_gal,perc_50_SN_gal,perc_80_SN_gal,flag_image,flag_bck,flag_object,flag_statmorph,index
822r,187.2495193834698,-2.965162588172076,5000.0,0.0784,nan,7.542734834826497,15.353893402114696,25.679305478343103,137.24920862026516,137.33089609719786,34.01277899328124,40.0150840616107,15.355325015786578,18.94829202743855,0.46716481369422536,-1.8163421399340525,-0.3888090692392865,-0.11697839189355025,0.17716050148010254,2.660272166492574,0.06553541905480895,-0.023250960169247197,0.015456989247311828,0.025624859403210937,0.02775976114120332,0.06048646755472969,0.1803323595198127,0.06717007502385,16.155376635220126,0.5889148425605486,320.4494578493635,319.1884376987045,0.3213213101360485,0.3762090907117418,0.0,0.0,0.27,0.34629548650952463,1.570069,30.0,22.5,0.2,1.5,2.5,5.0,1.0,5.0,5.0,5.0,masking_sources,2.0,5.0,11.0,1.0,3.0,10.0,-0.5,0.5,0.2,5.0,0.5,10.0,0.0,0.0,10.0,Face-on,2497.0,26.6,94.0,0.0,3.0,0.03522,0.005160000175237656,6.8,0.0,3.0,50.0,4.1,6.8,13.0,0.0,0.0,0.0,0.0,822
