GAL,ra,dec,radvel,z,mag,r20,r50,r80,flux_c,flux_e,rpetro_c,rpetro_e,rhalf_c,rhalf_e,Gini,M20,F(G_M20),S(G_M20),SN_per_pixel,C,A,S,M,I,D,Ao,As,Ser_A,Ser_R,Ser_n,Ser_xc,Ser_yc,Ser_ellip,Ser_theta,flag_morph,flag_sersic,ima_sc_pix2arc,ima_sc_arc2kpc,psf_arcsec,size_image_phy_kpc,zp_ima,eta,petro_extent_cas,snr,area_min,debleding,area_min_deblend,skybox_x,skybox_y,sky_method,nsigma,npixels,dilate_size,mask_stars,fwhm,threshold,roundlo,roundhi,sharplo,aper_stars,aper_fact,aper_center,aper_ellip,aper_pa,dr,View,area_segmap_pix,area_psf_pix,ratio_segmap_psf,flag_area,flag_area_th,SN_gal,bck,ratio_SN_gal,flag_SN,flag_SN_th,perc_SN_flag,perc_20_SN_gal,perc_50_SN_gal,perc_80_SN_gal,flag_image,flag_bck,flag_object,flag_statmorph,index
217r,181.8732837947317,8.241413730901357,5000.0,0.029,nan,8.22660734671202,19.81155819588931,39.65047887598268,181.75141330414394,175.8009183003271,54.87942246328341,67.64530169083551,19.77896406119737,33.64100405040996,0.5877029516953497,-1.6273581051464174,0.07688877775844816,0.028623145563044183,0.19859540462493896,3.4151383389041507,0.06737939593783754,0.14283752839135683,0.05010438413361169,0.12445987504570803,0.14577066609150469,0.09497435928824073,0.1724819278070649,0.12711340111875288,30.73934273710119,0.5126922292402426,321.0060654027395,317.16989211412346,0.8590400530923881,2.1751903083334576,0.0,0.0,0.27,0.34629548650952463,1.3252012,30.0,22.5,0.2,1.5,2.5,5.0,1.0,5.0,5.0,5.0,masking_sources,2.0,5.0,11.0,1.0,3.0,10.0,-0.5,0.5,0.2,5.0,0.5,10.0,0.0,0.0,10.0,Edge-on,2612.0,18.9,138.1,0.0,3.0,0.03807,0.004509999882429838,8.4,0.0,3.0,50.0,4.0,8.4,21.8,0.0,0.0,0.0,0.0,217
