GAL,ra,dec,radvel,z,mag,r20,r50,r80,flux_c,flux_e,rpetro_c,rpetro_e,rhalf_c,rhalf_e,Gini,M20,F(G_M20),S(G_M20),SN_per_pixel,C,A,S,M,I,D,Ao,As,Ser_A,Ser_R,Ser_n,Ser_xc,Ser_yc,Ser_ellip,Ser_theta,flag_morph,flag_sersic,ima_sc_pix2arc,ima_sc_arc2kpc,psf_arcsec,size_image_phy_kpc,zp_ima,eta,petro_extent_cas,snr,area_min,debleding,area_min_deblend,skybox_x,skybox_y,sky_method,nsigma,npixels,dilate_size,mask_stars,fwhm,threshold,roundlo,roundhi,sharplo,aper_stars,aper_fact,aper_center,aper_ellip,aper_pa,dr,View,area_segmap_pix,area_psf_pix,ratio_segmap_psf,flag_area,flag_area_th,SN_gal,bck,ratio_SN_gal,flag_SN,flag_SN_th,perc_SN_flag,perc_20_SN_gal,perc_50_SN_gal,perc_80_SN_gal,flag_image,flag_bck,flag_object,flag_statmorph,index
750r,189.7343396134914,-3.1025087542148126,5000.0,0.0654,nan,3.4615315969141927,7.183178837357366,13.726533532497356,125.7574429580236,125.74781322500843,16.93070349484333,20.416242159841282,8.059351380459463,9.799833583071187,0.5267924302914198,-1.8344207058898518,-0.08112392087580478,-0.06045997213018389,0.3121662735939026,2.991462875659005,0.007941933378019116,0.03674876853844031,0.0,0.0,0.009646955959444535,0.015780213744062063,0.3064525858726413,0.20898871752587245,8.323410925207831,1.4449685369126128,320.0323193413884,320.11703713564026,0.40952357193346356,2.2573228559791674,0.0,0.0,0.27,0.34629548650952463,1.4970232,30.0,22.5,0.2,1.5,2.5,5.0,1.0,5.0,5.0,5.0,masking_sources,2.0,5.0,11.0,1.0,3.0,10.0,-0.5,0.5,0.2,5.0,0.5,10.0,0.0,0.0,10.0,Face-on,1953.0,24.1,80.9,0.0,3.0,0.02044,0.0028299998957663774,7.2,0.0,3.0,50.0,3.9,7.2,24.3,0.0,0.0,0.0,0.0,750
