GAL,ra,dec,radvel,z,mag,r20,r50,r80,flux_c,flux_e,rpetro_c,rpetro_e,rhalf_c,rhalf_e,Gini,M20,F(G_M20),S(G_M20),SN_per_pixel,C,A,S,M,I,D,Ao,As,Ser_A,Ser_R,Ser_n,Ser_xc,Ser_yc,Ser_ellip,Ser_theta,flag_morph,flag_sersic,ima_sc_pix2arc,ima_sc_arc2kpc,psf_arcsec,size_image_phy_kpc,zp_ima,eta,petro_extent_cas,snr,area_min,debleding,area_min_deblend,skybox_x,skybox_y,sky_method,nsigma,npixels,dilate_size,mask_stars,fwhm,threshold,roundlo,roundhi,sharplo,aper_stars,aper_fact,aper_center,aper_ellip,aper_pa,dr,View,area_segmap_pix,area_psf_pix,ratio_segmap_psf,flag_area,flag_area_th,SN_gal,bck,ratio_SN_gal,flag_SN,flag_SN_th,perc_SN_flag,perc_20_SN_gal,perc_50_SN_gal,perc_80_SN_gal,flag_image,flag_bck,flag_object,flag_statmorph,index
764r,216.19628731497698,3.94686882414568,5000.0,0.0772,nan,4.0152553458629745,8.958776779533153,16.401229836314496,275.7220977276595,277.17194877753093,20.01736242195865,21.989404311693686,10.221493016529074,11.181568364539448,0.5180597325265447,-1.836094651620242,-0.12319073042077555,-0.06933802137393441,0.3835359215736389,3.055816227964163,0.12437047611867588,0.0010099578961665677,0.0029702970297029703,0.0,0.052332980004919365,0.24176851135782104,0.6201715250531906,0.31565622415471245,8.9385176017262,1.1124634782123004,320.8865992339763,320.3431086444924,0.2289690735358899,0.18826336363716809,0.0,0.0,0.27,0.34629548650952463,1.3578584,30.0,22.5,0.2,1.5,2.5,5.0,1.0,5.0,5.0,5.0,masking_sources,2.0,5.0,11.0,1.0,3.0,10.0,-0.5,0.5,0.2,5.0,0.5,10.0,0.0,0.0,10.0,Face-on,3200.0,19.9,161.1,0.0,3.0,0.02593,0.004139999859035015,6.3,0.0,3.0,50.0,3.7,6.3,23.8,0.0,0.0,0.0,0.0,764
