GAL,ra,dec,radvel,z,mag,r20,r50,r80,flux_c,flux_e,rpetro_c,rpetro_e,rhalf_c,rhalf_e,Gini,M20,F(G_M20),S(G_M20),SN_per_pixel,C,A,S,M,I,D,Ao,As,Ser_A,Ser_R,Ser_n,Ser_xc,Ser_yc,Ser_ellip,Ser_theta,flag_morph,flag_sersic,ima_sc_pix2arc,ima_sc_arc2kpc,psf_arcsec,size_image_phy_kpc,zp_ima,eta,petro_extent_cas,snr,area_min,debleding,area_min_deblend,skybox_x,skybox_y,sky_method,nsigma,npixels,dilate_size,mask_stars,fwhm,threshold,roundlo,roundhi,sharplo,aper_stars,aper_fact,aper_center,aper_ellip,aper_pa,dr,View,area_segmap_pix,area_psf_pix,ratio_segmap_psf,flag_area,flag_area_th,SN_gal,bck,ratio_SN_gal,flag_SN,flag_SN_th,perc_SN_flag,perc_20_SN_gal,perc_50_SN_gal,perc_80_SN_gal,flag_image,flag_bck,flag_object,flag_statmorph,index
500r,141.46005250106117,1.0485418844863716,5000.0,0.0564,nan,5.4201812876371065,11.475610139624543,21.462787577011213,121.36474230366743,120.87062299103697,28.39292304325931,35.843818733186424,11.492101035245973,16.51350757585202,0.5235563181877545,-1.7672053637342104,-0.1437229079028075,-0.054320790553178344,0.2297564446926117,2.9883615736303275,0.04388660240000021,-0.037750341033678955,0.002158273381294964,0.0,0.08378543879146044,0.05128759368837522,0.11526322891469162,0.12294965027697138,14.94326967780286,0.5974433883987748,320.6741796078552,319.1514731571764,0.5443001999904485,2.118644729314547,0.0,0.0,0.27,0.34629548650952463,1.50185,30.0,22.5,0.2,1.5,2.5,5.0,1.0,5.0,5.0,5.0,masking_sources,2.0,5.0,11.0,1.0,3.0,10.0,-0.5,0.5,0.2,5.0,0.5,10.0,0.0,0.0,10.0,Edge-on,2201.0,24.3,90.6,0.0,3.0,0.0294,0.00203000009059906,14.5,0.0,3.0,50.0,5.5,14.5,38.6,0.0,0.0,0.0,0.0,500
