GAL,ra,dec,radvel,z,mag,r20,r50,r80,flux_c,flux_e,rpetro_c,rpetro_e,rhalf_c,rhalf_e,Gini,M20,F(G_M20),S(G_M20),SN_per_pixel,C,A,S,M,I,D,Ao,As,Ser_A,Ser_R,Ser_n,Ser_xc,Ser_yc,Ser_ellip,Ser_theta,flag_morph,flag_sersic,ima_sc_pix2arc,ima_sc_arc2kpc,psf_arcsec,size_image_phy_kpc,zp_ima,eta,petro_extent_cas,snr,area_min,debleding,area_min_deblend,skybox_x,skybox_y,sky_method,nsigma,npixels,dilate_size,mask_stars,fwhm,threshold,roundlo,roundhi,sharplo,aper_stars,aper_fact,aper_center,aper_ellip,aper_pa,dr,View,area_segmap_pix,area_psf_pix,ratio_segmap_psf,flag_area,flag_area_th,SN_gal,bck,ratio_SN_gal,flag_SN,flag_SN_th,perc_SN_flag,perc_20_SN_gal,perc_50_SN_gal,perc_80_SN_gal,flag_image,flag_bck,flag_object,flag_statmorph,index
583r,10.32708983486682,-9.077398481252064,5000.0,0.0598,nan,3.075505063899117,6.706896848581638,12.39159746370383,79.83163234067888,79.66915146543995,15.470553160228045,17.42141158910243,7.334769469004513,8.404014361278161,0.5123326164192668,-1.8963057719572887,-0.10981364875822841,-0.08337721204698906,0.27488812804222107,3.0260542532645496,0.008840319011968462,-0.0003490998819474282,0.0,0.0,0.015613879488940741,0.015385575531783642,0.21138789069806377,0.13786261579265002,7.639974477286903,1.3969934594952074,319.9051645470477,320.163423304849,0.29047523244239165,2.431720211894131,0.0,0.0,0.27,0.34629548650952463,1.1529224,30.0,22.5,0.2,1.5,2.5,5.0,1.0,5.0,5.0,5.0,masking_sources,2.0,5.0,11.0,1.0,3.0,10.0,-0.5,0.5,0.2,5.0,0.5,10.0,0.0,0.0,10.0,Face-on,2225.0,14.3,155.4,0.0,3.0,0.00936,0.0010499999625608325,8.9,0.0,3.0,50.0,4.3,8.9,36.3,0.0,0.0,0.0,0.0,583
