GAL,ra,dec,radvel,z,mag,r20,r50,r80,flux_c,flux_e,rpetro_c,rpetro_e,rhalf_c,rhalf_e,Gini,M20,F(G_M20),S(G_M20),SN_per_pixel,C,A,S,M,I,D,Ao,As,Ser_A,Ser_R,Ser_n,Ser_xc,Ser_yc,Ser_ellip,Ser_theta,flag_morph,flag_sersic,ima_sc_pix2arc,ima_sc_arc2kpc,psf_arcsec,size_image_phy_kpc,zp_ima,eta,petro_extent_cas,snr,area_min,debleding,area_min_deblend,skybox_x,skybox_y,sky_method,nsigma,npixels,dilate_size,mask_stars,fwhm,threshold,roundlo,roundhi,sharplo,aper_stars,aper_fact,aper_center,aper_ellip,aper_pa,dr,View,area_segmap_pix,area_psf_pix,ratio_segmap_psf,flag_area,flag_area_th,SN_gal,bck,ratio_SN_gal,flag_SN,flag_SN_th,perc_SN_flag,perc_20_SN_gal,perc_50_SN_gal,perc_80_SN_gal,flag_image,flag_bck,flag_object,flag_statmorph,index
273r,141.69915721873056,7.115949492800412,5000.0,0.0576,nan,2.530200205989399,4.91405953756577,8.559843733386183,72.13241892435181,71.96049302909306,10.943841282666822,11.92649278987712,5.0973736511177234,5.648158404990807,0.4867729353626867,-1.7401792128507312,-0.3445297754491441,-0.0869797045771919,0.3806859850883484,2.6465547480505265,0.07077304764690286,0.06360905505507748,0.0,0.0,0.007866071823769576,0.1569884552110823,0.32597486204764664,0.424940984802247,4.575659493254875,0.9997543788619994,320.0603220216015,320.1930373390871,0.37041386900149237,1.323616472769245,0.0,0.0,0.27,0.34629548650952463,1.4756091,30.0,22.5,0.2,1.5,2.5,5.0,1.0,5.0,5.0,5.0,masking_sources,2.0,5.0,11.0,1.0,3.0,10.0,-0.5,0.5,0.2,5.0,0.5,10.0,0.0,0.0,10.0,Face-on,624.0,23.5,26.6,0.0,3.0,0.04394,0.004569999873638153,9.6,0.0,3.0,50.0,4.3,9.6,34.8,0.0,0.0,0.0,0.0,273
