GAL,ra,dec,radvel,z,mag,r20,r50,r80,flux_c,flux_e,rpetro_c,rpetro_e,rhalf_c,rhalf_e,Gini,M20,F(G_M20),S(G_M20),SN_per_pixel,C,A,S,M,I,D,Ao,As,Ser_A,Ser_R,Ser_n,Ser_xc,Ser_yc,Ser_ellip,Ser_theta,flag_morph,flag_sersic,ima_sc_pix2arc,ima_sc_arc2kpc,psf_arcsec,size_image_phy_kpc,zp_ima,eta,petro_extent_cas,snr,area_min,debleding,area_min_deblend,skybox_x,skybox_y,sky_method,nsigma,npixels,dilate_size,mask_stars,fwhm,threshold,roundlo,roundhi,sharplo,aper_stars,aper_fact,aper_center,aper_ellip,aper_pa,dr,View,area_segmap_pix,area_psf_pix,ratio_segmap_psf,flag_area,flag_area_th,SN_gal,bck,ratio_SN_gal,flag_SN,flag_SN_th,perc_SN_flag,perc_20_SN_gal,perc_50_SN_gal,perc_80_SN_gal,flag_image,flag_bck,flag_object,flag_statmorph,index
1098r,156.74724636420635,4.648753029621648,5000.0,0.143,nan,4.39671152138155,8.104645993113353,12.839963362493686,83.3320042783271,90.29369976283557,15.955361574575376,34.45667787657073,9.148977029124351,14.267594188608658,0.571122797616127,-1.5220293037030415,-0.07817584433396352,0.02684949642524298,0.20673486590385437,2.3271790652579867,0.039587154744804655,0.005189601964288924,0.11684370257966616,0.0739266742373623,0.09254846971091017,0.2636536008247605,0.607423815863563,0.15312274624639213,8.780773142882968,0.507026174694649,319.8399048157707,320.08828668670606,0.3507323818113105,2.3582597784979935,0.0,0.0,0.27,0.34629548650952463,1.2249371,30.0,22.5,0.2,1.5,2.5,5.0,1.0,5.0,5.0,5.0,masking_sources,2.0,5.0,11.0,1.0,3.0,10.0,-0.5,0.5,0.2,5.0,0.5,10.0,0.0,0.0,10.0,Face-on,1154.0,16.2,71.4,0.0,3.0,0.04325,0.006039999891072512,7.2,0.0,3.0,50.0,3.8,7.2,18.5,0.0,0.0,0.0,0.0,1098
