GAL,ra,dec,radvel,z,mag,r20,r50,r80,flux_c,flux_e,rpetro_c,rpetro_e,rhalf_c,rhalf_e,Gini,M20,F(G_M20),S(G_M20),SN_per_pixel,C,A,S,M,I,D,Ao,As,Ser_A,Ser_R,Ser_n,Ser_xc,Ser_yc,Ser_ellip,Ser_theta,flag_morph,flag_sersic,ima_sc_pix2arc,ima_sc_arc2kpc,psf_arcsec,size_image_phy_kpc,zp_ima,eta,petro_extent_cas,snr,area_min,debleding,area_min_deblend,skybox_x,skybox_y,sky_method,nsigma,npixels,dilate_size,mask_stars,fwhm,threshold,roundlo,roundhi,sharplo,aper_stars,aper_fact,aper_center,aper_ellip,aper_pa,dr,View,area_segmap_pix,area_psf_pix,ratio_segmap_psf,flag_area,flag_area_th,SN_gal,bck,ratio_SN_gal,flag_SN,flag_SN_th,perc_SN_flag,perc_20_SN_gal,perc_50_SN_gal,perc_80_SN_gal,flag_image,flag_bck,flag_object,flag_statmorph,index
338r,54.21523602141306,-0.6825544659352166,5000.0,0.0307,nan,4.7606380549109515,9.5069835853441,17.92639875428574,191.66499574928787,191.42435349955332,23.67402029535973,25.203980879388418,9.621899304474757,10.369767931340531,0.5388947250920866,-1.7825488583978397,-0.05716475192446824,-0.04126851347613408,0.27865713834762573,2.8791394437015425,0.17058643801935217,0.0006101803079343658,0.03481392557022809,0.027342984978502925,0.03413753110052912,0.21459636009420657,0.23096075434484975,0.20383405191927514,9.178769404311764,0.9166331458471431,320.71679696055617,319.74021419310253,0.1239541375243813,2.1666164723756935,0.0,0.0,0.27,0.34629548650952463,1.3024609,30.0,22.5,0.2,1.5,2.5,5.0,1.0,5.0,5.0,5.0,masking_sources,2.0,5.0,11.0,1.0,3.0,10.0,-0.5,0.5,0.2,5.0,0.5,10.0,0.0,0.0,10.0,Face-on,2464.0,18.3,134.8,0.0,3.0,0.03217,0.0032999999821186066,9.7,0.0,3.0,50.0,4.5,9.7,29.3,0.0,0.0,0.0,0.0,338
