GAL,ra,dec,radvel,z,mag,r20,r50,r80,flux_c,flux_e,rpetro_c,rpetro_e,rhalf_c,rhalf_e,Gini,M20,F(G_M20),S(G_M20),SN_per_pixel,C,A,S,M,I,D,Ao,As,Ser_A,Ser_R,Ser_n,Ser_xc,Ser_yc,Ser_ellip,Ser_theta,flag_morph,flag_sersic,ima_sc_pix2arc,ima_sc_arc2kpc,psf_arcsec,size_image_phy_kpc,zp_ima,eta,petro_extent_cas,snr,area_min,debleding,area_min_deblend,skybox_x,skybox_y,sky_method,nsigma,npixels,dilate_size,mask_stars,fwhm,threshold,roundlo,roundhi,sharplo,aper_stars,aper_fact,aper_center,aper_ellip,aper_pa,dr,View,area_segmap_pix,area_psf_pix,ratio_segmap_psf,flag_area,flag_area_th,SN_gal,bck,ratio_SN_gal,flag_SN,flag_SN_th,perc_SN_flag,perc_20_SN_gal,perc_50_SN_gal,perc_80_SN_gal,flag_image,flag_bck,flag_object,flag_statmorph,index
635r,14.244513966621072,-9.145721991190177,5000.0,0.0496,nan,8.555571011853608,18.849461517354094,34.369543776331106,264.8299489880808,252.2828551805308,44.036001057516664,57.25505588841368,19.39135382387942,28.882526490070738,0.48776571993641055,-1.7120606908910938,-0.35910162752723984,-0.08208837329681565,0.2409854680299759,3.0196238350030224,0.11954178726542979,0.10904103137617509,0.02543859649122807,0.37686806261701583,0.05110107169277946,0.16350815374833855,0.25469006871112326,0.13643013686587058,27.43561787217047,0.4376377538677403,321.8274737478381,319.4985171123611,0.7566786524077276,2.763015300241606,0.0,0.0,0.27,0.34629548650952463,1.5271921,30.0,22.5,0.2,1.5,2.5,5.0,1.0,5.0,5.0,5.0,masking_sources,2.0,5.0,11.0,1.0,3.0,10.0,-0.5,0.5,0.2,5.0,0.5,10.0,0.0,0.0,10.0,Edge-on,3274.0,25.1,130.3,0.0,3.0,0.04798,0.004889999981969595,9.8,0.0,3.0,50.0,4.6,9.8,23.0,0.0,0.0,0.0,0.0,635
