GAL,ra,dec,radvel,z,mag,r20,r50,r80,flux_c,flux_e,rpetro_c,rpetro_e,rhalf_c,rhalf_e,Gini,M20,F(G_M20),S(G_M20),SN_per_pixel,C,A,S,M,I,D,Ao,As,Ser_A,Ser_R,Ser_n,Ser_xc,Ser_yc,Ser_ellip,Ser_theta,flag_morph,flag_sersic,ima_sc_pix2arc,ima_sc_arc2kpc,psf_arcsec,size_image_phy_kpc,zp_ima,eta,petro_extent_cas,snr,area_min,debleding,area_min_deblend,skybox_x,skybox_y,sky_method,nsigma,npixels,dilate_size,mask_stars,fwhm,threshold,roundlo,roundhi,sharplo,aper_stars,aper_fact,aper_center,aper_ellip,aper_pa,dr,View,area_segmap_pix,area_psf_pix,ratio_segmap_psf,flag_area,flag_area_th,SN_gal,bck,ratio_SN_gal,flag_SN,flag_SN_th,perc_SN_flag,perc_20_SN_gal,perc_50_SN_gal,perc_80_SN_gal,flag_image,flag_bck,flag_object,flag_statmorph,index
737r,348.6276914302193,0.8880643004019647,5000.0,0.1171,nan,5.2526567456209134,10.741243830210571,17.875210881829148,77.57445166903929,77.63232428493127,23.60648214662468,27.839586800171862,10.748858337959508,12.893455850908826,0.46363077458105073,-1.7582668019592398,-0.4465487720660457,-0.11240461863709417,0.1890387386083603,2.659360764628472,0.12208337916629483,0.006040255448979,0.013013013013013013,0.12405648395737875,0.02739554788539795,0.1474014901755684,0.15900917218765404,0.07403965146234023,11.93399374791794,0.5426513111282228,320.2054923897771,319.41024535973474,0.29937028463067217,1.7863957891763138,0.0,0.0,0.27,0.34629548650952463,1.1824114,30.0,22.5,0.2,1.5,2.5,5.0,1.0,5.0,5.0,5.0,masking_sources,2.0,5.0,11.0,1.0,3.0,10.0,-0.5,0.5,0.2,5.0,0.5,10.0,0.0,0.0,10.0,Face-on,1850.0,15.1,122.8,0.0,3.0,0.02478,0.0024800000246614218,10.0,0.0,3.0,50.0,4.8,10.0,24.4,0.0,0.0,0.0,0.0,737
