GAL,ra,dec,radvel,z,mag,r20,r50,r80,flux_c,flux_e,rpetro_c,rpetro_e,rhalf_c,rhalf_e,Gini,M20,F(G_M20),S(G_M20),SN_per_pixel,C,A,S,M,I,D,Ao,As,Ser_A,Ser_R,Ser_n,Ser_xc,Ser_yc,Ser_ellip,Ser_theta,flag_morph,flag_sersic,ima_sc_pix2arc,ima_sc_arc2kpc,psf_arcsec,size_image_phy_kpc,zp_ima,eta,petro_extent_cas,snr,area_min,debleding,area_min_deblend,skybox_x,skybox_y,sky_method,nsigma,npixels,dilate_size,mask_stars,fwhm,threshold,roundlo,roundhi,sharplo,aper_stars,aper_fact,aper_center,aper_ellip,aper_pa,dr,View,area_segmap_pix,area_psf_pix,ratio_segmap_psf,flag_area,flag_area_th,SN_gal,bck,ratio_SN_gal,flag_SN,flag_SN_th,perc_SN_flag,perc_20_SN_gal,perc_50_SN_gal,perc_80_SN_gal,flag_image,flag_bck,flag_object,flag_statmorph,index
372r,356.7612708087983,15.59522579431255,5000.0,0.0346,nan,9.228485725522761,19.58207402740505,34.079473867130325,277.9755594885362,275.8982557109327,43.1050074208023,62.129104618061525,20.231638921087765,29.58719847011643,0.48746382619007783,-1.8234475331163402,-0.2834049199094908,-0.09787001917499427,0.20292630791664124,2.836812182671861,0.0948815769612576,0.03558791231314512,0.003956043956043956,0.0666733098569185,0.011970063529260626,0.11164555939117178,0.13810435023069095,0.08733977777802074,27.523593565227564,0.5654708078802387,320.0568818730094,319.7554975009733,0.5785536561483564,2.9832786834132183,0.0,0.0,0.27,0.34629548650952463,1.3975118,30.0,22.5,0.2,1.5,2.5,5.0,1.0,5.0,5.0,5.0,masking_sources,2.0,5.0,11.0,1.0,3.0,10.0,-0.5,0.5,0.2,5.0,0.5,10.0,0.0,0.0,10.0,Edge-on,6350.0,21.0,301.8,0.0,3.0,0.02333,0.0019600000232458115,11.9,0.0,3.0,50.0,5.2,11.9,32.4,0.0,0.0,0.0,0.0,372
