GAL,ra,dec,radvel,z,mag,r20,r50,r80,flux_c,flux_e,rpetro_c,rpetro_e,rhalf_c,rhalf_e,Gini,M20,F(G_M20),S(G_M20),SN_per_pixel,C,A,S,M,I,D,Ao,As,Ser_A,Ser_R,Ser_n,Ser_xc,Ser_yc,Ser_ellip,Ser_theta,flag_morph,flag_sersic,ima_sc_pix2arc,ima_sc_arc2kpc,psf_arcsec,size_image_phy_kpc,zp_ima,eta,petro_extent_cas,snr,area_min,debleding,area_min_deblend,skybox_x,skybox_y,sky_method,nsigma,npixels,dilate_size,mask_stars,fwhm,threshold,roundlo,roundhi,sharplo,aper_stars,aper_fact,aper_center,aper_ellip,aper_pa,dr,View,area_segmap_pix,area_psf_pix,ratio_segmap_psf,flag_area,flag_area_th,SN_gal,bck,ratio_SN_gal,flag_SN,flag_SN_th,perc_SN_flag,perc_20_SN_gal,perc_50_SN_gal,perc_80_SN_gal,flag_image,flag_bck,flag_object,flag_statmorph,index
873r,239.16266508620103,27.298087421166763,5000.0,0.0896,nan,2.950047189262543,6.578803373730452,14.223663759614274,166.18262594534593,167.23176852355823,17.54678778286457,25.85187520847098,7.084997834633428,11.398131501610262,0.5509119885080966,-2.0284942312906855,0.17276084539952397,-0.06355782952638966,0.3793930113315582,3.415912570934436,0.02992608825876429,0.05351173228919201,0.00145985401459854,0.0,0.0024145497209144486,0.046995586538430265,0.18982891595114057,0.4157738696516218,9.023078921324226,1.402461673469187,319.9928885578491,320.0056688901386,0.6730846835651267,2.3791964173631626,0.0,0.0,0.27,0.34629548650952463,1.4916902,30.0,22.5,0.2,1.5,2.5,5.0,1.0,5.0,5.0,5.0,masking_sources,2.0,5.0,11.0,1.0,3.0,10.0,-0.5,0.5,0.2,5.0,0.5,10.0,0.0,0.0,10.0,Edge-on,1647.0,24.0,68.7,0.0,3.0,0.03366,0.0027699999045580626,12.2,0.0,3.0,50.0,4.6,12.2,43.9,0.0,0.0,0.0,0.0,873
