GAL,ra,dec,radvel,z,mag,r20,r50,r80,flux_c,flux_e,rpetro_c,rpetro_e,rhalf_c,rhalf_e,Gini,M20,F(G_M20),S(G_M20),SN_per_pixel,C,A,S,M,I,D,Ao,As,Ser_A,Ser_R,Ser_n,Ser_xc,Ser_yc,Ser_ellip,Ser_theta,flag_morph,flag_sersic,ima_sc_pix2arc,ima_sc_arc2kpc,psf_arcsec,size_image_phy_kpc,zp_ima,eta,petro_extent_cas,snr,area_min,debleding,area_min_deblend,skybox_x,skybox_y,sky_method,nsigma,npixels,dilate_size,mask_stars,fwhm,threshold,roundlo,roundhi,sharplo,aper_stars,aper_fact,aper_center,aper_ellip,aper_pa,dr,View,area_segmap_pix,area_psf_pix,ratio_segmap_psf,flag_area,flag_area_th,SN_gal,bck,ratio_SN_gal,flag_SN,flag_SN_th,perc_SN_flag,perc_20_SN_gal,perc_50_SN_gal,perc_80_SN_gal,flag_image,flag_bck,flag_object,flag_statmorph,index
398r,143.97453248593777,7.112586135801139,5000.0,0.061,nan,7.052515302100741,12.75548672746671,20.19059688005636,108.2415778209442,108.27811629326739,25.957014214241653,27.322016867528568,12.734308805574692,13.37629289945926,0.4448101330669264,-1.469721009294558,-0.7396731818775857,-0.09092918855568644,0.19935362040996552,2.2840256036747446,0.1377246675955451,0.03213405291358413,0.07719298245614035,0.2010324645728654,0.12282803201779104,0.0877059264716607,0.18182125333691726,0.08102096276042911,12.22715492217614,0.440644439726394,317.008717962711,317.2363314123392,0.09898008405527069,0.8823307325083248,0.0,0.0,0.27,0.34629548650952463,1.3748376,30.0,22.5,0.2,1.5,2.5,5.0,1.0,5.0,5.0,5.0,masking_sources,2.0,5.0,11.0,1.0,3.0,10.0,-0.5,0.5,0.2,5.0,0.5,10.0,0.0,0.0,10.0,Face-on,1937.0,20.4,95.1,0.0,3.0,0.0361,0.004129999782890081,8.7,0.0,3.0,50.0,4.5,8.7,20.2,0.0,0.0,0.0,0.0,398
