GAL,ra,dec,radvel,z,mag,r20,r50,r80,flux_c,flux_e,rpetro_c,rpetro_e,rhalf_c,rhalf_e,Gini,M20,F(G_M20),S(G_M20),SN_per_pixel,C,A,S,M,I,D,Ao,As,Ser_A,Ser_R,Ser_n,Ser_xc,Ser_yc,Ser_ellip,Ser_theta,flag_morph,flag_sersic,ima_sc_pix2arc,ima_sc_arc2kpc,psf_arcsec,size_image_phy_kpc,zp_ima,eta,petro_extent_cas,snr,area_min,debleding,area_min_deblend,skybox_x,skybox_y,sky_method,nsigma,npixels,dilate_size,mask_stars,fwhm,threshold,roundlo,roundhi,sharplo,aper_stars,aper_fact,aper_center,aper_ellip,aper_pa,dr,View,area_segmap_pix,area_psf_pix,ratio_segmap_psf,flag_area,flag_area_th,SN_gal,bck,ratio_SN_gal,flag_SN,flag_SN_th,perc_SN_flag,perc_20_SN_gal,perc_50_SN_gal,perc_80_SN_gal,flag_image,flag_bck,flag_object,flag_statmorph,index
71r,190.09163897203138,9.41553523871824,5000.0,0.0277,nan,6.053864410957427,13.040352313023298,26.664908481942547,104.50439044140653,100.6467268559173,34.563552683274494,45.86916889606291,13.516957380656155,21.119341131000027,0.5582019523738265,-1.6222482100048563,-0.07268232621619308,0.0001274316594132019,0.19545753300189972,3.2195370383309663,0.19044892569720076,0.07966007695966659,0.009009009009009009,0.10556926896366876,0.172314527431313,0.22252025534938635,0.49300421147710977,0.10117566786347869,20.2130058662279,0.563035049699632,314.7354661091099,323.3116792510938,0.7599945258431128,2.439823053052566,0.0,0.0,0.27,0.34629548650952463,1.3416188,30.0,22.5,0.2,1.5,2.5,5.0,1.0,5.0,5.0,5.0,masking_sources,2.0,5.0,11.0,1.0,3.0,10.0,-0.5,0.5,0.2,5.0,0.5,10.0,0.0,0.0,10.0,Edge-on,2082.0,19.4,107.4,0.0,3.0,0.02361,0.002360000042244792,10.0,0.0,3.0,50.0,4.6,10.0,30.4,0.0,0.0,0.0,0.0,71
