GAL,ra,dec,radvel,z,mag,r20,r50,r80,flux_c,flux_e,rpetro_c,rpetro_e,rhalf_c,rhalf_e,Gini,M20,F(G_M20),S(G_M20),SN_per_pixel,C,A,S,M,I,D,Ao,As,Ser_A,Ser_R,Ser_n,Ser_xc,Ser_yc,Ser_ellip,Ser_theta,flag_morph,flag_sersic,ima_sc_pix2arc,ima_sc_arc2kpc,psf_arcsec,size_image_phy_kpc,zp_ima,eta,petro_extent_cas,snr,area_min,debleding,area_min_deblend,skybox_x,skybox_y,sky_method,nsigma,npixels,dilate_size,mask_stars,fwhm,threshold,roundlo,roundhi,sharplo,aper_stars,aper_fact,aper_center,aper_ellip,aper_pa,dr,View,area_segmap_pix,area_psf_pix,ratio_segmap_psf,flag_area,flag_area_th,SN_gal,bck,ratio_SN_gal,flag_SN,flag_SN_th,perc_SN_flag,perc_20_SN_gal,perc_50_SN_gal,perc_80_SN_gal,flag_image,flag_bck,flag_object,flag_statmorph,index
1032r,145.16068636403193,6.857550315990794,5000.0,0.1253,nan,3.5299366049703247,8.327237810555573,16.72739020109537,184.6869326817619,184.4245426999367,20.89407629054629,22.178285962780212,8.788960659163507,9.326025300217838,0.5565948195349888,-2.0228482032740738,0.19697816156712733,-0.05714702891545742,0.290890634059906,3.3783064099545235,-0.48699111827578334,-0.04446375851074369,0.006704980842911878,0.0037151741230874633,0.024786225181126876,-1.327121021359786,0.2559309434562711,0.2099132727475015,7.759293006389522,1.6075517719053956,319.76117376283264,319.7233732151784,0.1033975093212392,1.8441330406320902,2.0,0.0,0.27,0.34629548650952463,1.1602458,30.0,22.5,0.2,1.5,2.5,5.0,1.0,5.0,5.0,5.0,masking_sources,2.0,5.0,11.0,1.0,3.0,10.0,-0.5,0.5,0.2,5.0,0.5,10.0,0.0,0.0,10.0,Face-on,1820.0,14.5,125.5,0.0,3.0,0.04055,0.005810000002384186,7.0,0.0,3.0,50.0,3.9,7.0,18.2,0.0,0.0,0.0,0.0,1032
