GAL,ra,dec,radvel,z,mag,r20,r50,r80,flux_c,flux_e,rpetro_c,rpetro_e,rhalf_c,rhalf_e,Gini,M20,F(G_M20),S(G_M20),SN_per_pixel,C,A,S,M,I,D,Ao,As,Ser_A,Ser_R,Ser_n,Ser_xc,Ser_yc,Ser_ellip,Ser_theta,flag_morph,flag_sersic,ima_sc_pix2arc,ima_sc_arc2kpc,psf_arcsec,size_image_phy_kpc,zp_ima,eta,petro_extent_cas,snr,area_min,debleding,area_min_deblend,skybox_x,skybox_y,sky_method,nsigma,npixels,dilate_size,mask_stars,fwhm,threshold,roundlo,roundhi,sharplo,aper_stars,aper_fact,aper_center,aper_ellip,aper_pa,dr,View,area_segmap_pix,area_psf_pix,ratio_segmap_psf,flag_area,flag_area_th,SN_gal,bck,ratio_SN_gal,flag_SN,flag_SN_th,perc_SN_flag,perc_20_SN_gal,perc_50_SN_gal,perc_80_SN_gal,flag_image,flag_bck,flag_object,flag_statmorph,index
649r,163.50887891961307,12.757430940455478,5000.0,0.0861,nan,4.3956207846497,9.180817530952131,17.447019047678673,109.05216179037507,109.05344900416753,21.56252462820361,21.98152748221116,9.462128035298253,9.96498214103258,0.5198294032700093,-1.8202754646615562,-0.12539355680299558,-0.06538718035064722,0.2303915172815323,2.9935050846651934,0.07621341182271882,0.016923982248575168,0.02091254752851711,0.0,0.03631037807783264,0.10352322147743936,0.3668802506933512,0.1295350378430315,8.463936797496213,0.9972792385263419,320.22967189906444,319.77639274738294,0.15392036076185453,0.8510230469120464,0.0,0.0,0.27,0.34629548650952463,1.2062299,30.0,22.5,0.2,1.5,2.5,5.0,1.0,5.0,5.0,5.0,masking_sources,2.0,5.0,11.0,1.0,3.0,10.0,-0.5,0.5,0.2,5.0,0.5,10.0,0.0,0.0,10.0,Face-on,1345.0,15.7,85.8,0.0,3.0,0.03903,0.005539999809116125,7.0,0.0,3.0,50.0,3.8,7.0,16.9,0.0,0.0,0.0,0.0,649
