GAL,ra,dec,radvel,z,mag,r20,r50,r80,flux_c,flux_e,rpetro_c,rpetro_e,rhalf_c,rhalf_e,Gini,M20,F(G_M20),S(G_M20),SN_per_pixel,C,A,S,M,I,D,Ao,As,Ser_A,Ser_R,Ser_n,Ser_xc,Ser_yc,Ser_ellip,Ser_theta,flag_morph,flag_sersic,ima_sc_pix2arc,ima_sc_arc2kpc,psf_arcsec,size_image_phy_kpc,zp_ima,eta,petro_extent_cas,snr,area_min,debleding,area_min_deblend,skybox_x,skybox_y,sky_method,nsigma,npixels,dilate_size,mask_stars,fwhm,threshold,roundlo,roundhi,sharplo,aper_stars,aper_fact,aper_center,aper_ellip,aper_pa,dr,View,area_segmap_pix,area_psf_pix,ratio_segmap_psf,flag_area,flag_area_th,SN_gal,bck,ratio_SN_gal,flag_SN,flag_SN_th,perc_SN_flag,perc_20_SN_gal,perc_50_SN_gal,perc_80_SN_gal,flag_image,flag_bck,flag_object,flag_statmorph,index
1071r,121.7979576646035,22.290325552627422,5000.0,0.0226,nan,7.985020694982093,18.27701016805499,34.17011254003699,420.80129738520543,428.65741404572327,41.045325833501224,69.43706448765376,20.740433197441064,30.957218916376245,0.549580727656032,-1.8417018205531908,0.036723963540719495,-0.038911632677421815,0.23240679502487183,3.1568518155586793,0.13783273259941187,0.024917099887140293,0.04573438874230431,0.1664046308344804,0.11114358642337895,0.1779389598048303,0.23489064213938052,0.13248753292287235,25.136497235919332,0.976242560484962,319.54199477930433,320.94704174988533,0.6344010277331137,2.1744991175265813,0.0,0.0,0.27,0.34629548650952463,1.3528947,30.0,22.5,0.2,1.5,2.5,5.0,1.0,5.0,5.0,5.0,masking_sources,2.0,5.0,11.0,1.0,3.0,10.0,-0.5,0.5,0.2,5.0,0.5,10.0,0.0,0.0,10.0,Edge-on,5503.0,19.7,279.1,0.0,3.0,0.03692,0.004920000210404396,7.5,0.0,3.0,50.0,4.0,7.5,18.3,0.0,0.0,0.0,0.0,1071
