GAL,ra,dec,radvel,z,mag,r20,r50,r80,flux_c,flux_e,rpetro_c,rpetro_e,rhalf_c,rhalf_e,Gini,M20,F(G_M20),S(G_M20),SN_per_pixel,C,A,S,M,I,D,Ao,As,Ser_A,Ser_R,Ser_n,Ser_xc,Ser_yc,Ser_ellip,Ser_theta,flag_morph,flag_sersic,ima_sc_pix2arc,ima_sc_arc2kpc,psf_arcsec,size_image_phy_kpc,zp_ima,eta,petro_extent_cas,snr,area_min,debleding,area_min_deblend,skybox_x,skybox_y,sky_method,nsigma,npixels,dilate_size,mask_stars,fwhm,threshold,roundlo,roundhi,sharplo,aper_stars,aper_fact,aper_center,aper_ellip,aper_pa,dr,View,area_segmap_pix,area_psf_pix,ratio_segmap_psf,flag_area,flag_area_th,SN_gal,bck,ratio_SN_gal,flag_SN,flag_SN_th,perc_SN_flag,perc_20_SN_gal,perc_50_SN_gal,perc_80_SN_gal,flag_image,flag_bck,flag_object,flag_statmorph,index
744r,332.1671309033852,0.817872915936023,5000.0,0.0953,nan,5.77126220740848,13.259222588631308,24.567614567470837,174.66044910344152,169.64194361509874,31.298347590743703,38.34141813397832,13.386422335473869,20.927770966104376,0.4540653002920025,-1.7917212226310772,-0.470713956271251,-0.12652460265663729,0.2945137619972229,3.1454609190750067,0.1208285416583972,0.015114449577670075,0.021686746987951807,0.14202326000709953,0.10794825578670489,-0.008515157357155703,0.32377617946110404,0.17450487929849937,17.989278899719366,0.4560545750865381,320.3539054708298,318.2086658145539,0.7067928383311934,1.8333901115041502,0.0,0.0,0.27,0.34629548650952463,1.2117592,30.0,22.5,0.2,1.5,2.5,5.0,1.0,5.0,5.0,5.0,masking_sources,2.0,5.0,11.0,1.0,3.0,10.0,-0.5,0.5,0.2,5.0,0.5,10.0,0.0,0.0,10.0,Edge-on,2053.0,15.8,129.8,0.0,3.0,0.04809,0.0025400000158697367,18.9,0.0,3.0,50.0,5.5,18.9,52.9,0.0,0.0,0.0,0.0,744
