GAL,ra,dec,radvel,z,mag,r20,r50,r80,flux_c,flux_e,rpetro_c,rpetro_e,rhalf_c,rhalf_e,Gini,M20,F(G_M20),S(G_M20),SN_per_pixel,C,A,S,M,I,D,Ao,As,Ser_A,Ser_R,Ser_n,Ser_xc,Ser_yc,Ser_ellip,Ser_theta,flag_morph,flag_sersic,ima_sc_pix2arc,ima_sc_arc2kpc,psf_arcsec,size_image_phy_kpc,zp_ima,eta,petro_extent_cas,snr,area_min,debleding,area_min_deblend,skybox_x,skybox_y,sky_method,nsigma,npixels,dilate_size,mask_stars,fwhm,threshold,roundlo,roundhi,sharplo,aper_stars,aper_fact,aper_center,aper_ellip,aper_pa,dr,View,area_segmap_pix,area_psf_pix,ratio_segmap_psf,flag_area,flag_area_th,SN_gal,bck,ratio_SN_gal,flag_SN,flag_SN_th,perc_SN_flag,perc_20_SN_gal,perc_50_SN_gal,perc_80_SN_gal,flag_image,flag_bck,flag_object,flag_statmorph,index
549r,352.8182150618174,-9.579704161494469,5000.0,0.0817,nan,3.082730300445924,5.772650031612252,9.192778850218616,76.33391261753914,76.36896656903372,11.631966489331015,12.454198222638839,5.880980978881232,6.350780066946655,0.4315344982171271,-1.6621709180840751,-0.6720197875929568,-0.1308226043787307,0.37440234422683716,2.3725564064899727,0.027226992265869294,0.04895672209049387,0.0,0.0,0.02282401249036706,0.016961687282691436,0.17626038183910256,0.2930420427591993,5.503531605034947,0.6317163971014621,320.18046362255916,320.1217134036735,0.17839390371841818,2.6717820012062545,0.0,0.0,0.27,0.34629548650952463,1.3015873,30.0,22.5,0.2,1.5,2.5,5.0,1.0,5.0,5.0,5.0,masking_sources,2.0,5.0,11.0,1.0,3.0,10.0,-0.5,0.5,0.2,5.0,0.5,10.0,0.0,0.0,10.0,Face-on,676.0,18.3,37.0,0.0,3.0,0.04872,0.004350000061094761,11.2,0.0,3.0,50.0,4.3,11.2,43.2,0.0,0.0,0.0,0.0,549
