GAL,ra,dec,radvel,z,mag,r20,r50,r80,flux_c,flux_e,rpetro_c,rpetro_e,rhalf_c,rhalf_e,Gini,M20,F(G_M20),S(G_M20),SN_per_pixel,C,A,S,M,I,D,Ao,As,Ser_A,Ser_R,Ser_n,Ser_xc,Ser_yc,Ser_ellip,Ser_theta,flag_morph,flag_sersic,ima_sc_pix2arc,ima_sc_arc2kpc,psf_arcsec,size_image_phy_kpc,zp_ima,eta,petro_extent_cas,snr,area_min,debleding,area_min_deblend,skybox_x,skybox_y,sky_method,nsigma,npixels,dilate_size,mask_stars,fwhm,threshold,roundlo,roundhi,sharplo,aper_stars,aper_fact,aper_center,aper_ellip,aper_pa,dr,View,area_segmap_pix,area_psf_pix,ratio_segmap_psf,flag_area,flag_area_th,SN_gal,bck,ratio_SN_gal,flag_SN,flag_SN_th,perc_SN_flag,perc_20_SN_gal,perc_50_SN_gal,perc_80_SN_gal,flag_image,flag_bck,flag_object,flag_statmorph,index
163r,205.64046230273485,3.1986683853447926,5000.0,0.024,nan,8.62478369864811,17.70030703193802,29.0889318619293,234.2481035765219,235.11422358841364,36.124533193076694,52.65358170272533,19.444547914542614,26.035715681113317,0.5225223634191649,-1.557300246098564,-0.2943052305288285,-0.026167594422727147,0.2022695690393448,2.6398978108409543,0.2158869866864356,-0.002404700126438971,0.02051983584131327,0.30516542443117284,0.15904646920917442,0.31998876372258594,0.6220717480119857,0.10235958283372171,21.65894571416255,0.5677954718361828,323.9490815084978,321.6916051676064,0.5498095933379739,0.6997343477592719,0.0,0.0,0.27,0.34629548650952463,1.6478183,30.0,22.5,0.2,1.5,2.5,5.0,1.0,5.0,5.0,5.0,masking_sources,2.0,5.0,11.0,1.0,3.0,10.0,-0.5,0.5,0.2,5.0,0.5,10.0,0.0,0.0,10.0,Edge-on,3403.0,29.3,116.3,0.0,3.0,0.038,0.004939999897032976,7.7,0.0,3.0,50.0,3.8,7.7,19.5,0.0,0.0,0.0,0.0,163
