GAL,ra,dec,radvel,z,mag,r20,r50,r80,flux_c,flux_e,rpetro_c,rpetro_e,rhalf_c,rhalf_e,Gini,M20,F(G_M20),S(G_M20),SN_per_pixel,C,A,S,M,I,D,Ao,As,Ser_A,Ser_R,Ser_n,Ser_xc,Ser_yc,Ser_ellip,Ser_theta,flag_morph,flag_sersic,ima_sc_pix2arc,ima_sc_arc2kpc,psf_arcsec,size_image_phy_kpc,zp_ima,eta,petro_extent_cas,snr,area_min,debleding,area_min_deblend,skybox_x,skybox_y,sky_method,nsigma,npixels,dilate_size,mask_stars,fwhm,threshold,roundlo,roundhi,sharplo,aper_stars,aper_fact,aper_center,aper_ellip,aper_pa,dr,View,area_segmap_pix,area_psf_pix,ratio_segmap_psf,flag_area,flag_area_th,SN_gal,bck,ratio_SN_gal,flag_SN,flag_SN_th,perc_SN_flag,perc_20_SN_gal,perc_50_SN_gal,perc_80_SN_gal,flag_image,flag_bck,flag_object,flag_statmorph,index
146r,318.62293591569306,-6.871078902144392,5000.0,0.0273,nan,8.82453708709083,18.412398093738105,29.881474113436255,140.35351207292277,140.46141469591936,37.62011469121141,42.540225041367194,17.840982990128985,19.71354660834992,0.46850039197785176,-1.808876842410302,-0.38737140791929425,-0.11461849303695876,0.1555013209581375,2.648550428143157,-0.032926975595501146,0.0042354484624523795,0.015187849720223821,0.21144625329644465,0.013977677387957611,-0.06936470175419615,0.21653183951432375,0.05107135022375577,16.46158205673885,0.5796136890102521,319.95184577838927,319.4015314077624,0.1978002334824,3.085662661859416,1.0,0.0,0.27,0.34629548650952463,1.2424859,30.0,22.5,0.2,1.5,2.5,5.0,1.0,5.0,5.0,5.0,masking_sources,2.0,5.0,11.0,1.0,3.0,10.0,-0.5,0.5,0.2,5.0,0.5,10.0,0.0,0.0,10.0,Face-on,2663.0,16.6,160.1,0.0,3.0,0.03217,0.005869999993592501,5.5,0.0,3.0,50.0,3.7,5.5,9.8,0.0,0.0,0.0,0.0,146
