GAL,ra,dec,radvel,z,mag,r20,r50,r80,flux_c,flux_e,rpetro_c,rpetro_e,rhalf_c,rhalf_e,Gini,M20,F(G_M20),S(G_M20),SN_per_pixel,C,A,S,M,I,D,Ao,As,Ser_A,Ser_R,Ser_n,Ser_xc,Ser_yc,Ser_ellip,Ser_theta,flag_morph,flag_sersic,ima_sc_pix2arc,ima_sc_arc2kpc,psf_arcsec,size_image_phy_kpc,zp_ima,eta,petro_extent_cas,snr,area_min,debleding,area_min_deblend,skybox_x,skybox_y,sky_method,nsigma,npixels,dilate_size,mask_stars,fwhm,threshold,roundlo,roundhi,sharplo,aper_stars,aper_fact,aper_center,aper_ellip,aper_pa,dr,View,area_segmap_pix,area_psf_pix,ratio_segmap_psf,flag_area,flag_area_th,SN_gal,bck,ratio_SN_gal,flag_SN,flag_SN_th,perc_SN_flag,perc_20_SN_gal,perc_50_SN_gal,perc_80_SN_gal,flag_image,flag_bck,flag_object,flag_statmorph,index
283r,221.46652030156216,2.8716779899702773,5000.0,0.0273,nan,4.228794445181334,8.60749252046804,16.0653179521894,119.55059885565254,119.33702015254764,20.712094521209387,26.020530828380085,8.841739594534044,11.157510029000388,0.5187678809628183,-1.8380540706296289,-0.1183275182877166,-0.06890931366432834,0.25684043765068054,2.898363749385593,0.017550424216791007,-0.011052866709097197,0.007312614259597806,0.0,0.02065667095930597,0.02761883506336826,0.19984963890510987,0.1709172927979794,9.807790256480168,0.9092279329631052,320.1889416081209,319.7023729377971,0.41831425783262405,2.4491319812943786,1.0,0.0,0.27,0.34629548650952463,1.4014134,30.0,22.5,0.2,1.5,2.5,5.0,1.0,5.0,5.0,5.0,masking_sources,2.0,5.0,11.0,1.0,3.0,10.0,-0.5,0.5,0.2,5.0,0.5,10.0,0.0,0.0,10.0,Face-on,1589.0,21.2,75.1,0.0,3.0,0.03431,0.004389999900013208,7.8,0.0,3.0,50.0,4.0,7.8,21.3,0.0,0.0,0.0,0.0,283
