GAL,ra,dec,radvel,z,mag,r20,r50,r80,flux_c,flux_e,rpetro_c,rpetro_e,rhalf_c,rhalf_e,Gini,M20,F(G_M20),S(G_M20),SN_per_pixel,C,A,S,M,I,D,Ao,As,Ser_A,Ser_R,Ser_n,Ser_xc,Ser_yc,Ser_ellip,Ser_theta,flag_morph,flag_sersic,ima_sc_pix2arc,ima_sc_arc2kpc,psf_arcsec,size_image_phy_kpc,zp_ima,eta,petro_extent_cas,snr,area_min,debleding,area_min_deblend,skybox_x,skybox_y,sky_method,nsigma,npixels,dilate_size,mask_stars,fwhm,threshold,roundlo,roundhi,sharplo,aper_stars,aper_fact,aper_center,aper_ellip,aper_pa,dr,View,area_segmap_pix,area_psf_pix,ratio_segmap_psf,flag_area,flag_area_th,SN_gal,bck,ratio_SN_gal,flag_SN,flag_SN_th,perc_SN_flag,perc_20_SN_gal,perc_50_SN_gal,perc_80_SN_gal,flag_image,flag_bck,flag_object,flag_statmorph,index
518r,129.84074793628616,29.553764396858508,5000.0,0.064,nan,4.619678391515132,8.603042782789569,14.003095212754374,83.35002700454828,83.36142867903486,17.7497626772656,18.91790109679829,8.605831947469456,9.23299496191438,0.44154421340004774,-1.6712376939900473,-0.6161884217346607,-0.12217326819856933,0.25619715452194214,2.408061497345389,0.08437512407610637,0.03183321089546248,0.0024271844660194173,0.0,0.0194651962496117,0.12348189284974229,0.16370265771939907,0.13992464587873218,8.372146770010483,0.5694480504798953,320.15049980974584,320.2073581215871,0.1627224996142801,2.4958579982219726,0.0,0.0,0.27,0.34629548650952463,1.6359915,30.0,22.5,0.2,1.5,2.5,5.0,1.0,5.0,5.0,5.0,masking_sources,2.0,5.0,11.0,1.0,3.0,10.0,-0.5,0.5,0.2,5.0,0.5,10.0,0.0,0.0,10.0,Face-on,1320.0,28.8,45.8,0.0,3.0,0.03319,0.0030799999367445707,10.8,0.0,3.0,50.0,4.4,10.8,32.1,0.0,0.0,0.0,0.0,518
