GAL,ra,dec,radvel,z,mag,r20,r50,r80,flux_c,flux_e,rpetro_c,rpetro_e,rhalf_c,rhalf_e,Gini,M20,F(G_M20),S(G_M20),SN_per_pixel,C,A,S,M,I,D,Ao,As,Ser_A,Ser_R,Ser_n,Ser_xc,Ser_yc,Ser_ellip,Ser_theta,flag_morph,flag_sersic,ima_sc_pix2arc,ima_sc_arc2kpc,psf_arcsec,size_image_phy_kpc,zp_ima,eta,petro_extent_cas,snr,area_min,debleding,area_min_deblend,skybox_x,skybox_y,sky_method,nsigma,npixels,dilate_size,mask_stars,fwhm,threshold,roundlo,roundhi,sharplo,aper_stars,aper_fact,aper_center,aper_ellip,aper_pa,dr,View,area_segmap_pix,area_psf_pix,ratio_segmap_psf,flag_area,flag_area_th,SN_gal,bck,ratio_SN_gal,flag_SN,flag_SN_th,perc_SN_flag,perc_20_SN_gal,perc_50_SN_gal,perc_80_SN_gal,flag_image,flag_bck,flag_object,flag_statmorph,index
437r,323.7625272652645,-0.3293989255124077,5000.0,0.0636,nan,2.573671960771068,4.859598114296046,8.618772729253502,99.41323444419822,99.58216860311389,10.582454688365587,11.328214168520338,5.4392424859845905,5.766579646130914,0.4995963214940781,-1.597253521698051,-0.38010151806756376,-0.054417881236891785,0.43389615416526794,2.6244611887215075,0.13193596481618367,0.060673071177680345,0.0,0.0,0.06504832081496201,0.0603402637090211,0.23763973766396243,0.3379978815870674,4.889626622414011,1.4687893619430457,320.19273995485173,319.44301983437845,0.13752566359969384,1.3959660410653005,0.0,0.0,0.27,0.34629548650952463,1.1606104,30.0,22.5,0.2,1.5,2.5,5.0,1.0,5.0,5.0,5.0,masking_sources,2.0,5.0,11.0,1.0,3.0,10.0,-0.5,0.5,0.2,5.0,0.5,10.0,0.0,0.0,10.0,Face-on,1937.0,14.5,133.5,0.0,3.0,0.01148,0.0011699999449774623,9.8,0.0,3.0,50.0,5.2,9.8,35.3,0.0,0.0,0.0,0.0,437
