GAL,ra,dec,radvel,z,mag,r20,r50,r80,flux_c,flux_e,rpetro_c,rpetro_e,rhalf_c,rhalf_e,Gini,M20,F(G_M20),S(G_M20),SN_per_pixel,C,A,S,M,I,D,Ao,As,Ser_A,Ser_R,Ser_n,Ser_xc,Ser_yc,Ser_ellip,Ser_theta,flag_morph,flag_sersic,ima_sc_pix2arc,ima_sc_arc2kpc,psf_arcsec,size_image_phy_kpc,zp_ima,eta,petro_extent_cas,snr,area_min,debleding,area_min_deblend,skybox_x,skybox_y,sky_method,nsigma,npixels,dilate_size,mask_stars,fwhm,threshold,roundlo,roundhi,sharplo,aper_stars,aper_fact,aper_center,aper_ellip,aper_pa,dr,View,area_segmap_pix,area_psf_pix,ratio_segmap_psf,flag_area,flag_area_th,SN_gal,bck,ratio_SN_gal,flag_SN,flag_SN_th,perc_SN_flag,perc_20_SN_gal,perc_50_SN_gal,perc_80_SN_gal,flag_image,flag_bck,flag_object,flag_statmorph,index
836r,160.8315595869433,11.183678637443457,5000.0,0.0537,nan,3.468929534586864,7.3372049215976585,14.161559584882962,232.03371877634385,233.11789964670248,17.925135373392035,23.895880183805847,7.64877166890605,10.280929243347819,0.5272662864552969,-1.8997630022901184,-0.03349612145922798,-0.06907343372758251,0.4186774492263794,3.0545780300672245,0.006053600661388605,0.02915668514252587,0.001443001443001443,0.0,0.015273891060506683,-0.003011146281772957,0.1514688000249715,0.4330211540117626,9.079174335328803,1.109718082946453,319.2713585033082,319.86764598145794,0.507630798956082,0.3275128510411382,0.0,0.0,0.27,0.34629548650952463,1.3322483,30.0,22.5,0.2,1.5,2.5,5.0,1.0,5.0,5.0,5.0,masking_sources,2.0,5.0,11.0,1.0,3.0,10.0,-0.5,0.5,0.2,5.0,0.5,10.0,0.0,0.0,10.0,Edge-on,1706.0,19.1,89.2,0.0,3.0,0.05122,0.005009999964386225,10.2,0.0,3.0,50.0,4.4,10.2,31.4,0.0,0.0,0.0,0.0,836
