GAL,ra,dec,radvel,z,mag,r20,r50,r80,flux_c,flux_e,rpetro_c,rpetro_e,rhalf_c,rhalf_e,Gini,M20,F(G_M20),S(G_M20),SN_per_pixel,C,A,S,M,I,D,Ao,As,Ser_A,Ser_R,Ser_n,Ser_xc,Ser_yc,Ser_ellip,Ser_theta,flag_morph,flag_sersic,ima_sc_pix2arc,ima_sc_arc2kpc,psf_arcsec,size_image_phy_kpc,zp_ima,eta,petro_extent_cas,snr,area_min,debleding,area_min_deblend,skybox_x,skybox_y,sky_method,nsigma,npixels,dilate_size,mask_stars,fwhm,threshold,roundlo,roundhi,sharplo,aper_stars,aper_fact,aper_center,aper_ellip,aper_pa,dr,View,area_segmap_pix,area_psf_pix,ratio_segmap_psf,flag_area,flag_area_th,SN_gal,bck,ratio_SN_gal,flag_SN,flag_SN_th,perc_SN_flag,perc_20_SN_gal,perc_50_SN_gal,perc_80_SN_gal,flag_image,flag_bck,flag_object,flag_statmorph,index
300r,159.3250207452099,1.1619761807035132,5000.0,0.0349,nan,10.267497961980178,21.688992612678998,33.90716184974751,178.1151322362083,178.25814477639483,43.77351414009306,47.715604835457356,21.682741969489953,23.57612733570544,0.4350526587987612,-1.7537998248404942,-0.5911060603316693,-0.14007604344205515,0.15524090826511383,2.594134069911882,0.059747531953121796,-0.015261655376681891,0.048654836863194044,0.07430551430197474,0.03359373433876704,0.07839126007092961,0.1942512383956502,0.04567534380721498,22.63965831172477,0.412463159683043,319.3686337277908,319.5126627188418,0.25794429568638777,3.0952411274792455,0.0,0.0,0.27,0.34629548650952463,1.3069257,30.0,22.5,0.2,1.5,2.5,5.0,1.0,5.0,5.0,5.0,masking_sources,2.0,5.0,11.0,1.0,3.0,10.0,-0.5,0.5,0.2,5.0,0.5,10.0,0.0,0.0,10.0,Face-on,5383.0,18.4,292.5,0.0,3.0,0.02486,0.0024500000290572643,10.2,0.0,3.0,50.0,5.0,10.2,17.0,0.0,0.0,0.0,0.0,300
