GAL,ra,dec,radvel,z,mag,r20,r50,r80,flux_c,flux_e,rpetro_c,rpetro_e,rhalf_c,rhalf_e,Gini,M20,F(G_M20),S(G_M20),SN_per_pixel,C,A,S,M,I,D,Ao,As,Ser_A,Ser_R,Ser_n,Ser_xc,Ser_yc,Ser_ellip,Ser_theta,flag_morph,flag_sersic,ima_sc_pix2arc,ima_sc_arc2kpc,psf_arcsec,size_image_phy_kpc,zp_ima,eta,petro_extent_cas,snr,area_min,debleding,area_min_deblend,skybox_x,skybox_y,sky_method,nsigma,npixels,dilate_size,mask_stars,fwhm,threshold,roundlo,roundhi,sharplo,aper_stars,aper_fact,aper_center,aper_ellip,aper_pa,dr,View,area_segmap_pix,area_psf_pix,ratio_segmap_psf,flag_area,flag_area_th,SN_gal,bck,ratio_SN_gal,flag_SN,flag_SN_th,perc_SN_flag,perc_20_SN_gal,perc_50_SN_gal,perc_80_SN_gal,flag_image,flag_bck,flag_object,flag_statmorph,index
258r,202.75051018089485,11.526996767562268,5000.0,0.0226,nan,3.9685297306057823,7.868876513405288,13.183145212872828,264.1831327233251,264.0730180495488,16.786857244864887,17.633709191770002,8.007073428917433,8.416990646202665,0.4737930105047972,-1.698135449739201,-0.4379167313319874,-0.0939857471139997,0.4670480489730835,2.606946988323032,0.2027385694527881,0.03840706355914545,0.0012919896640826874,0.0,0.07438168696502435,0.2616614454949407,0.19917817933460777,0.45344653753290176,7.695006399481123,0.714345763322724,320.3408387340127,320.69712751241786,0.12356033043606761,2.4227494912802854,0.0,0.0,0.27,0.34629548650952463,1.2266561,30.0,22.5,0.2,1.5,2.5,5.0,1.0,5.0,5.0,5.0,masking_sources,2.0,5.0,11.0,1.0,3.0,10.0,-0.5,0.5,0.2,5.0,0.5,10.0,0.0,0.0,10.0,Face-on,1562.0,16.2,96.4,0.0,3.0,0.06693,0.005429999902844429,12.3,0.0,3.0,50.0,4.7,12.3,45.6,0.0,0.0,0.0,0.0,258
