GAL,ra,dec,radvel,z,mag,r20,r50,r80,flux_c,flux_e,rpetro_c,rpetro_e,rhalf_c,rhalf_e,Gini,M20,F(G_M20),S(G_M20),SN_per_pixel,C,A,S,M,I,D,Ao,As,Ser_A,Ser_R,Ser_n,Ser_xc,Ser_yc,Ser_ellip,Ser_theta,flag_morph,flag_sersic,ima_sc_pix2arc,ima_sc_arc2kpc,psf_arcsec,size_image_phy_kpc,zp_ima,eta,petro_extent_cas,snr,area_min,debleding,area_min_deblend,skybox_x,skybox_y,sky_method,nsigma,npixels,dilate_size,mask_stars,fwhm,threshold,roundlo,roundhi,sharplo,aper_stars,aper_fact,aper_center,aper_ellip,aper_pa,dr,View,area_segmap_pix,area_psf_pix,ratio_segmap_psf,flag_area,flag_area_th,SN_gal,bck,ratio_SN_gal,flag_SN,flag_SN_th,perc_SN_flag,perc_20_SN_gal,perc_50_SN_gal,perc_80_SN_gal,flag_image,flag_bck,flag_object,flag_statmorph,index
37r,159.87432274073504,12.492670040133774,5000.0,0.0219,nan,6.206465953028991,12.053949173839182,20.81876203523829,94.84683864378916,93.45808685444041,26.04439278462452,31.86310041161581,12.331647266475175,16.804781997905916,0.43757379108616684,-1.4705637396367273,-0.774909062555222,-0.09821030663419994,0.2067113071680069,2.6280526189350817,0.15773461743422307,0.013194420358315485,0.106,0.11585423644939001,0.15008810616270765,0.15710135965608235,0.5703080569268065,0.08171489679884576,14.266856536699612,0.44566034899043916,319.47181233376966,324.92116182425764,0.4616574854463119,1.6613590787131387,2.0,0.0,0.27,0.34629548650952463,1.2830367,30.0,22.5,0.2,1.5,2.5,5.0,1.0,5.0,5.0,5.0,masking_sources,2.0,5.0,11.0,1.0,3.0,10.0,-0.5,0.5,0.2,5.0,0.5,10.0,0.0,0.0,10.0,Face-on,1728.0,17.7,97.4,0.0,3.0,0.03396,0.003659999929368496,9.3,0.0,3.0,50.0,4.1,9.3,20.3,0.0,0.0,0.0,0.0,37
