GAL,ra,dec,radvel,z,mag,r20,r50,r80,flux_c,flux_e,rpetro_c,rpetro_e,rhalf_c,rhalf_e,Gini,M20,F(G_M20),S(G_M20),SN_per_pixel,C,A,S,M,I,D,Ao,As,Ser_A,Ser_R,Ser_n,Ser_xc,Ser_yc,Ser_ellip,Ser_theta,flag_morph,flag_sersic,ima_sc_pix2arc,ima_sc_arc2kpc,psf_arcsec,size_image_phy_kpc,zp_ima,eta,petro_extent_cas,snr,area_min,debleding,area_min_deblend,skybox_x,skybox_y,sky_method,nsigma,npixels,dilate_size,mask_stars,fwhm,threshold,roundlo,roundhi,sharplo,aper_stars,aper_fact,aper_center,aper_ellip,aper_pa,dr,View,area_segmap_pix,area_psf_pix,ratio_segmap_psf,flag_area,flag_area_th,SN_gal,bck,ratio_SN_gal,flag_SN,flag_SN_th,perc_SN_flag,perc_20_SN_gal,perc_50_SN_gal,perc_80_SN_gal,flag_image,flag_bck,flag_object,flag_statmorph,index
456r,340.6530173321481,0.8583579183913232,5000.0,0.0392,nan,6.356169721722781,13.437782186265848,22.241434759906944,200.44430660106437,200.50330475146484,28.018457761905758,33.73886053650753,13.723551489472335,17.808245561472514,0.5270027985797701,-1.7932431249230734,-0.10861866145844834,-0.05452802377033489,0.27904409170150757,2.719836571470845,0.11375533418423123,0.035545023081506505,0.011527377521613832,0.15941063584599113,0.08770717772254082,0.05008703851544649,0.2208411371922239,0.16613583098051948,15.60783671441611,0.6565568155226101,319.3774412265836,319.4729518879671,0.46430820555332425,1.8693094519582363,0.0,0.0,0.27,0.34629548650952463,1.2080698,30.0,22.5,0.2,1.5,2.5,5.0,1.0,5.0,5.0,5.0,masking_sources,2.0,5.0,11.0,1.0,3.0,10.0,-0.5,0.5,0.2,5.0,0.5,10.0,0.0,0.0,10.0,Face-on,3263.0,15.7,207.5,0.0,3.0,0.02167,0.002099999925121665,10.3,0.0,3.0,50.0,4.6,10.3,44.4,0.0,0.0,0.0,0.0,456
