GAL,ra,dec,radvel,z,mag,r20,r50,r80,flux_c,flux_e,rpetro_c,rpetro_e,rhalf_c,rhalf_e,Gini,M20,F(G_M20),S(G_M20),SN_per_pixel,C,A,S,M,I,D,Ao,As,Ser_A,Ser_R,Ser_n,Ser_xc,Ser_yc,Ser_ellip,Ser_theta,flag_morph,flag_sersic,ima_sc_pix2arc,ima_sc_arc2kpc,psf_arcsec,size_image_phy_kpc,zp_ima,eta,petro_extent_cas,snr,area_min,debleding,area_min_deblend,skybox_x,skybox_y,sky_method,nsigma,npixels,dilate_size,mask_stars,fwhm,threshold,roundlo,roundhi,sharplo,aper_stars,aper_fact,aper_center,aper_ellip,aper_pa,dr,View,area_segmap_pix,area_psf_pix,ratio_segmap_psf,flag_area,flag_area_th,SN_gal,bck,ratio_SN_gal,flag_SN,flag_SN_th,perc_SN_flag,perc_20_SN_gal,perc_50_SN_gal,perc_80_SN_gal,flag_image,flag_bck,flag_object,flag_statmorph,index
1180r,137.39637729876307,7.289451257192899,5000.0,0.0179,nan,8.074884856823338,16.95761197704452,30.357825798840597,91.9628279573854,90.94350970232398,36.07809260898844,47.8548681536605,17.37841475943269,25.54899591504379,0.48517465267361715,-1.5577191726726265,-0.4788860826034651,-0.06320005885461416,0.146391823887825,2.8756716314161923,0.12146774763087849,-0.04148980320276303,0.020338983050847456,0.3851727988631749,0.22581283194226054,-0.12087595033657673,0.5112988752145524,0.04711319673835032,19.327404954038478,0.5423814000999959,326.4444249115701,319.62057915404785,0.5859850777723558,2.1224423337878964,0.0,0.0,0.27,0.34629548650952463,1.6319488,30.0,22.5,0.2,1.5,2.5,5.0,1.0,5.0,5.0,5.0,masking_sources,2.0,5.0,11.0,1.0,3.0,10.0,-0.5,0.5,0.2,5.0,0.5,10.0,0.0,0.0,10.0,Edge-on,2287.0,28.7,79.7,0.0,3.0,0.02301,0.003010000102221966,7.6,0.0,3.0,50.0,4.0,7.6,15.4,0.0,0.0,0.0,0.0,1180
