GAL,ra,dec,radvel,z,mag,r20,r50,r80,flux_c,flux_e,rpetro_c,rpetro_e,rhalf_c,rhalf_e,Gini,M20,F(G_M20),S(G_M20),SN_per_pixel,C,A,S,M,I,D,Ao,As,Ser_A,Ser_R,Ser_n,Ser_xc,Ser_yc,Ser_ellip,Ser_theta,flag_morph,flag_sersic,ima_sc_pix2arc,ima_sc_arc2kpc,psf_arcsec,size_image_phy_kpc,zp_ima,eta,petro_extent_cas,snr,area_min,debleding,area_min_deblend,skybox_x,skybox_y,sky_method,nsigma,npixels,dilate_size,mask_stars,fwhm,threshold,roundlo,roundhi,sharplo,aper_stars,aper_fact,aper_center,aper_ellip,aper_pa,dr,View,area_segmap_pix,area_psf_pix,ratio_segmap_psf,flag_area,flag_area_th,SN_gal,bck,ratio_SN_gal,flag_SN,flag_SN_th,perc_SN_flag,perc_20_SN_gal,perc_50_SN_gal,perc_80_SN_gal,flag_image,flag_bck,flag_object,flag_statmorph,index
96r,170.0558177335865,0.9426739029817737,5000.0,0.0232,nan,5.0236117157805324,9.968253744235295,17.57708415984856,100.02449045656039,100.79424659798622,21.87974451553626,29.304832876739347,10.180298988642313,13.814675816438896,0.48155702079022605,-1.6525014605625588,-0.43110923491852793,-0.0799562524358719,0.22962941229343414,2.7196538377436763,0.08631953923631322,0.003609614257242894,0.0027816411682892906,0.0,0.09738004487835164,0.028288695408452098,0.2307046583122615,0.12574675052766693,12.211066546836356,0.6453995933016771,319.056933168598,318.5874397664746,0.5163407608403278,0.9178201783201365,0.0,0.0,0.27,0.34629548650952463,1.6943008,30.0,22.5,0.2,1.5,2.5,5.0,1.0,5.0,5.0,5.0,masking_sources,2.0,5.0,11.0,1.0,3.0,10.0,-0.5,0.5,0.2,5.0,0.5,10.0,0.0,0.0,10.0,Edge-on,1651.0,30.9,53.4,0.0,3.0,0.0314,0.003370000049471855,9.3,0.0,3.0,50.0,4.2,9.3,25.7,0.0,0.0,0.0,0.0,96
