GAL,ra,dec,radvel,z,mag,r20,r50,r80,flux_c,flux_e,rpetro_c,rpetro_e,rhalf_c,rhalf_e,Gini,M20,F(G_M20),S(G_M20),SN_per_pixel,C,A,S,M,I,D,Ao,As,Ser_A,Ser_R,Ser_n,Ser_xc,Ser_yc,Ser_ellip,Ser_theta,flag_morph,flag_sersic,ima_sc_pix2arc,ima_sc_arc2kpc,psf_arcsec,size_image_phy_kpc,zp_ima,eta,petro_extent_cas,snr,area_min,debleding,area_min_deblend,skybox_x,skybox_y,sky_method,nsigma,npixels,dilate_size,mask_stars,fwhm,threshold,roundlo,roundhi,sharplo,aper_stars,aper_fact,aper_center,aper_ellip,aper_pa,dr,View,area_segmap_pix,area_psf_pix,ratio_segmap_psf,flag_area,flag_area_th,SN_gal,bck,ratio_SN_gal,flag_SN,flag_SN_th,perc_SN_flag,perc_20_SN_gal,perc_50_SN_gal,perc_80_SN_gal,flag_image,flag_bck,flag_object,flag_statmorph,index
196r,221.25884786793645,2.9209878580497137,5000.0,0.0275,nan,6.760914961939695,12.86284380253197,23.053963616080573,95.19435029666245,95.27369754293838,32.354084878700725,33.70652975391552,12.859346139830011,13.543866317552974,0.5410305329679201,-1.7820824669011222,-0.0469157122463173,-0.0390892352610151,0.1475854218006134,2.6637006497835944,-0.07178234582477588,-0.024858125739246603,0.01015228426395939,0.003954238977497857,0.001989686660795616,-0.10427337848152324,0.22867061278350037,0.0679391684452156,11.473582507622941,0.6491396276670818,319.16877554744116,318.9252273524281,0.11526089906224213,2.195063288368781,1.0,0.0,0.27,0.34629548650952463,1.410771,30.0,22.5,0.2,1.5,2.5,5.0,1.0,5.0,5.0,5.0,masking_sources,2.0,5.0,11.0,1.0,3.0,10.0,-0.5,0.5,0.2,5.0,0.5,10.0,0.0,0.0,10.0,Face-on,1654.0,21.4,77.1,0.0,3.0,0.03083,0.004939999897032976,6.2,0.0,3.0,50.0,3.7,6.2,15.1,0.0,0.0,0.0,0.0,196
