GAL,ra,dec,radvel,z,mag,r20,r50,r80,flux_c,flux_e,rpetro_c,rpetro_e,rhalf_c,rhalf_e,Gini,M20,F(G_M20),S(G_M20),SN_per_pixel,C,A,S,M,I,D,Ao,As,Ser_A,Ser_R,Ser_n,Ser_xc,Ser_yc,Ser_ellip,Ser_theta,flag_morph,flag_sersic,ima_sc_pix2arc,ima_sc_arc2kpc,psf_arcsec,size_image_phy_kpc,zp_ima,eta,petro_extent_cas,snr,area_min,debleding,area_min_deblend,skybox_x,skybox_y,sky_method,nsigma,npixels,dilate_size,mask_stars,fwhm,threshold,roundlo,roundhi,sharplo,aper_stars,aper_fact,aper_center,aper_ellip,aper_pa,dr,View,area_segmap_pix,area_psf_pix,ratio_segmap_psf,flag_area,flag_area_th,SN_gal,bck,ratio_SN_gal,flag_SN,flag_SN_th,perc_SN_flag,perc_20_SN_gal,perc_50_SN_gal,perc_80_SN_gal,flag_image,flag_bck,flag_object,flag_statmorph,index
1107r,15.126390550972673,-1.227786003051602,5000.0,0.0785,nan,4.848105749171463,10.137941872548843,18.632485523220176,98.47375865111859,97.44605856283025,24.496970275288497,31.933512164054427,10.258813221565534,15.769496461200116,0.47144373480540225,-1.756062207615992,-0.40940240283537666,-0.1043633494012747,0.25949913263320923,2.923493540866006,0.02568250574539751,0.017942050918767043,0.0028653295128939827,0.0,0.06352261684206531,-0.0028251656196431607,0.18661488010660088,0.14979813144331058,14.994926692978574,0.5192993057306844,320.09162552053743,319.74725343372097,0.7020650139215071,1.278878755769521,0.0,0.0,0.27,0.34629548650952463,1.1841786,30.0,22.5,0.2,1.5,2.5,5.0,1.0,5.0,5.0,5.0,masking_sources,2.0,5.0,11.0,1.0,3.0,10.0,-0.5,0.5,0.2,5.0,0.5,10.0,0.0,0.0,10.0,Edge-on,1515.0,15.1,100.3,0.0,3.0,0.03448,0.0022299999836832285,15.5,0.0,3.0,50.0,5.0,15.5,45.8,0.0,0.0,0.0,0.0,1107
