GAL,ra,dec,radvel,z,mag,r20,r50,r80,flux_c,flux_e,rpetro_c,rpetro_e,rhalf_c,rhalf_e,Gini,M20,F(G_M20),S(G_M20),SN_per_pixel,C,A,S,M,I,D,Ao,As,Ser_A,Ser_R,Ser_n,Ser_xc,Ser_yc,Ser_ellip,Ser_theta,flag_morph,flag_sersic,ima_sc_pix2arc,ima_sc_arc2kpc,psf_arcsec,size_image_phy_kpc,zp_ima,eta,petro_extent_cas,snr,area_min,debleding,area_min_deblend,skybox_x,skybox_y,sky_method,nsigma,npixels,dilate_size,mask_stars,fwhm,threshold,roundlo,roundhi,sharplo,aper_stars,aper_fact,aper_center,aper_ellip,aper_pa,dr,View,area_segmap_pix,area_psf_pix,ratio_segmap_psf,flag_area,flag_area_th,SN_gal,bck,ratio_SN_gal,flag_SN,flag_SN_th,perc_SN_flag,perc_20_SN_gal,perc_50_SN_gal,perc_80_SN_gal,flag_image,flag_bck,flag_object,flag_statmorph,index
864r,1.6294799825381998,-9.817637365170778,5000.0,0.1117,nan,3.0705255111561267,6.562787354545084,12.454172576670919,82.83287850325172,84.48254863589364,15.179121310912835,28.31547162560085,7.251634903837743,11.655406244712118,0.5678248635604429,-1.940696098777716,0.19563547107714996,-0.03461014280526403,0.25538772344589233,3.040510846960701,0.04497041631169569,0.003722172606189374,0.009287925696594427,0.0,0.04297918744286552,0.04719195169503101,0.17203880383650388,0.225603933334256,9.135814445648855,1.208484563828364,319.7441815145607,320.3502643822444,0.6824162987861094,0.45766520600416594,0.0,0.0,0.27,0.34629548650952463,1.4726189,30.0,22.5,0.2,1.5,2.5,5.0,1.0,5.0,5.0,5.0,masking_sources,2.0,5.0,11.0,1.0,3.0,10.0,-0.5,0.5,0.2,5.0,0.5,10.0,0.0,0.0,10.0,Edge-on,1121.0,23.4,48.0,0.0,3.0,0.03296,0.00395999988541007,8.3,0.0,3.0,50.0,4.3,8.3,23.5,0.0,0.0,0.0,0.0,864
