GAL,ra,dec,radvel,z,mag,r20,r50,r80,flux_c,flux_e,rpetro_c,rpetro_e,rhalf_c,rhalf_e,Gini,M20,F(G_M20),S(G_M20),SN_per_pixel,C,A,S,M,I,D,Ao,As,Ser_A,Ser_R,Ser_n,Ser_xc,Ser_yc,Ser_ellip,Ser_theta,flag_morph,flag_sersic,ima_sc_pix2arc,ima_sc_arc2kpc,psf_arcsec,size_image_phy_kpc,zp_ima,eta,petro_extent_cas,snr,area_min,debleding,area_min_deblend,skybox_x,skybox_y,sky_method,nsigma,npixels,dilate_size,mask_stars,fwhm,threshold,roundlo,roundhi,sharplo,aper_stars,aper_fact,aper_center,aper_ellip,aper_pa,dr,View,area_segmap_pix,area_psf_pix,ratio_segmap_psf,flag_area,flag_area_th,SN_gal,bck,ratio_SN_gal,flag_SN,flag_SN_th,perc_SN_flag,perc_20_SN_gal,perc_50_SN_gal,perc_80_SN_gal,flag_image,flag_bck,flag_object,flag_statmorph,index
98r,221.29241509482915,4.96178059074022,5000.0,0.0285,nan,5.00025769775678,10.293623344881349,16.756506901788885,82.62305104905553,82.4921672913309,21.429760913670066,26.158071932320055,10.393166475519278,12.492037054601706,0.4699053904352912,-1.7592260065505037,-0.4148246948058092,-0.10632607837958175,0.21132953464984894,2.6259555132320136,0.08439497962243737,0.006397386276061039,0.026438569206842923,0.19560804035510035,0.02329032898186194,0.1314895248644726,0.201469448792749,0.09773242296431692,10.803942087045852,0.5840297431837754,320.29610182953076,319.9071565414564,0.34235293142145307,2.56820685055901,0.0,0.0,0.27,0.34629548650952463,1.3717097,30.0,22.5,0.2,1.5,2.5,5.0,1.0,5.0,5.0,5.0,masking_sources,2.0,5.0,11.0,1.0,3.0,10.0,-0.5,0.5,0.2,5.0,0.5,10.0,0.0,0.0,10.0,Face-on,1528.0,20.3,75.4,0.0,3.0,0.03045,0.0035099999513477087,8.7,0.0,3.0,50.0,4.2,8.7,21.8,0.0,0.0,0.0,0.0,98
