GAL,ra,dec,radvel,z,mag,r20,r50,r80,flux_c,flux_e,rpetro_c,rpetro_e,rhalf_c,rhalf_e,Gini,M20,F(G_M20),S(G_M20),SN_per_pixel,C,A,S,M,I,D,Ao,As,Ser_A,Ser_R,Ser_n,Ser_xc,Ser_yc,Ser_ellip,Ser_theta,flag_morph,flag_sersic,ima_sc_pix2arc,ima_sc_arc2kpc,psf_arcsec,size_image_phy_kpc,zp_ima,eta,petro_extent_cas,snr,area_min,debleding,area_min_deblend,skybox_x,skybox_y,sky_method,nsigma,npixels,dilate_size,mask_stars,fwhm,threshold,roundlo,roundhi,sharplo,aper_stars,aper_fact,aper_center,aper_ellip,aper_pa,dr,View,area_segmap_pix,area_psf_pix,ratio_segmap_psf,flag_area,flag_area_th,SN_gal,bck,ratio_SN_gal,flag_SN,flag_SN_th,perc_SN_flag,perc_20_SN_gal,perc_50_SN_gal,perc_80_SN_gal,flag_image,flag_bck,flag_object,flag_statmorph,index
805r,178.63840242691063,5.071668140432476,5000.0,0.0788,nan,3.08504425206419,6.627085089126656,12.604274280100947,108.02551798733535,108.32525134289702,15.811086491660397,22.366454340237215,6.925228187345435,9.453746160267263,0.5375071000702463,-1.9409047610652035,0.045707144765905205,-0.06465373271851949,0.31507301330566406,3.056282236371347,0.009931150108235096,0.013145622149279754,0.003236245954692557,0.0,0.026720699153464554,-0.004720033279304815,0.17469465490389913,0.29430582107839925,8.022543039455698,1.06552690355156,320.4297387752854,320.0941391103406,0.5734934453706022,0.048313413766142746,0.0,0.0,0.27,0.34629548650952463,1.4218125,30.0,22.5,0.2,1.5,2.5,5.0,1.0,5.0,5.0,5.0,masking_sources,2.0,5.0,11.0,1.0,3.0,10.0,-0.5,0.5,0.2,5.0,0.5,10.0,0.0,0.0,10.0,Edge-on,1104.0,21.8,50.7,0.0,3.0,0.04097,0.004900000058114529,8.4,0.0,3.0,50.0,4.2,8.4,24.3,0.0,0.0,0.0,0.0,805
