GAL,ra,dec,radvel,z,mag,r20,r50,r80,flux_c,flux_e,rpetro_c,rpetro_e,rhalf_c,rhalf_e,Gini,M20,F(G_M20),S(G_M20),SN_per_pixel,C,A,S,M,I,D,Ao,As,Ser_A,Ser_R,Ser_n,Ser_xc,Ser_yc,Ser_ellip,Ser_theta,flag_morph,flag_sersic,ima_sc_pix2arc,ima_sc_arc2kpc,psf_arcsec,size_image_phy_kpc,zp_ima,eta,petro_extent_cas,snr,area_min,debleding,area_min_deblend,skybox_x,skybox_y,sky_method,nsigma,npixels,dilate_size,mask_stars,fwhm,threshold,roundlo,roundhi,sharplo,aper_stars,aper_fact,aper_center,aper_ellip,aper_pa,dr,View,area_segmap_pix,area_psf_pix,ratio_segmap_psf,flag_area,flag_area_th,SN_gal,bck,ratio_SN_gal,flag_SN,flag_SN_th,perc_SN_flag,perc_20_SN_gal,perc_50_SN_gal,perc_80_SN_gal,flag_image,flag_bck,flag_object,flag_statmorph,index
1178r,146.41566130298466,7.013217449436349,5000.0,0.0127,nan,10.955075100305285,19.833277835879148,33.0782846733586,124.86586230306656,122.70784604749939,41.911642482326315,57.55566069641366,20.155739002172094,26.251589562804092,0.4880074418345201,-1.2196517892528143,-0.6991444729669252,-0.013404231289966317,0.13545285165309906,2.399638106568959,0.21384740295739296,0.0390539260823814,0.008393742846241892,0.6092524955844097,0.44225907418012744,0.0727910259730451,0.22842902691084607,0.03969982247082203,24.742333019484928,0.42494017672734735,336.6602903101574,327.53660470602216,0.5277654729152949,0.38370267274530684,0.0,0.0,0.27,0.34629548650952463,1.2802075,30.0,22.5,0.2,1.5,2.5,5.0,1.0,5.0,5.0,5.0,masking_sources,2.0,5.0,11.0,1.0,3.0,10.0,-0.5,0.5,0.2,5.0,0.5,10.0,0.0,0.0,10.0,Edge-on,3884.0,17.7,220.0,0.0,3.0,0.01919,0.0027099999133497477,7.1,0.0,3.0,50.0,4.0,7.1,15.2,0.0,0.0,0.0,0.0,1178
