GAL,ra,dec,radvel,z,mag,r20,r50,r80,flux_c,flux_e,rpetro_c,rpetro_e,rhalf_c,rhalf_e,Gini,M20,F(G_M20),S(G_M20),SN_per_pixel,C,A,S,M,I,D,Ao,As,Ser_A,Ser_R,Ser_n,Ser_xc,Ser_yc,Ser_ellip,Ser_theta,flag_morph,flag_sersic,ima_sc_pix2arc,ima_sc_arc2kpc,psf_arcsec,size_image_phy_kpc,zp_ima,eta,petro_extent_cas,snr,area_min,debleding,area_min_deblend,skybox_x,skybox_y,sky_method,nsigma,npixels,dilate_size,mask_stars,fwhm,threshold,roundlo,roundhi,sharplo,aper_stars,aper_fact,aper_center,aper_ellip,aper_pa,dr,View,area_segmap_pix,area_psf_pix,ratio_segmap_psf,flag_area,flag_area_th,SN_gal,bck,ratio_SN_gal,flag_SN,flag_SN_th,perc_SN_flag,perc_20_SN_gal,perc_50_SN_gal,perc_80_SN_gal,flag_image,flag_bck,flag_object,flag_statmorph,index
643r,197.83741671214904,0.061690794933418724,5000.0,0.0722,nan,4.303216700665682,8.211962332278986,13.647926373645412,139.20672540135968,141.81410577246714,17.42115415143792,24.067523263833316,9.076649362391688,13.485033462725719,0.4528259651796818,-1.713332041702629,-0.5311723674606532,-0.11685544826878047,0.33567938208580017,2.5063672709147324,0.054497533329552504,0.04093475723384192,0.0014124293785310734,0.0,0.008759002892392242,0.4821102755377108,0.6213685427365608,0.24666999767625258,9.354156753560924,0.608184560387059,319.88974474335106,320.10514577899545,0.38354300517845774,1.780631200675498,0.0,0.0,0.27,0.34629548650952463,1.5449276,30.0,22.5,0.2,1.5,2.5,5.0,1.0,5.0,5.0,5.0,masking_sources,2.0,5.0,11.0,1.0,3.0,10.0,-0.5,0.5,0.2,5.0,0.5,10.0,0.0,0.0,10.0,Face-on,1354.0,25.7,52.7,0.0,3.0,0.05307,0.004840000066906214,11.0,0.0,3.0,50.0,4.6,11.0,31.6,0.0,0.0,0.0,0.0,643
