GAL,ra,dec,radvel,z,mag,r20,r50,r80,flux_c,flux_e,rpetro_c,rpetro_e,rhalf_c,rhalf_e,Gini,M20,F(G_M20),S(G_M20),SN_per_pixel,C,A,S,M,I,D,Ao,As,Ser_A,Ser_R,Ser_n,Ser_xc,Ser_yc,Ser_ellip,Ser_theta,flag_morph,flag_sersic,ima_sc_pix2arc,ima_sc_arc2kpc,psf_arcsec,size_image_phy_kpc,zp_ima,eta,petro_extent_cas,snr,area_min,debleding,area_min_deblend,skybox_x,skybox_y,sky_method,nsigma,npixels,dilate_size,mask_stars,fwhm,threshold,roundlo,roundhi,sharplo,aper_stars,aper_fact,aper_center,aper_ellip,aper_pa,dr,View,area_segmap_pix,area_psf_pix,ratio_segmap_psf,flag_area,flag_area_th,SN_gal,bck,ratio_SN_gal,flag_SN,flag_SN_th,perc_SN_flag,perc_20_SN_gal,perc_50_SN_gal,perc_80_SN_gal,flag_image,flag_bck,flag_object,flag_statmorph,index
1131r,159.6468167058547,2.460562207724433,5000.0,0.1538,nan,4.637968095615561,8.842094300060117,14.022190654514658,85.06308536106624,85.49975708859347,17.69882313157897,20.782107952628465,8.906134883951925,10.521201032878665,0.4265549785680927,-1.6633632247459549,-0.6958421413389946,-0.135918059457276,0.2623344957828522,2.4024405546880874,0.1422162623173532,0.03503403782074065,0.00392156862745098,0.0,0.03167725218943319,0.19508928937832778,0.2798527981328427,0.13706966983724653,9.66044867488206,0.4615243743934997,320.1905261519785,320.50595402260274,0.3011440077821349,1.0703418617708833,0.0,0.0,0.27,0.34629548650952463,1.3643217,30.0,22.5,0.2,1.5,2.5,5.0,1.0,5.0,5.0,5.0,masking_sources,2.0,5.0,11.0,1.0,3.0,10.0,-0.5,0.5,0.2,5.0,0.5,10.0,0.0,0.0,10.0,Face-on,1279.0,20.1,63.8,0.0,3.0,0.03807,0.002739999908953905,13.9,0.0,3.0,50.0,5.1,13.9,39.4,0.0,0.0,0.0,0.0,1131
