GAL,ra,dec,radvel,z,mag,r20,r50,r80,flux_c,flux_e,rpetro_c,rpetro_e,rhalf_c,rhalf_e,Gini,M20,F(G_M20),S(G_M20),SN_per_pixel,C,A,S,M,I,D,Ao,As,Ser_A,Ser_R,Ser_n,Ser_xc,Ser_yc,Ser_ellip,Ser_theta,flag_morph,flag_sersic,ima_sc_pix2arc,ima_sc_arc2kpc,psf_arcsec,size_image_phy_kpc,zp_ima,eta,petro_extent_cas,snr,area_min,debleding,area_min_deblend,skybox_x,skybox_y,sky_method,nsigma,npixels,dilate_size,mask_stars,fwhm,threshold,roundlo,roundhi,sharplo,aper_stars,aper_fact,aper_center,aper_ellip,aper_pa,dr,View,area_segmap_pix,area_psf_pix,ratio_segmap_psf,flag_area,flag_area_th,SN_gal,bck,ratio_SN_gal,flag_SN,flag_SN_th,perc_SN_flag,perc_20_SN_gal,perc_50_SN_gal,perc_80_SN_gal,flag_image,flag_bck,flag_object,flag_statmorph,index
292r,177.00088532885655,12.113511941193655,5000.0,0.0307,nan,6.645477574398157,15.063518167095976,26.41537395471161,232.71578660079422,232.89361114682555,33.06008340935145,34.8512666435615,15.320042767067692,16.056386457694074,0.5058204692171265,-1.923417476851932,-0.12326036591683476,-0.09359276475746331,0.21739397943019867,2.996652832295718,0.03704931659422579,-0.01979289009091471,0.02824858757062147,0.0673536199704338,0.01720116166476611,0.020254653806077983,0.46317702245619735,0.11080023242645881,12.974191974298162,0.8494545833622956,320.3338784002178,319.8834692643182,0.07415345415132105,0.5793502563774445,0.0,0.0,0.27,0.34629548650952463,1.0924318,30.0,22.5,0.2,1.5,2.5,5.0,1.0,5.0,5.0,5.0,masking_sources,2.0,5.0,11.0,1.0,3.0,10.0,-0.5,0.5,0.2,5.0,0.5,10.0,0.0,0.0,10.0,Face-on,3445.0,12.9,267.9,0.0,3.0,0.03668,0.005059999879449606,7.3,0.0,3.0,50.0,3.9,7.3,16.5,0.0,0.0,0.0,0.0,292
