GAL,ra,dec,radvel,z,mag,r20,r50,r80,flux_c,flux_e,rpetro_c,rpetro_e,rhalf_c,rhalf_e,Gini,M20,F(G_M20),S(G_M20),SN_per_pixel,C,A,S,M,I,D,Ao,As,Ser_A,Ser_R,Ser_n,Ser_xc,Ser_yc,Ser_ellip,Ser_theta,flag_morph,flag_sersic,ima_sc_pix2arc,ima_sc_arc2kpc,psf_arcsec,size_image_phy_kpc,zp_ima,eta,petro_extent_cas,snr,area_min,debleding,area_min_deblend,skybox_x,skybox_y,sky_method,nsigma,npixels,dilate_size,mask_stars,fwhm,threshold,roundlo,roundhi,sharplo,aper_stars,aper_fact,aper_center,aper_ellip,aper_pa,dr,View,area_segmap_pix,area_psf_pix,ratio_segmap_psf,flag_area,flag_area_th,SN_gal,bck,ratio_SN_gal,flag_SN,flag_SN_th,perc_SN_flag,perc_20_SN_gal,perc_50_SN_gal,perc_80_SN_gal,flag_image,flag_bck,flag_object,flag_statmorph,index
319r,171.4904394209738,3.1949266907501648,5000.0,0.0349,nan,5.240802501095915,10.4701029752832,19.055508867706756,132.4292904000364,132.7646278724934,23.69572379576379,28.999054999192566,11.617753955926029,13.807097740379078,0.5188096084588305,-1.7617430613184062,-0.1710044966351334,-0.05826077314901623,0.21955452859401703,2.8031137859624478,0.06783755040279431,-0.00035233449341962736,0.0030543677458766036,0.0,0.04596439790652575,0.043031772302482306,0.512861504660168,0.11899078907074817,10.417968849476832,1.0103378748384702,319.55792852936713,320.7551700093416,0.22039874652982616,2.9947224480618884,1.0,0.0,0.27,0.34629548650952463,2.045375,30.0,22.5,0.2,1.5,2.5,5.0,1.0,5.0,5.0,5.0,masking_sources,2.0,5.0,11.0,1.0,3.0,10.0,-0.5,0.5,0.2,5.0,0.5,10.0,0.0,0.0,10.0,Face-on,3290.0,45.1,73.0,0.0,3.0,0.01545,0.0017999999690800905,8.6,0.0,3.0,50.0,4.4,8.6,26.9,0.0,0.0,0.0,0.0,319
