GAL,ra,dec,radvel,z,mag,r20,r50,r80,flux_c,flux_e,rpetro_c,rpetro_e,rhalf_c,rhalf_e,Gini,M20,F(G_M20),S(G_M20),SN_per_pixel,C,A,S,M,I,D,Ao,As,Ser_A,Ser_R,Ser_n,Ser_xc,Ser_yc,Ser_ellip,Ser_theta,flag_morph,flag_sersic,ima_sc_pix2arc,ima_sc_arc2kpc,psf_arcsec,size_image_phy_kpc,zp_ima,eta,petro_extent_cas,snr,area_min,debleding,area_min_deblend,skybox_x,skybox_y,sky_method,nsigma,npixels,dilate_size,mask_stars,fwhm,threshold,roundlo,roundhi,sharplo,aper_stars,aper_fact,aper_center,aper_ellip,aper_pa,dr,View,area_segmap_pix,area_psf_pix,ratio_segmap_psf,flag_area,flag_area_th,SN_gal,bck,ratio_SN_gal,flag_SN,flag_SN_th,perc_SN_flag,perc_20_SN_gal,perc_50_SN_gal,perc_80_SN_gal,flag_image,flag_bck,flag_object,flag_statmorph,index
107r,168.20908818358,9.527549300081835,5000.0,0.0209,nan,13.19520922870215,28.745016892713835,49.318066726878314,261.53668471918644,264.54887634170524,66.99068925982702,73.71773034977106,28.32946149921828,31.897726718723376,0.502369220788549,-1.8463619394720674,-0.19374353304253988,-0.08629878100595395,0.12257006019353867,2.862948814533218,0.07043923514759742,0.08207289271376822,0.030420353982300884,0.06037661687865071,0.02745085476046038,0.08803175819507628,0.23570330315944824,0.03710772355526723,25.60144016397414,0.7584734034305791,318.85399455352587,319.9396812354887,0.248600786765031,2.745523878263777,1.0,0.0,0.27,0.34629548650952463,1.3186449,30.0,22.5,0.2,1.5,2.5,5.0,1.0,5.0,5.0,5.0,masking_sources,2.0,5.0,11.0,1.0,3.0,10.0,-0.5,0.5,0.2,5.0,0.5,10.0,0.0,0.0,10.0,Face-on,6377.0,18.7,340.4,0.0,3.0,0.022,0.004040000028908253,5.4,0.0,3.0,50.0,3.6,5.4,10.0,0.0,0.0,0.0,0.0,107
