GAL,ra,dec,radvel,z,mag,r20,r50,r80,flux_c,flux_e,rpetro_c,rpetro_e,rhalf_c,rhalf_e,Gini,M20,F(G_M20),S(G_M20),SN_per_pixel,C,A,S,M,I,D,Ao,As,Ser_A,Ser_R,Ser_n,Ser_xc,Ser_yc,Ser_ellip,Ser_theta,flag_morph,flag_sersic,ima_sc_pix2arc,ima_sc_arc2kpc,psf_arcsec,size_image_phy_kpc,zp_ima,eta,petro_extent_cas,snr,area_min,debleding,area_min_deblend,skybox_x,skybox_y,sky_method,nsigma,npixels,dilate_size,mask_stars,fwhm,threshold,roundlo,roundhi,sharplo,aper_stars,aper_fact,aper_center,aper_ellip,aper_pa,dr,View,area_segmap_pix,area_psf_pix,ratio_segmap_psf,flag_area,flag_area_th,SN_gal,bck,ratio_SN_gal,flag_SN,flag_SN_th,perc_SN_flag,perc_20_SN_gal,perc_50_SN_gal,perc_80_SN_gal,flag_image,flag_bck,flag_object,flag_statmorph,index
984r,134.7592995918725,9.654121838266512,5000.0,0.0864,nan,3.4559722813583145,9.193179620787403,17.970434794602767,517.7707614230832,517.9005120931313,22.404709670890483,24.143856145040452,9.859836401025294,10.649900311987366,0.5419915779688831,-2.0842183018231917,0.16722159410944304,-0.08013468176422939,0.4629674255847931,3.579941672147702,0.13886235834806407,0.008463951775683607,0.004095004095004095,0.003505537473098424,0.04448964655041364,0.2184259161277155,0.33320640797806517,0.4757862112482028,8.80188894626935,1.429975393682408,319.90780609993914,320.1794168876669,0.11411107078474117,1.5630762457372331,2.0,0.0,0.27,0.34629548650952463,1.212712,30.0,22.5,0.2,1.5,2.5,5.0,1.0,5.0,5.0,5.0,masking_sources,2.0,5.0,11.0,1.0,3.0,10.0,-0.5,0.5,0.2,5.0,0.5,10.0,0.0,0.0,10.0,Face-on,3745.0,15.8,236.4,0.0,3.0,0.04308,0.00482999999076128,8.9,0.0,3.0,50.0,4.1,8.9,31.7,0.0,0.0,0.0,0.0,984
