GAL,ra,dec,radvel,z,mag,r20,r50,r80,flux_c,flux_e,rpetro_c,rpetro_e,rhalf_c,rhalf_e,Gini,M20,F(G_M20),S(G_M20),SN_per_pixel,C,A,S,M,I,D,Ao,As,Ser_A,Ser_R,Ser_n,Ser_xc,Ser_yc,Ser_ellip,Ser_theta,flag_morph,flag_sersic,ima_sc_pix2arc,ima_sc_arc2kpc,psf_arcsec,size_image_phy_kpc,zp_ima,eta,petro_extent_cas,snr,area_min,debleding,area_min_deblend,skybox_x,skybox_y,sky_method,nsigma,npixels,dilate_size,mask_stars,fwhm,threshold,roundlo,roundhi,sharplo,aper_stars,aper_fact,aper_center,aper_ellip,aper_pa,dr,View,area_segmap_pix,area_psf_pix,ratio_segmap_psf,flag_area,flag_area_th,SN_gal,bck,ratio_SN_gal,flag_SN,flag_SN_th,perc_SN_flag,perc_20_SN_gal,perc_50_SN_gal,perc_80_SN_gal,flag_image,flag_bck,flag_object,flag_statmorph,index
519r,202.9177010754762,12.624299935877424,5000.0,0.0469,nan,6.732311102986312,14.86147410576998,27.49435161617342,227.54513151355485,228.06533860952263,35.54647169045107,44.44978319687769,14.910244587579236,17.786227604739842,0.5414158055273196,-1.9832272545478022,0.09438472476185922,-0.06666694091009817,0.19602546095848083,3.055396528571306,-0.05097433421955326,-0.0003356461296285942,0.01278898180029513,0.01932982068002796,0.010037390782357485,-0.0756746658672247,0.1324234955902865,0.10481241461826046,15.742254783043572,0.8945868791965103,319.85796585085893,320.02042503522523,0.30615042004987547,1.3723309728308963,0.0,0.0,0.27,0.34629548650952463,1.3778981,30.0,22.5,0.2,1.5,2.5,5.0,1.0,5.0,5.0,5.0,masking_sources,2.0,5.0,11.0,1.0,3.0,10.0,-0.5,0.5,0.2,5.0,0.5,10.0,0.0,0.0,10.0,Face-on,3559.0,20.5,174.0,0.0,3.0,0.03006,0.00482999999076128,6.2,0.0,3.0,50.0,3.7,6.2,17.1,0.0,0.0,0.0,0.0,519
