GAL,ra,dec,radvel,z,mag,r20,r50,r80,flux_c,flux_e,rpetro_c,rpetro_e,rhalf_c,rhalf_e,Gini,M20,F(G_M20),S(G_M20),SN_per_pixel,C,A,S,M,I,D,Ao,As,Ser_A,Ser_R,Ser_n,Ser_xc,Ser_yc,Ser_ellip,Ser_theta,flag_morph,flag_sersic,ima_sc_pix2arc,ima_sc_arc2kpc,psf_arcsec,size_image_phy_kpc,zp_ima,eta,petro_extent_cas,snr,area_min,debleding,area_min_deblend,skybox_x,skybox_y,sky_method,nsigma,npixels,dilate_size,mask_stars,fwhm,threshold,roundlo,roundhi,sharplo,aper_stars,aper_fact,aper_center,aper_ellip,aper_pa,dr,View,area_segmap_pix,area_psf_pix,ratio_segmap_psf,flag_area,flag_area_th,SN_gal,bck,ratio_SN_gal,flag_SN,flag_SN_th,perc_SN_flag,perc_20_SN_gal,perc_50_SN_gal,perc_80_SN_gal,flag_image,flag_bck,flag_object,flag_statmorph,index
25r,172.24206935423368,0.8789292441309146,5000.0,0.0199,nan,6.594090699979947,12.308652422613887,19.873486100829133,89.33344088110573,87.48650934875116,25.00501652943993,29.62942546145315,12.319067080329539,14.89966209573188,0.43050525044384413,-1.6238203504226083,-0.7036915074601042,-0.12651083076933692,0.18965613842010498,2.3955956947863384,-0.07479456536777161,-0.023805101903802906,0.0041265474552957355,0.0,0.06565530008266496,-0.18058686678355065,0.1652877493262454,0.07301330876059944,13.710173058197675,0.46255884603842595,319.5319586267179,318.334255081158,0.35949833959656413,1.08421100170531,2.0,0.0,0.27,0.34629548650952463,1.5451998,30.0,22.5,0.2,1.5,2.5,5.0,1.0,5.0,5.0,5.0,masking_sources,2.0,5.0,11.0,1.0,3.0,10.0,-0.5,0.5,0.2,5.0,0.5,10.0,0.0,0.0,10.0,Face-on,1890.0,25.7,73.5,0.0,3.0,0.02862,0.003010000102221966,9.5,0.0,3.0,50.0,4.4,9.5,22.1,0.0,0.0,0.0,0.0,25
