GAL,ra,dec,radvel,z,mag,r20,r50,r80,flux_c,flux_e,rpetro_c,rpetro_e,rhalf_c,rhalf_e,Gini,M20,F(G_M20),S(G_M20),SN_per_pixel,C,A,S,M,I,D,Ao,As,Ser_A,Ser_R,Ser_n,Ser_xc,Ser_yc,Ser_ellip,Ser_theta,flag_morph,flag_sersic,ima_sc_pix2arc,ima_sc_arc2kpc,psf_arcsec,size_image_phy_kpc,zp_ima,eta,petro_extent_cas,snr,area_min,debleding,area_min_deblend,skybox_x,skybox_y,sky_method,nsigma,npixels,dilate_size,mask_stars,fwhm,threshold,roundlo,roundhi,sharplo,aper_stars,aper_fact,aper_center,aper_ellip,aper_pa,dr,View,area_segmap_pix,area_psf_pix,ratio_segmap_psf,flag_area,flag_area_th,SN_gal,bck,ratio_SN_gal,flag_SN,flag_SN_th,perc_SN_flag,perc_20_SN_gal,perc_50_SN_gal,perc_80_SN_gal,flag_image,flag_bck,flag_object,flag_statmorph,index
684r,174.65110936620917,11.657900662417816,5000.0,0.0812,nan,6.250024521724006,12.725641387793445,21.665741694537004,132.4992501278874,132.414053456769,28.007775728924933,32.932680781999395,12.694803439267675,15.111492031873668,0.4790162731673395,-1.7787978187024602,-0.3561625594608646,-0.10002678636397586,0.20590883493423462,2.699459198838892,0.07475196315845108,-0.002747639683692029,0.007623007623007623,0.0021553555854405488,0.018060950355087802,0.09991676550084563,0.21359556272686395,0.09361753527849372,13.71148562524231,0.6045296637539885,319.61779425710915,319.92264559048186,0.3268623301189979,3.058257623880007,0.0,0.0,0.27,0.34629548650952463,1.1145239,30.0,22.5,0.2,1.5,2.5,5.0,1.0,5.0,5.0,5.0,masking_sources,2.0,5.0,11.0,1.0,3.0,10.0,-0.5,0.5,0.2,5.0,0.5,10.0,0.0,0.0,10.0,Face-on,1961.0,13.4,146.5,0.0,3.0,0.04113,0.005789999850094318,7.1,0.0,3.0,50.0,3.9,7.1,14.8,0.0,0.0,0.0,0.0,684
