GAL,ra,dec,radvel,z,mag,r20,r50,r80,flux_c,flux_e,rpetro_c,rpetro_e,rhalf_c,rhalf_e,Gini,M20,F(G_M20),S(G_M20),SN_per_pixel,C,A,S,M,I,D,Ao,As,Ser_A,Ser_R,Ser_n,Ser_xc,Ser_yc,Ser_ellip,Ser_theta,flag_morph,flag_sersic,ima_sc_pix2arc,ima_sc_arc2kpc,psf_arcsec,size_image_phy_kpc,zp_ima,eta,petro_extent_cas,snr,area_min,debleding,area_min_deblend,skybox_x,skybox_y,sky_method,nsigma,npixels,dilate_size,mask_stars,fwhm,threshold,roundlo,roundhi,sharplo,aper_stars,aper_fact,aper_center,aper_ellip,aper_pa,dr,View,area_segmap_pix,area_psf_pix,ratio_segmap_psf,flag_area,flag_area_th,SN_gal,bck,ratio_SN_gal,flag_SN,flag_SN_th,perc_SN_flag,perc_20_SN_gal,perc_50_SN_gal,perc_80_SN_gal,flag_image,flag_bck,flag_object,flag_statmorph,index
866r,174.56334139406513,-2.3287830640865645,5000.0,0.1102,nan,4.850633240445039,9.421522502610081,15.733900176704022,169.54860551670725,169.67208340407052,19.849613386016927,22.27081107211817,9.686572841710731,10.927078674173233,0.470343931084981,-1.6167609263343352,-0.5113822191796498,-0.08608927698634145,0.33102014660835266,2.5551897594758093,0.19243661885226504,0.044791012463634546,0.0021390374331550803,0.0,0.08127030770990765,0.20828420705256695,0.3891208752206432,0.20892626261127592,10.147436604033638,0.6386275565385955,320.34788491252726,319.63095884247866,0.26668682201590993,2.2545102974955618,0.0,0.0,0.27,0.34629548650952463,1.2764812,30.0,22.5,0.2,1.5,2.5,5.0,1.0,5.0,5.0,5.0,masking_sources,2.0,5.0,11.0,1.0,3.0,10.0,-0.5,0.5,0.2,5.0,0.5,10.0,0.0,0.0,10.0,Face-on,1867.0,17.6,106.4,0.0,3.0,0.0374,0.0033400000538676977,11.2,0.0,3.0,50.0,4.4,11.2,41.7,0.0,0.0,0.0,0.0,866
