GAL,ra,dec,radvel,z,mag,r20,r50,r80,flux_c,flux_e,rpetro_c,rpetro_e,rhalf_c,rhalf_e,Gini,M20,F(G_M20),S(G_M20),SN_per_pixel,C,A,S,M,I,D,Ao,As,Ser_A,Ser_R,Ser_n,Ser_xc,Ser_yc,Ser_ellip,Ser_theta,flag_morph,flag_sersic,ima_sc_pix2arc,ima_sc_arc2kpc,psf_arcsec,size_image_phy_kpc,zp_ima,eta,petro_extent_cas,snr,area_min,debleding,area_min_deblend,skybox_x,skybox_y,sky_method,nsigma,npixels,dilate_size,mask_stars,fwhm,threshold,roundlo,roundhi,sharplo,aper_stars,aper_fact,aper_center,aper_ellip,aper_pa,dr,View,area_segmap_pix,area_psf_pix,ratio_segmap_psf,flag_area,flag_area_th,SN_gal,bck,ratio_SN_gal,flag_SN,flag_SN_th,perc_SN_flag,perc_20_SN_gal,perc_50_SN_gal,perc_80_SN_gal,flag_image,flag_bck,flag_object,flag_statmorph,index
264r,55.05625571957646,-6.753648890236801,5000.0,0.0313,nan,2.3441861622384867,4.650724067876419,8.622934441519055,106.62219962112172,117.30636331558996,10.60543303015425,21.718814781409574,6.736167546733547,13.187278204826294,0.554841110549246,-1.778871796637842,0.019221652288792246,-0.024970480288906527,0.3971136212348938,2.8283149314366893,0.07683693198501985,0.06316225457021203,0.05249343832020997,0.019496216662323894,0.045806760226435074,0.43472968481149443,0.877200304807125,0.46668329953300947,4.571715583111515,1.9200474243472356,320.084998386156,319.7123968418248,0.34026438013503585,2.998586246879544,0.0,0.0,0.27,0.34629548650952463,1.3386799,30.0,22.5,0.2,1.5,2.5,5.0,1.0,5.0,5.0,5.0,masking_sources,2.0,5.0,11.0,1.0,3.0,10.0,-0.5,0.5,0.2,5.0,0.5,10.0,0.0,0.0,10.0,Face-on,1962.0,19.3,101.6,0.0,3.0,0.02309,0.0035500000230968,6.5,0.0,3.0,50.0,3.8,6.5,15.9,0.0,0.0,0.0,0.0,264
