GAL,ra,dec,radvel,z,mag,r20,r50,r80,flux_c,flux_e,rpetro_c,rpetro_e,rhalf_c,rhalf_e,Gini,M20,F(G_M20),S(G_M20),SN_per_pixel,C,A,S,M,I,D,Ao,As,Ser_A,Ser_R,Ser_n,Ser_xc,Ser_yc,Ser_ellip,Ser_theta,flag_morph,flag_sersic,ima_sc_pix2arc,ima_sc_arc2kpc,psf_arcsec,size_image_phy_kpc,zp_ima,eta,petro_extent_cas,snr,area_min,debleding,area_min_deblend,skybox_x,skybox_y,sky_method,nsigma,npixels,dilate_size,mask_stars,fwhm,threshold,roundlo,roundhi,sharplo,aper_stars,aper_fact,aper_center,aper_ellip,aper_pa,dr,View,area_segmap_pix,area_psf_pix,ratio_segmap_psf,flag_area,flag_area_th,SN_gal,bck,ratio_SN_gal,flag_SN,flag_SN_th,perc_SN_flag,perc_20_SN_gal,perc_50_SN_gal,perc_80_SN_gal,flag_image,flag_bck,flag_object,flag_statmorph,index
1074r,160.53793395117447,2.770392617080891,5000.0,0.0933,nan,3.3421526725528525,6.640595492678001,11.568490648976532,157.81003440145236,157.85499576475672,14.713729274772858,15.477747292797572,6.829499217512131,7.1747352764464845,0.4849201351035289,-1.7627703801744508,-0.3380454577766372,-0.09195414909175509,0.41015395522117615,2.6962520744741987,0.06859727830776186,-0.0035783761758517974,0.0,0.0,0.01818175400563238,0.096310803286839,0.23658595459544354,0.3656633597601416,6.325759903110492,0.9237817764563178,319.8817090217011,320.10113669185495,0.10026738452863006,1.2075640666328429,0.0,0.0,0.27,0.34629548650952463,1.3794051,30.0,22.5,0.2,1.5,2.5,5.0,1.0,5.0,5.0,5.0,masking_sources,2.0,5.0,11.0,1.0,3.0,10.0,-0.5,0.5,0.2,5.0,0.5,10.0,0.0,0.0,10.0,Face-on,1350.0,20.5,65.9,0.0,3.0,0.04125,0.0032099999953061342,12.9,0.0,3.0,50.0,4.7,12.9,48.6,0.0,0.0,0.0,0.0,1074
