GAL,ra,dec,radvel,z,mag,r20,r50,r80,flux_c,flux_e,rpetro_c,rpetro_e,rhalf_c,rhalf_e,Gini,M20,F(G_M20),S(G_M20),SN_per_pixel,C,A,S,M,I,D,Ao,As,Ser_A,Ser_R,Ser_n,Ser_xc,Ser_yc,Ser_ellip,Ser_theta,flag_morph,flag_sersic,ima_sc_pix2arc,ima_sc_arc2kpc,psf_arcsec,size_image_phy_kpc,zp_ima,eta,petro_extent_cas,snr,area_min,debleding,area_min_deblend,skybox_x,skybox_y,sky_method,nsigma,npixels,dilate_size,mask_stars,fwhm,threshold,roundlo,roundhi,sharplo,aper_stars,aper_fact,aper_center,aper_ellip,aper_pa,dr,View,area_segmap_pix,area_psf_pix,ratio_segmap_psf,flag_area,flag_area_th,SN_gal,bck,ratio_SN_gal,flag_SN,flag_SN_th,perc_SN_flag,perc_20_SN_gal,perc_50_SN_gal,perc_80_SN_gal,flag_image,flag_bck,flag_object,flag_statmorph,index
411r,127.75217078899976,3.9528146147413223,5000.0,0.049,nan,9.26828995986702,19.903727193410194,35.07955020376423,145.347512760413,145.11806238786303,47.96235657791235,53.46801865721931,19.729107191814407,24.76521219659043,0.5024811161013762,-1.7677982177921714,-0.2476343103682126,-0.07526764733274938,0.1421179473400116,2.890272019144441,0.11601555765052714,-0.03939865886847991,0.0640542577241899,0.0752890593079594,0.057037313485850345,0.1489063326382517,0.1707181244842291,0.041216238642459956,19.34202285201111,0.6852888198047257,319.24786015710436,319.0855432431285,0.2782682256422985,2.515745610346986,0.0,0.0,0.27,0.34629548650952463,1.2587895,30.0,22.5,0.2,1.5,2.5,5.0,1.0,5.0,5.0,5.0,masking_sources,2.0,5.0,11.0,1.0,3.0,10.0,-0.5,0.5,0.2,5.0,0.5,10.0,0.0,0.0,10.0,Face-on,3374.0,17.1,197.6,0.0,3.0,0.02643,0.00443999981507659,6.0,0.0,3.0,50.0,3.9,6.0,10.2,0.0,0.0,0.0,0.0,411
