GAL,ra,dec,radvel,z,mag,r20,r50,r80,flux_c,flux_e,rpetro_c,rpetro_e,rhalf_c,rhalf_e,Gini,M20,F(G_M20),S(G_M20),SN_per_pixel,C,A,S,M,I,D,Ao,As,Ser_A,Ser_R,Ser_n,Ser_xc,Ser_yc,Ser_ellip,Ser_theta,flag_morph,flag_sersic,ima_sc_pix2arc,ima_sc_arc2kpc,psf_arcsec,size_image_phy_kpc,zp_ima,eta,petro_extent_cas,snr,area_min,debleding,area_min_deblend,skybox_x,skybox_y,sky_method,nsigma,npixels,dilate_size,mask_stars,fwhm,threshold,roundlo,roundhi,sharplo,aper_stars,aper_fact,aper_center,aper_ellip,aper_pa,dr,View,area_segmap_pix,area_psf_pix,ratio_segmap_psf,flag_area,flag_area_th,SN_gal,bck,ratio_SN_gal,flag_SN,flag_SN_th,perc_SN_flag,perc_20_SN_gal,perc_50_SN_gal,perc_80_SN_gal,flag_image,flag_bck,flag_object,flag_statmorph,index
558r,214.08902369556665,4.3694436103339,5000.0,0.0796,nan,5.279212368594497,9.889928064820399,15.68084925900879,100.09397699443917,100.4548384575051,19.827971735038595,22.625670072319252,9.880479747375,11.221723394114951,0.42591254271950857,-1.6473547012881458,-0.7101161055457474,-0.1343288861867388,0.25400036573410034,2.36400223539709,0.06530085954088745,0.0484821713478465,0.012987012987012988,0.004043289903049301,0.040051513492834846,0.07790838397703431,0.14675370546522284,0.1284429382742661,10.422212161906963,0.4365570220399698,319.5020173706844,320.3927377978707,0.24398798954482548,1.9689023060890194,0.0,0.0,0.27,0.34629548650952463,1.1449033,30.0,22.5,0.2,1.5,2.5,5.0,1.0,5.0,5.0,5.0,masking_sources,2.0,5.0,11.0,1.0,3.0,10.0,-0.5,0.5,0.2,5.0,0.5,10.0,0.0,0.0,10.0,Face-on,1318.0,14.1,93.3,0.0,3.0,0.05035,0.004769999999552965,10.6,0.0,3.0,50.0,4.5,10.6,24.8,0.0,0.0,0.0,0.0,558
