GAL,ra,dec,radvel,z,mag,r20,r50,r80,flux_c,flux_e,rpetro_c,rpetro_e,rhalf_c,rhalf_e,Gini,M20,F(G_M20),S(G_M20),SN_per_pixel,C,A,S,M,I,D,Ao,As,Ser_A,Ser_R,Ser_n,Ser_xc,Ser_yc,Ser_ellip,Ser_theta,flag_morph,flag_sersic,ima_sc_pix2arc,ima_sc_arc2kpc,psf_arcsec,size_image_phy_kpc,zp_ima,eta,petro_extent_cas,snr,area_min,debleding,area_min_deblend,skybox_x,skybox_y,sky_method,nsigma,npixels,dilate_size,mask_stars,fwhm,threshold,roundlo,roundhi,sharplo,aper_stars,aper_fact,aper_center,aper_ellip,aper_pa,dr,View,area_segmap_pix,area_psf_pix,ratio_segmap_psf,flag_area,flag_area_th,SN_gal,bck,ratio_SN_gal,flag_SN,flag_SN_th,perc_SN_flag,perc_20_SN_gal,perc_50_SN_gal,perc_80_SN_gal,flag_image,flag_bck,flag_object,flag_statmorph,index
8r,191.4905611968859,1.2980339986010663,5000.0,0.0173,nan,2.4748034729821087,4.818864528257358,8.538016384940898,92.83990473418282,93.07567910048367,10.717141681222301,12.90990296313013,5.143167298642687,6.190750491477476,0.49784289427440886,-1.6753801401438035,-0.33463923622201985,-0.06701337414832392,0.43285661935806274,2.6890813354746648,0.08174944857881453,0.06706858774118976,0.0,0.0,0.04502752298248827,0.010484221430695757,0.1795395681456762,0.37065447961267706,5.460449557658055,1.3354208907881582,320.3678804277994,319.92079468272016,0.3852582720950809,0.3535481704952289,0.0,0.0,0.27,0.34629548650952463,1.1178762,30.0,22.5,0.2,1.5,2.5,5.0,1.0,5.0,5.0,5.0,masking_sources,2.0,5.0,11.0,1.0,3.0,10.0,-0.5,0.5,0.2,5.0,0.5,10.0,0.0,0.0,10.0,Face-on,1504.0,13.5,111.7,0.0,3.0,0.01133,0.0010000000474974513,11.3,0.0,3.0,50.0,4.6,11.3,57.5,0.0,0.0,0.0,0.0,8
