GAL,ra,dec,radvel,z,mag,r20,r50,r80,flux_c,flux_e,rpetro_c,rpetro_e,rhalf_c,rhalf_e,Gini,M20,F(G_M20),S(G_M20),SN_per_pixel,C,A,S,M,I,D,Ao,As,Ser_A,Ser_R,Ser_n,Ser_xc,Ser_yc,Ser_ellip,Ser_theta,flag_morph,flag_sersic,ima_sc_pix2arc,ima_sc_arc2kpc,psf_arcsec,size_image_phy_kpc,zp_ima,eta,petro_extent_cas,snr,area_min,debleding,area_min_deblend,skybox_x,skybox_y,sky_method,nsigma,npixels,dilate_size,mask_stars,fwhm,threshold,roundlo,roundhi,sharplo,aper_stars,aper_fact,aper_center,aper_ellip,aper_pa,dr,View,area_segmap_pix,area_psf_pix,ratio_segmap_psf,flag_area,flag_area_th,SN_gal,bck,ratio_SN_gal,flag_SN,flag_SN_th,perc_SN_flag,perc_20_SN_gal,perc_50_SN_gal,perc_80_SN_gal,flag_image,flag_bck,flag_object,flag_statmorph,index
1171r,209.2228692261677,-2.6478550931080767,5000.0,0.0121,nan,9.553839055675946,19.830926104373788,34.288323897034594,135.78852985814632,137.36574002747145,42.403544352582834,75.31807647538118,20.38944202928921,30.655861080658635,0.5516335844368916,-1.6350757925805188,-0.0963062327790869,-0.008158286576169516,0.14030465483665466,2.7748416765766484,0.035622384021274246,0.047637204198976026,0.006831767719897523,0.9575512923811429,0.06380356654791924,0.057550987450045304,0.3509854158790371,0.061842803743464306,24.624234846691685,0.49846620398522307,320.27732552940574,320.0665858861892,0.6890299922372387,2.8915896572180224,0.0,0.0,0.27,0.34629548650952463,1.5124003,30.0,22.5,0.2,1.5,2.5,5.0,1.0,5.0,5.0,5.0,masking_sources,2.0,5.0,11.0,1.0,3.0,10.0,-0.5,0.5,0.2,5.0,0.5,10.0,0.0,0.0,10.0,Edge-on,2192.0,24.6,88.9,0.0,3.0,0.03754,0.006130000110715628,6.1,0.0,3.0,50.0,3.7,6.1,11.3,0.0,0.0,0.0,0.0,1171
