GAL,ra,dec,radvel,z,mag,r20,r50,r80,flux_c,flux_e,rpetro_c,rpetro_e,rhalf_c,rhalf_e,Gini,M20,F(G_M20),S(G_M20),SN_per_pixel,C,A,S,M,I,D,Ao,As,Ser_A,Ser_R,Ser_n,Ser_xc,Ser_yc,Ser_ellip,Ser_theta,flag_morph,flag_sersic,ima_sc_pix2arc,ima_sc_arc2kpc,psf_arcsec,size_image_phy_kpc,zp_ima,eta,petro_extent_cas,snr,area_min,debleding,area_min_deblend,skybox_x,skybox_y,sky_method,nsigma,npixels,dilate_size,mask_stars,fwhm,threshold,roundlo,roundhi,sharplo,aper_stars,aper_fact,aper_center,aper_ellip,aper_pa,dr,View,area_segmap_pix,area_psf_pix,ratio_segmap_psf,flag_area,flag_area_th,SN_gal,bck,ratio_SN_gal,flag_SN,flag_SN_th,perc_SN_flag,perc_20_SN_gal,perc_50_SN_gal,perc_80_SN_gal,flag_image,flag_bck,flag_object,flag_statmorph,index
948r,199.59669142511888,-2.309413962398116,5000.0,0.1602,nan,3.062668878250117,6.222904895339925,10.717092047136225,87.48306334293736,87.48102340119996,13.551744928592692,13.950730806946499,6.316783642108171,6.459667107004309,0.49390841945688896,-1.795367627824336,-0.27096355760613466,-0.08758676500526269,0.32813823223114014,2.719884576961711,0.07934597227286763,0.0014078019180609191,0.008771929824561403,0.0,0.03147572961933612,0.1096896310820687,0.25788417619237197,0.25379965764848245,5.488504803384956,0.8776436496568246,319.7000422423972,320.3817280226473,0.06243946244071926,2.555855387195134,0.0,0.0,0.27,0.34629548650952463,1.3364124,30.0,22.5,0.2,1.5,2.5,5.0,1.0,5.0,5.0,5.0,masking_sources,2.0,5.0,11.0,1.0,3.0,10.0,-0.5,0.5,0.2,5.0,0.5,10.0,0.0,0.0,10.0,Face-on,860.0,19.2,44.7,0.0,3.0,0.04326,0.005059999879449606,8.6,0.0,3.0,50.0,4.1,8.6,27.5,0.0,0.0,0.0,0.0,948
