GAL,ra,dec,radvel,z,mag,r20,r50,r80,flux_c,flux_e,rpetro_c,rpetro_e,rhalf_c,rhalf_e,Gini,M20,F(G_M20),S(G_M20),SN_per_pixel,C,A,S,M,I,D,Ao,As,Ser_A,Ser_R,Ser_n,Ser_xc,Ser_yc,Ser_ellip,Ser_theta,flag_morph,flag_sersic,ima_sc_pix2arc,ima_sc_arc2kpc,psf_arcsec,size_image_phy_kpc,zp_ima,eta,petro_extent_cas,snr,area_min,debleding,area_min_deblend,skybox_x,skybox_y,sky_method,nsigma,npixels,dilate_size,mask_stars,fwhm,threshold,roundlo,roundhi,sharplo,aper_stars,aper_fact,aper_center,aper_ellip,aper_pa,dr,View,area_segmap_pix,area_psf_pix,ratio_segmap_psf,flag_area,flag_area_th,SN_gal,bck,ratio_SN_gal,flag_SN,flag_SN_th,perc_SN_flag,perc_20_SN_gal,perc_50_SN_gal,perc_80_SN_gal,flag_image,flag_bck,flag_object,flag_statmorph,index
1152r,133.02008184096704,30.155995492826527,5000.0,0.1248,nan,3.008598422724277,6.069033023147127,10.868571363568725,126.40584987609333,126.46910009938179,13.337783898981684,14.73089055014844,6.558354640582939,7.226628959786819,0.5037746483180716,-1.791228184601626,-0.22499435889661878,-0.07724381582473516,0.39011913537979126,2.789041189147068,-0.012798448857570534,-0.01151919180899821,0.0,0.0,0.00859426296699557,-0.09842104760884668,0.1766941394194089,0.3108248550010637,5.992034997001992,1.3948580343766985,319.97006500197347,319.92302790481625,0.2140421412837493,1.1182423527016696,0.0,0.0,0.27,0.34629548650952463,1.4787754,30.0,22.5,0.2,1.5,2.5,5.0,1.0,5.0,5.0,5.0,masking_sources,2.0,5.0,11.0,1.0,3.0,10.0,-0.5,0.5,0.2,5.0,0.5,10.0,0.0,0.0,10.0,Face-on,1273.0,23.6,54.0,0.0,3.0,0.03168,0.004600000102072954,6.9,0.0,3.0,50.0,3.6,6.9,25.6,0.0,0.0,0.0,0.0,1152
