GAL,ra,dec,radvel,z,mag,r20,r50,r80,flux_c,flux_e,rpetro_c,rpetro_e,rhalf_c,rhalf_e,Gini,M20,F(G_M20),S(G_M20),SN_per_pixel,C,A,S,M,I,D,Ao,As,Ser_A,Ser_R,Ser_n,Ser_xc,Ser_yc,Ser_ellip,Ser_theta,flag_morph,flag_sersic,ima_sc_pix2arc,ima_sc_arc2kpc,psf_arcsec,size_image_phy_kpc,zp_ima,eta,petro_extent_cas,snr,area_min,debleding,area_min_deblend,skybox_x,skybox_y,sky_method,nsigma,npixels,dilate_size,mask_stars,fwhm,threshold,roundlo,roundhi,sharplo,aper_stars,aper_fact,aper_center,aper_ellip,aper_pa,dr,View,area_segmap_pix,area_psf_pix,ratio_segmap_psf,flag_area,flag_area_th,SN_gal,bck,ratio_SN_gal,flag_SN,flag_SN_th,perc_SN_flag,perc_20_SN_gal,perc_50_SN_gal,perc_80_SN_gal,flag_image,flag_bck,flag_object,flag_statmorph,index
815r,343.00496731100503,-9.902422421435931,5000.0,0.0852,nan,5.156610305792377,10.476259529003329,16.895410156207888,128.34931657053818,128.1126098772166,21.509941654325996,28.222906273263018,10.704949691916719,13.812137618960714,0.46862874868885324,-1.6745042116952114,-0.4798562752853952,-0.09581362422366971,0.2744545042514801,2.577022135070086,0.0304201190545694,-0.00449109297423271,0.022970903522205207,0.017832817920051185,0.04275786444410736,0.06483725009763928,0.2624845130149615,0.16288185405954989,12.173845613329737,0.5226636800911255,320.0748939591838,319.8261008534834,0.4967048568374856,2.0762160824471505,0.0,0.0,0.27,0.34629548650952463,1.3150855,30.0,22.5,0.2,1.5,2.5,5.0,1.0,5.0,5.0,5.0,masking_sources,2.0,5.0,11.0,1.0,3.0,10.0,-0.5,0.5,0.2,5.0,0.5,10.0,0.0,0.0,10.0,Face-on,1521.0,18.6,81.6,0.0,3.0,0.0436,0.005169999785721302,8.4,0.0,3.0,50.0,4.0,8.4,25.1,0.0,0.0,0.0,0.0,815
