GAL,ra,dec,radvel,z,mag,r20,r50,r80,flux_c,flux_e,rpetro_c,rpetro_e,rhalf_c,rhalf_e,Gini,M20,F(G_M20),S(G_M20),SN_per_pixel,C,A,S,M,I,D,Ao,As,Ser_A,Ser_R,Ser_n,Ser_xc,Ser_yc,Ser_ellip,Ser_theta,flag_morph,flag_sersic,ima_sc_pix2arc,ima_sc_arc2kpc,psf_arcsec,size_image_phy_kpc,zp_ima,eta,petro_extent_cas,snr,area_min,debleding,area_min_deblend,skybox_x,skybox_y,sky_method,nsigma,npixels,dilate_size,mask_stars,fwhm,threshold,roundlo,roundhi,sharplo,aper_stars,aper_fact,aper_center,aper_ellip,aper_pa,dr,View,area_segmap_pix,area_psf_pix,ratio_segmap_psf,flag_area,flag_area_th,SN_gal,bck,ratio_SN_gal,flag_SN,flag_SN_th,perc_SN_flag,perc_20_SN_gal,perc_50_SN_gal,perc_80_SN_gal,flag_image,flag_bck,flag_object,flag_statmorph,index
557r,215.07205360077523,0.7585652327803835,5000.0,0.055,nan,2.6845739332060323,5.904881591846857,11.384665199318816,97.817382133855,98.06215410357359,14.238957247451646,16.433397782016705,6.629570366596109,7.667293817121857,0.5265777937254816,-1.91397121444615,-0.027057869447683736,-0.07172998301978806,0.3209110498428345,3.137224472246672,0.009447047393165138,-0.0029737240327728206,0.0,0.0,0.0034499374146029775,0.009439902970778775,0.3125627710273224,0.21126514939266175,6.372090039234905,1.6341769317288883,319.9954167318544,319.9976904049382,0.2563905689782906,2.6067228987786364,0.0,0.0,0.27,0.34629548650952463,1.3398485,30.0,22.5,0.2,1.5,2.5,5.0,1.0,5.0,5.0,5.0,masking_sources,2.0,5.0,11.0,1.0,3.0,10.0,-0.5,0.5,0.2,5.0,0.5,10.0,0.0,0.0,10.0,Face-on,1734.0,19.3,89.7,0.0,3.0,0.01459,0.0017000000225380063,8.6,0.0,3.0,50.0,4.2,8.6,37.3,0.0,0.0,0.0,0.0,557
