GAL,ra,dec,radvel,z,mag,r20,r50,r80,flux_c,flux_e,rpetro_c,rpetro_e,rhalf_c,rhalf_e,Gini,M20,F(G_M20),S(G_M20),SN_per_pixel,C,A,S,M,I,D,Ao,As,Ser_A,Ser_R,Ser_n,Ser_xc,Ser_yc,Ser_ellip,Ser_theta,flag_morph,flag_sersic,ima_sc_pix2arc,ima_sc_arc2kpc,psf_arcsec,size_image_phy_kpc,zp_ima,eta,petro_extent_cas,snr,area_min,debleding,area_min_deblend,skybox_x,skybox_y,sky_method,nsigma,npixels,dilate_size,mask_stars,fwhm,threshold,roundlo,roundhi,sharplo,aper_stars,aper_fact,aper_center,aper_ellip,aper_pa,dr,View,area_segmap_pix,area_psf_pix,ratio_segmap_psf,flag_area,flag_area_th,SN_gal,bck,ratio_SN_gal,flag_SN,flag_SN_th,perc_SN_flag,perc_20_SN_gal,perc_50_SN_gal,perc_80_SN_gal,flag_image,flag_bck,flag_object,flag_statmorph,index
1104r,218.77433317368028,5.026715040938084,5000.0,0.0862,nan,2.154805679380327,4.525433531758683,9.16881358290045,90.85047723429594,91.024802718003,11.481116445125545,12.400847819253075,4.843090385053977,5.204172268425729,0.5598903224392597,-1.8457687391165456,0.09057483228210206,-0.029270435522332716,0.3691661059856415,3.1445251567962416,0.017197161298214317,0.05988148090495925,0.005405405405405406,0.0,0.004665571977912602,0.03194252144498502,0.1788493308578113,0.3635657038829966,4.13430457628039,1.6614454773919036,320.00029940008284,319.9986181175517,0.1303861154896251,0.0659448063514675,0.0,0.0,0.27,0.34629548650952463,1.1997247,30.0,22.5,0.2,1.5,2.5,5.0,1.0,5.0,5.0,5.0,masking_sources,2.0,5.0,11.0,1.0,3.0,10.0,-0.5,0.5,0.2,5.0,0.5,10.0,0.0,0.0,10.0,Face-on,779.0,15.5,50.2,0.0,3.0,0.04053,0.005400000140070915,7.5,0.0,3.0,50.0,3.9,7.5,21.0,0.0,0.0,0.0,0.0,1104
