GAL,ra,dec,radvel,z,mag,r20,r50,r80,flux_c,flux_e,rpetro_c,rpetro_e,rhalf_c,rhalf_e,Gini,M20,F(G_M20),S(G_M20),SN_per_pixel,C,A,S,M,I,D,Ao,As,Ser_A,Ser_R,Ser_n,Ser_xc,Ser_yc,Ser_ellip,Ser_theta,flag_morph,flag_sersic,ima_sc_pix2arc,ima_sc_arc2kpc,psf_arcsec,size_image_phy_kpc,zp_ima,eta,petro_extent_cas,snr,area_min,debleding,area_min_deblend,skybox_x,skybox_y,sky_method,nsigma,npixels,dilate_size,mask_stars,fwhm,threshold,roundlo,roundhi,sharplo,aper_stars,aper_fact,aper_center,aper_ellip,aper_pa,dr,View,area_segmap_pix,area_psf_pix,ratio_segmap_psf,flag_area,flag_area_th,SN_gal,bck,ratio_SN_gal,flag_SN,flag_SN_th,perc_SN_flag,perc_20_SN_gal,perc_50_SN_gal,perc_80_SN_gal,flag_image,flag_bck,flag_object,flag_statmorph,index
578r,208.10566156934115,-3.092832399269132,5000.0,0.075,nan,4.441935566603347,10.10926194963016,21.165344308332713,128.99645034801583,117.96871739603401,27.650967397003388,33.09052172381168,12.546695897589567,18.61694943849869,0.5303216232608723,-1.8568972870644205,-0.048078144923038746,-0.06009031587369096,0.23628011345863342,3.390265416319571,0.14662165285178835,0.03691852634641085,0.003703703703703704,0.0,0.08778904728814418,0.3587332337317613,0.7348873157782788,0.15652978057629327,10.928559267566438,0.937808122529403,321.19366758531174,319.2761163613262,0.56943064991542,2.1309200060907614,1.0,0.0,0.27,0.34629548650952463,1.4747436,30.0,22.5,0.2,1.5,2.5,5.0,1.0,5.0,5.0,5.0,masking_sources,2.0,5.0,11.0,1.0,3.0,10.0,-0.5,0.5,0.2,5.0,0.5,10.0,0.0,0.0,10.0,Edge-on,1732.0,23.4,73.9,0.0,3.0,0.03343,0.004019999876618385,8.3,0.0,3.0,50.0,3.9,8.3,20.7,0.0,0.0,0.0,0.0,578
