GAL,ra,dec,radvel,z,mag,r20,r50,r80,flux_c,flux_e,rpetro_c,rpetro_e,rhalf_c,rhalf_e,Gini,M20,F(G_M20),S(G_M20),SN_per_pixel,C,A,S,M,I,D,Ao,As,Ser_A,Ser_R,Ser_n,Ser_xc,Ser_yc,Ser_ellip,Ser_theta,flag_morph,flag_sersic,ima_sc_pix2arc,ima_sc_arc2kpc,psf_arcsec,size_image_phy_kpc,zp_ima,eta,petro_extent_cas,snr,area_min,debleding,area_min_deblend,skybox_x,skybox_y,sky_method,nsigma,npixels,dilate_size,mask_stars,fwhm,threshold,roundlo,roundhi,sharplo,aper_stars,aper_fact,aper_center,aper_ellip,aper_pa,dr,View,area_segmap_pix,area_psf_pix,ratio_segmap_psf,flag_area,flag_area_th,SN_gal,bck,ratio_SN_gal,flag_SN,flag_SN_th,perc_SN_flag,perc_20_SN_gal,perc_50_SN_gal,perc_80_SN_gal,flag_image,flag_bck,flag_object,flag_statmorph,index
776r,160.33536884516727,1.0601179976543211,5000.0,0.0724,nan,1.9904221269489963,4.098063302981443,8.002834250780012,100.89415451211576,101.41799221009525,9.926769582057876,12.839982309708075,4.36392579085184,5.461876673015269,0.5442400267101305,-1.8725626169293346,0.03167402574717482,-0.04848857731014833,0.4517410099506378,3.0214931560661293,0.030522050649512522,0.06128276881526019,0.0,0.0,0.07169682305339661,0.04459175968240009,0.17185558019090427,0.6502232054265717,4.096428398990937,1.5582489166976723,320.39094417499973,319.896248726107,0.3999157917085426,0.8286596755831339,0.0,0.0,0.27,0.34629548650952463,1.2526844,30.0,22.5,0.2,1.5,2.5,5.0,1.0,5.0,5.0,5.0,masking_sources,2.0,5.0,11.0,1.0,3.0,10.0,-0.5,0.5,0.2,5.0,0.5,10.0,0.0,0.0,10.0,Face-on,839.0,16.9,49.6,0.0,3.0,0.03571,0.0032999999821186066,10.8,0.0,3.0,50.0,4.3,10.8,38.3,0.0,0.0,0.0,0.0,776
