GAL,ra,dec,radvel,z,mag,r20,r50,r80,flux_c,flux_e,rpetro_c,rpetro_e,rhalf_c,rhalf_e,Gini,M20,F(G_M20),S(G_M20),SN_per_pixel,C,A,S,M,I,D,Ao,As,Ser_A,Ser_R,Ser_n,Ser_xc,Ser_yc,Ser_ellip,Ser_theta,flag_morph,flag_sersic,ima_sc_pix2arc,ima_sc_arc2kpc,psf_arcsec,size_image_phy_kpc,zp_ima,eta,petro_extent_cas,snr,area_min,debleding,area_min_deblend,skybox_x,skybox_y,sky_method,nsigma,npixels,dilate_size,mask_stars,fwhm,threshold,roundlo,roundhi,sharplo,aper_stars,aper_fact,aper_center,aper_ellip,aper_pa,dr,View,area_segmap_pix,area_psf_pix,ratio_segmap_psf,flag_area,flag_area_th,SN_gal,bck,ratio_SN_gal,flag_SN,flag_SN_th,perc_SN_flag,perc_20_SN_gal,perc_50_SN_gal,perc_80_SN_gal,flag_image,flag_bck,flag_object,flag_statmorph,index
361r,348.8561466556366,-0.4443613794341895,5000.0,0.0553,nan,6.199772519545066,12.821504283161529,25.35450229176774,100.71124729161023,99.43478199567225,32.17033613583377,45.442599306228246,13.274096578713209,20.546868031149,0.5327777684392777,-1.8466835150780374,-0.04299837027649511,-0.05623901784096225,0.168172687292099,3.0583966750427867,0.054271048651786315,0.032872697971657296,0.04927007299270073,0.10948362296008358,0.050908613478553265,-0.0042067693919533135,0.2758050839042714,0.06863337386409828,17.92427220045856,0.6429674591283652,320.27796981777453,320.0422608771635,0.5853730441119893,2.96939555917401,0.0,0.0,0.27,0.34629548650952463,1.1947652,30.0,22.5,0.2,1.5,2.5,5.0,1.0,5.0,5.0,5.0,masking_sources,2.0,5.0,11.0,1.0,3.0,10.0,-0.5,0.5,0.2,5.0,0.5,10.0,0.0,0.0,10.0,Edge-on,2889.0,15.4,187.9,0.0,3.0,0.01719,0.0017999999690800905,9.5,0.0,3.0,50.0,4.7,9.5,26.0,0.0,0.0,0.0,0.0,361
