GAL,ra,dec,radvel,z,mag,r20,r50,r80,flux_c,flux_e,rpetro_c,rpetro_e,rhalf_c,rhalf_e,Gini,M20,F(G_M20),S(G_M20),SN_per_pixel,C,A,S,M,I,D,Ao,As,Ser_A,Ser_R,Ser_n,Ser_xc,Ser_yc,Ser_ellip,Ser_theta,flag_morph,flag_sersic,ima_sc_pix2arc,ima_sc_arc2kpc,psf_arcsec,size_image_phy_kpc,zp_ima,eta,petro_extent_cas,snr,area_min,debleding,area_min_deblend,skybox_x,skybox_y,sky_method,nsigma,npixels,dilate_size,mask_stars,fwhm,threshold,roundlo,roundhi,sharplo,aper_stars,aper_fact,aper_center,aper_ellip,aper_pa,dr,View,area_segmap_pix,area_psf_pix,ratio_segmap_psf,flag_area,flag_area_th,SN_gal,bck,ratio_SN_gal,flag_SN,flag_SN_th,perc_SN_flag,perc_20_SN_gal,perc_50_SN_gal,perc_80_SN_gal,flag_image,flag_bck,flag_object,flag_statmorph,index
177r,359.0383394905078,-0.4082090102026764,5000.0,0.0256,nan,12.032445183022949,26.88692505880988,49.55345998222553,250.3383719425851,250.57310631784347,64.72345621655666,68.06874955323528,27.067772354016146,28.762774473495444,0.5601651596742885,-1.7352728372262889,0.015361616585546578,-0.013639416296908569,0.11604255437850952,3.0736004595452684,0.1243807196424377,0.008147101830157547,0.046417305092383954,0.059299744757708356,0.0596407739797818,0.06337453458530348,0.4220755791857669,0.036175741963783606,21.944615252675817,0.8597076752756643,318.72694553995666,317.09969062370965,0.10590496553561508,0.45281079153979076,0.0,0.0,0.27,0.34629548650952463,1.284904,30.0,22.5,0.2,1.5,2.5,5.0,1.0,5.0,5.0,5.0,masking_sources,2.0,5.0,11.0,1.0,3.0,10.0,-0.5,0.5,0.2,5.0,0.5,10.0,0.0,0.0,10.0,Face-on,8478.0,17.8,476.6,0.0,3.0,0.01494,0.0021100000012665987,7.1,0.0,3.0,50.0,4.2,7.1,15.1,0.0,0.0,0.0,0.0,177
