GAL,ra,dec,radvel,z,mag,r20,r50,r80,flux_c,flux_e,rpetro_c,rpetro_e,rhalf_c,rhalf_e,Gini,M20,F(G_M20),S(G_M20),SN_per_pixel,C,A,S,M,I,D,Ao,As,Ser_A,Ser_R,Ser_n,Ser_xc,Ser_yc,Ser_ellip,Ser_theta,flag_morph,flag_sersic,ima_sc_pix2arc,ima_sc_arc2kpc,psf_arcsec,size_image_phy_kpc,zp_ima,eta,petro_extent_cas,snr,area_min,debleding,area_min_deblend,skybox_x,skybox_y,sky_method,nsigma,npixels,dilate_size,mask_stars,fwhm,threshold,roundlo,roundhi,sharplo,aper_stars,aper_fact,aper_center,aper_ellip,aper_pa,dr,View,area_segmap_pix,area_psf_pix,ratio_segmap_psf,flag_area,flag_area_th,SN_gal,bck,ratio_SN_gal,flag_SN,flag_SN_th,perc_SN_flag,perc_20_SN_gal,perc_50_SN_gal,perc_80_SN_gal,flag_image,flag_bck,flag_object,flag_statmorph,index
624r,162.03955507410126,7.826757919119849,5000.0,0.0532,nan,2.4148651592606303,4.628199383834571,7.966694482647846,129.32444589451396,129.09983445679978,10.057292793919297,12.247693351050007,4.781025287720585,5.983382171941815,0.47203940949562684,-1.6941514523098473,-0.44935796654592286,-0.09516803647039826,0.5752732157707214,2.5919263843272566,0.009239379758435303,0.06705221687132094,0.0,0.0,0.06563212891392696,-0.0129858694328085,0.14105895147353492,0.8515958673588826,5.065142465916499,1.0012943812442445,320.5736445291044,320.3092416277758,0.5198390121798578,1.4641900369505947,0.0,0.0,0.27,0.34629548650952463,1.3352045,30.0,22.5,0.2,1.5,2.5,5.0,1.0,5.0,5.0,5.0,masking_sources,2.0,5.0,11.0,1.0,3.0,10.0,-0.5,0.5,0.2,5.0,0.5,10.0,0.0,0.0,10.0,Edge-on,671.0,19.2,34.9,0.0,3.0,0.05769,0.005150000099092722,11.2,0.0,3.0,50.0,4.3,11.2,51.2,0.0,0.0,0.0,0.0,624
