GAL,ra,dec,radvel,z,mag,r20,r50,r80,flux_c,flux_e,rpetro_c,rpetro_e,rhalf_c,rhalf_e,Gini,M20,F(G_M20),S(G_M20),SN_per_pixel,C,A,S,M,I,D,Ao,As,Ser_A,Ser_R,Ser_n,Ser_xc,Ser_yc,Ser_ellip,Ser_theta,flag_morph,flag_sersic,ima_sc_pix2arc,ima_sc_arc2kpc,psf_arcsec,size_image_phy_kpc,zp_ima,eta,petro_extent_cas,snr,area_min,debleding,area_min_deblend,skybox_x,skybox_y,sky_method,nsigma,npixels,dilate_size,mask_stars,fwhm,threshold,roundlo,roundhi,sharplo,aper_stars,aper_fact,aper_center,aper_ellip,aper_pa,dr,View,area_segmap_pix,area_psf_pix,ratio_segmap_psf,flag_area,flag_area_th,SN_gal,bck,ratio_SN_gal,flag_SN,flag_SN_th,perc_SN_flag,perc_20_SN_gal,perc_50_SN_gal,perc_80_SN_gal,flag_image,flag_bck,flag_object,flag_statmorph,index
1091r,334.400388786949,-9.523343093614129,5000.0,0.0976,nan,4.729959412635092,9.010898295480404,14.908734053038053,115.37327653289478,115.41339103362537,18.502570100124277,22.390145550390038,9.128961859165482,11.203901757980098,0.44888772993173054,-1.7012085210035286,-0.5590682317824882,-0.11906913178707726,0.2893957197666168,2.492916768063606,0.14018590635992084,0.035567858853071316,0.019883040935672516,0.00917227779769695,0.07969461657335626,0.22802960231256317,0.2081335236845384,0.17210768380909433,10.252513420608292,0.5081671232302801,319.6182504741936,320.4358638423711,0.36721965151698527,2.950082305220726,0.0,0.0,0.27,0.34629548650952463,1.2741289,30.0,22.5,0.2,1.5,2.5,5.0,1.0,5.0,5.0,5.0,masking_sources,2.0,5.0,11.0,1.0,3.0,10.0,-0.5,0.5,0.2,5.0,0.5,10.0,0.0,0.0,10.0,Face-on,1445.0,17.5,82.6,0.0,3.0,0.04013,0.0037799999117851257,10.6,0.0,3.0,50.0,4.5,10.6,34.9,0.0,0.0,0.0,0.0,1091
