GAL,ra,dec,radvel,z,mag,r20,r50,r80,flux_c,flux_e,rpetro_c,rpetro_e,rhalf_c,rhalf_e,Gini,M20,F(G_M20),S(G_M20),SN_per_pixel,C,A,S,M,I,D,Ao,As,Ser_A,Ser_R,Ser_n,Ser_xc,Ser_yc,Ser_ellip,Ser_theta,flag_morph,flag_sersic,ima_sc_pix2arc,ima_sc_arc2kpc,psf_arcsec,size_image_phy_kpc,zp_ima,eta,petro_extent_cas,snr,area_min,debleding,area_min_deblend,skybox_x,skybox_y,sky_method,nsigma,npixels,dilate_size,mask_stars,fwhm,threshold,roundlo,roundhi,sharplo,aper_stars,aper_fact,aper_center,aper_ellip,aper_pa,dr,View,area_segmap_pix,area_psf_pix,ratio_segmap_psf,flag_area,flag_area_th,SN_gal,bck,ratio_SN_gal,flag_SN,flag_SN_th,perc_SN_flag,perc_20_SN_gal,perc_50_SN_gal,perc_80_SN_gal,flag_image,flag_bck,flag_object,flag_statmorph,index
122r,155.42463703378345,8.371791433355325,5000.0,0.0227,nan,5.7959705070937,10.590052867684182,17.601122142492713,141.7830714038297,141.9503184131286,22.475208950081825,28.188623480507154,10.829208694003055,14.35729912366266,0.4377025777836786,-1.590754239685055,-0.6909795518690478,-0.11478928731038085,0.27945420145988464,2.4120709491589576,0.09203863740718918,0.0025786284571885612,0.0017683465959328027,0.0,0.026682329785180228,0.08152469083229175,0.2911416714692821,0.1480522149403314,13.283943768927806,0.5242044653965754,320.3430942112964,320.5343380823248,0.4613102317493186,1.857930049671418,0.0,0.0,0.27,0.34629548650952463,1.1996676,30.0,22.5,0.2,1.5,2.5,5.0,1.0,5.0,5.0,5.0,masking_sources,2.0,5.0,11.0,1.0,3.0,10.0,-0.5,0.5,0.2,5.0,0.5,10.0,0.0,0.0,10.0,Face-on,1762.0,15.5,113.6,0.0,3.0,0.04252,0.004509999882429838,9.4,0.0,3.0,50.0,4.1,9.4,28.7,0.0,0.0,0.0,0.0,122
