GAL,ra,dec,radvel,z,mag,r20,r50,r80,flux_c,flux_e,rpetro_c,rpetro_e,rhalf_c,rhalf_e,Gini,M20,F(G_M20),S(G_M20),SN_per_pixel,C,A,S,M,I,D,Ao,As,Ser_A,Ser_R,Ser_n,Ser_xc,Ser_yc,Ser_ellip,Ser_theta,flag_morph,flag_sersic,ima_sc_pix2arc,ima_sc_arc2kpc,psf_arcsec,size_image_phy_kpc,zp_ima,eta,petro_extent_cas,snr,area_min,debleding,area_min_deblend,skybox_x,skybox_y,sky_method,nsigma,npixels,dilate_size,mask_stars,fwhm,threshold,roundlo,roundhi,sharplo,aper_stars,aper_fact,aper_center,aper_ellip,aper_pa,dr,View,area_segmap_pix,area_psf_pix,ratio_segmap_psf,flag_area,flag_area_th,SN_gal,bck,ratio_SN_gal,flag_SN,flag_SN_th,perc_SN_flag,perc_20_SN_gal,perc_50_SN_gal,perc_80_SN_gal,flag_image,flag_bck,flag_object,flag_statmorph,index
369r,169.67814651276942,10.28063746041774,5000.0,0.0342,nan,3.7829429242738435,6.8473733811398745,10.820148625071907,220.30367361704856,219.55166093422983,13.697222718491826,14.876036605438927,6.991451761284703,7.722770224971422,0.42868447920720965,-1.558706012102668,-0.7578285615371634,-0.11926250126713331,0.5475645065307617,2.2820171870134103,0.07379698283437583,0.00872450394784416,0.0,0.0,0.05086336162340074,0.12623952789440787,0.21488559610169292,0.5519243036890947,7.080380820142207,0.6479059028057444,320.5499497916732,319.7662189390535,0.24210474149851494,3.1075755390442854,0.0,0.0,0.27,0.34629548650952463,1.2885706,30.0,22.5,0.2,1.5,2.5,5.0,1.0,5.0,5.0,5.0,masking_sources,2.0,5.0,11.0,1.0,3.0,10.0,-0.5,0.5,0.2,5.0,0.5,10.0,0.0,0.0,10.0,Face-on,1086.0,17.9,60.7,0.0,3.0,0.07428,0.005919999908655882,12.6,0.0,3.0,50.0,4.7,12.6,57.1,0.0,0.0,0.0,0.0,369
