GAL,ra,dec,radvel,z,mag,r20,r50,r80,flux_c,flux_e,rpetro_c,rpetro_e,rhalf_c,rhalf_e,Gini,M20,F(G_M20),S(G_M20),SN_per_pixel,C,A,S,M,I,D,Ao,As,Ser_A,Ser_R,Ser_n,Ser_xc,Ser_yc,Ser_ellip,Ser_theta,flag_morph,flag_sersic,ima_sc_pix2arc,ima_sc_arc2kpc,psf_arcsec,size_image_phy_kpc,zp_ima,eta,petro_extent_cas,snr,area_min,debleding,area_min_deblend,skybox_x,skybox_y,sky_method,nsigma,npixels,dilate_size,mask_stars,fwhm,threshold,roundlo,roundhi,sharplo,aper_stars,aper_fact,aper_center,aper_ellip,aper_pa,dr,View,area_segmap_pix,area_psf_pix,ratio_segmap_psf,flag_area,flag_area_th,SN_gal,bck,ratio_SN_gal,flag_SN,flag_SN_th,perc_SN_flag,perc_20_SN_gal,perc_50_SN_gal,perc_80_SN_gal,flag_image,flag_bck,flag_object,flag_statmorph,index
1154r,208.9639732750176,-0.897940414889405,5000.0,0.162,nan,3.1678293309113754,6.702240267283405,12.072642876236884,84.17156393398052,84.15205147593434,15.09868843314409,15.836422324876114,6.981070024596303,7.273991331179893,0.5094132806695895,-1.8085942567111524,-0.1850484407847035,-0.07407545381995667,0.2842312753200531,2.9052028911646177,-0.0030835808657227017,-0.009903319055930705,0.0019047619047619048,0.0,0.035661472798918355,-0.09839476460106399,0.20645277431260603,0.20213425045501435,5.72429133205513,1.1764199046610833,320.0793974939467,320.27420028811616,0.09687944129755231,0.9873481093447665,0.0,0.0,0.27,0.34629548650952463,1.6807408,30.0,22.5,0.2,1.5,2.5,5.0,1.0,5.0,5.0,5.0,masking_sources,2.0,5.0,11.0,1.0,3.0,10.0,-0.5,0.5,0.2,5.0,0.5,10.0,0.0,0.0,10.0,Face-on,1118.0,30.4,36.7,0.0,3.0,0.02963,0.0035000001080334187,8.5,0.0,3.0,50.0,4.1,8.5,27.6,0.0,0.0,0.0,0.0,1154
