GAL,ra,dec,radvel,z,mag,r20,r50,r80,flux_c,flux_e,rpetro_c,rpetro_e,rhalf_c,rhalf_e,Gini,M20,F(G_M20),S(G_M20),SN_per_pixel,C,A,S,M,I,D,Ao,As,Ser_A,Ser_R,Ser_n,Ser_xc,Ser_yc,Ser_ellip,Ser_theta,flag_morph,flag_sersic,ima_sc_pix2arc,ima_sc_arc2kpc,psf_arcsec,size_image_phy_kpc,zp_ima,eta,petro_extent_cas,snr,area_min,debleding,area_min_deblend,skybox_x,skybox_y,sky_method,nsigma,npixels,dilate_size,mask_stars,fwhm,threshold,roundlo,roundhi,sharplo,aper_stars,aper_fact,aper_center,aper_ellip,aper_pa,dr,View,area_segmap_pix,area_psf_pix,ratio_segmap_psf,flag_area,flag_area_th,SN_gal,bck,ratio_SN_gal,flag_SN,flag_SN_th,perc_SN_flag,perc_20_SN_gal,perc_50_SN_gal,perc_80_SN_gal,flag_image,flag_bck,flag_object,flag_statmorph,index
586r,29.251485182806178,-0.8804687756006511,5000.0,0.0809,nan,4.981889380274371,9.297056486694292,15.031288569789842,80.46786829003187,80.3150996596276,19.347705706570572,20.999865512072127,9.382209178624434,10.48760810831256,0.4340962642978011,-1.6809713927764371,-0.6463103165318138,-0.13089972194110167,0.2367735654115677,2.3980106618469157,0.1088199715491579,0.01679589499851595,0.0018867924528301887,0.0,0.026827113394003017,0.1690012538441527,0.273039698576212,0.1084067196076746,9.843009624059821,0.5383211160470097,319.84596743987913,320.34493865770935,0.2358792596774333,2.9916001911833607,0.0,0.0,0.27,0.34629548650952463,1.2192523,30.0,22.5,0.2,1.5,2.5,5.0,1.0,5.0,5.0,5.0,masking_sources,2.0,5.0,11.0,1.0,3.0,10.0,-0.5,0.5,0.2,5.0,0.5,10.0,0.0,0.0,10.0,Face-on,1471.0,16.0,91.8,0.0,3.0,0.02967,0.0024800000246614218,12.0,0.0,3.0,50.0,4.7,12.0,36.0,0.0,0.0,0.0,0.0,586
