GAL,ra,dec,radvel,z,mag,r20,r50,r80,flux_c,flux_e,rpetro_c,rpetro_e,rhalf_c,rhalf_e,Gini,M20,F(G_M20),S(G_M20),SN_per_pixel,C,A,S,M,I,D,Ao,As,Ser_A,Ser_R,Ser_n,Ser_xc,Ser_yc,Ser_ellip,Ser_theta,flag_morph,flag_sersic,ima_sc_pix2arc,ima_sc_arc2kpc,psf_arcsec,size_image_phy_kpc,zp_ima,eta,petro_extent_cas,snr,area_min,debleding,area_min_deblend,skybox_x,skybox_y,sky_method,nsigma,npixels,dilate_size,mask_stars,fwhm,threshold,roundlo,roundhi,sharplo,aper_stars,aper_fact,aper_center,aper_ellip,aper_pa,dr,View,area_segmap_pix,area_psf_pix,ratio_segmap_psf,flag_area,flag_area_th,SN_gal,bck,ratio_SN_gal,flag_SN,flag_SN_th,perc_SN_flag,perc_20_SN_gal,perc_50_SN_gal,perc_80_SN_gal,flag_image,flag_bck,flag_object,flag_statmorph,index
826r,5.256048512272222,-10.816462707287496,5000.0,0.0885,nan,2.6517007045104024,7.047257630592484,14.735379564367646,154.56280246429316,154.50172825689413,18.815383856320334,19.657823646854684,7.314938064651952,7.6794416545197866,0.5390057611300906,-2.1850411327146455,0.22231202256519733,-0.09710501392854615,0.3046148717403412,3.7241841159621862,0.06062970361386519,0.032170925683414967,0.006514657980456026,0.0,0.014900659939221862,0.11631292276974683,0.24908144573707452,0.2960227006913187,5.468488225060997,1.6824840141495683,319.8249624483759,319.74286282975334,0.0539793416909075,2.491879095853222,0.0,0.0,0.27,0.34629548650952463,1.3826205,30.0,22.5,0.2,1.5,2.5,5.0,1.0,5.0,5.0,5.0,masking_sources,2.0,5.0,11.0,1.0,3.0,10.0,-0.5,0.5,0.2,5.0,0.5,10.0,0.0,0.0,10.0,Face-on,1595.0,20.6,77.4,0.0,3.0,0.04654,0.003969999961555004,11.7,0.0,3.0,50.0,4.8,11.7,23.2,0.0,0.0,0.0,0.0,826
