GAL,ra,dec,radvel,z,mag,r20,r50,r80,flux_c,flux_e,rpetro_c,rpetro_e,rhalf_c,rhalf_e,Gini,M20,F(G_M20),S(G_M20),SN_per_pixel,C,A,S,M,I,D,Ao,As,Ser_A,Ser_R,Ser_n,Ser_xc,Ser_yc,Ser_ellip,Ser_theta,flag_morph,flag_sersic,ima_sc_pix2arc,ima_sc_arc2kpc,psf_arcsec,size_image_phy_kpc,zp_ima,eta,petro_extent_cas,snr,area_min,debleding,area_min_deblend,skybox_x,skybox_y,sky_method,nsigma,npixels,dilate_size,mask_stars,fwhm,threshold,roundlo,roundhi,sharplo,aper_stars,aper_fact,aper_center,aper_ellip,aper_pa,dr,View,area_segmap_pix,area_psf_pix,ratio_segmap_psf,flag_area,flag_area_th,SN_gal,bck,ratio_SN_gal,flag_SN,flag_SN_th,perc_SN_flag,perc_20_SN_gal,perc_50_SN_gal,perc_80_SN_gal,flag_image,flag_bck,flag_object,flag_statmorph,index
63r,326.21886732097954,-7.011266994691319,5000.0,0.0206,nan,6.938583451045669,15.638424648029158,30.901457966055208,116.48763027197509,124.89532603163173,40.79563278667502,50.80570267546806,15.621055406344361,19.16852791536053,0.6056844871697454,-1.7910646869920501,0.27934603957573056,0.023669650806152964,0.13336892426013947,3.243540772283295,0.04865063403196796,-0.008751783142562043,0.09863724853990916,0.08943952770766055,0.04772900674988576,0.15680927064605352,0.5292758777164018,0.08360908343231209,17.687072437988764,0.7211528852869773,319.926024284972,318.538150782,0.6917700320276361,1.663211862936958,1.0,0.0,0.27,0.34629548650952463,1.7441095,30.0,22.5,0.2,1.5,2.5,5.0,1.0,5.0,5.0,5.0,masking_sources,2.0,5.0,11.0,1.0,3.0,10.0,-0.5,0.5,0.2,5.0,0.5,10.0,0.0,0.0,10.0,Edge-on,2546.0,32.8,77.7,0.0,3.0,0.02469,0.0032500000670552254,7.6,0.0,3.0,50.0,4.2,7.6,16.4,0.0,0.0,0.0,0.0,63
