GAL,ra,dec,radvel,z,mag,r20,r50,r80,flux_c,flux_e,rpetro_c,rpetro_e,rhalf_c,rhalf_e,Gini,M20,F(G_M20),S(G_M20),SN_per_pixel,C,A,S,M,I,D,Ao,As,Ser_A,Ser_R,Ser_n,Ser_xc,Ser_yc,Ser_ellip,Ser_theta,flag_morph,flag_sersic,ima_sc_pix2arc,ima_sc_arc2kpc,psf_arcsec,size_image_phy_kpc,zp_ima,eta,petro_extent_cas,snr,area_min,debleding,area_min_deblend,skybox_x,skybox_y,sky_method,nsigma,npixels,dilate_size,mask_stars,fwhm,threshold,roundlo,roundhi,sharplo,aper_stars,aper_fact,aper_center,aper_ellip,aper_pa,dr,View,area_segmap_pix,area_psf_pix,ratio_segmap_psf,flag_area,flag_area_th,SN_gal,bck,ratio_SN_gal,flag_SN,flag_SN_th,perc_SN_flag,perc_20_SN_gal,perc_50_SN_gal,perc_80_SN_gal,flag_image,flag_bck,flag_object,flag_statmorph,index
693r,337.1947116585624,-8.595473742668727,5000.0,0.0609,nan,3.4545993102418118,7.441090018299159,13.244252587645523,85.01176991088126,83.12470413238583,17.057167865214012,21.167872365515453,7.8429523385690745,11.080572942639098,0.4726857109572312,-1.7148678947883729,-0.43180227967336293,-0.09740778352792498,0.337680459022522,2.918148864147353,0.086614173853976,0.028444891629406964,0.0,0.0,0.03216460745444995,0.1061108238171645,0.34438042018904325,0.2582001620450855,10.240440188720894,0.6968815769016803,320.0989353219063,320.4945910824736,0.7206877068652361,0.8736061722963933,0.0,0.0,0.27,0.34629548650952463,1.2471015,30.0,22.5,0.2,1.5,2.5,5.0,1.0,5.0,5.0,5.0,masking_sources,2.0,5.0,11.0,1.0,3.0,10.0,-0.5,0.5,0.2,5.0,0.5,10.0,0.0,0.0,10.0,Edge-on,1359.0,16.8,81.1,0.0,3.0,0.01546,0.0014700000174343586,10.5,0.0,3.0,50.0,4.3,10.5,58.0,0.0,0.0,0.0,0.0,693
