GAL,ra,dec,radvel,z,mag,r20,r50,r80,flux_c,flux_e,rpetro_c,rpetro_e,rhalf_c,rhalf_e,Gini,M20,F(G_M20),S(G_M20),SN_per_pixel,C,A,S,M,I,D,Ao,As,Ser_A,Ser_R,Ser_n,Ser_xc,Ser_yc,Ser_ellip,Ser_theta,flag_morph,flag_sersic,ima_sc_pix2arc,ima_sc_arc2kpc,psf_arcsec,size_image_phy_kpc,zp_ima,eta,petro_extent_cas,snr,area_min,debleding,area_min_deblend,skybox_x,skybox_y,sky_method,nsigma,npixels,dilate_size,mask_stars,fwhm,threshold,roundlo,roundhi,sharplo,aper_stars,aper_fact,aper_center,aper_ellip,aper_pa,dr,View,area_segmap_pix,area_psf_pix,ratio_segmap_psf,flag_area,flag_area_th,SN_gal,bck,ratio_SN_gal,flag_SN,flag_SN_th,perc_SN_flag,perc_20_SN_gal,perc_50_SN_gal,perc_80_SN_gal,flag_image,flag_bck,flag_object,flag_statmorph,index
218r,173.7001060351553,11.771215428003746,5000.0,0.0318,nan,11.478467645312131,23.55400549400125,41.923957465077706,151.01889069637758,138.11160809587597,58.27030120788716,57.33976399850368,23.29601894275739,30.146535429282064,0.4542430827462693,-1.6473087826111699,-0.5699117540564265,-0.10627526886414604,0.1323058158159256,2.8128917864274863,0.17244908369751663,-0.03733605605855826,0.11941510966693746,0.2605028540935266,0.0234421215941986,0.19195579566358278,0.24025276923863478,0.028054702288374516,20.89426251495713,0.8160445469986224,320.0161966632175,320.05465338336774,0.36787234462064494,2.7814221519419835,0.0,0.0,0.27,0.34629548650952463,1.2477397,30.0,22.5,0.2,1.5,2.5,5.0,1.0,5.0,5.0,5.0,masking_sources,2.0,5.0,11.0,1.0,3.0,10.0,-0.5,0.5,0.2,5.0,0.5,10.0,0.0,0.0,10.0,Face-on,2858.0,16.8,170.4,0.0,3.0,0.02681,0.005609999876469374,4.8,0.0,3.0,50.0,3.5,4.8,7.4,0.0,0.0,0.0,0.0,218
