GAL,ra,dec,radvel,z,mag,r20,r50,r80,flux_c,flux_e,rpetro_c,rpetro_e,rhalf_c,rhalf_e,Gini,M20,F(G_M20),S(G_M20),SN_per_pixel,C,A,S,M,I,D,Ao,As,Ser_A,Ser_R,Ser_n,Ser_xc,Ser_yc,Ser_ellip,Ser_theta,flag_morph,flag_sersic,ima_sc_pix2arc,ima_sc_arc2kpc,psf_arcsec,size_image_phy_kpc,zp_ima,eta,petro_extent_cas,snr,area_min,debleding,area_min_deblend,skybox_x,skybox_y,sky_method,nsigma,npixels,dilate_size,mask_stars,fwhm,threshold,roundlo,roundhi,sharplo,aper_stars,aper_fact,aper_center,aper_ellip,aper_pa,dr,View,area_segmap_pix,area_psf_pix,ratio_segmap_psf,flag_area,flag_area_th,SN_gal,bck,ratio_SN_gal,flag_SN,flag_SN_th,perc_SN_flag,perc_20_SN_gal,perc_50_SN_gal,perc_80_SN_gal,flag_image,flag_bck,flag_object,flag_statmorph,index
225r,210.6819678767335,-2.334763207532116,5000.0,0.0244,nan,7.239799946544664,17.028346196747602,30.411407521872963,168.7166376854337,174.54029312288952,38.131533472515166,52.382221455210626,17.581402311596182,23.630926878973174,0.5144398908194181,-1.8492632464728032,-0.13198311063822787,-0.07475209934849575,0.17922787368297577,3.116549775941491,0.19188359116087111,0.021686670803533904,0.07865168539325842,0.25700569963574127,0.09613723353974693,0.2794659172211304,0.3006123314888163,0.07400744416738896,21.056940589011248,0.5978100253275898,320.74787553113134,317.1137928899513,0.5807061711459771,1.5529116417822104,0.0,0.0,0.27,0.34629548650952463,1.2211854,30.0,22.5,0.2,1.5,2.5,5.0,1.0,5.0,5.0,5.0,masking_sources,2.0,5.0,11.0,1.0,3.0,10.0,-0.5,0.5,0.2,5.0,0.5,10.0,0.0,0.0,10.0,Edge-on,2772.0,16.1,172.5,0.0,3.0,0.03607,0.004600000102072954,7.8,0.0,3.0,50.0,4.0,7.8,16.0,0.0,0.0,0.0,0.0,225
