GAL,ra,dec,radvel,z,mag,r20,r50,r80,flux_c,flux_e,rpetro_c,rpetro_e,rhalf_c,rhalf_e,Gini,M20,F(G_M20),S(G_M20),SN_per_pixel,C,A,S,M,I,D,Ao,As,Ser_A,Ser_R,Ser_n,Ser_xc,Ser_yc,Ser_ellip,Ser_theta,flag_morph,flag_sersic,ima_sc_pix2arc,ima_sc_arc2kpc,psf_arcsec,size_image_phy_kpc,zp_ima,eta,petro_extent_cas,snr,area_min,debleding,area_min_deblend,skybox_x,skybox_y,sky_method,nsigma,npixels,dilate_size,mask_stars,fwhm,threshold,roundlo,roundhi,sharplo,aper_stars,aper_fact,aper_center,aper_ellip,aper_pa,dr,View,area_segmap_pix,area_psf_pix,ratio_segmap_psf,flag_area,flag_area_th,SN_gal,bck,ratio_SN_gal,flag_SN,flag_SN_th,perc_SN_flag,perc_20_SN_gal,perc_50_SN_gal,perc_80_SN_gal,flag_image,flag_bck,flag_object,flag_statmorph,index
608r,351.56323061634055,-9.386351890846564,5000.0,0.0674,nan,3.8275544849164644,8.131120798992532,15.51501102324422,139.08482626804016,139.65600928307896,19.151042609883774,24.947447148441903,8.406755029928805,9.671507601844029,0.5670203214106314,-1.8961522380585438,0.16078409195719612,-0.029215042893612486,0.25313353538513184,3.0391535346098864,0.08460216723442103,0.035712144909091664,0.011644832605531296,0.01915623103161513,0.03291199386828322,0.12565306199916254,0.20648174540678965,0.2125503678197922,7.9849107888091515,1.1445032001368745,320.13107008545865,320.353842043938,0.26425634728963987,2.7256997801082603,0.0,0.0,0.27,0.34629548650952463,1.6617535,30.0,22.5,0.2,1.5,2.5,5.0,1.0,5.0,5.0,5.0,masking_sources,2.0,5.0,11.0,1.0,3.0,10.0,-0.5,0.5,0.2,5.0,0.5,10.0,0.0,0.0,10.0,Face-on,1548.0,29.8,52.0,0.0,3.0,0.03571,0.005319999996572733,6.7,0.0,3.0,50.0,3.9,6.7,20.4,0.0,0.0,0.0,0.0,608
