GAL,ra,dec,radvel,z,mag,r20,r50,r80,flux_c,flux_e,rpetro_c,rpetro_e,rhalf_c,rhalf_e,Gini,M20,F(G_M20),S(G_M20),SN_per_pixel,C,A,S,M,I,D,Ao,As,Ser_A,Ser_R,Ser_n,Ser_xc,Ser_yc,Ser_ellip,Ser_theta,flag_morph,flag_sersic,ima_sc_pix2arc,ima_sc_arc2kpc,psf_arcsec,size_image_phy_kpc,zp_ima,eta,petro_extent_cas,snr,area_min,debleding,area_min_deblend,skybox_x,skybox_y,sky_method,nsigma,npixels,dilate_size,mask_stars,fwhm,threshold,roundlo,roundhi,sharplo,aper_stars,aper_fact,aper_center,aper_ellip,aper_pa,dr,View,area_segmap_pix,area_psf_pix,ratio_segmap_psf,flag_area,flag_area_th,SN_gal,bck,ratio_SN_gal,flag_SN,flag_SN_th,perc_SN_flag,perc_20_SN_gal,perc_50_SN_gal,perc_80_SN_gal,flag_image,flag_bck,flag_object,flag_statmorph,index
498r,176.52002702072747,-1.0869923273858146,5000.0,0.0791,nan,5.034426756230711,9.502563553561217,14.705492055362893,84.10325697302287,84.20989601230096,18.712908259338317,19.30471011447996,9.552192986556125,9.95699042150009,0.41668816336230535,-1.6391844835610347,-0.7614387442487915,-0.14232536148630157,0.24685242772102356,2.3276476699653523,0.06971655806496602,0.018145096297109944,0.020202020202020204,0.0,0.05254544738335302,0.006143765130080714,0.19453820036277433,0.11320938263324043,9.194727118159735,0.4788520567873644,319.6607313645787,319.00596818789376,0.08541204823726843,1.1506024705976945,1.0,0.0,0.27,0.34629548650952463,1.3223904,30.0,22.5,0.2,1.5,2.5,5.0,1.0,5.0,5.0,5.0,masking_sources,2.0,5.0,11.0,1.0,3.0,10.0,-0.5,0.5,0.2,5.0,0.5,10.0,0.0,0.0,10.0,Face-on,1372.0,18.8,72.8,0.0,3.0,0.03662,0.0028899998869746923,12.7,0.0,3.0,50.0,4.8,12.7,33.8,0.0,0.0,0.0,0.0,498
