GAL,ra,dec,radvel,z,mag,r20,r50,r80,flux_c,flux_e,rpetro_c,rpetro_e,rhalf_c,rhalf_e,Gini,M20,F(G_M20),S(G_M20),SN_per_pixel,C,A,S,M,I,D,Ao,As,Ser_A,Ser_R,Ser_n,Ser_xc,Ser_yc,Ser_ellip,Ser_theta,flag_morph,flag_sersic,ima_sc_pix2arc,ima_sc_arc2kpc,psf_arcsec,size_image_phy_kpc,zp_ima,eta,petro_extent_cas,snr,area_min,debleding,area_min_deblend,skybox_x,skybox_y,sky_method,nsigma,npixels,dilate_size,mask_stars,fwhm,threshold,roundlo,roundhi,sharplo,aper_stars,aper_fact,aper_center,aper_ellip,aper_pa,dr,View,area_segmap_pix,area_psf_pix,ratio_segmap_psf,flag_area,flag_area_th,SN_gal,bck,ratio_SN_gal,flag_SN,flag_SN_th,perc_SN_flag,perc_20_SN_gal,perc_50_SN_gal,perc_80_SN_gal,flag_image,flag_bck,flag_object,flag_statmorph,index
691r,183.53666981616976,5.330273556084335,5000.0,0.076,nan,3.8743551560222427,9.073720548068591,16.27827379684354,104.30580720749947,104.09983904633249,19.188326497408568,21.767231670449306,9.21689397895304,10.477795932535502,0.5088013278941954,-1.9482893556258736,-0.09126890347500272,-0.09409890581674296,0.24643848836421967,3.1170445982147195,0.012120360212495407,0.028117912358749934,0.005555555555555556,0.0,0.003542957729893417,0.004095604509391026,0.16774966594616494,0.14466409180031656,8.2079274900699,0.9296054539937454,319.8295247816543,319.98406779281044,0.23866833450778657,3.007195387444629,1.0,0.0,0.27,0.34629548650952463,1.4179215,30.0,22.5,0.2,1.5,2.5,5.0,1.0,5.0,5.0,5.0,masking_sources,2.0,5.0,11.0,1.0,3.0,10.0,-0.5,0.5,0.2,5.0,0.5,10.0,0.0,0.0,10.0,Face-on,1202.0,21.7,55.5,0.0,3.0,0.04198,0.005710000172257423,7.4,0.0,3.0,50.0,3.8,7.4,18.0,0.0,0.0,0.0,0.0,691
