GAL,ra,dec,radvel,z,mag,r20,r50,r80,flux_c,flux_e,rpetro_c,rpetro_e,rhalf_c,rhalf_e,Gini,M20,F(G_M20),S(G_M20),SN_per_pixel,C,A,S,M,I,D,Ao,As,Ser_A,Ser_R,Ser_n,Ser_xc,Ser_yc,Ser_ellip,Ser_theta,flag_morph,flag_sersic,ima_sc_pix2arc,ima_sc_arc2kpc,psf_arcsec,size_image_phy_kpc,zp_ima,eta,petro_extent_cas,snr,area_min,debleding,area_min_deblend,skybox_x,skybox_y,sky_method,nsigma,npixels,dilate_size,mask_stars,fwhm,threshold,roundlo,roundhi,sharplo,aper_stars,aper_fact,aper_center,aper_ellip,aper_pa,dr,View,area_segmap_pix,area_psf_pix,ratio_segmap_psf,flag_area,flag_area_th,SN_gal,bck,ratio_SN_gal,flag_SN,flag_SN_th,perc_SN_flag,perc_20_SN_gal,perc_50_SN_gal,perc_80_SN_gal,flag_image,flag_bck,flag_object,flag_statmorph,index
305r,192.6080497339084,5.30726474320441,5000.0,0.0484,nan,5.5013197278105235,10.47165350711626,19.296922802231194,122.9743077926816,122.44553311178359,24.64256797459127,29.891116090983,10.586733712342504,14.5044260184163,0.4946882523280708,-1.750008421678799,-0.2985373147526422,-0.08050980080856304,0.2598869800567627,2.7251058663422816,0.08440905918031234,0.04979881684583202,0.0008703220191470844,0.0,0.033913942583933085,0.1418212734572557,0.35391551365299917,0.12638527171559902,13.662052105237317,0.5889585163738219,320.47920468216637,318.94768273934915,0.4513464439456532,2.599164807589602,1.0,0.0,0.27,0.34629548650952463,1.5534524,30.0,22.5,0.2,1.5,2.5,5.0,1.0,5.0,5.0,5.0,masking_sources,2.0,5.0,11.0,1.0,3.0,10.0,-0.5,0.5,0.2,5.0,0.5,10.0,0.0,0.0,10.0,Face-on,2032.0,26.0,78.2,0.0,3.0,0.02769,0.002360000042244792,11.7,0.0,3.0,50.0,4.8,11.7,40.8,0.0,0.0,0.0,0.0,305
