GAL,ra,dec,radvel,z,mag,r20,r50,r80,flux_c,flux_e,rpetro_c,rpetro_e,rhalf_c,rhalf_e,Gini,M20,F(G_M20),S(G_M20),SN_per_pixel,C,A,S,M,I,D,Ao,As,Ser_A,Ser_R,Ser_n,Ser_xc,Ser_yc,Ser_ellip,Ser_theta,flag_morph,flag_sersic,ima_sc_pix2arc,ima_sc_arc2kpc,psf_arcsec,size_image_phy_kpc,zp_ima,eta,petro_extent_cas,snr,area_min,debleding,area_min_deblend,skybox_x,skybox_y,sky_method,nsigma,npixels,dilate_size,mask_stars,fwhm,threshold,roundlo,roundhi,sharplo,aper_stars,aper_fact,aper_center,aper_ellip,aper_pa,dr,View,area_segmap_pix,area_psf_pix,ratio_segmap_psf,flag_area,flag_area_th,SN_gal,bck,ratio_SN_gal,flag_SN,flag_SN_th,perc_SN_flag,perc_20_SN_gal,perc_50_SN_gal,perc_80_SN_gal,flag_image,flag_bck,flag_object,flag_statmorph,index
660r,198.0910244765005,4.983551513093558,5000.0,0.0968,nan,2.654943318449729,5.271093492082065,9.623251806958077,84.4298975190452,85.03068249624621,11.886414436576509,14.640945642110642,5.534764214885103,6.582043579598488,0.5159152790002383,-1.6323953781867735,-0.2749693718653865,-0.043146831357725624,0.35531964898109436,2.7963329817136104,0.19581726519400003,0.04509552327076991,0.004166666666666667,0.0,0.11649524568223572,0.29306374537477087,0.4445300106643547,0.34989368860690295,5.335558145704092,0.9890390815510735,320.8563570697235,319.59122795592145,0.3698643098258806,0.3236526589559606,0.0,0.0,0.27,0.34629548650952463,1.2336749,30.0,22.5,0.2,1.5,2.5,5.0,1.0,5.0,5.0,5.0,masking_sources,2.0,5.0,11.0,1.0,3.0,10.0,-0.5,0.5,0.2,5.0,0.5,10.0,0.0,0.0,10.0,Face-on,782.0,16.4,47.7,0.0,3.0,0.0415,0.005319999996572733,7.8,0.0,3.0,50.0,3.8,7.8,25.7,0.0,0.0,0.0,0.0,660
