GAL,ra,dec,radvel,z,mag,r20,r50,r80,flux_c,flux_e,rpetro_c,rpetro_e,rhalf_c,rhalf_e,Gini,M20,F(G_M20),S(G_M20),SN_per_pixel,C,A,S,M,I,D,Ao,As,Ser_A,Ser_R,Ser_n,Ser_xc,Ser_yc,Ser_ellip,Ser_theta,flag_morph,flag_sersic,ima_sc_pix2arc,ima_sc_arc2kpc,psf_arcsec,size_image_phy_kpc,zp_ima,eta,petro_extent_cas,snr,area_min,debleding,area_min_deblend,skybox_x,skybox_y,sky_method,nsigma,npixels,dilate_size,mask_stars,fwhm,threshold,roundlo,roundhi,sharplo,aper_stars,aper_fact,aper_center,aper_ellip,aper_pa,dr,View,area_segmap_pix,area_psf_pix,ratio_segmap_psf,flag_area,flag_area_th,SN_gal,bck,ratio_SN_gal,flag_SN,flag_SN_th,perc_SN_flag,perc_20_SN_gal,perc_50_SN_gal,perc_80_SN_gal,flag_image,flag_bck,flag_object,flag_statmorph,index
380r,322.0342817724222,0.15243042982091057,5000.0,0.0303,nan,6.144256620037416,14.450761713061972,28.112158175680662,384.47011021891353,384.44504214452087,35.31876177302427,35.60500861167864,15.076087853341804,15.237629734315014,0.5950672695124464,-1.8885144458364647,0.2943234950512794,-0.00038691115394673403,0.26404228806495667,3.3021242084026037,0.16200348142382762,0.055043339215924754,0.016150740242261104,0.02545892370537699,0.018396901324002523,0.24127653220236575,0.2569885523632969,0.18035585178177427,13.531325228977916,1.0404163528893096,319.3994498291663,319.4589709458506,0.01093657659007628,2.549838828617179,0.0,0.0,0.27,0.34629548650952463,1.2424223,30.0,22.5,0.2,1.5,2.5,5.0,1.0,5.0,5.0,5.0,masking_sources,2.0,5.0,11.0,1.0,3.0,10.0,-0.5,0.5,0.2,5.0,0.5,10.0,0.0,0.0,10.0,Face-on,6273.0,16.6,377.2,0.0,3.0,0.02185,0.002309999894350767,9.5,0.0,3.0,50.0,4.4,9.5,27.3,0.0,0.0,0.0,0.0,380
