GAL,ra,dec,radvel,z,mag,r20,r50,r80,flux_c,flux_e,rpetro_c,rpetro_e,rhalf_c,rhalf_e,Gini,M20,F(G_M20),S(G_M20),SN_per_pixel,C,A,S,M,I,D,Ao,As,Ser_A,Ser_R,Ser_n,Ser_xc,Ser_yc,Ser_ellip,Ser_theta,flag_morph,flag_sersic,ima_sc_pix2arc,ima_sc_arc2kpc,psf_arcsec,size_image_phy_kpc,zp_ima,eta,petro_extent_cas,snr,area_min,debleding,area_min_deblend,skybox_x,skybox_y,sky_method,nsigma,npixels,dilate_size,mask_stars,fwhm,threshold,roundlo,roundhi,sharplo,aper_stars,aper_fact,aper_center,aper_ellip,aper_pa,dr,View,area_segmap_pix,area_psf_pix,ratio_segmap_psf,flag_area,flag_area_th,SN_gal,bck,ratio_SN_gal,flag_SN,flag_SN_th,perc_SN_flag,perc_20_SN_gal,perc_50_SN_gal,perc_80_SN_gal,flag_image,flag_bck,flag_object,flag_statmorph,index
605r,329.36420959269327,-1.2165153161583626,5000.0,0.0538,nan,5.944852527289731,12.543339372225724,21.672991297344556,175.05114353234353,172.74162185247727,28.484066004028556,34.95879286798394,12.666452812851135,16.68351151046984,0.4492746658348062,-1.8469359835022972,-0.4561637675506178,-0.13894218253036122,0.25697752833366394,2.8088888548315607,0.10896803320464102,0.004291069583037462,0.009732360097323601,0.050254642801297496,0.027771227905582247,0.14044935173255305,0.140897124660978,0.12961984120634348,15.423533715124812,0.5704821055447556,320.2518406471773,319.45369122094985,0.4613901545549857,2.4119672868488187,0.0,0.0,0.27,0.34629548650952463,1.0730644,30.0,22.5,0.2,1.5,2.5,5.0,1.0,5.0,5.0,5.0,masking_sources,2.0,5.0,11.0,1.0,3.0,10.0,-0.5,0.5,0.2,5.0,0.5,10.0,0.0,0.0,10.0,Face-on,2718.0,12.4,219.1,0.0,3.0,0.03866,0.0024300001095980406,15.9,0.0,3.0,50.0,5.6,15.9,37.7,0.0,0.0,0.0,0.0,605
