GAL,ra,dec,radvel,z,mag,r20,r50,r80,flux_c,flux_e,rpetro_c,rpetro_e,rhalf_c,rhalf_e,Gini,M20,F(G_M20),S(G_M20),SN_per_pixel,C,A,S,M,I,D,Ao,As,Ser_A,Ser_R,Ser_n,Ser_xc,Ser_yc,Ser_ellip,Ser_theta,flag_morph,flag_sersic,ima_sc_pix2arc,ima_sc_arc2kpc,psf_arcsec,size_image_phy_kpc,zp_ima,eta,petro_extent_cas,snr,area_min,debleding,area_min_deblend,skybox_x,skybox_y,sky_method,nsigma,npixels,dilate_size,mask_stars,fwhm,threshold,roundlo,roundhi,sharplo,aper_stars,aper_fact,aper_center,aper_ellip,aper_pa,dr,View,area_segmap_pix,area_psf_pix,ratio_segmap_psf,flag_area,flag_area_th,SN_gal,bck,ratio_SN_gal,flag_SN,flag_SN_th,perc_SN_flag,perc_20_SN_gal,perc_50_SN_gal,perc_80_SN_gal,flag_image,flag_bck,flag_object,flag_statmorph,index
1097r,316.29642694629604,-6.743681914154823,5000.0,0.0831,nan,3.834182832381308,8.307673993197659,14.723408150276862,176.78469421316083,176.69777363184568,17.70757303988901,17.817512095673653,9.192949283594166,9.2740571946935,0.4952439575750993,-1.8947667827888186,-0.1954690295306074,-0.10008106480829748,0.3463883697986603,2.921677665564808,0.07443003841639777,0.030326415470526648,0.00591016548463357,0.0,0.011489693489182305,0.18183783332858314,0.29540432841469166,0.1999896623342612,8.098195079305777,1.2026878595233559,319.92867494602984,319.8823342868445,0.007797692857628749,0.3376743887364908,0.0,0.0,0.27,0.34629548650952463,1.1494352,30.0,22.5,0.2,1.5,2.5,5.0,1.0,5.0,5.0,5.0,masking_sources,2.0,5.0,11.0,1.0,3.0,10.0,-0.5,0.5,0.2,5.0,0.5,10.0,0.0,0.0,10.0,Face-on,2782.0,14.2,195.4,0.0,3.0,0.0201,0.002360000042244792,8.5,0.0,3.0,50.0,4.4,8.5,30.4,0.0,0.0,0.0,0.0,1097
