GAL,ra,dec,radvel,z,mag,r20,r50,r80,flux_c,flux_e,rpetro_c,rpetro_e,rhalf_c,rhalf_e,Gini,M20,F(G_M20),S(G_M20),SN_per_pixel,C,A,S,M,I,D,Ao,As,Ser_A,Ser_R,Ser_n,Ser_xc,Ser_yc,Ser_ellip,Ser_theta,flag_morph,flag_sersic,ima_sc_pix2arc,ima_sc_arc2kpc,psf_arcsec,size_image_phy_kpc,zp_ima,eta,petro_extent_cas,snr,area_min,debleding,area_min_deblend,skybox_x,skybox_y,sky_method,nsigma,npixels,dilate_size,mask_stars,fwhm,threshold,roundlo,roundhi,sharplo,aper_stars,aper_fact,aper_center,aper_ellip,aper_pa,dr,View,area_segmap_pix,area_psf_pix,ratio_segmap_psf,flag_area,flag_area_th,SN_gal,bck,ratio_SN_gal,flag_SN,flag_SN_th,perc_SN_flag,perc_20_SN_gal,perc_50_SN_gal,perc_80_SN_gal,flag_image,flag_bck,flag_object,flag_statmorph,index
481r,119.90310885281025,28.86403212308949,5000.0,0.0456,nan,9.21176590158286,20.691008889554098,36.892601310978975,404.2988609040947,407.17593723215265,46.36353679485949,50.468394456948495,20.877328533132506,21.955640149914192,0.5340349767336012,-1.701497257188232,-0.1373892659372289,-0.03481349178289905,0.19876867532730103,3.0129819292773603,0.27276945340534975,0.0145340156767652,0.07793867120954004,0.2035682486434089,0.10825598932798247,0.35061274387146757,0.36567395188568635,0.09814429840047695,19.22279954239094,0.7359725402262125,322.4394123829994,322.8933233400253,0.18180988927284744,0.8309868519583612,0.0,0.0,0.27,0.34629548650952463,1.6038426,30.0,22.5,0.2,1.5,2.5,5.0,1.0,5.0,5.0,5.0,masking_sources,2.0,5.0,11.0,1.0,3.0,10.0,-0.5,0.5,0.2,5.0,0.5,10.0,0.0,0.0,10.0,Face-on,6626.0,27.7,239.1,0.0,3.0,0.03174,0.0040699997916817665,7.8,0.0,3.0,50.0,4.3,7.8,18.9,0.0,0.0,0.0,0.0,481
