GAL,ra,dec,radvel,z,mag,r20,r50,r80,flux_c,flux_e,rpetro_c,rpetro_e,rhalf_c,rhalf_e,Gini,M20,F(G_M20),S(G_M20),SN_per_pixel,C,A,S,M,I,D,Ao,As,Ser_A,Ser_R,Ser_n,Ser_xc,Ser_yc,Ser_ellip,Ser_theta,flag_morph,flag_sersic,ima_sc_pix2arc,ima_sc_arc2kpc,psf_arcsec,size_image_phy_kpc,zp_ima,eta,petro_extent_cas,snr,area_min,debleding,area_min_deblend,skybox_x,skybox_y,sky_method,nsigma,npixels,dilate_size,mask_stars,fwhm,threshold,roundlo,roundhi,sharplo,aper_stars,aper_fact,aper_center,aper_ellip,aper_pa,dr,View,area_segmap_pix,area_psf_pix,ratio_segmap_psf,flag_area,flag_area_th,SN_gal,bck,ratio_SN_gal,flag_SN,flag_SN_th,perc_SN_flag,perc_20_SN_gal,perc_50_SN_gal,perc_80_SN_gal,flag_image,flag_bck,flag_object,flag_statmorph,index
961r,211.96364294833364,5.521675893785394,5000.0,0.1495,nan,2.6427795083574237,5.5334469979611125,10.57273121716597,76.75216710623172,77.98104710818404,12.892945498594823,15.278522730972645,6.356451025606578,7.367829438732097,0.5420669497138108,-1.8760563460224997,0.02333844887695502,-0.05112555188045492,0.2956323027610779,3.0106313044412536,-0.0008214292180593716,0.001032472428554877,0.0027548209366391185,0.0,0.016942329485127732,-0.027319562736698975,0.4266942437567081,0.22897985702937987,5.293623540940691,1.5678670720086758,320.07756728435646,319.82347713906194,0.23933114659195723,0.30110982122263913,1.0,0.0,0.27,0.34629548650952463,1.3614208,30.0,22.5,0.2,1.5,2.5,5.0,1.0,5.0,5.0,5.0,masking_sources,2.0,5.0,11.0,1.0,3.0,10.0,-0.5,0.5,0.2,5.0,0.5,10.0,0.0,0.0,10.0,Face-on,917.0,20.0,45.9,0.0,3.0,0.03021,0.00443999981507659,6.8,0.0,3.0,50.0,3.8,6.8,21.5,0.0,0.0,0.0,0.0,961
