GAL,ra,dec,radvel,z,mag,r20,r50,r80,flux_c,flux_e,rpetro_c,rpetro_e,rhalf_c,rhalf_e,Gini,M20,F(G_M20),S(G_M20),SN_per_pixel,C,A,S,M,I,D,Ao,As,Ser_A,Ser_R,Ser_n,Ser_xc,Ser_yc,Ser_ellip,Ser_theta,flag_morph,flag_sersic,ima_sc_pix2arc,ima_sc_arc2kpc,psf_arcsec,size_image_phy_kpc,zp_ima,eta,petro_extent_cas,snr,area_min,debleding,area_min_deblend,skybox_x,skybox_y,sky_method,nsigma,npixels,dilate_size,mask_stars,fwhm,threshold,roundlo,roundhi,sharplo,aper_stars,aper_fact,aper_center,aper_ellip,aper_pa,dr,View,area_segmap_pix,area_psf_pix,ratio_segmap_psf,flag_area,flag_area_th,SN_gal,bck,ratio_SN_gal,flag_SN,flag_SN_th,perc_SN_flag,perc_20_SN_gal,perc_50_SN_gal,perc_80_SN_gal,flag_image,flag_bck,flag_object,flag_statmorph,index
436r,34.034421606805445,0.7395908423992245,5000.0,0.0578,nan,4.2928071406577715,10.031872606068346,20.040168739383155,162.66547026203435,162.72411407705067,25.68556774416329,28.130214759042687,10.619548784798935,12.288429848496007,0.5448570357783775,-1.9656050276095778,0.09920661123640606,-0.060810633417137605,0.2403760701417923,3.345799981305925,0.09961050300771118,0.016966564701248514,0.010540184453227932,0.021360308773627587,0.029693811901268036,0.1721432866898516,0.3528948546640662,0.14345551608347804,10.220689397422856,1.2793338327453319,319.738771025887,319.92687199005405,0.2754855602166419,1.4268715658196114,1.0,0.0,0.27,0.34629548650952463,1.4088918,30.0,22.5,0.2,1.5,2.5,5.0,1.0,5.0,5.0,5.0,masking_sources,2.0,5.0,11.0,1.0,3.0,10.0,-0.5,0.5,0.2,5.0,0.5,10.0,0.0,0.0,10.0,Face-on,3416.0,21.4,159.7,0.0,3.0,0.01751,0.00203999993391335,8.6,0.0,3.0,50.0,4.2,8.6,25.2,0.0,0.0,0.0,0.0,436
