GAL,ra,dec,radvel,z,mag,r20,r50,r80,flux_c,flux_e,rpetro_c,rpetro_e,rhalf_c,rhalf_e,Gini,M20,F(G_M20),S(G_M20),SN_per_pixel,C,A,S,M,I,D,Ao,As,Ser_A,Ser_R,Ser_n,Ser_xc,Ser_yc,Ser_ellip,Ser_theta,flag_morph,flag_sersic,ima_sc_pix2arc,ima_sc_arc2kpc,psf_arcsec,size_image_phy_kpc,zp_ima,eta,petro_extent_cas,snr,area_min,debleding,area_min_deblend,skybox_x,skybox_y,sky_method,nsigma,npixels,dilate_size,mask_stars,fwhm,threshold,roundlo,roundhi,sharplo,aper_stars,aper_fact,aper_center,aper_ellip,aper_pa,dr,View,area_segmap_pix,area_psf_pix,ratio_segmap_psf,flag_area,flag_area_th,SN_gal,bck,ratio_SN_gal,flag_SN,flag_SN_th,perc_SN_flag,perc_20_SN_gal,perc_50_SN_gal,perc_80_SN_gal,flag_image,flag_bck,flag_object,flag_statmorph,index
790r,241.7775354909422,26.801643225841843,5000.0,0.0938,nan,3.6698365497560705,7.18943603144448,12.780808926022994,139.1432883962256,139.2453660800968,16.064694537100248,18.376738779803844,7.519806486309821,8.584401034448197,0.49119465892477737,-1.7447665356141802,-0.319463229141725,-0.08323983611484145,0.35244110226631165,2.7095581022506563,0.06526423464036522,0.03815699558499399,0.0,0.0,0.04663315381843637,0.09296702325337447,0.19256116188744304,0.2728983586410326,7.562901157860885,0.9991854657881027,319.4158176835965,320.3769846708762,0.2884764627148391,2.102451720670497,0.0,0.0,0.27,0.34629548650952463,1.5403221,30.0,22.5,0.2,1.5,2.5,5.0,1.0,5.0,5.0,5.0,masking_sources,2.0,5.0,11.0,1.0,3.0,10.0,-0.5,0.5,0.2,5.0,0.5,10.0,0.0,0.0,10.0,Face-on,1621.0,25.6,63.4,0.0,3.0,0.02903,0.0030300000216811895,9.6,0.0,3.0,50.0,4.1,9.6,35.7,0.0,0.0,0.0,0.0,790
