GAL,ra,dec,radvel,z,mag,r20,r50,r80,flux_c,flux_e,rpetro_c,rpetro_e,rhalf_c,rhalf_e,Gini,M20,F(G_M20),S(G_M20),SN_per_pixel,C,A,S,M,I,D,Ao,As,Ser_A,Ser_R,Ser_n,Ser_xc,Ser_yc,Ser_ellip,Ser_theta,flag_morph,flag_sersic,ima_sc_pix2arc,ima_sc_arc2kpc,psf_arcsec,size_image_phy_kpc,zp_ima,eta,petro_extent_cas,snr,area_min,debleding,area_min_deblend,skybox_x,skybox_y,sky_method,nsigma,npixels,dilate_size,mask_stars,fwhm,threshold,roundlo,roundhi,sharplo,aper_stars,aper_fact,aper_center,aper_ellip,aper_pa,dr,View,area_segmap_pix,area_psf_pix,ratio_segmap_psf,flag_area,flag_area_th,SN_gal,bck,ratio_SN_gal,flag_SN,flag_SN_th,perc_SN_flag,perc_20_SN_gal,perc_50_SN_gal,perc_80_SN_gal,flag_image,flag_bck,flag_object,flag_statmorph,index
316r,178.99784136317345,5.815715938004143,5000.0,0.0501,nan,4.739324715222435,10.06487195707233,18.082034741753834,80.85285204812877,80.8296839056963,23.0280582577755,30.865636218757277,10.11495269736863,15.565111471126144,0.48485477911641733,-1.7089968484231126,-0.37563402741651686,-0.08454433060555952,0.24996744096279144,2.907654169475069,-0.18515783953885345,0.019682151387775654,0.02702702702702703,0.0,0.041692916537410515,-0.3183447074426312,0.2181372759985631,0.15593979283202283,14.407803531026174,0.45943850479086024,320.5168702343981,320.2064667395658,0.7506136611502975,2.5041783814448646,0.0,0.0,0.27,0.34629548650952463,1.1457884,30.0,22.5,0.2,1.5,2.5,5.0,1.0,5.0,5.0,5.0,masking_sources,2.0,5.0,11.0,1.0,3.0,10.0,-0.5,0.5,0.2,5.0,0.5,10.0,0.0,0.0,10.0,Edge-on,954.0,14.1,67.4,0.0,3.0,0.05117,0.005890000145882368,8.7,0.0,3.0,50.0,3.8,8.7,21.5,0.0,0.0,0.0,0.0,316
