GAL,ra,dec,radvel,z,mag,r20,r50,r80,flux_c,flux_e,rpetro_c,rpetro_e,rhalf_c,rhalf_e,Gini,M20,F(G_M20),S(G_M20),SN_per_pixel,C,A,S,M,I,D,Ao,As,Ser_A,Ser_R,Ser_n,Ser_xc,Ser_yc,Ser_ellip,Ser_theta,flag_morph,flag_sersic,ima_sc_pix2arc,ima_sc_arc2kpc,psf_arcsec,size_image_phy_kpc,zp_ima,eta,petro_extent_cas,snr,area_min,debleding,area_min_deblend,skybox_x,skybox_y,sky_method,nsigma,npixels,dilate_size,mask_stars,fwhm,threshold,roundlo,roundhi,sharplo,aper_stars,aper_fact,aper_center,aper_ellip,aper_pa,dr,View,area_segmap_pix,area_psf_pix,ratio_segmap_psf,flag_area,flag_area_th,SN_gal,bck,ratio_SN_gal,flag_SN,flag_SN_th,perc_SN_flag,perc_20_SN_gal,perc_50_SN_gal,perc_80_SN_gal,flag_image,flag_bck,flag_object,flag_statmorph,index
144r,330.0027175089481,-7.234776519487662,5000.0,0.0175,nan,7.9424573090463735,17.3465535060348,37.07015995330914,405.65440239529454,420.6383377238474,43.1507036118348,92.4333460022125,22.5637777491623,38.926532298119085,0.6638045006989656,-1.9106287359274754,0.6498979924576203,0.06458906139805687,0.19473937153816223,3.3453478540159725,0.09713359284153741,0.07400350613795807,0.11140466754733598,0.04440809573580696,0.01632320846037114,0.2298334680180567,0.3815324931686013,0.1057333608572595,35.188156087014306,0.854047064685141,319.92451317514923,319.72063349733014,0.7149613966488957,2.858146157273187,0.0,0.0,0.27,0.34629548650952463,1.2789345,30.0,22.5,0.2,1.5,2.5,5.0,1.0,5.0,5.0,5.0,masking_sources,2.0,5.0,11.0,1.0,3.0,10.0,-0.5,0.5,0.2,5.0,0.5,10.0,0.0,0.0,10.0,Edge-on,12240.0,17.6,694.6,0.0,3.0,0.01056,0.0006799999973736703,15.4,0.0,3.0,50.0,5.6,15.4,63.7,0.0,0.0,0.0,0.0,144
