GAL,ra,dec,radvel,z,mag,r20,r50,r80,flux_c,flux_e,rpetro_c,rpetro_e,rhalf_c,rhalf_e,Gini,M20,F(G_M20),S(G_M20),SN_per_pixel,C,A,S,M,I,D,Ao,As,Ser_A,Ser_R,Ser_n,Ser_xc,Ser_yc,Ser_ellip,Ser_theta,flag_morph,flag_sersic,ima_sc_pix2arc,ima_sc_arc2kpc,psf_arcsec,size_image_phy_kpc,zp_ima,eta,petro_extent_cas,snr,area_min,debleding,area_min_deblend,skybox_x,skybox_y,sky_method,nsigma,npixels,dilate_size,mask_stars,fwhm,threshold,roundlo,roundhi,sharplo,aper_stars,aper_fact,aper_center,aper_ellip,aper_pa,dr,View,area_segmap_pix,area_psf_pix,ratio_segmap_psf,flag_area,flag_area_th,SN_gal,bck,ratio_SN_gal,flag_SN,flag_SN_th,perc_SN_flag,perc_20_SN_gal,perc_50_SN_gal,perc_80_SN_gal,flag_image,flag_bck,flag_object,flag_statmorph,index
966r,189.29366235946299,1.8783944279292357,5000.0,0.078,nan,3.3685290184536427,7.7221748754075215,16.89891322330446,277.2775471221048,282.02106779316205,21.075444548118046,31.16942459406899,8.951325100906104,14.12032948845048,0.5725952001776503,-2.0808751346839527,0.31639270921534823,-0.04937239554519568,0.35145604610443115,3.5020924143521377,0.03394913585509112,0.0028189938479055493,0.0034602076124567475,0.0,0.014150682823486997,0.13061635766783028,0.533872910967952,0.3009879571475298,8.97865458558314,1.7785589637028958,320.38096233904685,319.8297590595113,0.329137503121941,0.619854280203096,0.0,0.0,0.27,0.34629548650952463,1.1027578,30.0,22.5,0.2,1.5,2.5,5.0,1.0,5.0,5.0,5.0,masking_sources,2.0,5.0,11.0,1.0,3.0,10.0,-0.5,0.5,0.2,5.0,0.5,10.0,0.0,0.0,10.0,Face-on,4890.0,13.1,373.2,0.0,3.0,0.01514,0.0010400000028312206,14.5,0.0,3.0,50.0,4.8,14.5,57.4,0.0,0.0,0.0,0.0,966
