GAL,ra,dec,radvel,z,mag,r20,r50,r80,flux_c,flux_e,rpetro_c,rpetro_e,rhalf_c,rhalf_e,Gini,M20,F(G_M20),S(G_M20),SN_per_pixel,C,A,S,M,I,D,Ao,As,Ser_A,Ser_R,Ser_n,Ser_xc,Ser_yc,Ser_ellip,Ser_theta,flag_morph,flag_sersic,ima_sc_pix2arc,ima_sc_arc2kpc,psf_arcsec,size_image_phy_kpc,zp_ima,eta,petro_extent_cas,snr,area_min,debleding,area_min_deblend,skybox_x,skybox_y,sky_method,nsigma,npixels,dilate_size,mask_stars,fwhm,threshold,roundlo,roundhi,sharplo,aper_stars,aper_fact,aper_center,aper_ellip,aper_pa,dr,View,area_segmap_pix,area_psf_pix,ratio_segmap_psf,flag_area,flag_area_th,SN_gal,bck,ratio_SN_gal,flag_SN,flag_SN_th,perc_SN_flag,perc_20_SN_gal,perc_50_SN_gal,perc_80_SN_gal,flag_image,flag_bck,flag_object,flag_statmorph,index
467r,204.6695944660195,-2.044774162258473,5000.0,0.0469,nan,6.518579243821608,12.90464005924249,22.741555133364233,145.11547078261893,145.5703588656028,28.51017847842588,41.00707394288131,13.403822119206724,19.89391454286783,0.4707132786592489,-1.706875335244918,-0.4471046633119897,-0.09824952572638726,0.22967177629470825,2.7133360511908586,0.0425814569938717,0.014684810344977126,0.0037243947858473,0.00806530845945611,0.050292649898849136,0.05131330225355036,0.2162012951287492,0.11879940871174513,18.157853522604654,0.5108686434684981,320.6106240104863,318.95536987807213,0.6302572621812159,2.1179986505168698,0.0,0.0,0.27,0.34629548650952463,1.503373,30.0,22.5,0.2,1.5,2.5,5.0,1.0,5.0,5.0,5.0,masking_sources,2.0,5.0,11.0,1.0,3.0,10.0,-0.5,0.5,0.2,5.0,0.5,10.0,0.0,0.0,10.0,Edge-on,2304.0,24.3,94.6,0.0,3.0,0.0365,0.0036299999337643385,10.0,0.0,3.0,50.0,4.7,10.0,26.8,0.0,0.0,0.0,0.0,467
