GAL,ra,dec,radvel,z,mag,r20,r50,r80,flux_c,flux_e,rpetro_c,rpetro_e,rhalf_c,rhalf_e,Gini,M20,F(G_M20),S(G_M20),SN_per_pixel,C,A,S,M,I,D,Ao,As,Ser_A,Ser_R,Ser_n,Ser_xc,Ser_yc,Ser_ellip,Ser_theta,flag_morph,flag_sersic,ima_sc_pix2arc,ima_sc_arc2kpc,psf_arcsec,size_image_phy_kpc,zp_ima,eta,petro_extent_cas,snr,area_min,debleding,area_min_deblend,skybox_x,skybox_y,sky_method,nsigma,npixels,dilate_size,mask_stars,fwhm,threshold,roundlo,roundhi,sharplo,aper_stars,aper_fact,aper_center,aper_ellip,aper_pa,dr,View,area_segmap_pix,area_psf_pix,ratio_segmap_psf,flag_area,flag_area_th,SN_gal,bck,ratio_SN_gal,flag_SN,flag_SN_th,perc_SN_flag,perc_20_SN_gal,perc_50_SN_gal,perc_80_SN_gal,flag_image,flag_bck,flag_object,flag_statmorph,index
724r,176.91312241903938,0.029864327015209413,5000.0,0.1118,nan,5.638613099389214,11.931480244490448,20.197776889547654,81.35494917751288,80.88377116958344,27.235685111715355,30.643164028446115,11.899910769177545,14.98788480657322,0.4491886422584838,-1.8392279372123037,-0.46193126033237863,-0.13795592743661128,0.18773604929447174,2.7706563730328115,0.05056223182881775,0.03663072037607424,0.006437768240343348,0.007625001641744401,0.023601350229612777,0.08417663494879477,0.2090505840048903,0.07739777946658388,12.496406319114595,0.5728515501964804,319.97425281180114,319.99958686943427,0.4244857407335237,1.3090826793354453,0.0,0.0,0.27,0.34629548650952463,1.4755675,30.0,22.5,0.2,1.5,2.5,5.0,1.0,5.0,5.0,5.0,masking_sources,2.0,5.0,11.0,1.0,3.0,10.0,-0.5,0.5,0.2,5.0,0.5,10.0,0.0,0.0,10.0,Face-on,1647.0,23.5,70.2,0.0,3.0,0.03157,0.0037899999879300594,8.3,0.0,3.0,50.0,4.5,8.3,16.3,0.0,0.0,0.0,0.0,724
