GAL,ra,dec,radvel,z,mag,r20,r50,r80,flux_c,flux_e,rpetro_c,rpetro_e,rhalf_c,rhalf_e,Gini,M20,F(G_M20),S(G_M20),SN_per_pixel,C,A,S,M,I,D,Ao,As,Ser_A,Ser_R,Ser_n,Ser_xc,Ser_yc,Ser_ellip,Ser_theta,flag_morph,flag_sersic,ima_sc_pix2arc,ima_sc_arc2kpc,psf_arcsec,size_image_phy_kpc,zp_ima,eta,petro_extent_cas,snr,area_min,debleding,area_min_deblend,skybox_x,skybox_y,sky_method,nsigma,npixels,dilate_size,mask_stars,fwhm,threshold,roundlo,roundhi,sharplo,aper_stars,aper_fact,aper_center,aper_ellip,aper_pa,dr,View,area_segmap_pix,area_psf_pix,ratio_segmap_psf,flag_area,flag_area_th,SN_gal,bck,ratio_SN_gal,flag_SN,flag_SN_th,perc_SN_flag,perc_20_SN_gal,perc_50_SN_gal,perc_80_SN_gal,flag_image,flag_bck,flag_object,flag_statmorph,index
637r,345.95205553509174,-9.73917427952323,5000.0,0.1026,nan,4.172892516323172,8.303884508007451,15.487834455442048,88.37781104643278,88.41770705148832,19.863688608781445,24.820737844550617,8.47354593513523,12.266204397805806,0.4656391126601534,-1.802651235125797,-0.40584908639006345,-0.116585800148934,0.2643309533596039,2.847767497393437,-0.0016697903304508646,0.009196577305389687,0.007709251101321586,0.0019267938065816873,0.04715167059203376,-0.017933121604168975,0.2713883184016727,0.14612193836841214,10.251590243242092,0.7594623869573839,319.2847247014715,320.53881963278343,0.5230877103710336,2.7183391928772873,0.0,0.0,0.27,0.34629548650952463,1.4075423,30.0,22.5,0.2,1.5,2.5,5.0,1.0,5.0,5.0,5.0,masking_sources,2.0,5.0,11.0,1.0,3.0,10.0,-0.5,0.5,0.2,5.0,0.5,10.0,0.0,0.0,10.0,Edge-on,1078.0,21.3,50.5,0.0,3.0,0.04639,0.005289999768137932,8.8,0.0,3.0,50.0,3.9,8.8,20.6,0.0,0.0,0.0,0.0,637
