GAL,ra,dec,radvel,z,mag,r20,r50,r80,flux_c,flux_e,rpetro_c,rpetro_e,rhalf_c,rhalf_e,Gini,M20,F(G_M20),S(G_M20),SN_per_pixel,C,A,S,M,I,D,Ao,As,Ser_A,Ser_R,Ser_n,Ser_xc,Ser_yc,Ser_ellip,Ser_theta,flag_morph,flag_sersic,ima_sc_pix2arc,ima_sc_arc2kpc,psf_arcsec,size_image_phy_kpc,zp_ima,eta,petro_extent_cas,snr,area_min,debleding,area_min_deblend,skybox_x,skybox_y,sky_method,nsigma,npixels,dilate_size,mask_stars,fwhm,threshold,roundlo,roundhi,sharplo,aper_stars,aper_fact,aper_center,aper_ellip,aper_pa,dr,View,area_segmap_pix,area_psf_pix,ratio_segmap_psf,flag_area,flag_area_th,SN_gal,bck,ratio_SN_gal,flag_SN,flag_SN_th,perc_SN_flag,perc_20_SN_gal,perc_50_SN_gal,perc_80_SN_gal,flag_image,flag_bck,flag_object,flag_statmorph,index
1133r,140.7534257471793,6.956430997295783,5000.0,0.1337,nan,5.473660932330104,11.092549687347994,17.762499869941117,120.92354152266535,120.949546104885,23.144488933381922,25.063696943296325,11.108776644442951,12.099511714196279,0.44277544667622154,-1.825229023809169,-0.5033778254529491,-0.14235914210001527,0.24042177200317383,2.556130981791373,0.026292025674526605,-0.0009684768144354982,0.005449591280653951,0.0,0.009562075171090105,0.016557277284159483,0.13639454840261037,0.11466459046193044,11.245358099692163,0.48171009793835745,319.73872109496693,319.94080758240904,0.14503308921549649,0.160755328207192,0.0,0.0,0.27,0.34629548650952463,1.2411555,30.0,22.5,0.2,1.5,2.5,5.0,1.0,5.0,5.0,5.0,masking_sources,2.0,5.0,11.0,1.0,3.0,10.0,-0.5,0.5,0.2,5.0,0.5,10.0,0.0,0.0,10.0,Face-on,1768.0,16.6,106.5,0.0,3.0,0.04306,0.004619999788701534,9.3,0.0,3.0,50.0,4.3,9.3,22.2,0.0,0.0,0.0,0.0,1133
