GAL,ra,dec,radvel,z,mag,r20,r50,r80,flux_c,flux_e,rpetro_c,rpetro_e,rhalf_c,rhalf_e,Gini,M20,F(G_M20),S(G_M20),SN_per_pixel,C,A,S,M,I,D,Ao,As,Ser_A,Ser_R,Ser_n,Ser_xc,Ser_yc,Ser_ellip,Ser_theta,flag_morph,flag_sersic,ima_sc_pix2arc,ima_sc_arc2kpc,psf_arcsec,size_image_phy_kpc,zp_ima,eta,petro_extent_cas,snr,area_min,debleding,area_min_deblend,skybox_x,skybox_y,sky_method,nsigma,npixels,dilate_size,mask_stars,fwhm,threshold,roundlo,roundhi,sharplo,aper_stars,aper_fact,aper_center,aper_ellip,aper_pa,dr,View,area_segmap_pix,area_psf_pix,ratio_segmap_psf,flag_area,flag_area_th,SN_gal,bck,ratio_SN_gal,flag_SN,flag_SN_th,perc_SN_flag,perc_20_SN_gal,perc_50_SN_gal,perc_80_SN_gal,flag_image,flag_bck,flag_object,flag_statmorph,index
630r,190.0931818523244,-0.6911157664505468,5000.0,0.0718,nan,5.359982499129699,13.193591897866737,28.025124084664615,117.46099191430079,118.61897906311518,32.39202216671183,50.705726721370205,15.524135921255175,24.43142970342781,0.5779514685227951,-2.003422998483681,0.28923190713702684,-0.03330384295166455,0.1941383332014084,3.5919208624116954,0.1800847577239881,0.09927457671560334,0.010719754977029096,0.008560179775297619,0.018207429760222518,0.23248208918161006,0.3633842056930045,0.10834287519911,20.86779697077663,0.8930284591385793,320.34843699125463,320.05554065842017,0.8161595828051907,1.7250546191737672,0.0,0.0,0.27,0.34629548650952463,1.2956293,30.0,22.5,0.2,1.5,2.5,5.0,1.0,5.0,5.0,5.0,masking_sources,2.0,5.0,11.0,1.0,3.0,10.0,-0.5,0.5,0.2,5.0,0.5,10.0,0.0,0.0,10.0,Edge-on,1946.0,18.1,107.6,0.0,3.0,0.03092,0.004209999926388264,7.4,0.0,3.0,50.0,4.0,7.4,17.6,0.0,0.0,0.0,0.0,630
