GAL,ra,dec,radvel,z,mag,r20,r50,r80,flux_c,flux_e,rpetro_c,rpetro_e,rhalf_c,rhalf_e,Gini,M20,F(G_M20),S(G_M20),SN_per_pixel,C,A,S,M,I,D,Ao,As,Ser_A,Ser_R,Ser_n,Ser_xc,Ser_yc,Ser_ellip,Ser_theta,flag_morph,flag_sersic,ima_sc_pix2arc,ima_sc_arc2kpc,psf_arcsec,size_image_phy_kpc,zp_ima,eta,petro_extent_cas,snr,area_min,debleding,area_min_deblend,skybox_x,skybox_y,sky_method,nsigma,npixels,dilate_size,mask_stars,fwhm,threshold,roundlo,roundhi,sharplo,aper_stars,aper_fact,aper_center,aper_ellip,aper_pa,dr,View,area_segmap_pix,area_psf_pix,ratio_segmap_psf,flag_area,flag_area_th,SN_gal,bck,ratio_SN_gal,flag_SN,flag_SN_th,perc_SN_flag,perc_20_SN_gal,perc_50_SN_gal,perc_80_SN_gal,flag_image,flag_bck,flag_object,flag_statmorph,index
674r,141.82693885155183,8.946713387353439,5000.0,0.078,nan,4.171750193600586,8.01232616257563,13.83551096479599,108.95724320596986,110.30228647194714,16.72948205338437,22.952074689345316,8.66546171387101,11.715320497292046,0.49094562951934445,-1.601001543709699,-0.4203250640884235,-0.0635030413514972,0.30936506390571594,2.6033845405252776,0.02521543641709122,0.03054000404480306,0.007246376811594203,0.0,0.07149940538845521,-0.10938052836691914,0.38516755718662676,0.20254850036903865,10.344949685992802,0.8383468891308975,319.5624352195844,319.45108473243135,0.5861584186450737,0.9860692575213392,0.0,0.0,0.27,0.34629548650952463,1.2988172,30.0,22.5,0.2,1.5,2.5,5.0,1.0,5.0,5.0,5.0,masking_sources,2.0,5.0,11.0,1.0,3.0,10.0,-0.5,0.5,0.2,5.0,0.5,10.0,0.0,0.0,10.0,Edge-on,1227.0,18.2,67.5,0.0,3.0,0.03527,0.004970000125467777,7.1,0.0,3.0,50.0,3.8,7.1,25.7,0.0,0.0,0.0,0.0,674
