GAL,ra,dec,radvel,z,mag,r20,r50,r80,flux_c,flux_e,rpetro_c,rpetro_e,rhalf_c,rhalf_e,Gini,M20,F(G_M20),S(G_M20),SN_per_pixel,C,A,S,M,I,D,Ao,As,Ser_A,Ser_R,Ser_n,Ser_xc,Ser_yc,Ser_ellip,Ser_theta,flag_morph,flag_sersic,ima_sc_pix2arc,ima_sc_arc2kpc,psf_arcsec,size_image_phy_kpc,zp_ima,eta,petro_extent_cas,snr,area_min,debleding,area_min_deblend,skybox_x,skybox_y,sky_method,nsigma,npixels,dilate_size,mask_stars,fwhm,threshold,roundlo,roundhi,sharplo,aper_stars,aper_fact,aper_center,aper_ellip,aper_pa,dr,View,area_segmap_pix,area_psf_pix,ratio_segmap_psf,flag_area,flag_area_th,SN_gal,bck,ratio_SN_gal,flag_SN,flag_SN_th,perc_SN_flag,perc_20_SN_gal,perc_50_SN_gal,perc_80_SN_gal,flag_image,flag_bck,flag_object,flag_statmorph,index
344r,152.36607312984603,8.914686931329006,5000.0,0.0266,nan,8.124561390664773,19.221533523656856,35.506513263593625,276.3288174124048,275.59928294025326,43.504245594873574,68.77600690222434,20.164935984138474,32.65553332291519,0.5533650263451428,-1.860257685654326,0.0683154565669053,-0.03774444222425993,0.22389928996562958,3.202540510408076,0.05035862031673446,0.02925191015390521,0.006746987951807229,0.42168989414348634,0.0566904603476114,0.021666110305232047,0.2005875162054862,0.13776508508874452,30.13611561646235,0.5838494860716084,321.3593538449626,319.8563912431427,0.7950552344080827,0.700073201949347,0.0,0.0,0.27,0.34629548650952463,1.5476024,30.0,22.5,0.2,1.5,2.5,5.0,1.0,5.0,5.0,5.0,masking_sources,2.0,5.0,11.0,1.0,3.0,10.0,-0.5,0.5,0.2,5.0,0.5,10.0,0.0,0.0,10.0,Edge-on,3774.0,25.8,146.3,0.0,3.0,0.03898,0.0040699997916817665,9.6,0.0,3.0,50.0,4.3,9.6,26.7,0.0,0.0,0.0,0.0,344
