GAL,ra,dec,radvel,z,mag,r20,r50,r80,flux_c,flux_e,rpetro_c,rpetro_e,rhalf_c,rhalf_e,Gini,M20,F(G_M20),S(G_M20),SN_per_pixel,C,A,S,M,I,D,Ao,As,Ser_A,Ser_R,Ser_n,Ser_xc,Ser_yc,Ser_ellip,Ser_theta,flag_morph,flag_sersic,ima_sc_pix2arc,ima_sc_arc2kpc,psf_arcsec,size_image_phy_kpc,zp_ima,eta,petro_extent_cas,snr,area_min,debleding,area_min_deblend,skybox_x,skybox_y,sky_method,nsigma,npixels,dilate_size,mask_stars,fwhm,threshold,roundlo,roundhi,sharplo,aper_stars,aper_fact,aper_center,aper_ellip,aper_pa,dr,View,area_segmap_pix,area_psf_pix,ratio_segmap_psf,flag_area,flag_area_th,SN_gal,bck,ratio_SN_gal,flag_SN,flag_SN_th,perc_SN_flag,perc_20_SN_gal,perc_50_SN_gal,perc_80_SN_gal,flag_image,flag_bck,flag_object,flag_statmorph,index
356r,4.398404169829809,-10.66588591743353,5000.0,0.0615,nan,6.278424859880557,13.249101625195394,23.89129991017349,77.99270034790544,76.58252380215916,32.82054283781054,40.831715823779916,13.230549698464614,21.245631522998448,0.47236323851159046,-1.6077719144895906,-0.5076160326263413,-0.08284068998757857,0.19290293753147125,2.901945395433454,0.08729211877550812,0.039912974548284574,0.007575757575757576,0.1038655460825131,0.04715521534406759,0.11846353327275902,0.23830973303801653,0.09698033206535313,19.609250130105085,0.3648898217437897,318.89890677981555,319.16715407041715,0.7804781551405875,0.5752250134781982,0.0,0.0,0.27,0.34629548650952463,1.5213511,30.0,22.5,0.2,1.5,2.5,5.0,1.0,5.0,5.0,5.0,masking_sources,2.0,5.0,11.0,1.0,3.0,10.0,-0.5,0.5,0.2,5.0,0.5,10.0,0.0,0.0,10.0,Edge-on,1369.0,24.9,54.9,0.0,3.0,0.03759,0.004230000078678131,8.9,0.0,3.0,50.0,4.2,8.9,18.4,0.0,0.0,0.0,0.0,356
