GAL,ra,dec,radvel,z,mag,r20,r50,r80,flux_c,flux_e,rpetro_c,rpetro_e,rhalf_c,rhalf_e,Gini,M20,F(G_M20),S(G_M20),SN_per_pixel,C,A,S,M,I,D,Ao,As,Ser_A,Ser_R,Ser_n,Ser_xc,Ser_yc,Ser_ellip,Ser_theta,flag_morph,flag_sersic,ima_sc_pix2arc,ima_sc_arc2kpc,psf_arcsec,size_image_phy_kpc,zp_ima,eta,petro_extent_cas,snr,area_min,debleding,area_min_deblend,skybox_x,skybox_y,sky_method,nsigma,npixels,dilate_size,mask_stars,fwhm,threshold,roundlo,roundhi,sharplo,aper_stars,aper_fact,aper_center,aper_ellip,aper_pa,dr,View,area_segmap_pix,area_psf_pix,ratio_segmap_psf,flag_area,flag_area_th,SN_gal,bck,ratio_SN_gal,flag_SN,flag_SN_th,perc_SN_flag,perc_20_SN_gal,perc_50_SN_gal,perc_80_SN_gal,flag_image,flag_bck,flag_object,flag_statmorph,index
313r,216.81879195037862,-0.09009032080461997,5000.0,0.0306,nan,3.7363085017304827,7.73499840380808,14.502180790257958,177.63959245985018,176.931949737504,18.173961932289785,19.690435978398696,8.264167463387778,9.151544813400728,0.529596280874153,-1.7726925656003738,-0.11002246171188368,-0.04910394855304051,0.35036501288414,2.9449529339983287,0.05387488063779963,0.025676213857342763,0.0,0.0,0.04448431397340192,0.10514042611825988,0.2284838863429454,0.25814135382057285,8.470930550104546,1.2913531389200572,320.552074269325,319.92153593802186,0.3195466165334309,0.901880411793899,0.0,0.0,0.27,0.34629548650952463,1.332476,30.0,22.5,0.2,1.5,2.5,5.0,1.0,5.0,5.0,5.0,masking_sources,2.0,5.0,11.0,1.0,3.0,10.0,-0.5,0.5,0.2,5.0,0.5,10.0,0.0,0.0,10.0,Face-on,3135.0,19.1,163.9,0.0,3.0,0.01379,0.0013200000394135714,10.5,0.0,3.0,50.0,4.6,10.5,42.2,0.0,0.0,0.0,0.0,313
