GAL,ra,dec,radvel,z,mag,r20,r50,r80,flux_c,flux_e,rpetro_c,rpetro_e,rhalf_c,rhalf_e,Gini,M20,F(G_M20),S(G_M20),SN_per_pixel,C,A,S,M,I,D,Ao,As,Ser_A,Ser_R,Ser_n,Ser_xc,Ser_yc,Ser_ellip,Ser_theta,flag_morph,flag_sersic,ima_sc_pix2arc,ima_sc_arc2kpc,psf_arcsec,size_image_phy_kpc,zp_ima,eta,petro_extent_cas,snr,area_min,debleding,area_min_deblend,skybox_x,skybox_y,sky_method,nsigma,npixels,dilate_size,mask_stars,fwhm,threshold,roundlo,roundhi,sharplo,aper_stars,aper_fact,aper_center,aper_ellip,aper_pa,dr,View,area_segmap_pix,area_psf_pix,ratio_segmap_psf,flag_area,flag_area_th,SN_gal,bck,ratio_SN_gal,flag_SN,flag_SN_th,perc_SN_flag,perc_20_SN_gal,perc_50_SN_gal,perc_80_SN_gal,flag_image,flag_bck,flag_object,flag_statmorph,index
1000r,332.0444135935855,-8.425782555454287,5000.0,0.122,nan,3.908300571884592,9.781604443800136,20.568709924830667,162.98297056991484,159.09753928892803,25.54814534374382,26.306529481193028,10.57411826004642,12.462246261940157,0.5508565946743642,-2.0661576014366485,0.1985873614337006,-0.06884787787207364,0.25622230768203735,3.6060954864151906,0.08407843931118626,0.01619874901323736,0.006938421509106678,0.009305983199894848,0.024661218947644743,0.00444983106702472,0.583219025764775,0.15893642551981504,9.726186707597357,1.4270741267841982,320.06969836234896,320.00247394237306,0.35715151923035593,2.5791202333550434,0.0,0.0,0.27,0.34629548650952463,1.2356701,30.0,22.5,0.2,1.5,2.5,5.0,1.0,5.0,5.0,5.0,masking_sources,2.0,5.0,11.0,1.0,3.0,10.0,-0.5,0.5,0.2,5.0,0.5,10.0,0.0,0.0,10.0,Face-on,2442.0,16.5,148.4,0.0,3.0,0.02614,0.0037499999161809683,7.0,0.0,3.0,50.0,3.9,7.0,18.2,0.0,0.0,0.0,0.0,1000
