GAL,ra,dec,radvel,z,mag,r20,r50,r80,flux_c,flux_e,rpetro_c,rpetro_e,rhalf_c,rhalf_e,Gini,M20,F(G_M20),S(G_M20),SN_per_pixel,C,A,S,M,I,D,Ao,As,Ser_A,Ser_R,Ser_n,Ser_xc,Ser_yc,Ser_ellip,Ser_theta,flag_morph,flag_sersic,ima_sc_pix2arc,ima_sc_arc2kpc,psf_arcsec,size_image_phy_kpc,zp_ima,eta,petro_extent_cas,snr,area_min,debleding,area_min_deblend,skybox_x,skybox_y,sky_method,nsigma,npixels,dilate_size,mask_stars,fwhm,threshold,roundlo,roundhi,sharplo,aper_stars,aper_fact,aper_center,aper_ellip,aper_pa,dr,View,area_segmap_pix,area_psf_pix,ratio_segmap_psf,flag_area,flag_area_th,SN_gal,bck,ratio_SN_gal,flag_SN,flag_SN_th,perc_SN_flag,perc_20_SN_gal,perc_50_SN_gal,perc_80_SN_gal,flag_image,flag_bck,flag_object,flag_statmorph,index
623r,27.541577538163143,-8.972246753309046,5000.0,0.052,nan,8.218290312113874,18.369793645364446,32.87577322464264,195.33837012432411,195.21630750997116,41.77326184128044,55.77992855058171,18.576297014914616,27.051768454424003,0.506720632564391,-1.8399531330403214,-0.1766453476093215,-0.0811000592538576,0.18362808227539062,3.010472486712676,0.10253771765955477,0.0323546392026951,0.01730103806228374,0.08222102765523857,0.02953909048388148,0.13346229050034036,0.2500825965152537,0.07685794777593044,23.800757260130336,0.5928290376638801,320.6601666275542,319.77182250090914,0.5604262070224124,1.4637006115748064,0.0,0.0,0.27,0.34629548650952463,1.201117,30.0,22.5,0.2,1.5,2.5,5.0,1.0,5.0,5.0,5.0,masking_sources,2.0,5.0,11.0,1.0,3.0,10.0,-0.5,0.5,0.2,5.0,0.5,10.0,0.0,0.0,10.0,Edge-on,4760.0,15.5,306.2,0.0,3.0,0.02301,0.0020800000056624413,11.1,0.0,3.0,50.0,5.1,11.1,26.4,0.0,0.0,0.0,0.0,623
