GAL,ra,dec,radvel,z,mag,r20,r50,r80,flux_c,flux_e,rpetro_c,rpetro_e,rhalf_c,rhalf_e,Gini,M20,F(G_M20),S(G_M20),SN_per_pixel,C,A,S,M,I,D,Ao,As,Ser_A,Ser_R,Ser_n,Ser_xc,Ser_yc,Ser_ellip,Ser_theta,flag_morph,flag_sersic,ima_sc_pix2arc,ima_sc_arc2kpc,psf_arcsec,size_image_phy_kpc,zp_ima,eta,petro_extent_cas,snr,area_min,debleding,area_min_deblend,skybox_x,skybox_y,sky_method,nsigma,npixels,dilate_size,mask_stars,fwhm,threshold,roundlo,roundhi,sharplo,aper_stars,aper_fact,aper_center,aper_ellip,aper_pa,dr,View,area_segmap_pix,area_psf_pix,ratio_segmap_psf,flag_area,flag_area_th,SN_gal,bck,ratio_SN_gal,flag_SN,flag_SN_th,perc_SN_flag,perc_20_SN_gal,perc_50_SN_gal,perc_80_SN_gal,flag_image,flag_bck,flag_object,flag_statmorph,index
1125r,195.5845768469014,5.860076874211205,5000.0,0.0646,nan,4.193349833888135,9.412441181128226,17.81207501213677,267.6736143971474,267.96518750135095,22.62635963188778,32.21055067890545,9.925943911872201,14.727021573534653,0.5179142050818769,-1.9516321409668829,-0.04384361115465962,-0.08554180456333865,0.3871799409389496,3.140767100489304,0.05364449409317932,0.0031184745450144975,0.0025884383088869713,0.0,0.01160088332098269,0.023801899402845075,0.17752560131145023,0.3494416050780346,13.194332398533176,0.9298741033005755,320.0823432250785,320.0154445566776,0.643776531469208,0.5168714654875057,0.0,0.0,0.27,0.34629548650952463,1.406667,30.0,22.5,0.2,1.5,2.5,5.0,1.0,5.0,5.0,5.0,masking_sources,2.0,5.0,11.0,1.0,3.0,10.0,-0.5,0.5,0.2,5.0,0.5,10.0,0.0,0.0,10.0,Edge-on,2144.0,21.3,100.6,0.0,3.0,0.04933,0.00443999981507659,11.1,0.0,3.0,50.0,4.6,11.1,36.4,0.0,0.0,0.0,0.0,1125
