GAL,ra,dec,radvel,z,mag,r20,r50,r80,flux_c,flux_e,rpetro_c,rpetro_e,rhalf_c,rhalf_e,Gini,M20,F(G_M20),S(G_M20),SN_per_pixel,C,A,S,M,I,D,Ao,As,Ser_A,Ser_R,Ser_n,Ser_xc,Ser_yc,Ser_ellip,Ser_theta,flag_morph,flag_sersic,ima_sc_pix2arc,ima_sc_arc2kpc,psf_arcsec,size_image_phy_kpc,zp_ima,eta,petro_extent_cas,snr,area_min,debleding,area_min_deblend,skybox_x,skybox_y,sky_method,nsigma,npixels,dilate_size,mask_stars,fwhm,threshold,roundlo,roundhi,sharplo,aper_stars,aper_fact,aper_center,aper_ellip,aper_pa,dr,View,area_segmap_pix,area_psf_pix,ratio_segmap_psf,flag_area,flag_area_th,SN_gal,bck,ratio_SN_gal,flag_SN,flag_SN_th,perc_SN_flag,perc_20_SN_gal,perc_50_SN_gal,perc_80_SN_gal,flag_image,flag_bck,flag_object,flag_statmorph,index
397r,176.47802921356825,10.85465538715187,5000.0,0.0437,nan,4.146309607523175,8.198893252020717,13.298152630695483,153.33002816748552,153.4424544547238,16.603041048349038,18.224238511091794,8.505055518601202,9.639563328469269,0.44072092792051887,-1.7247531648437693,-0.5831774635566997,-0.13042697127197028,0.3713734745979309,2.5306479264402837,0.06404448519355672,0.035151703186167345,0.002898550724637681,0.0,0.03377626414365519,0.0665878743915398,0.2549991660015442,0.24752030511233147,8.550834235017033,0.6532966822791029,320.5489909628362,320.09854872936785,0.2346145401288102,0.8239894883214458,0.0,0.0,0.27,0.34629548650952463,1.1436565,30.0,22.5,0.2,1.5,2.5,5.0,1.0,5.0,5.0,5.0,masking_sources,2.0,5.0,11.0,1.0,3.0,10.0,-0.5,0.5,0.2,5.0,0.5,10.0,0.0,0.0,10.0,Face-on,1320.0,14.1,93.7,0.0,3.0,0.04839,0.005499999970197678,8.8,0.0,3.0,50.0,4.0,8.8,35.0,0.0,0.0,0.0,0.0,397
