GAL,ra,dec,radvel,z,mag,r20,r50,r80,flux_c,flux_e,rpetro_c,rpetro_e,rhalf_c,rhalf_e,Gini,M20,F(G_M20),S(G_M20),SN_per_pixel,C,A,S,M,I,D,Ao,As,Ser_A,Ser_R,Ser_n,Ser_xc,Ser_yc,Ser_ellip,Ser_theta,flag_morph,flag_sersic,ima_sc_pix2arc,ima_sc_arc2kpc,psf_arcsec,size_image_phy_kpc,zp_ima,eta,petro_extent_cas,snr,area_min,debleding,area_min_deblend,skybox_x,skybox_y,sky_method,nsigma,npixels,dilate_size,mask_stars,fwhm,threshold,roundlo,roundhi,sharplo,aper_stars,aper_fact,aper_center,aper_ellip,aper_pa,dr,View,area_segmap_pix,area_psf_pix,ratio_segmap_psf,flag_area,flag_area_th,SN_gal,bck,ratio_SN_gal,flag_SN,flag_SN_th,perc_SN_flag,perc_20_SN_gal,perc_50_SN_gal,perc_80_SN_gal,flag_image,flag_bck,flag_object,flag_statmorph,index
1175r,6.2808754160353075,0.3125584863639118,5000.0,0.0109,nan,5.700378885583227,13.805986287654509,28.65624374841951,143.90804231354517,144.14931659166672,36.43131114618148,42.960464540626205,14.154044893149214,17.194635443674635,0.5788260103102414,-1.902851944041114,0.22386514825618686,-0.018458670014575906,0.1523970514535904,3.506577699182736,0.11769384296721144,-0.005197837706583415,0.009200507614213198,0.010897384971017396,0.10054417753107488,-0.051005642150097404,0.22426622773236488,0.06707700139235225,14.124866396867306,1.2260851490106823,320.8014898842458,318.79350003208845,0.29745856545107496,1.4851173819366559,1.0,0.0,0.27,0.34629548650952463,1.244425,30.0,22.5,0.2,1.5,2.5,5.0,1.0,5.0,5.0,5.0,masking_sources,2.0,5.0,11.0,1.0,3.0,10.0,-0.5,0.5,0.2,5.0,0.5,10.0,0.0,0.0,10.0,Face-on,4168.0,16.7,249.8,0.0,3.0,0.0135,0.0022100000642240047,6.1,0.0,3.0,50.0,3.7,6.1,16.9,0.0,0.0,0.0,0.0,1175
