GAL,ra,dec,radvel,z,mag,r20,r50,r80,flux_c,flux_e,rpetro_c,rpetro_e,rhalf_c,rhalf_e,Gini,M20,F(G_M20),S(G_M20),SN_per_pixel,C,A,S,M,I,D,Ao,As,Ser_A,Ser_R,Ser_n,Ser_xc,Ser_yc,Ser_ellip,Ser_theta,flag_morph,flag_sersic,ima_sc_pix2arc,ima_sc_arc2kpc,psf_arcsec,size_image_phy_kpc,zp_ima,eta,petro_extent_cas,snr,area_min,debleding,area_min_deblend,skybox_x,skybox_y,sky_method,nsigma,npixels,dilate_size,mask_stars,fwhm,threshold,roundlo,roundhi,sharplo,aper_stars,aper_fact,aper_center,aper_ellip,aper_pa,dr,View,area_segmap_pix,area_psf_pix,ratio_segmap_psf,flag_area,flag_area_th,SN_gal,bck,ratio_SN_gal,flag_SN,flag_SN_th,perc_SN_flag,perc_20_SN_gal,perc_50_SN_gal,perc_80_SN_gal,flag_image,flag_bck,flag_object,flag_statmorph,index
1163r,144.78908606513897,0.9844753619840727,5000.0,0.0244,nan,3.230003963411881,7.169505022794005,13.579651225881767,77.88723163097919,77.98044925470029,16.894413651882594,20.113066167133777,8.364222635574146,10.191499340674055,0.5192919293812155,-1.9117209215572997,-0.06468235092377439,-0.07863019800906135,0.24612389504909515,3.1184278030574792,0.05133420780977787,0.02854507286310887,0.0017482517482517483,0.0,0.018136127326784976,0.1330765107096936,0.3169183856989546,0.11508724410422656,8.0926812209461,1.4858552609975095,320.0326139717756,319.94566200723636,0.30667790968113234,1.648970448706608,0.0,0.0,0.27,0.34629548650952463,1.2192227,30.0,22.5,0.2,1.5,2.5,5.0,1.0,5.0,5.0,5.0,masking_sources,2.0,5.0,11.0,1.0,3.0,10.0,-0.5,0.5,0.2,5.0,0.5,10.0,0.0,0.0,10.0,Face-on,2369.0,16.0,147.9,0.0,3.0,0.00945,0.0014600000577047467,6.5,0.0,3.0,50.0,3.7,6.5,24.4,0.0,0.0,0.0,0.0,1163
