GAL,ra,dec,radvel,z,mag,r20,r50,r80,flux_c,flux_e,rpetro_c,rpetro_e,rhalf_c,rhalf_e,Gini,M20,F(G_M20),S(G_M20),SN_per_pixel,C,A,S,M,I,D,Ao,As,Ser_A,Ser_R,Ser_n,Ser_xc,Ser_yc,Ser_ellip,Ser_theta,flag_morph,flag_sersic,ima_sc_pix2arc,ima_sc_arc2kpc,psf_arcsec,size_image_phy_kpc,zp_ima,eta,petro_extent_cas,snr,area_min,debleding,area_min_deblend,skybox_x,skybox_y,sky_method,nsigma,npixels,dilate_size,mask_stars,fwhm,threshold,roundlo,roundhi,sharplo,aper_stars,aper_fact,aper_center,aper_ellip,aper_pa,dr,View,area_segmap_pix,area_psf_pix,ratio_segmap_psf,flag_area,flag_area_th,SN_gal,bck,ratio_SN_gal,flag_SN,flag_SN_th,perc_SN_flag,perc_20_SN_gal,perc_50_SN_gal,perc_80_SN_gal,flag_image,flag_bck,flag_object,flag_statmorph,index
487r,178.52399722358072,11.567683866749348,5000.0,0.0282,nan,7.3773252002683725,16.35885029654903,29.08454899841946,338.7425831154298,334.2698759085352,36.60333575058602,50.73104701922813,16.635738359822057,25.210132874292185,0.5231724557664508,-1.447142273922521,-0.36742674812776155,-0.01021204486644417,0.32484549283981323,2.97881702865155,0.028272254079812594,0.058661414529586946,0.0052173913043478265,0.5674382712451596,0.012366004155468706,-0.03356692504077665,0.2346801288329927,0.2625120739481773,24.188542004300594,0.5345623045664196,320.527143206073,319.85471669491653,0.7837299579135727,0.37218631563618004,0.0,0.0,0.27,0.34629548650952463,1.2407814,30.0,22.5,0.2,1.5,2.5,5.0,1.0,5.0,5.0,5.0,masking_sources,2.0,5.0,11.0,1.0,3.0,10.0,-0.5,0.5,0.2,5.0,0.5,10.0,0.0,0.0,10.0,Edge-on,2768.0,16.6,166.9,0.0,3.0,0.0608,0.005309999920427799,11.4,0.0,3.0,50.0,4.5,11.4,36.3,0.0,0.0,0.0,0.0,487
