GAL,ra,dec,radvel,z,mag,r20,r50,r80,flux_c,flux_e,rpetro_c,rpetro_e,rhalf_c,rhalf_e,Gini,M20,F(G_M20),S(G_M20),SN_per_pixel,C,A,S,M,I,D,Ao,As,Ser_A,Ser_R,Ser_n,Ser_xc,Ser_yc,Ser_ellip,Ser_theta,flag_morph,flag_sersic,ima_sc_pix2arc,ima_sc_arc2kpc,psf_arcsec,size_image_phy_kpc,zp_ima,eta,petro_extent_cas,snr,area_min,debleding,area_min_deblend,skybox_x,skybox_y,sky_method,nsigma,npixels,dilate_size,mask_stars,fwhm,threshold,roundlo,roundhi,sharplo,aper_stars,aper_fact,aper_center,aper_ellip,aper_pa,dr,View,area_segmap_pix,area_psf_pix,ratio_segmap_psf,flag_area,flag_area_th,SN_gal,bck,ratio_SN_gal,flag_SN,flag_SN_th,perc_SN_flag,perc_20_SN_gal,perc_50_SN_gal,perc_80_SN_gal,flag_image,flag_bck,flag_object,flag_statmorph,index
1114r,150.65815031169768,-0.37117294839552534,5000.0,0.0899,nan,4.119417990364346,8.716304751592514,15.887188893140452,130.274972059232,132.29569126495323,20.0134069988281,27.789275432647656,9.822959982901278,13.408865646386914,0.5073456978482013,-1.8192553005783996,-0.18789487235057312,-0.07760424591067833,0.29344162344932556,2.9310559893293786,0.05224042052052979,-0.01436326671028199,0.03,0.07408763016628196,0.021896855574748096,-0.03816610919538951,0.45008504182512865,0.19315598242572912,11.56420396019049,0.9712309500818079,320.0418116201233,320.0566328710172,0.6009361291740204,1.085620926445212,0.0,0.0,0.27,0.34629548650952463,1.2893071,30.0,22.5,0.2,1.5,2.5,5.0,1.0,5.0,5.0,5.0,masking_sources,2.0,5.0,11.0,1.0,3.0,10.0,-0.5,0.5,0.2,5.0,0.5,10.0,0.0,0.0,10.0,Edge-on,1613.0,17.9,90.1,0.0,3.0,0.03335,0.0037700000684708357,8.9,0.0,3.0,50.0,4.1,8.9,29.8,0.0,0.0,0.0,0.0,1114
