GAL,ra,dec,radvel,z,mag,r20,r50,r80,flux_c,flux_e,rpetro_c,rpetro_e,rhalf_c,rhalf_e,Gini,M20,F(G_M20),S(G_M20),SN_per_pixel,C,A,S,M,I,D,Ao,As,Ser_A,Ser_R,Ser_n,Ser_xc,Ser_yc,Ser_ellip,Ser_theta,flag_morph,flag_sersic,ima_sc_pix2arc,ima_sc_arc2kpc,psf_arcsec,size_image_phy_kpc,zp_ima,eta,petro_extent_cas,snr,area_min,debleding,area_min_deblend,skybox_x,skybox_y,sky_method,nsigma,npixels,dilate_size,mask_stars,fwhm,threshold,roundlo,roundhi,sharplo,aper_stars,aper_fact,aper_center,aper_ellip,aper_pa,dr,View,area_segmap_pix,area_psf_pix,ratio_segmap_psf,flag_area,flag_area_th,SN_gal,bck,ratio_SN_gal,flag_SN,flag_SN_th,perc_SN_flag,perc_20_SN_gal,perc_50_SN_gal,perc_80_SN_gal,flag_image,flag_bck,flag_object,flag_statmorph,index
429r,191.30868495524217,3.2490345915174044,5000.0,0.0483,nan,7.451044932155243,15.490967717135733,25.60035900473137,156.31243018790482,156.44933792928734,33.096363585680685,40.28278707724551,15.584145144527826,19.00622540975358,0.5586867757205204,-1.662487878194264,-0.04239636059479901,-0.004985907105687526,0.21047158539295197,2.6801443665625158,0.3488655460045464,0.07288009061903673,0.09045226130653267,0.16887982670205393,0.10849237264596166,0.5027649737916006,0.1972445752403505,0.09258386854475233,18.7395817690928,0.42026152172152176,322.19016402327446,321.1849537435033,0.3795717110888923,2.5887998620325408,0.0,0.0,0.27,0.34629548650952463,1.0679051,30.0,22.5,0.2,1.5,2.5,5.0,1.0,5.0,5.0,5.0,masking_sources,2.0,5.0,11.0,1.0,3.0,10.0,-0.5,0.5,0.2,5.0,0.5,10.0,0.0,0.0,10.0,Face-on,3792.0,12.3,308.6,0.0,3.0,0.01833,0.0009200000204145908,20.0,0.0,3.0,50.0,6.7,20.0,72.8,0.0,0.0,0.0,0.0,429
