GAL,ra,dec,radvel,z,mag,r20,r50,r80,flux_c,flux_e,rpetro_c,rpetro_e,rhalf_c,rhalf_e,Gini,M20,F(G_M20),S(G_M20),SN_per_pixel,C,A,S,M,I,D,Ao,As,Ser_A,Ser_R,Ser_n,Ser_xc,Ser_yc,Ser_ellip,Ser_theta,flag_morph,flag_sersic,ima_sc_pix2arc,ima_sc_arc2kpc,psf_arcsec,size_image_phy_kpc,zp_ima,eta,petro_extent_cas,snr,area_min,debleding,area_min_deblend,skybox_x,skybox_y,sky_method,nsigma,npixels,dilate_size,mask_stars,fwhm,threshold,roundlo,roundhi,sharplo,aper_stars,aper_fact,aper_center,aper_ellip,aper_pa,dr,View,area_segmap_pix,area_psf_pix,ratio_segmap_psf,flag_area,flag_area_th,SN_gal,bck,ratio_SN_gal,flag_SN,flag_SN_th,perc_SN_flag,perc_20_SN_gal,perc_50_SN_gal,perc_80_SN_gal,flag_image,flag_bck,flag_object,flag_statmorph,index
1072r,187.77535482560955,10.61336920632705,5000.0,0.086,nan,5.681916578637498,11.396303626311454,19.635052976607533,136.84201620997305,139.10619135528435,24.415700369777266,34.88284568375311,12.133818444145302,17.3870243966078,0.4530229634644916,-1.6844082413035393,-0.5502414196274135,-0.11264001171134533,0.24684980511665344,2.692686120993366,0.08754135475316488,0.011011899690203497,0.023125437981779958,0.059993183569862135,0.08267502598030198,0.09401739580018283,0.4884470413860206,0.12349750315132565,14.465936695696302,0.5909489783083963,320.95928555789766,320.05156003743457,0.5174411083837845,0.2345501952146347,0.0,0.0,0.27,0.34629548650952463,1.1447763,30.0,22.5,0.2,1.5,2.5,5.0,1.0,5.0,5.0,5.0,masking_sources,2.0,5.0,11.0,1.0,3.0,10.0,-0.5,0.5,0.2,5.0,0.5,10.0,0.0,0.0,10.0,Edge-on,2081.0,14.1,147.4,0.0,3.0,0.03907,0.0044999998062849045,8.7,0.0,3.0,50.0,4.2,8.7,19.6,0.0,0.0,0.0,0.0,1072
