GAL,ra,dec,radvel,z,mag,r20,r50,r80,flux_c,flux_e,rpetro_c,rpetro_e,rhalf_c,rhalf_e,Gini,M20,F(G_M20),S(G_M20),SN_per_pixel,C,A,S,M,I,D,Ao,As,Ser_A,Ser_R,Ser_n,Ser_xc,Ser_yc,Ser_ellip,Ser_theta,flag_morph,flag_sersic,ima_sc_pix2arc,ima_sc_arc2kpc,psf_arcsec,size_image_phy_kpc,zp_ima,eta,petro_extent_cas,snr,area_min,debleding,area_min_deblend,skybox_x,skybox_y,sky_method,nsigma,npixels,dilate_size,mask_stars,fwhm,threshold,roundlo,roundhi,sharplo,aper_stars,aper_fact,aper_center,aper_ellip,aper_pa,dr,View,area_segmap_pix,area_psf_pix,ratio_segmap_psf,flag_area,flag_area_th,SN_gal,bck,ratio_SN_gal,flag_SN,flag_SN_th,perc_SN_flag,perc_20_SN_gal,perc_50_SN_gal,perc_80_SN_gal,flag_image,flag_bck,flag_object,flag_statmorph,index
1124r,179.33215409622204,10.427013483861215,5000.0,0.067,nan,3.6375651331900274,7.821473171414004,14.314000980797298,245.47936142819555,245.4675272987265,17.943175234152598,22.948148864408438,8.038890976717502,9.89853101395491,0.5161292697342936,-1.9040081951166952,-0.08568243559937727,-0.0806891620842699,0.40778860449790955,2.974751321103868,0.03662195624700285,0.028578446126708682,0.0014347202295552368,0.0,0.013028435191266145,0.03418543322693893,0.12154031698355292,0.4043202713319323,8.870898988394568,0.9675687342370675,320.163050991557,320.0723185739556,0.3838125178954538,1.783822041534737,0.0,0.0,0.27,0.34629548650952463,1.4095094,30.0,22.5,0.2,1.5,2.5,5.0,1.0,5.0,5.0,5.0,masking_sources,2.0,5.0,11.0,1.0,3.0,10.0,-0.5,0.5,0.2,5.0,0.5,10.0,0.0,0.0,10.0,Face-on,1849.0,21.4,86.4,0.0,3.0,0.05145,0.0044999998062849045,11.4,0.0,3.0,50.0,4.8,11.4,36.8,0.0,0.0,0.0,0.0,1124
