GAL,ra,dec,radvel,z,mag,r20,r50,r80,flux_c,flux_e,rpetro_c,rpetro_e,rhalf_c,rhalf_e,Gini,M20,F(G_M20),S(G_M20),SN_per_pixel,C,A,S,M,I,D,Ao,As,Ser_A,Ser_R,Ser_n,Ser_xc,Ser_yc,Ser_ellip,Ser_theta,flag_morph,flag_sersic,ima_sc_pix2arc,ima_sc_arc2kpc,psf_arcsec,size_image_phy_kpc,zp_ima,eta,petro_extent_cas,snr,area_min,debleding,area_min_deblend,skybox_x,skybox_y,sky_method,nsigma,npixels,dilate_size,mask_stars,fwhm,threshold,roundlo,roundhi,sharplo,aper_stars,aper_fact,aper_center,aper_ellip,aper_pa,dr,View,area_segmap_pix,area_psf_pix,ratio_segmap_psf,flag_area,flag_area_th,SN_gal,bck,ratio_SN_gal,flag_SN,flag_SN_th,perc_SN_flag,perc_20_SN_gal,perc_50_SN_gal,perc_80_SN_gal,flag_image,flag_bck,flag_object,flag_statmorph,index
272r,56.53433625845256,-6.709352568404126,5000.0,0.0331,nan,11.158921159747134,23.169221950844296,38.8898495213115,212.30789860183827,208.03322219289484,51.39144094948388,65.28458014244482,23.13637474152985,30.15536499340255,0.478219656738727,-1.6779857203382835,-0.4299685949488703,-0.0868025549556817,0.1476268470287323,2.711070267523925,0.0838531763058063,0.02701797275625274,0.03206412825651302,0.10632599469888994,0.03564462848800373,0.15486687378456232,0.18100394666859995,0.046776488405406776,26.920054785999447,0.5588743382090446,320.4546455639222,321.00338126236926,0.4638780388157763,0.04553018285743529,1.0,0.0,0.27,0.34629548650952463,1.4415452,30.0,22.5,0.2,1.5,2.5,5.0,1.0,5.0,5.0,5.0,masking_sources,2.0,5.0,11.0,1.0,3.0,10.0,-0.5,0.5,0.2,5.0,0.5,10.0,0.0,0.0,10.0,Face-on,5413.0,22.4,241.8,0.0,3.0,0.024,0.0035699999425560236,6.7,0.0,3.0,50.0,3.9,6.7,12.8,0.0,0.0,0.0,0.0,272
