GAL,ra,dec,radvel,z,mag,r20,r50,r80,flux_c,flux_e,rpetro_c,rpetro_e,rhalf_c,rhalf_e,Gini,M20,F(G_M20),S(G_M20),SN_per_pixel,C,A,S,M,I,D,Ao,As,Ser_A,Ser_R,Ser_n,Ser_xc,Ser_yc,Ser_ellip,Ser_theta,flag_morph,flag_sersic,ima_sc_pix2arc,ima_sc_arc2kpc,psf_arcsec,size_image_phy_kpc,zp_ima,eta,petro_extent_cas,snr,area_min,debleding,area_min_deblend,skybox_x,skybox_y,sky_method,nsigma,npixels,dilate_size,mask_stars,fwhm,threshold,roundlo,roundhi,sharplo,aper_stars,aper_fact,aper_center,aper_ellip,aper_pa,dr,View,area_segmap_pix,area_psf_pix,ratio_segmap_psf,flag_area,flag_area_th,SN_gal,bck,ratio_SN_gal,flag_SN,flag_SN_th,perc_SN_flag,perc_20_SN_gal,perc_50_SN_gal,perc_80_SN_gal,flag_image,flag_bck,flag_object,flag_statmorph,index
167r,226.62838034067317,4.516639065212866,5000.0,0.0352,nan,4.329336632900843,8.210227771817703,13.917960075550287,95.5364963413167,96.29371184077849,17.587542536375746,22.364179413673106,9.538512703696023,11.77901679941767,0.47604396405052807,-1.5646930025610641,-0.5192501271750682,-0.07320880294596516,0.2841227054595947,2.535771150671845,0.16014244010539655,0.031682043875050525,0.004451038575667656,0.0,0.16825587256090152,0.22646615529400954,0.6115779831617452,0.1776998312539759,10.127192851101691,0.6724313973363115,321.89087396850346,319.65261635634226,0.5283590503127872,2.8537591979868897,1.0,0.0,0.27,0.34629548650952463,1.3436849,30.0,22.5,0.2,1.5,2.5,5.0,1.0,5.0,5.0,5.0,masking_sources,2.0,5.0,11.0,1.0,3.0,10.0,-0.5,0.5,0.2,5.0,0.5,10.0,0.0,0.0,10.0,Edge-on,1348.0,19.5,69.3,0.0,3.0,0.03104,0.0030900000128895044,10.1,0.0,3.0,50.0,4.5,10.1,34.6,0.0,0.0,0.0,0.0,167
