GAL,ra,dec,radvel,z,mag,r20,r50,r80,flux_c,flux_e,rpetro_c,rpetro_e,rhalf_c,rhalf_e,Gini,M20,F(G_M20),S(G_M20),SN_per_pixel,C,A,S,M,I,D,Ao,As,Ser_A,Ser_R,Ser_n,Ser_xc,Ser_yc,Ser_ellip,Ser_theta,flag_morph,flag_sersic,ima_sc_pix2arc,ima_sc_arc2kpc,psf_arcsec,size_image_phy_kpc,zp_ima,eta,petro_extent_cas,snr,area_min,debleding,area_min_deblend,skybox_x,skybox_y,sky_method,nsigma,npixels,dilate_size,mask_stars,fwhm,threshold,roundlo,roundhi,sharplo,aper_stars,aper_fact,aper_center,aper_ellip,aper_pa,dr,View,area_segmap_pix,area_psf_pix,ratio_segmap_psf,flag_area,flag_area_th,SN_gal,bck,ratio_SN_gal,flag_SN,flag_SN_th,perc_SN_flag,perc_20_SN_gal,perc_50_SN_gal,perc_80_SN_gal,flag_image,flag_bck,flag_object,flag_statmorph,index
400r,190.08382605679734,0.5380523411554394,5000.0,0.046,nan,8.764570382261795,19.940052292057988,36.88125691865617,149.54564943010982,145.13075532790293,46.930620085222294,59.20697909024481,22.482520756119044,26.3163183137768,0.5627319693071883,-1.8718651452170816,0.12272579370601999,-0.030084605571057965,0.12769699096679688,3.1203754027604615,0.1606180042577529,0.02302659166374877,0.05011476664116297,0.24459269226496547,0.05293475626873492,0.24131097918303288,0.2944677959692908,0.04750344285042147,21.0954332686562,0.8558650989918165,320.3343879576902,320.1072954063808,0.4367195324011789,2.8935211274888353,1.0,0.0,0.27,0.34629548650952463,1.0342331,30.0,22.5,0.2,1.5,2.5,5.0,1.0,5.0,5.0,5.0,masking_sources,2.0,5.0,11.0,1.0,3.0,10.0,-0.5,0.5,0.2,5.0,0.5,10.0,0.0,0.0,10.0,Face-on,6737.0,11.5,584.6,0.0,3.0,0.01063,0.0009299999801442027,11.5,0.0,3.0,50.0,4.8,11.5,26.6,0.0,0.0,0.0,0.0,400
