GAL,ra,dec,radvel,z,mag,r20,r50,r80,flux_c,flux_e,rpetro_c,rpetro_e,rhalf_c,rhalf_e,Gini,M20,F(G_M20),S(G_M20),SN_per_pixel,C,A,S,M,I,D,Ao,As,Ser_A,Ser_R,Ser_n,Ser_xc,Ser_yc,Ser_ellip,Ser_theta,flag_morph,flag_sersic,ima_sc_pix2arc,ima_sc_arc2kpc,psf_arcsec,size_image_phy_kpc,zp_ima,eta,petro_extent_cas,snr,area_min,debleding,area_min_deblend,skybox_x,skybox_y,sky_method,nsigma,npixels,dilate_size,mask_stars,fwhm,threshold,roundlo,roundhi,sharplo,aper_stars,aper_fact,aper_center,aper_ellip,aper_pa,dr,View,area_segmap_pix,area_psf_pix,ratio_segmap_psf,flag_area,flag_area_th,SN_gal,bck,ratio_SN_gal,flag_SN,flag_SN_th,perc_SN_flag,perc_20_SN_gal,perc_50_SN_gal,perc_80_SN_gal,flag_image,flag_bck,flag_object,flag_statmorph,index
675r,167.88219507409974,7.793227633447743,5000.0,0.0734,nan,3.4145418388501887,6.750251468085228,11.384454402118273,145.2499331786568,145.26418528014233,14.878658212246608,15.740048809956624,6.772667671401674,7.194787194003727,0.47982755887888423,-1.7781136821420804,-0.3526208018250614,-0.09912851852765386,0.3973883390426636,2.6148989170490533,0.0807939037094407,-0.00142409057163487,0.00228310502283105,0.0,0.007213932104018515,0.08550233076287928,0.14889300202052183,0.3459786181227568,6.512589559037682,0.7130034201252125,319.1299230571896,320.08845937105974,0.10181843351295526,1.4951199594559974,0.0,0.0,0.27,0.34629548650952463,1.0705729,30.0,22.5,0.2,1.5,2.5,5.0,1.0,5.0,5.0,5.0,masking_sources,2.0,5.0,11.0,1.0,3.0,10.0,-0.5,0.5,0.2,5.0,0.5,10.0,0.0,0.0,10.0,Face-on,1023.0,12.3,82.8,0.0,3.0,0.066,0.005229999776929617,12.6,0.0,3.0,50.0,4.8,12.6,40.4,0.0,0.0,0.0,0.0,675
