GAL,ra,dec,radvel,z,mag,r20,r50,r80,flux_c,flux_e,rpetro_c,rpetro_e,rhalf_c,rhalf_e,Gini,M20,F(G_M20),S(G_M20),SN_per_pixel,C,A,S,M,I,D,Ao,As,Ser_A,Ser_R,Ser_n,Ser_xc,Ser_yc,Ser_ellip,Ser_theta,flag_morph,flag_sersic,ima_sc_pix2arc,ima_sc_arc2kpc,psf_arcsec,size_image_phy_kpc,zp_ima,eta,petro_extent_cas,snr,area_min,debleding,area_min_deblend,skybox_x,skybox_y,sky_method,nsigma,npixels,dilate_size,mask_stars,fwhm,threshold,roundlo,roundhi,sharplo,aper_stars,aper_fact,aper_center,aper_ellip,aper_pa,dr,View,area_segmap_pix,area_psf_pix,ratio_segmap_psf,flag_area,flag_area_th,SN_gal,bck,ratio_SN_gal,flag_SN,flag_SN_th,perc_SN_flag,perc_20_SN_gal,perc_50_SN_gal,perc_80_SN_gal,flag_image,flag_bck,flag_object,flag_statmorph,index
83r,35.245109679594975,-9.528506806300973,5000.0,0.0127,nan,6.281833667399967,14.54844108531779,26.455262748543113,286.27601382930493,285.43870600290194,33.680126262156094,36.14241364281297,14.826404324441594,16.912154999931115,0.5769464483438089,-1.78199243674983,0.1308056779694864,-0.00351996484785555,0.25631484389305115,3.1221282320268045,0.06291080690529956,0.03928906579677499,0.05333333333333334,0.06443947445282984,0.08398696725610005,-0.01443626493918851,0.18750319111307315,0.1881062359924874,15.059756991227554,0.8327953187371526,319.4851151251753,321.0035292911857,0.40678863700780665,2.29119048778489,2.0,0.0,0.27,0.34629548650952463,1.3439499,30.0,22.5,0.2,1.5,2.5,5.0,1.0,5.0,5.0,5.0,masking_sources,2.0,5.0,11.0,1.0,3.0,10.0,-0.5,0.5,0.2,5.0,0.5,10.0,0.0,0.0,10.0,Face-on,4924.0,19.5,253.0,0.0,3.0,0.021,0.002319999970495701,9.0,0.0,3.0,50.0,4.4,9.0,28.5,0.0,0.0,0.0,0.0,83
