GAL,ra,dec,radvel,z,mag,r20,r50,r80,flux_c,flux_e,rpetro_c,rpetro_e,rhalf_c,rhalf_e,Gini,M20,F(G_M20),S(G_M20),SN_per_pixel,C,A,S,M,I,D,Ao,As,Ser_A,Ser_R,Ser_n,Ser_xc,Ser_yc,Ser_ellip,Ser_theta,flag_morph,flag_sersic,ima_sc_pix2arc,ima_sc_arc2kpc,psf_arcsec,size_image_phy_kpc,zp_ima,eta,petro_extent_cas,snr,area_min,debleding,area_min_deblend,skybox_x,skybox_y,sky_method,nsigma,npixels,dilate_size,mask_stars,fwhm,threshold,roundlo,roundhi,sharplo,aper_stars,aper_fact,aper_center,aper_ellip,aper_pa,dr,View,area_segmap_pix,area_psf_pix,ratio_segmap_psf,flag_area,flag_area_th,SN_gal,bck,ratio_SN_gal,flag_SN,flag_SN_th,perc_SN_flag,perc_20_SN_gal,perc_50_SN_gal,perc_80_SN_gal,flag_image,flag_bck,flag_object,flag_statmorph,index
883r,139.57426982051572,10.581859902005736,5000.0,0.1342,nan,2.3471737781727735,5.087871451351917,9.909487072227877,74.40574870518321,74.8983649649021,12.381475992600729,15.269557148110929,5.384893351052452,6.72526407570235,0.5349223233018907,-1.8864877955098778,-0.004798457367295672,-0.059648703507001244,0.3278796076774597,3.1275296534554236,0.045710933741360746,-0.0038429483123358344,0.002898550724637681,0.0,0.008795336410036112,0.0731544307340769,0.20744448612688826,0.2925850400500706,5.256654111901501,1.4790442914621438,319.9906089287331,319.9939467430211,0.4133442410943539,0.7614510657996798,0.0,0.0,0.27,0.34629548650952463,1.3226202,30.0,22.5,0.2,1.5,2.5,5.0,1.0,5.0,5.0,5.0,masking_sources,2.0,5.0,11.0,1.0,3.0,10.0,-0.5,0.5,0.2,5.0,0.5,10.0,0.0,0.0,10.0,Face-on,678.0,18.8,36.0,0.0,3.0,0.04345,0.005900000222027302,7.4,0.0,3.0,50.0,3.8,7.4,20.4,0.0,0.0,0.0,0.0,883
