GAL,ra,dec,radvel,z,mag,r20,r50,r80,flux_c,flux_e,rpetro_c,rpetro_e,rhalf_c,rhalf_e,Gini,M20,F(G_M20),S(G_M20),SN_per_pixel,C,A,S,M,I,D,Ao,As,Ser_A,Ser_R,Ser_n,Ser_xc,Ser_yc,Ser_ellip,Ser_theta,flag_morph,flag_sersic,ima_sc_pix2arc,ima_sc_arc2kpc,psf_arcsec,size_image_phy_kpc,zp_ima,eta,petro_extent_cas,snr,area_min,debleding,area_min_deblend,skybox_x,skybox_y,sky_method,nsigma,npixels,dilate_size,mask_stars,fwhm,threshold,roundlo,roundhi,sharplo,aper_stars,aper_fact,aper_center,aper_ellip,aper_pa,dr,View,area_segmap_pix,area_psf_pix,ratio_segmap_psf,flag_area,flag_area_th,SN_gal,bck,ratio_SN_gal,flag_SN,flag_SN_th,perc_SN_flag,perc_20_SN_gal,perc_50_SN_gal,perc_80_SN_gal,flag_image,flag_bck,flag_object,flag_statmorph,index
1112r,4.973525936154509,-11.064060608595895,5000.0,0.0883,nan,2.4376059693612873,5.140391839920714,10.397149529513374,130.86423002276604,131.22443354301777,12.630746513569656,13.430804552082426,6.0726360318644215,6.437518285646159,0.5559863355842962,-1.8661711458223342,0.08538896519714445,-0.03597131704085127,0.395990788936615,3.1497539260061735,0.002584873285460714,-0.005488895116939297,0.005249343832020997,0.0,0.006693739738782986,-0.0184810969421152,0.24682319605221378,0.2902576155394987,5.136999166553863,2.1819998526529965,319.995795452702,319.99716719185795,0.06654753298896088,1.7117185740156613,0.0,0.0,0.27,0.34629548650952463,1.3994782,30.0,22.5,0.2,1.5,2.5,5.0,1.0,5.0,5.0,5.0,masking_sources,2.0,5.0,11.0,1.0,3.0,10.0,-0.5,0.5,0.2,5.0,0.5,10.0,0.0,0.0,10.0,Face-on,1396.0,21.1,66.2,0.0,3.0,0.02878,0.004730000160634518,6.1,0.0,3.0,50.0,3.6,6.1,17.8,0.0,0.0,0.0,0.0,1112
