GAL,ra,dec,radvel,z,mag,r20,r50,r80,flux_c,flux_e,rpetro_c,rpetro_e,rhalf_c,rhalf_e,Gini,M20,F(G_M20),S(G_M20),SN_per_pixel,C,A,S,M,I,D,Ao,As,Ser_A,Ser_R,Ser_n,Ser_xc,Ser_yc,Ser_ellip,Ser_theta,flag_morph,flag_sersic,ima_sc_pix2arc,ima_sc_arc2kpc,psf_arcsec,size_image_phy_kpc,zp_ima,eta,petro_extent_cas,snr,area_min,debleding,area_min_deblend,skybox_x,skybox_y,sky_method,nsigma,npixels,dilate_size,mask_stars,fwhm,threshold,roundlo,roundhi,sharplo,aper_stars,aper_fact,aper_center,aper_ellip,aper_pa,dr,View,area_segmap_pix,area_psf_pix,ratio_segmap_psf,flag_area,flag_area_th,SN_gal,bck,ratio_SN_gal,flag_SN,flag_SN_th,perc_SN_flag,perc_20_SN_gal,perc_50_SN_gal,perc_80_SN_gal,flag_image,flag_bck,flag_object,flag_statmorph,index
867r,176.90160811914427,-1.2339199521874198,5000.0,0.0803,nan,5.315052665796404,10.42740745963174,17.600841626004982,270.59056144679994,271.2531315264077,22.779032642258798,27.67298321697858,10.541478475118684,13.542078694519654,0.4433067902172294,-1.767168064029966,-0.5409839200519477,-0.1337626385851082,0.3852715492248535,2.600129314568983,0.0866269492335954,0.005018385336930939,0.0,0.0,0.01958242107162294,0.15576711199471266,0.1931899761748719,0.2979409952891749,12.661051462985725,0.5763144560408616,320.32776205401916,320.2152508327543,0.43480311721090986,0.3134143114254225,0.0,0.0,0.27,0.34629548650952463,1.5843782,30.0,22.5,0.2,1.5,2.5,5.0,1.0,5.0,5.0,5.0,masking_sources,2.0,5.0,11.0,1.0,3.0,10.0,-0.5,0.5,0.2,5.0,0.5,10.0,0.0,0.0,10.0,Face-on,2270.0,27.0,83.9,0.0,3.0,0.05692,0.0035099999513477087,16.2,0.0,3.0,50.0,5.1,16.2,54.2,0.0,0.0,0.0,0.0,867
