GAL,ra,dec,radvel,z,mag,r20,r50,r80,flux_c,flux_e,rpetro_c,rpetro_e,rhalf_c,rhalf_e,Gini,M20,F(G_M20),S(G_M20),SN_per_pixel,C,A,S,M,I,D,Ao,As,Ser_A,Ser_R,Ser_n,Ser_xc,Ser_yc,Ser_ellip,Ser_theta,flag_morph,flag_sersic,ima_sc_pix2arc,ima_sc_arc2kpc,psf_arcsec,size_image_phy_kpc,zp_ima,eta,petro_extent_cas,snr,area_min,debleding,area_min_deblend,skybox_x,skybox_y,sky_method,nsigma,npixels,dilate_size,mask_stars,fwhm,threshold,roundlo,roundhi,sharplo,aper_stars,aper_fact,aper_center,aper_ellip,aper_pa,dr,View,area_segmap_pix,area_psf_pix,ratio_segmap_psf,flag_area,flag_area_th,SN_gal,bck,ratio_SN_gal,flag_SN,flag_SN_th,perc_SN_flag,perc_20_SN_gal,perc_50_SN_gal,perc_80_SN_gal,flag_image,flag_bck,flag_object,flag_statmorph,index
350r,163.38816060116022,7.2184954112382975,5000.0,0.0523,nan,4.891204402214854,10.206988829789987,18.457364778678112,75.87252683937298,75.70970507276338,24.2547368947605,30.29442976316478,10.28582355716261,15.460239053538661,0.45753055500617784,-1.696654595718553,-0.5194421178864621,-0.10987973934876286,0.23552043735980988,2.88376941571586,0.09710429634440104,0.00890354662656492,0.0017123287671232876,0.0,0.06131800345669241,0.12610062789570023,0.1928963065513435,0.13830423734300407,14.297059717722972,0.48891390677653807,319.70709789606406,319.76593651761146,0.7268887818890292,0.14570364879047357,0.0,0.0,0.27,0.34629548650952463,1.6869574,30.0,22.5,0.2,1.5,2.5,5.0,1.0,5.0,5.0,5.0,masking_sources,2.0,5.0,11.0,1.0,3.0,10.0,-0.5,0.5,0.2,5.0,0.5,10.0,0.0,0.0,10.0,Edge-on,1230.0,30.7,40.1,0.0,3.0,0.03464,0.003530000103637576,9.8,0.0,3.0,50.0,4.0,9.8,26.8,0.0,0.0,0.0,0.0,350
