GAL,ra,dec,radvel,z,mag,r20,r50,r80,flux_c,flux_e,rpetro_c,rpetro_e,rhalf_c,rhalf_e,Gini,M20,F(G_M20),S(G_M20),SN_per_pixel,C,A,S,M,I,D,Ao,As,Ser_A,Ser_R,Ser_n,Ser_xc,Ser_yc,Ser_ellip,Ser_theta,flag_morph,flag_sersic,ima_sc_pix2arc,ima_sc_arc2kpc,psf_arcsec,size_image_phy_kpc,zp_ima,eta,petro_extent_cas,snr,area_min,debleding,area_min_deblend,skybox_x,skybox_y,sky_method,nsigma,npixels,dilate_size,mask_stars,fwhm,threshold,roundlo,roundhi,sharplo,aper_stars,aper_fact,aper_center,aper_ellip,aper_pa,dr,View,area_segmap_pix,area_psf_pix,ratio_segmap_psf,flag_area,flag_area_th,SN_gal,bck,ratio_SN_gal,flag_SN,flag_SN_th,perc_SN_flag,perc_20_SN_gal,perc_50_SN_gal,perc_80_SN_gal,flag_image,flag_bck,flag_object,flag_statmorph,index
1103r,154.248857973729,8.915642725329448,5000.0,0.0801,nan,2.4254875434526055,4.745296915301358,8.57778123269376,100.98834631353907,101.2338606670936,10.686222717560774,12.134901999721304,5.037602870224651,5.698879839829127,0.5038084910892727,-1.7531820634134285,-0.25119279916259396,-0.07192190063608661,0.4412671625614166,2.742879586262927,0.007319226564317252,0.058251065514926245,0.0,0.0,0.008386577466615086,-0.015344902836337646,0.20201921926797994,0.49752100224461027,4.34785277777141,1.5061621685814788,319.9984532372414,319.99514137539285,0.2939403476542833,1.4715379248004024,0.0,0.0,0.27,0.34629548650952463,1.5321925,30.0,22.5,0.2,1.5,2.5,5.0,1.0,5.0,5.0,5.0,masking_sources,2.0,5.0,11.0,1.0,3.0,10.0,-0.5,0.5,0.2,5.0,0.5,10.0,0.0,0.0,10.0,Face-on,815.0,25.3,32.2,0.0,3.0,0.03962,0.004689999856054783,8.5,0.0,3.0,50.0,3.9,8.5,30.7,0.0,0.0,0.0,0.0,1103
