GAL,ra,dec,radvel,z,mag,r20,r50,r80,flux_c,flux_e,rpetro_c,rpetro_e,rhalf_c,rhalf_e,Gini,M20,F(G_M20),S(G_M20),SN_per_pixel,C,A,S,M,I,D,Ao,As,Ser_A,Ser_R,Ser_n,Ser_xc,Ser_yc,Ser_ellip,Ser_theta,flag_morph,flag_sersic,ima_sc_pix2arc,ima_sc_arc2kpc,psf_arcsec,size_image_phy_kpc,zp_ima,eta,petro_extent_cas,snr,area_min,debleding,area_min_deblend,skybox_x,skybox_y,sky_method,nsigma,npixels,dilate_size,mask_stars,fwhm,threshold,roundlo,roundhi,sharplo,aper_stars,aper_fact,aper_center,aper_ellip,aper_pa,dr,View,area_segmap_pix,area_psf_pix,ratio_segmap_psf,flag_area,flag_area_th,SN_gal,bck,ratio_SN_gal,flag_SN,flag_SN_th,perc_SN_flag,perc_20_SN_gal,perc_50_SN_gal,perc_80_SN_gal,flag_image,flag_bck,flag_object,flag_statmorph,index
41r,25.825852346596395,-8.310173041789115,5000.0,0.0186,nan,6.754101902148743,14.313864004613341,26.243346069977957,101.05486622654557,100.00497427778879,34.864879465480094,42.935394563193945,14.375415958978408,21.264668651614176,0.46708155497037934,-1.6685047665948753,-0.4916724996463735,-0.09651142313601213,0.1870507001876831,2.947257993772399,0.11651354500117772,0.03682340715092354,0.04277286135693215,0.0824507030912335,0.013618985361994514,0.15700126792421146,0.22774302245586284,0.0731033388716321,19.047599686505883,0.575127374882895,318.9877598724755,321.43694938023896,0.6516189663557259,2.5553670786240525,0.0,0.0,0.27,0.34629548650952463,1.212676,30.0,22.5,0.2,1.5,2.5,5.0,1.0,5.0,5.0,5.0,masking_sources,2.0,5.0,11.0,1.0,3.0,10.0,-0.5,0.5,0.2,5.0,0.5,10.0,0.0,0.0,10.0,Edge-on,2556.0,15.8,161.3,0.0,3.0,0.02244,0.0021299999207258224,10.6,0.0,3.0,50.0,4.6,10.6,25.9,0.0,0.0,0.0,0.0,41
