GAL,ra,dec,radvel,z,mag,r20,r50,r80,flux_c,flux_e,rpetro_c,rpetro_e,rhalf_c,rhalf_e,Gini,M20,F(G_M20),S(G_M20),SN_per_pixel,C,A,S,M,I,D,Ao,As,Ser_A,Ser_R,Ser_n,Ser_xc,Ser_yc,Ser_ellip,Ser_theta,flag_morph,flag_sersic,ima_sc_pix2arc,ima_sc_arc2kpc,psf_arcsec,size_image_phy_kpc,zp_ima,eta,petro_extent_cas,snr,area_min,debleding,area_min_deblend,skybox_x,skybox_y,sky_method,nsigma,npixels,dilate_size,mask_stars,fwhm,threshold,roundlo,roundhi,sharplo,aper_stars,aper_fact,aper_center,aper_ellip,aper_pa,dr,View,area_segmap_pix,area_psf_pix,ratio_segmap_psf,flag_area,flag_area_th,SN_gal,bck,ratio_SN_gal,flag_SN,flag_SN_th,perc_SN_flag,perc_20_SN_gal,perc_50_SN_gal,perc_80_SN_gal,flag_image,flag_bck,flag_object,flag_statmorph,index
242r,219.60498215878525,-0.1889471741809197,5000.0,0.0336,nan,3.7925677945064216,7.683185798219021,13.555178120928044,132.8237226616025,132.87670100330178,16.863327564493424,21.953346837200474,7.90068843418885,9.580040812751335,0.5142661623018134,-1.7978699556395896,-0.16845861734778778,-0.06778042315510768,0.3114530146121979,2.7658593798009368,0.1534972442903299,0.03447666971105243,0.030100334448160536,0.03679221123310213,0.019189371537827057,0.26539563990465087,0.234867983241982,0.22913329903073476,8.535116205380517,0.8646408385157871,319.7222710399956,319.94703758751785,0.3392110313232406,1.3414158162599827,0.0,0.0,0.27,0.34629548650952463,1.2369668,30.0,22.5,0.2,1.5,2.5,5.0,1.0,5.0,5.0,5.0,masking_sources,2.0,5.0,11.0,1.0,3.0,10.0,-0.5,0.5,0.2,5.0,0.5,10.0,0.0,0.0,10.0,Face-on,1761.0,16.5,106.8,0.0,3.0,0.02838,0.0019600000232458115,14.5,0.0,3.0,50.0,5.9,14.5,52.1,0.0,0.0,0.0,0.0,242
