GAL,ra,dec,radvel,z,mag,r20,r50,r80,flux_c,flux_e,rpetro_c,rpetro_e,rhalf_c,rhalf_e,Gini,M20,F(G_M20),S(G_M20),SN_per_pixel,C,A,S,M,I,D,Ao,As,Ser_A,Ser_R,Ser_n,Ser_xc,Ser_yc,Ser_ellip,Ser_theta,flag_morph,flag_sersic,ima_sc_pix2arc,ima_sc_arc2kpc,psf_arcsec,size_image_phy_kpc,zp_ima,eta,petro_extent_cas,snr,area_min,debleding,area_min_deblend,skybox_x,skybox_y,sky_method,nsigma,npixels,dilate_size,mask_stars,fwhm,threshold,roundlo,roundhi,sharplo,aper_stars,aper_fact,aper_center,aper_ellip,aper_pa,dr,View,area_segmap_pix,area_psf_pix,ratio_segmap_psf,flag_area,flag_area_th,SN_gal,bck,ratio_SN_gal,flag_SN,flag_SN_th,perc_SN_flag,perc_20_SN_gal,perc_50_SN_gal,perc_80_SN_gal,flag_image,flag_bck,flag_object,flag_statmorph,index
770r,133.46576167273741,30.028607446066612,5000.0,0.085,nan,2.9723186044420387,6.149436601236719,11.537321628625547,76.01450309923632,76.8368623313105,14.439824553377324,17.15402884920618,7.244556379109051,8.651783474358798,0.5158164575409439,-1.8628251691562254,-0.11577069294706366,-0.0752744055471809,0.28373539447784424,2.9450481994182653,0.01287582795210428,0.010829742840432394,0.0031746031746031746,0.0,0.033285237305135246,0.08507866559830089,0.7153974148437056,0.23043801685797485,5.93014814571666,1.1873405461711142,319.64877516612063,319.8287742684069,0.3505130754397076,0.5414139157790603,0.0,0.0,0.27,0.34629548650952463,1.5361102,30.0,22.5,0.2,1.5,2.5,5.0,1.0,5.0,5.0,5.0,masking_sources,2.0,5.0,11.0,1.0,3.0,10.0,-0.5,0.5,0.2,5.0,0.5,10.0,0.0,0.0,10.0,Face-on,828.0,25.4,32.6,0.0,3.0,0.04118,0.004970000125467777,8.3,0.0,3.0,50.0,4.1,8.3,22.1,0.0,0.0,0.0,0.0,770
