GAL,ra,dec,radvel,z,mag,r20,r50,r80,flux_c,flux_e,rpetro_c,rpetro_e,rhalf_c,rhalf_e,Gini,M20,F(G_M20),S(G_M20),SN_per_pixel,C,A,S,M,I,D,Ao,As,Ser_A,Ser_R,Ser_n,Ser_xc,Ser_yc,Ser_ellip,Ser_theta,flag_morph,flag_sersic,ima_sc_pix2arc,ima_sc_arc2kpc,psf_arcsec,size_image_phy_kpc,zp_ima,eta,petro_extent_cas,snr,area_min,debleding,area_min_deblend,skybox_x,skybox_y,sky_method,nsigma,npixels,dilate_size,mask_stars,fwhm,threshold,roundlo,roundhi,sharplo,aper_stars,aper_fact,aper_center,aper_ellip,aper_pa,dr,View,area_segmap_pix,area_psf_pix,ratio_segmap_psf,flag_area,flag_area_th,SN_gal,bck,ratio_SN_gal,flag_SN,flag_SN_th,perc_SN_flag,perc_20_SN_gal,perc_50_SN_gal,perc_80_SN_gal,flag_image,flag_bck,flag_object,flag_statmorph,index
108r,40.145527641631084,-7.564843416466121,5000.0,0.0239,nan,5.295757467268721,10.426289900890414,17.297039547512096,115.92011371087926,115.66071624663024,21.749034035404193,28.26278516172126,10.700722096580717,13.617897088630636,0.45781918618886186,-1.696512570224121,-0.5181118171998178,-0.10957425293417963,0.24875666201114655,2.5702184555732988,0.05996321421526813,-0.0022372870890904535,0.001002004008016032,0.0,0.06145728237644761,0.07821048368366806,0.17215328316895537,0.12474116697342949,12.898769389054804,0.617331659725237,318.9717924883157,319.9337403597647,0.4580621846052982,2.9703277287574843,0.0,0.0,0.27,0.34629548650952463,1.3598201,30.0,22.5,0.2,1.5,2.5,5.0,1.0,5.0,5.0,5.0,masking_sources,2.0,5.0,11.0,1.0,3.0,10.0,-0.5,0.5,0.2,5.0,0.5,10.0,0.0,0.0,10.0,Face-on,2125.0,19.9,106.7,0.0,3.0,0.02552,0.0018599999602884054,13.7,0.0,3.0,50.0,5.0,13.7,46.8,0.0,0.0,0.0,0.0,108
