GAL,ra,dec,radvel,z,mag,r20,r50,r80,flux_c,flux_e,rpetro_c,rpetro_e,rhalf_c,rhalf_e,Gini,M20,F(G_M20),S(G_M20),SN_per_pixel,C,A,S,M,I,D,Ao,As,Ser_A,Ser_R,Ser_n,Ser_xc,Ser_yc,Ser_ellip,Ser_theta,flag_morph,flag_sersic,ima_sc_pix2arc,ima_sc_arc2kpc,psf_arcsec,size_image_phy_kpc,zp_ima,eta,petro_extent_cas,snr,area_min,debleding,area_min_deblend,skybox_x,skybox_y,sky_method,nsigma,npixels,dilate_size,mask_stars,fwhm,threshold,roundlo,roundhi,sharplo,aper_stars,aper_fact,aper_center,aper_ellip,aper_pa,dr,View,area_segmap_pix,area_psf_pix,ratio_segmap_psf,flag_area,flag_area_th,SN_gal,bck,ratio_SN_gal,flag_SN,flag_SN_th,perc_SN_flag,perc_20_SN_gal,perc_50_SN_gal,perc_80_SN_gal,flag_image,flag_bck,flag_object,flag_statmorph,index
747r,42.14745735901303,-0.6786480569514597,5000.0,0.0722,nan,1.8979685989119404,3.881823918260659,7.439926765538324,92.29206140178566,91.72798928826388,9.22088843749795,10.989759773980916,4.361299335869108,5.381114628045558,0.5190418975749264,-1.829416413320916,-0.12295703257271962,-0.06743740285243027,0.5090720653533936,2.9663981884188617,0.020990203128451648,0.09582695566892405,0.0,0.0,0.00872361575269895,0.04772316789670714,0.24219160399430045,0.47225783474965405,4.589059862857283,1.7690941882723978,319.99713336093237,319.9986139805264,0.4526240396825472,2.820369228397628,0.0,0.0,0.27,0.34629548650952463,1.1595948,30.0,22.5,0.2,1.5,2.5,5.0,1.0,5.0,5.0,5.0,masking_sources,2.0,5.0,11.0,1.0,3.0,10.0,-0.5,0.5,0.2,5.0,0.5,10.0,0.0,0.0,10.0,Face-on,1068.0,14.5,73.7,0.0,3.0,0.01747,0.0023399998899549246,7.5,0.0,3.0,50.0,3.8,7.5,32.7,0.0,0.0,0.0,0.0,747
