GAL,ra,dec,radvel,z,mag,r20,r50,r80,flux_c,flux_e,rpetro_c,rpetro_e,rhalf_c,rhalf_e,Gini,M20,F(G_M20),S(G_M20),SN_per_pixel,C,A,S,M,I,D,Ao,As,Ser_A,Ser_R,Ser_n,Ser_xc,Ser_yc,Ser_ellip,Ser_theta,flag_morph,flag_sersic,ima_sc_pix2arc,ima_sc_arc2kpc,psf_arcsec,size_image_phy_kpc,zp_ima,eta,petro_extent_cas,snr,area_min,debleding,area_min_deblend,skybox_x,skybox_y,sky_method,nsigma,npixels,dilate_size,mask_stars,fwhm,threshold,roundlo,roundhi,sharplo,aper_stars,aper_fact,aper_center,aper_ellip,aper_pa,dr,View,area_segmap_pix,area_psf_pix,ratio_segmap_psf,flag_area,flag_area_th,SN_gal,bck,ratio_SN_gal,flag_SN,flag_SN_th,perc_SN_flag,perc_20_SN_gal,perc_50_SN_gal,perc_80_SN_gal,flag_image,flag_bck,flag_object,flag_statmorph,index
152r,4.700594336602931,0.26713304181452924,5000.0,0.0446,nan,3.353037466408307,6.173256508058862,9.975006955424094,75.76469945013255,75.42303418886553,12.65340269901552,14.831267644686793,6.683836890893928,8.140941242487685,0.4184299320973262,-1.6187624861682892,-0.7669694332036112,-0.13776235280103927,0.36043643951416016,2.3673740048975196,0.056886716572375574,0.004501384304342442,0.0,0.0,0.045986957084425864,0.19524050284941247,0.6340759892455919,0.26200624496517594,6.948228518936603,0.6099599389782931,320.1299772148673,319.4743041936537,0.4133838382529227,1.5190828185155725,2.0,0.0,0.27,0.34629548650952463,1.3438492,30.0,22.5,0.2,1.5,2.5,5.0,1.0,5.0,5.0,5.0,masking_sources,2.0,5.0,11.0,1.0,3.0,10.0,-0.5,0.5,0.2,5.0,0.5,10.0,0.0,0.0,10.0,Face-on,841.0,19.5,43.2,0.0,3.0,0.03493,0.0026199999265372753,13.3,0.0,3.0,50.0,4.4,13.3,58.4,0.0,0.0,0.0,0.0,152
