GAL,ra,dec,radvel,z,mag,r20,r50,r80,flux_c,flux_e,rpetro_c,rpetro_e,rhalf_c,rhalf_e,Gini,M20,F(G_M20),S(G_M20),SN_per_pixel,C,A,S,M,I,D,Ao,As,Ser_A,Ser_R,Ser_n,Ser_xc,Ser_yc,Ser_ellip,Ser_theta,flag_morph,flag_sersic,ima_sc_pix2arc,ima_sc_arc2kpc,psf_arcsec,size_image_phy_kpc,zp_ima,eta,petro_extent_cas,snr,area_min,debleding,area_min_deblend,skybox_x,skybox_y,sky_method,nsigma,npixels,dilate_size,mask_stars,fwhm,threshold,roundlo,roundhi,sharplo,aper_stars,aper_fact,aper_center,aper_ellip,aper_pa,dr,View,area_segmap_pix,area_psf_pix,ratio_segmap_psf,flag_area,flag_area_th,SN_gal,bck,ratio_SN_gal,flag_SN,flag_SN_th,perc_SN_flag,perc_20_SN_gal,perc_50_SN_gal,perc_80_SN_gal,flag_image,flag_bck,flag_object,flag_statmorph,index
862r,337.27722799444155,-10.11582425212998,5000.0,0.1301,nan,3.242098012795483,6.668321801437701,12.24254794431597,82.93945140502655,83.33292743783632,14.586052085767372,16.059788929285897,7.762574664019726,8.51711924673984,0.503063644104817,-1.782053862893756,-0.2348716346957831,-0.07667247927846332,0.28345486521720886,2.8852283674366004,0.06777643246897866,0.013932265906336212,0.008982035928143712,0.0034259513361941897,0.018528068309369213,0.2388632562055467,0.5553468517762516,0.1803085725164426,6.09219597484812,1.211493862763339,319.8755853815428,319.8179049317177,0.16445336372068198,2.673608783555198,1.0,0.0,0.27,0.34629548650952463,1.4040498,30.0,22.5,0.2,1.5,2.5,5.0,1.0,5.0,5.0,5.0,masking_sources,2.0,5.0,11.0,1.0,3.0,10.0,-0.5,0.5,0.2,5.0,0.5,10.0,0.0,0.0,10.0,Face-on,850.0,21.2,40.0,0.0,3.0,0.04019,0.005760000087320805,7.0,0.0,3.0,50.0,3.7,7.0,19.8,0.0,0.0,0.0,0.0,862
