GAL,ra,dec,radvel,z,mag,r20,r50,r80,flux_c,flux_e,rpetro_c,rpetro_e,rhalf_c,rhalf_e,Gini,M20,F(G_M20),S(G_M20),SN_per_pixel,C,A,S,M,I,D,Ao,As,Ser_A,Ser_R,Ser_n,Ser_xc,Ser_yc,Ser_ellip,Ser_theta,flag_morph,flag_sersic,ima_sc_pix2arc,ima_sc_arc2kpc,psf_arcsec,size_image_phy_kpc,zp_ima,eta,petro_extent_cas,snr,area_min,debleding,area_min_deblend,skybox_x,skybox_y,sky_method,nsigma,npixels,dilate_size,mask_stars,fwhm,threshold,roundlo,roundhi,sharplo,aper_stars,aper_fact,aper_center,aper_ellip,aper_pa,dr,View,area_segmap_pix,area_psf_pix,ratio_segmap_psf,flag_area,flag_area_th,SN_gal,bck,ratio_SN_gal,flag_SN,flag_SN_th,perc_SN_flag,perc_20_SN_gal,perc_50_SN_gal,perc_80_SN_gal,flag_image,flag_bck,flag_object,flag_statmorph,index
190r,163.71009423328448,5.454336765858406,5000.0,0.0429,nan,4.844925729450361,9.901860454673145,16.995630545725582,86.74596749742153,85.57308323674123,21.797541457173107,28.90752651636236,9.984023441514246,14.076976401651162,0.46758912372771694,-1.6866431759744445,-0.47659011659751105,-0.09853016897000808,0.24287930130958557,2.7252507892310596,0.16309403225299576,0.008706985422562851,0.0012135922330097086,0.0,0.04196410784096303,0.2630747210486091,0.26688415909179775,0.14060056308010482,12.70568654504795,0.4962210463835462,319.325490760717,320.4248914738234,0.6253372631891253,2.7634096319129835,0.0,0.0,0.27,0.34629548650952463,1.4957076,30.0,22.5,0.2,1.5,2.5,5.0,1.0,5.0,5.0,5.0,masking_sources,2.0,5.0,11.0,1.0,3.0,10.0,-0.5,0.5,0.2,5.0,0.5,10.0,0.0,0.0,10.0,Edge-on,1260.0,24.1,52.3,0.0,3.0,0.0388,0.003539999946951866,10.9,0.0,3.0,50.0,4.7,10.9,28.9,0.0,0.0,0.0,0.0,190
