GAL,ra,dec,radvel,z,mag,r20,r50,r80,flux_c,flux_e,rpetro_c,rpetro_e,rhalf_c,rhalf_e,Gini,M20,F(G_M20),S(G_M20),SN_per_pixel,C,A,S,M,I,D,Ao,As,Ser_A,Ser_R,Ser_n,Ser_xc,Ser_yc,Ser_ellip,Ser_theta,flag_morph,flag_sersic,ima_sc_pix2arc,ima_sc_arc2kpc,psf_arcsec,size_image_phy_kpc,zp_ima,eta,petro_extent_cas,snr,area_min,debleding,area_min_deblend,skybox_x,skybox_y,sky_method,nsigma,npixels,dilate_size,mask_stars,fwhm,threshold,roundlo,roundhi,sharplo,aper_stars,aper_fact,aper_center,aper_ellip,aper_pa,dr,View,area_segmap_pix,area_psf_pix,ratio_segmap_psf,flag_area,flag_area_th,SN_gal,bck,ratio_SN_gal,flag_SN,flag_SN_th,perc_SN_flag,perc_20_SN_gal,perc_50_SN_gal,perc_80_SN_gal,flag_image,flag_bck,flag_object,flag_statmorph,index
665r,174.27129350762337,6.7507859159515515,5000.0,0.0513,nan,5.2772292059616435,10.649671797221256,18.396480131771842,183.78633478235014,180.36105669477445,24.095025797449445,30.33572065579185,10.91066413585231,15.48925439312265,0.4469056913694897,-1.7529221065587954,-0.5330418078757804,-0.12821953835587782,0.3368714153766632,2.7116438922264505,0.04701577447408492,0.008987548053489173,0.0,0.0,0.05171981722344514,0.07520260709256318,0.39742903666451984,0.23964609350597768,14.407888330409108,0.4982269581734643,319.20111581262375,319.5414260699823,0.6225145587695735,0.6009474986084624,0.0,0.0,0.27,0.34629548650952463,1.459636,30.0,22.5,0.2,1.5,2.5,5.0,1.0,5.0,5.0,5.0,masking_sources,2.0,5.0,11.0,1.0,3.0,10.0,-0.5,0.5,0.2,5.0,0.5,10.0,0.0,0.0,10.0,Edge-on,1739.0,23.0,75.8,0.0,3.0,0.05148,0.004050000105053186,12.7,0.0,3.0,50.0,4.6,12.7,41.7,0.0,0.0,0.0,0.0,665
