GAL,ra,dec,radvel,z,mag,r20,r50,r80,flux_c,flux_e,rpetro_c,rpetro_e,rhalf_c,rhalf_e,Gini,M20,F(G_M20),S(G_M20),SN_per_pixel,C,A,S,M,I,D,Ao,As,Ser_A,Ser_R,Ser_n,Ser_xc,Ser_yc,Ser_ellip,Ser_theta,flag_morph,flag_sersic,ima_sc_pix2arc,ima_sc_arc2kpc,psf_arcsec,size_image_phy_kpc,zp_ima,eta,petro_extent_cas,snr,area_min,debleding,area_min_deblend,skybox_x,skybox_y,sky_method,nsigma,npixels,dilate_size,mask_stars,fwhm,threshold,roundlo,roundhi,sharplo,aper_stars,aper_fact,aper_center,aper_ellip,aper_pa,dr,View,area_segmap_pix,area_psf_pix,ratio_segmap_psf,flag_area,flag_area_th,SN_gal,bck,ratio_SN_gal,flag_SN,flag_SN_th,perc_SN_flag,perc_20_SN_gal,perc_50_SN_gal,perc_80_SN_gal,flag_image,flag_bck,flag_object,flag_statmorph,index
733r,352.3262082913868,-10.853190354891488,5000.0,0.0662,nan,4.701167259388681,9.133301059247502,13.875882237202212,299.42171716367136,302.8327417390916,17.420479845490412,20.11984339500767,9.530282832788734,10.929300990161945,0.4218535458394396,-1.6976504854260126,-0.6953531616945474,-0.14533840709317056,0.48885607719421387,2.3502745123829882,0.217962264808013,0.018867151367976277,0.0859375,0.22494941849950897,0.01938023109018543,0.327286432252961,0.45399914996918306,0.43125346761292815,9.855380135614405,0.43812740725214194,320.4204178133143,320.03782809125835,0.2787161429098975,0.687948802694856,0.0,0.0,0.27,0.34629548650952463,1.3384554,30.0,22.5,0.2,1.5,2.5,5.0,1.0,5.0,5.0,5.0,masking_sources,2.0,5.0,11.0,1.0,3.0,10.0,-0.5,0.5,0.2,5.0,0.5,10.0,0.0,0.0,10.0,Face-on,1754.0,19.3,90.9,0.0,3.0,0.06967,0.00571999978274107,12.2,0.0,3.0,50.0,4.4,12.2,55.4,0.0,0.0,0.0,0.0,733
