GAL,ra,dec,radvel,z,mag,r20,r50,r80,flux_c,flux_e,rpetro_c,rpetro_e,rhalf_c,rhalf_e,Gini,M20,F(G_M20),S(G_M20),SN_per_pixel,C,A,S,M,I,D,Ao,As,Ser_A,Ser_R,Ser_n,Ser_xc,Ser_yc,Ser_ellip,Ser_theta,flag_morph,flag_sersic,ima_sc_pix2arc,ima_sc_arc2kpc,psf_arcsec,size_image_phy_kpc,zp_ima,eta,petro_extent_cas,snr,area_min,debleding,area_min_deblend,skybox_x,skybox_y,sky_method,nsigma,npixels,dilate_size,mask_stars,fwhm,threshold,roundlo,roundhi,sharplo,aper_stars,aper_fact,aper_center,aper_ellip,aper_pa,dr,View,area_segmap_pix,area_psf_pix,ratio_segmap_psf,flag_area,flag_area_th,SN_gal,bck,ratio_SN_gal,flag_SN,flag_SN_th,perc_SN_flag,perc_20_SN_gal,perc_50_SN_gal,perc_80_SN_gal,flag_image,flag_bck,flag_object,flag_statmorph,index
132r,323.04270687403124,0.539852655387136,5000.0,0.0297,nan,8.895054785347268,16.423689638917413,26.748402870356184,83.27205124693978,81.74920268285035,34.07001264022649,42.99039433467657,16.481770513416397,22.060529506546988,0.4205423749387667,-1.5234478174501134,-0.8225659065601763,-0.12242229543618671,0.1438564509153366,2.3907461420478295,0.02088696401906041,-0.010499590019410629,0.040625,0.15802004798300617,0.023823243790383808,-0.019795962326323243,0.19631261448882545,0.04029517689683562,20.887230751764243,0.3489120276595178,318.47478728919236,319.47479184272413,0.5044602096232661,0.9662287275456696,0.0,0.0,0.27,0.34629548650952463,1.1697215,30.0,22.5,0.2,1.5,2.5,5.0,1.0,5.0,5.0,5.0,masking_sources,2.0,5.0,11.0,1.0,3.0,10.0,-0.5,0.5,0.2,5.0,0.5,10.0,0.0,0.0,10.0,Edge-on,2701.0,14.7,183.2,0.0,3.0,0.02115,0.0024800000246614218,8.5,0.0,3.0,50.0,4.4,8.5,17.2,0.0,0.0,0.0,0.0,132
