GAL,ra,dec,radvel,z,mag,r20,r50,r80,flux_c,flux_e,rpetro_c,rpetro_e,rhalf_c,rhalf_e,Gini,M20,F(G_M20),S(G_M20),SN_per_pixel,C,A,S,M,I,D,Ao,As,Ser_A,Ser_R,Ser_n,Ser_xc,Ser_yc,Ser_ellip,Ser_theta,flag_morph,flag_sersic,ima_sc_pix2arc,ima_sc_arc2kpc,psf_arcsec,size_image_phy_kpc,zp_ima,eta,petro_extent_cas,snr,area_min,debleding,area_min_deblend,skybox_x,skybox_y,sky_method,nsigma,npixels,dilate_size,mask_stars,fwhm,threshold,roundlo,roundhi,sharplo,aper_stars,aper_fact,aper_center,aper_ellip,aper_pa,dr,View,area_segmap_pix,area_psf_pix,ratio_segmap_psf,flag_area,flag_area_th,SN_gal,bck,ratio_SN_gal,flag_SN,flag_SN_th,perc_SN_flag,perc_20_SN_gal,perc_50_SN_gal,perc_80_SN_gal,flag_image,flag_bck,flag_object,flag_statmorph,index
18r,155.76929019489975,11.121986928427823,5000.0,0.0169,nan,6.704028851966192,14.233585185684435,25.21492033629491,86.9953552409706,86.07378112621541,31.888219385641012,45.96434591072124,14.218192188446324,21.018148538992573,0.49988954947897174,-1.7452113449121678,-0.2761152680549577,-0.07469372295860932,0.15945389866828918,2.876608628519434,-0.059164006590654274,0.012772485830262414,0.017467248908296942,0.057420762122445936,0.09774821926492376,-0.14768974108912727,0.29658276965193947,0.06374134724371429,17.582411368966376,0.5884259742094061,319.8762107585869,319.4858323727385,0.6294977652930479,0.6915453035412257,0.0,0.0,0.27,0.34629548650952463,1.1919255,30.0,22.5,0.2,1.5,2.5,5.0,1.0,5.0,5.0,5.0,masking_sources,2.0,5.0,11.0,1.0,3.0,10.0,-0.5,0.5,0.2,5.0,0.5,10.0,0.0,0.0,10.0,Edge-on,1843.0,15.3,120.4,0.0,3.0,0.02895,0.00471000000834465,6.2,0.0,3.0,50.0,3.7,6.2,12.0,0.0,0.0,0.0,0.0,18
