GAL,ra,dec,radvel,z,mag,r20,r50,r80,flux_c,flux_e,rpetro_c,rpetro_e,rhalf_c,rhalf_e,Gini,M20,F(G_M20),S(G_M20),SN_per_pixel,C,A,S,M,I,D,Ao,As,Ser_A,Ser_R,Ser_n,Ser_xc,Ser_yc,Ser_ellip,Ser_theta,flag_morph,flag_sersic,ima_sc_pix2arc,ima_sc_arc2kpc,psf_arcsec,size_image_phy_kpc,zp_ima,eta,petro_extent_cas,snr,area_min,debleding,area_min_deblend,skybox_x,skybox_y,sky_method,nsigma,npixels,dilate_size,mask_stars,fwhm,threshold,roundlo,roundhi,sharplo,aper_stars,aper_fact,aper_center,aper_ellip,aper_pa,dr,View,area_segmap_pix,area_psf_pix,ratio_segmap_psf,flag_area,flag_area_th,SN_gal,bck,ratio_SN_gal,flag_SN,flag_SN_th,perc_SN_flag,perc_20_SN_gal,perc_50_SN_gal,perc_80_SN_gal,flag_image,flag_bck,flag_object,flag_statmorph,index
1094r,146.0610762298067,5.464841335373171,5000.0,0.0884,nan,3.1621445732872195,6.549067490304081,11.703063117565282,94.62381596279484,95.13894971515104,14.658905046833945,18.322234309322617,6.97220621307353,8.754195972382167,0.49703087664227136,-1.84339716963445,-0.22222292206408278,-0.09117163870333994,0.32063478231430054,2.841589126491404,0.04051349824484683,0.00048104696215700105,0.0,0.0,0.01947919378707934,0.02053580245217411,0.23577526513095376,0.22406653169636281,7.520740410316392,1.0702089017503993,320.1580517777979,320.249861407023,0.42370320694500024,2.0729915623449378,0.0,0.0,0.27,0.34629548650952463,1.344926,30.0,22.5,0.2,1.5,2.5,5.0,1.0,5.0,5.0,5.0,masking_sources,2.0,5.0,11.0,1.0,3.0,10.0,-0.5,0.5,0.2,5.0,0.5,10.0,0.0,0.0,10.0,Face-on,1313.0,19.5,67.4,0.0,3.0,0.02477,0.0027600000612437725,9.0,0.0,3.0,50.0,4.1,9.0,33.9,0.0,0.0,0.0,0.0,1094
