GAL,ra,dec,radvel,z,mag,r20,r50,r80,flux_c,flux_e,rpetro_c,rpetro_e,rhalf_c,rhalf_e,Gini,M20,F(G_M20),S(G_M20),SN_per_pixel,C,A,S,M,I,D,Ao,As,Ser_A,Ser_R,Ser_n,Ser_xc,Ser_yc,Ser_ellip,Ser_theta,flag_morph,flag_sersic,ima_sc_pix2arc,ima_sc_arc2kpc,psf_arcsec,size_image_phy_kpc,zp_ima,eta,petro_extent_cas,snr,area_min,debleding,area_min_deblend,skybox_x,skybox_y,sky_method,nsigma,npixels,dilate_size,mask_stars,fwhm,threshold,roundlo,roundhi,sharplo,aper_stars,aper_fact,aper_center,aper_ellip,aper_pa,dr,View,area_segmap_pix,area_psf_pix,ratio_segmap_psf,flag_area,flag_area_th,SN_gal,bck,ratio_SN_gal,flag_SN,flag_SN_th,perc_SN_flag,perc_20_SN_gal,perc_50_SN_gal,perc_80_SN_gal,flag_image,flag_bck,flag_object,flag_statmorph,index
834r,155.51138265400436,6.431900320289414,5000.0,0.1133,nan,4.6277829902289405,9.471240771389462,16.545939248241105,89.73815360017639,89.95203985005585,21.143942757224252,26.65321310256809,9.49956994283211,11.160524786759382,0.5250342331172875,-1.7529306823571786,-0.1462995831959022,-0.05087347406153325,0.20802946388721466,2.7665921996395055,-0.16519377031815988,-0.022104591553195076,0.009259259259259259,0.0,0.032219629511011,-0.30286505105825395,0.1471583724714135,0.12243624974720842,9.796316027507798,0.791826568173571,319.4439354797452,320.21921721507744,0.37434020946270996,1.871502711107958,2.0,0.0,0.27,0.34629548650952463,1.6896731,30.0,22.5,0.2,1.5,2.5,5.0,1.0,5.0,5.0,5.0,masking_sources,2.0,5.0,11.0,1.0,3.0,10.0,-0.5,0.5,0.2,5.0,0.5,10.0,0.0,0.0,10.0,Face-on,1442.0,30.8,46.9,0.0,3.0,0.03104,0.004279999993741512,7.3,0.0,3.0,50.0,3.9,7.3,18.8,0.0,0.0,0.0,0.0,834
