GAL,ra,dec,radvel,z,mag,r20,r50,r80,flux_c,flux_e,rpetro_c,rpetro_e,rhalf_c,rhalf_e,Gini,M20,F(G_M20),S(G_M20),SN_per_pixel,C,A,S,M,I,D,Ao,As,Ser_A,Ser_R,Ser_n,Ser_xc,Ser_yc,Ser_ellip,Ser_theta,flag_morph,flag_sersic,ima_sc_pix2arc,ima_sc_arc2kpc,psf_arcsec,size_image_phy_kpc,zp_ima,eta,petro_extent_cas,snr,area_min,debleding,area_min_deblend,skybox_x,skybox_y,sky_method,nsigma,npixels,dilate_size,mask_stars,fwhm,threshold,roundlo,roundhi,sharplo,aper_stars,aper_fact,aper_center,aper_ellip,aper_pa,dr,View,area_segmap_pix,area_psf_pix,ratio_segmap_psf,flag_area,flag_area_th,SN_gal,bck,ratio_SN_gal,flag_SN,flag_SN_th,perc_SN_flag,perc_20_SN_gal,perc_50_SN_gal,perc_80_SN_gal,flag_image,flag_bck,flag_object,flag_statmorph,index
554r,195.68654936996322,11.494639149349492,5000.0,0.0843,nan,3.14791379788574,5.945619481455559,10.04653246697354,78.64183448253235,78.5061421032441,12.869391933725156,14.704226478532826,6.025037535191697,6.803859687256549,0.47742642684370423,-1.586703771291409,-0.49715347361871753,-0.07489966163423867,0.3397689759731293,2.5199668044728,0.1114865851573212,0.006878865306737031,0.0,0.0,0.022685985688900505,0.16356283516858736,0.14449699426785803,0.29052113331560186,5.9002067838745615,0.7732253061438618,320.03317482966116,320.02780465991316,0.330145675660384,1.3521786646897545,0.0,0.0,0.27,0.34629548650952463,1.5254207,30.0,22.5,0.2,1.5,2.5,5.0,1.0,5.0,5.0,5.0,masking_sources,2.0,5.0,11.0,1.0,3.0,10.0,-0.5,0.5,0.2,5.0,0.5,10.0,0.0,0.0,10.0,Face-on,741.0,25.1,29.6,0.0,3.0,0.04792,0.004389999900013208,10.9,0.0,3.0,50.0,4.6,10.9,34.3,0.0,0.0,0.0,0.0,554
