GAL,ra,dec,radvel,z,mag,r20,r50,r80,flux_c,flux_e,rpetro_c,rpetro_e,rhalf_c,rhalf_e,Gini,M20,F(G_M20),S(G_M20),SN_per_pixel,C,A,S,M,I,D,Ao,As,Ser_A,Ser_R,Ser_n,Ser_xc,Ser_yc,Ser_ellip,Ser_theta,flag_morph,flag_sersic,ima_sc_pix2arc,ima_sc_arc2kpc,psf_arcsec,size_image_phy_kpc,zp_ima,eta,petro_extent_cas,snr,area_min,debleding,area_min_deblend,skybox_x,skybox_y,sky_method,nsigma,npixels,dilate_size,mask_stars,fwhm,threshold,roundlo,roundhi,sharplo,aper_stars,aper_fact,aper_center,aper_ellip,aper_pa,dr,View,area_segmap_pix,area_psf_pix,ratio_segmap_psf,flag_area,flag_area_th,SN_gal,bck,ratio_SN_gal,flag_SN,flag_SN_th,perc_SN_flag,perc_20_SN_gal,perc_50_SN_gal,perc_80_SN_gal,flag_image,flag_bck,flag_object,flag_statmorph,index
226r,199.64567380650868,4.648088363844623,5000.0,0.0254,nan,4.537024313925327,10.406142490619215,20.385695686236037,101.25081634307558,102.23004248220712,24.505438075970794,41.29248130295295,11.65308658964731,18.280167300827106,0.5730297817567693,-1.829520564391364,0.14435517081922367,-0.014003874511198,0.21015040576457977,3.26277215100962,0.05189696159847372,0.041858372609587184,0.009345794392523364,0.0,0.014898323460892229,0.035203970837631486,0.25364193846872113,0.13497034180616108,14.116494257476173,0.9285965088994834,320.157167954206,319.9820779297335,0.7262363639269902,3.0207286519335352,0.0,0.0,0.27,0.34629548650952463,1.0918326,30.0,22.5,0.2,1.5,2.5,5.0,1.0,5.0,5.0,5.0,masking_sources,2.0,5.0,11.0,1.0,3.0,10.0,-0.5,0.5,0.2,5.0,0.5,10.0,0.0,0.0,10.0,Edge-on,1342.0,12.8,104.5,0.0,3.0,0.03372,0.005369999911636114,6.3,0.0,3.0,50.0,3.6,6.3,18.0,0.0,0.0,0.0,0.0,226
