GAL,ra,dec,radvel,z,mag,r20,r50,r80,flux_c,flux_e,rpetro_c,rpetro_e,rhalf_c,rhalf_e,Gini,M20,F(G_M20),S(G_M20),SN_per_pixel,C,A,S,M,I,D,Ao,As,Ser_A,Ser_R,Ser_n,Ser_xc,Ser_yc,Ser_ellip,Ser_theta,flag_morph,flag_sersic,ima_sc_pix2arc,ima_sc_arc2kpc,psf_arcsec,size_image_phy_kpc,zp_ima,eta,petro_extent_cas,snr,area_min,debleding,area_min_deblend,skybox_x,skybox_y,sky_method,nsigma,npixels,dilate_size,mask_stars,fwhm,threshold,roundlo,roundhi,sharplo,aper_stars,aper_fact,aper_center,aper_ellip,aper_pa,dr,View,area_segmap_pix,area_psf_pix,ratio_segmap_psf,flag_area,flag_area_th,SN_gal,bck,ratio_SN_gal,flag_SN,flag_SN_th,perc_SN_flag,perc_20_SN_gal,perc_50_SN_gal,perc_80_SN_gal,flag_image,flag_bck,flag_object,flag_statmorph,index
763r,170.5135594276151,0.4857824696732843,5000.0,0.1047,nan,2.500169550281315,4.878338323806489,8.982373715547169,83.83422457645531,83.80307825890523,11.180375098991993,11.589632975317109,5.244438362911406,5.462409972313087,0.5147169680260317,-1.7647119723655365,-0.1892056114218259,-0.06272516581303816,0.3786202371120453,2.777108292692989,0.007035073180089673,0.053576592502571886,0.0,0.0,0.020988701984705375,-0.006114076062943027,0.2241888985004015,0.37016253533925964,3.99616611790565,1.6847163854636922,320.15730614474063,319.99816897701663,0.09833204388670996,1.245765732414197,0.0,0.0,0.27,0.34629548650952463,1.5679327,30.0,22.5,0.2,1.5,2.5,5.0,1.0,5.0,5.0,5.0,masking_sources,2.0,5.0,11.0,1.0,3.0,10.0,-0.5,0.5,0.2,5.0,0.5,10.0,0.0,0.0,10.0,Face-on,968.0,26.5,36.5,0.0,3.0,0.02665,0.003289999905973673,8.1,0.0,3.0,50.0,3.8,8.1,28.2,0.0,0.0,0.0,0.0,763
