GAL,ra,dec,radvel,z,mag,r20,r50,r80,flux_c,flux_e,rpetro_c,rpetro_e,rhalf_c,rhalf_e,Gini,M20,F(G_M20),S(G_M20),SN_per_pixel,C,A,S,M,I,D,Ao,As,Ser_A,Ser_R,Ser_n,Ser_xc,Ser_yc,Ser_ellip,Ser_theta,flag_morph,flag_sersic,ima_sc_pix2arc,ima_sc_arc2kpc,psf_arcsec,size_image_phy_kpc,zp_ima,eta,petro_extent_cas,snr,area_min,debleding,area_min_deblend,skybox_x,skybox_y,sky_method,nsigma,npixels,dilate_size,mask_stars,fwhm,threshold,roundlo,roundhi,sharplo,aper_stars,aper_fact,aper_center,aper_ellip,aper_pa,dr,View,area_segmap_pix,area_psf_pix,ratio_segmap_psf,flag_area,flag_area_th,SN_gal,bck,ratio_SN_gal,flag_SN,flag_SN_th,perc_SN_flag,perc_20_SN_gal,perc_50_SN_gal,perc_80_SN_gal,flag_image,flag_bck,flag_object,flag_statmorph,index
248r,124.56868172374583,6.103806028040759,5000.0,0.0304,nan,6.231925020159933,11.969799236597911,20.225834466997906,151.97896259051862,151.38986097121213,26.362334486765207,33.32463219603774,12.188246957842399,16.40798177482725,0.44788161987674846,-1.5583364315182275,-0.6630588345679636,-0.1002059603030527,0.26294106245040894,2.5564211454950625,0.12904009324579632,0.026418453660175603,0.04225352112676056,0.03656810746246784,0.048528550444790555,0.2218343921363222,0.30360605564737947,0.14263234492300092,15.463596004673963,0.4945195651673465,320.94699084496915,319.85694727278724,0.5542194187880347,1.8455503459926659,0.0,0.0,0.27,0.34629548650952463,1.4131179,30.0,22.5,0.2,1.5,2.5,5.0,1.0,5.0,5.0,5.0,masking_sources,2.0,5.0,11.0,1.0,3.0,10.0,-0.5,0.5,0.2,5.0,0.5,10.0,0.0,0.0,10.0,Edge-on,1867.0,21.5,86.8,0.0,3.0,0.04842,0.004639999940991402,10.4,0.0,3.0,50.0,4.6,10.4,25.7,0.0,0.0,0.0,0.0,248
