GAL,ra,dec,radvel,z,mag,r20,r50,r80,flux_c,flux_e,rpetro_c,rpetro_e,rhalf_c,rhalf_e,Gini,M20,F(G_M20),S(G_M20),SN_per_pixel,C,A,S,M,I,D,Ao,As,Ser_A,Ser_R,Ser_n,Ser_xc,Ser_yc,Ser_ellip,Ser_theta,flag_morph,flag_sersic,ima_sc_pix2arc,ima_sc_arc2kpc,psf_arcsec,size_image_phy_kpc,zp_ima,eta,petro_extent_cas,snr,area_min,debleding,area_min_deblend,skybox_x,skybox_y,sky_method,nsigma,npixels,dilate_size,mask_stars,fwhm,threshold,roundlo,roundhi,sharplo,aper_stars,aper_fact,aper_center,aper_ellip,aper_pa,dr,View,area_segmap_pix,area_psf_pix,ratio_segmap_psf,flag_area,flag_area_th,SN_gal,bck,ratio_SN_gal,flag_SN,flag_SN_th,perc_SN_flag,perc_20_SN_gal,perc_50_SN_gal,perc_80_SN_gal,flag_image,flag_bck,flag_object,flag_statmorph,index
926r,8.49154302503111,-0.35736918403087675,5000.0,0.0828,nan,3.421755533638107,7.319444115948889,13.379995615400576,209.776256379316,209.39891414850968,16.973504161025524,19.653640677302292,7.698384916924931,8.979769861038365,0.5088707574898365,-1.8385123089310638,-0.16700072033608215,-0.07877116102647974,0.40649574995040894,2.9610349642402642,0.11476698409989927,0.03316521932339858,0.0,0.0,0.025464041511739883,0.22297250386805578,0.2995748577984266,0.35755172582835304,8.158547041108447,1.019404909182653,319.99174641243314,320.10147958796966,0.3069240359677537,0.3081549661712602,0.0,0.0,0.27,0.34629548650952463,1.199074,30.0,22.5,0.2,1.5,2.5,5.0,1.0,5.0,5.0,5.0,masking_sources,2.0,5.0,11.0,1.0,3.0,10.0,-0.5,0.5,0.2,5.0,0.5,10.0,0.0,0.0,10.0,Face-on,2276.0,15.5,146.9,0.0,3.0,0.02608,0.00215000007301569,12.2,0.0,3.0,50.0,4.8,12.2,52.2,0.0,0.0,0.0,0.0,926
